<?xml version="1.0" encoding="ISO-8859-1"?>

<!DOCTYPE form SYSTEM 'http://www.iam.unibe.ch/~fki/iamdb/form-metadata.dtd'>

<form created="2002-01-15" height="3542" id="a01-077" last-modified="2002-07-17" skew="63" status="final" version="3.0_beta" width="2479" writer-id="016">
  <machine-printed-part>
    <machine-print-line text="And, since this is election year in West Germany, Dr. Adenauer is in a tough spot." />
    <machine-print-line text="Joyce Egginton cables: President Kennedy at his Washington Press conference ad-" />
    <machine-print-line text="mitted he did not know whether America was lagging behind Russia in missile power." />
    <machine-print-line text="He said he was waiting for his senior military aides to come up with the answer on" />
    <machine-print-line text="February 20." />
  </machine-printed-part>
  <handwritten-part>
    <line ass="629" asx="0" asy="728" character-width="999" dss="629" dsx="0" dsy="913" fd0="13373" fd1="2931" fd2="-577" filter-width="4" id="a01-077-00" lbs="628" lbx="0" lby="833" segmentation="ok" slant="84000" stroke-width="5864" threshold="184" text="And, since this is election year in West" ubs="632" ubx="0" uby="797">
      <word id="a01-077-00-00" sentence-start="yes" tag="CC" text="And">
        <cmp x="359" y="728" width="162" height="101" />
      </word>
      <word id="a01-077-00-01" tag="," text=",">
        <cmp x="544" y="825" width="17" height="47" />
      </word>
      <word id="a01-077-00-02" tag="CS" text="since">
        <cmp x="614" y="768" width="48" height="64" />
        <cmp x="670" y="746" width="7" height="12" />
        <cmp x="675" y="787" width="39" height="41" />
        <cmp x="724" y="782" width="66" height="51" />
      </word>
      <word id="a01-077-00-03" tag="DT" text="this">
        <cmp x="848" y="727" width="105" height="110" />
        <cmp x="945" y="758" width="13" height="11" />
        <cmp x="970" y="784" width="25" height="52" />
      </word>
      <word id="a01-077-00-04" tag="BEZ" text="is">
        <cmp x="1056" y="786" width="14" height="39" />
        <cmp x="1076" y="736" width="10" height="16" />
        <cmp x="1094" y="778" width="27" height="50" />
      </word>
      <word id="a01-077-00-05" tag="NN" text="election">
        <cmp x="1196" y="726" width="102" height="101" />
        <cmp x="1301" y="785" width="23" height="42" />
        <cmp x="1347" y="715" width="39" height="104" />
        <cmp x="1392" y="748" width="10" height="9" />
        <cmp x="1399" y="780" width="91" height="56" />
      </word>
      <word id="a01-077-00-06" tag="NN" text="year">
        <cmp x="1553" y="778" width="44" height="118" />
        <cmp x="1605" y="781" width="46" height="47" />
        <cmp x="1653" y="779" width="70" height="42" />
      </word>
      <word id="a01-077-00-07" tag="IN" text="in">
        <cmp x="1805" y="791" width="16" height="33" />
        <cmp x="1825" y="746" width="16" height="11" />
        <cmp x="1832" y="792" width="38" height="25" />
      </word>
      <word id="a01-077-00-08" tag="NP" text="West">
        <cmp x="1932" y="725" width="60" height="89" />
        <cmp x="1982" y="726" width="110" height="103" />
      </word>
      <lower-contour>
        <point x="360" y="896" />
        <point x="1999" y="896" />
      </lower-contour>
    </line>
    <line ass="-18" asx="0" asy="904" character-width="999" dss="-18" dsx="0" dsy="1093" fd0="13914" fd1="2947" fd2="-347" filter-width="4" id="a01-077-01" lbs="-145" lbx="0" lby="1001" segmentation="ok" slant="79000" stroke-width="5888" threshold="183" text="Germany, Dr. Adenauer is in a tough" ubs="234" ubx="0" uby="973">
      <word id="a01-077-01-00" tag="NP" text="Germany">
        <cmp x="362" y="921" width="99" height="152" />
        <cmp x="474" y="960" width="32" height="56" />
        <cmp x="506" y="956" width="172" height="49" />
        <cmp x="681" y="971" width="37" height="123" />
      </word>
      <word id="a01-077-01-01" tag="," text=",">
        <cmp x="757" y="1007" width="30" height="63" />
      </word>
      <word id="a01-077-01-02" tag="NPT" text="Dr.">
        <cmp x="857" y="931" width="44" height="90" />
        <cmp x="864" y="912" width="62" height="117" />
        <cmp x="901" y="971" width="34" height="51" />
        <cmp x="942" y="997" width="12" height="8" />
      </word>
      <word id="a01-077-01-03" tag="NP" text="Adenauer">
        <cmp x="1020" y="920" width="64" height="95" />
        <cmp x="1076" y="923" width="77" height="83" />
        <cmp x="1154" y="960" width="47" height="45" />
        <cmp x="1215" y="963" width="159" height="47" />
      </word>
      <word id="a01-077-01-04" tag="BEZ" text="is">
        <cmp x="1425" y="974" width="30" height="45" />
        <cmp x="1455" y="933" width="10" height="17" />
        <cmp x="1455" y="966" width="28" height="48" />
      </word>
      <word id="a01-077-01-05" tag="IN" text="in">
        <cmp x="1555" y="967" width="26" height="43" />
        <cmp x="1587" y="926" width="7" height="19" />
        <cmp x="1587" y="971" width="43" height="35" />
      </word>
      <word id="a01-077-01-06" tag="AT" text="a">
        <cmp x="1685" y="972" width="48" height="36" />
      </word>
      <word id="a01-077-01-07" tag="JJ" text="tough">
        <cmp x="1774" y="905" width="60" height="97" />
        <cmp x="1821" y="963" width="39" height="38" />
        <cmp x="1866" y="967" width="76" height="85" />
        <cmp x="1953" y="928" width="45" height="84" />
      </word>
      <upper-contour>
        <point x="360" y="896" />
        <point x="1999" y="896" />
      </upper-contour>
      <lower-contour>
        <point x="360" y="1094" />
        <point x="1215" y="1052" />
        <point x="1999" y="1052" />
      </lower-contour>
    </line>
    <line ass="1278" asx="0" asy="1113" character-width="999" dss="1278" dsx="0" dsy="1279" fd0="13269" fd1="3091" fd2="-575" filter-width="4" id="a01-077-02" lbs="1320" lbx="0" lby="1215" segmentation="ok" slant="83000" stroke-width="5825" threshold="182" text="spot. Joyce Egginton cables: President" ubs="1193" ubx="0" uby="1186">
      <word id="a01-077-02-00" tag="NN" text="spot">
        <cmp x="353" y="1141" width="55" height="73" />
        <cmp x="408" y="1145" width="47" height="100" />
        <cmp x="456" y="1101" width="96" height="94" />
      </word>
      <word id="a01-077-02-01" tag="." text=".">
        <cmp x="561" y="1194" width="8" height="8" />
      </word>
      <word id="a01-077-02-02" sentence-start="yes" tag="NP" text="Joyce">
        <cmp x="631" y="1103" width="44" height="163" />
        <cmp x="677" y="1155" width="42" height="32" />
        <cmp x="732" y="1157" width="36" height="84" />
        <cmp x="786" y="1153" width="88" height="41" />
        <cmp x="808" y="1154" width="6" height="4" />
      </word>
      <word id="a01-077-02-03" tag="NP" text="Egginton">
        <cmp x="934" y="1113" width="34" height="77" />
        <cmp x="941" y="1177" width="59" height="24" />
        <cmp x="952" y="1095" width="45" height="19" />
        <cmp x="958" y="1145" width="32" height="8" />
        <cmp x="995" y="1152" width="44" height="84" />
        <cmp x="1047" y="1157" width="34" height="77" />
        <cmp x="1099" y="1160" width="18" height="35" />
        <cmp x="1116" y="1114" width="12" height="14" />
        <cmp x="1125" y="1163" width="49" height="31" />
        <cmp x="1182" y="1087" width="115" height="105" />
      </word>
      <word id="a01-077-02-04" tag="VBZ" text="cables">
        <cmp x="1359" y="1148" width="99" height="44" />
        <cmp x="1469" y="1089" width="140" height="96" />
      </word>
      <word id="a01-077-02-05" tag=":" text=":">
        <cmp x="1636" y="1182" width="12" height="9" />
        <cmp x="1642" y="1150" width="7" height="8" />
      </word>
      <word id="a01-077-02-06" sentence-start="yes" tag="NPT" text="President">
        <cmp x="1722" y="1087" width="72" height="104" />
        <cmp x="1751" y="1141" width="40" height="49" />
        <cmp x="1771" y="1141" width="53" height="49" />
        <cmp x="1827" y="1139" width="51" height="53" />
        <cmp x="1887" y="1119" width="12" height="18" />
        <cmp x="1893" y="1112" width="79" height="87" />
        <cmp x="1918" y="1154" width="4" height="4" />
        <cmp x="1976" y="1154" width="42" height="32" />
        <cmp x="2025" y="1105" width="52" height="73" />
      </word>
      <upper-contour>
        <point x="360" y="1094" />
        <point x="1215" y="1052" />
        <point x="1999" y="1052" />
      </upper-contour>
      <lower-contour>
        <point x="351" y="1265" />
        <point x="642" y="1266" />
        <point x="667" y="1241" />
        <point x="2078" y="1241" />
      </lower-contour>
    </line>
    <line ass="149" asx="0" asy="1260" character-width="999" dss="149" dsx="0" dsy="1420" fd0="13524" fd1="2967" fd2="-402" filter-width="4" id="a01-077-03" lbs="351" lbx="0" lby="1371" segmentation="ok" slant="65000" stroke-width="6051" threshold="182" text="Kennedy at his Washington Press con-" ubs="-255" ubx="0" uby="1322">
      <word id="a01-077-03-00" tag="NP" text="Kennedy">
        <cmp x="347" y="1266" width="97" height="99" />
        <cmp x="387" y="1325" width="21" height="42" />
        <cmp x="409" y="1316" width="96" height="46" />
        <cmp x="512" y="1314" width="62" height="47" />
        <cmp x="599" y="1265" width="106" height="154" />
      </word>
      <word id="a01-077-03-01" tag="IN" text="at">
        <cmp x="787" y="1270" width="115" height="110" />
      </word>
      <word id="a01-077-03-02" tag="PP$" text="his">
        <cmp x="967" y="1273" width="111" height="106" />
        <cmp x="1041" y="1304" width="15" height="11" />
      </word>
      <word id="a01-077-03-03" tag="NP" text="Washington">
        <cmp x="1152" y="1257" width="76" height="111" />
        <cmp x="1234" y="1325" width="47" height="40" />
        <cmp x="1289" y="1321" width="36" height="48" />
        <cmp x="1334" y="1265" width="46" height="105" />
        <cmp x="1397" y="1332" width="8" height="26" />
        <cmp x="1402" y="1301" width="7" height="12" />
        <cmp x="1417" y="1329" width="39" height="32" />
        <cmp x="1436" y="1272" width="173" height="146" />
      </word>
      <word id="a01-077-03-04" tag="NN" text="Press">
        <cmp x="1670" y="1257" width="74" height="110" />
        <cmp x="1692" y="1310" width="41" height="67" />
        <cmp x="1708" y="1320" width="123" height="45" />
      </word>
      <word id="a01-077-03-05" tag="NN-" text="con-">
        <cmp x="1887" y="1297" width="151" height="64" />
        <cmp x="2079" y="1330" width="52" height="16" />
      </word>
      <upper-contour>
        <point x="351" y="1265" />
        <point x="642" y="1266" />
        <point x="667" y="1241" />
        <point x="2078" y="1241" />
      </upper-contour>
      <lower-contour>
        <point x="348" y="1419" />
        <point x="1961" y="1419" />
      </lower-contour>
    </line>
    <line ass="18" asx="0" asy="1434" character-width="999" dss="18" dsx="0" dsy="1594" fd0="13422" fd1="2592" fd2="-1126" filter-width="4" id="a01-077-04" lbs="-50" lbx="0" lby="1538" segmentation="ok" slant="74000" stroke-width="6096" threshold="182" text="ference admitted he did not know" ubs="157" ubx="0" uby="1507">
      <word id="a01-077-04-00" tag="-NN" text="ference">
        <cmp x="350" y="1440" width="76" height="155" />
        <cmp x="393" y="1499" width="104" height="54" />
        <cmp x="482" y="1500" width="53" height="48" />
        <cmp x="536" y="1505" width="48" height="35" />
        <cmp x="594" y="1502" width="87" height="47" />
      </word>
      <word id="a01-077-04-01" tag="VBD" text="admitted">
        <cmp x="755" y="1503" width="48" height="34" />
        <cmp x="806" y="1456" width="72" height="96" />
        <cmp x="872" y="1503" width="102" height="52" />
        <cmp x="970" y="1484" width="13" height="9" />
        <cmp x="991" y="1441" width="60" height="118" />
        <cmp x="1045" y="1462" width="112" height="84" />
      </word>
      <word id="a01-077-04-02" tag="PP3A" text="he">
        <cmp x="1230" y="1458" width="87" height="77" />
      </word>
      <word id="a01-077-04-03" tag="DOD" text="did">
        <cmp x="1365" y="1441" width="77" height="102" />
        <cmp x="1442" y="1479" width="10" height="16" />
        <cmp x="1443" y="1453" width="64" height="91" />
      </word>
      <word id="a01-077-04-04" tag="XNOT" text="not">
        <cmp x="1571" y="1434" width="159" height="112" />
      </word>
      <word id="a01-077-04-05" tag="VB" text="know">
        <cmp x="1772" y="1434" width="54" height="112" />
        <cmp x="1818" y="1486" width="71" height="61" />
        <cmp x="1905" y="1501" width="55" height="43" />
      </word>
      <upper-contour>
        <point x="348" y="1419" />
        <point x="1961" y="1419" />
      </upper-contour>
      <lower-contour>
        <point x="352" y="1595" />
        <point x="1961" y="1595" />
      </lower-contour>
    </line>
    <line ass="-150" asx="0" asy="1601" character-width="999" dss="-150" dsx="0" dsy="1789" fd0="13400" fd1="2646" fd2="-713" filter-width="4" id="a01-077-05" lbs="-28" lbx="0" lby="1721" segmentation="ok" slant="90000" stroke-width="6157" threshold="182" text="whether America was lagging behind" ubs="-392" ubx="0" uby="1684">
      <word id="a01-077-05-00" tag="CS" text="whether">
        <cmp x="354" y="1650" width="65" height="89" />
        <cmp x="429" y="1626" width="105" height="93" />
        <cmp x="531" y="1603" width="156" height="123" />
      </word>
      <word id="a01-077-05-01" tag="NP" text="America">
        <cmp x="782" y="1615" width="186" height="115" />
        <cmp x="964" y="1670" width="20" height="15" />
        <cmp x="992" y="1691" width="90" height="39" />
      </word>
      <word id="a01-077-05-02" tag="BEDZ" text="was">
        <cmp x="1148" y="1662" width="65" height="61" />
        <cmp x="1217" y="1693" width="77" height="41" />
      </word>
      <word id="a01-077-05-03" tag="VBG" text="lagging">
        <cmp x="1336" y="1609" width="88" height="124" />
        <cmp x="1396" y="1691" width="39" height="30" />
        <cmp x="1432" y="1688" width="46" height="67" />
        <cmp x="1436" y="1707" width="5" height="4" />
        <cmp x="1474" y="1700" width="61" height="75" />
        <cmp x="1534" y="1672" width="8" height="11" />
        <cmp x="1546" y="1704" width="34" height="13" />
        <cmp x="1566" y="1702" width="53" height="93" />
      </word>
      <word id="a01-077-05-04" tag="IN" text="behind">
        <cmp x="1677" y="1626" width="56" height="112" />
        <cmp x="1725" y="1683" width="46" height="49" />
        <cmp x="1784" y="1621" width="56" height="102" />
        <cmp x="1841" y="1671" width="15" height="17" />
        <cmp x="1849" y="1699" width="45" height="26" />
        <cmp x="1905" y="1637" width="87" height="86" />
      </word>
      <upper-contour>
        <point x="352" y="1595" />
        <point x="1961" y="1595" />
      </upper-contour>
      <lower-contour>
        <point x="352" y="1775" />
        <point x="1566" y="1795" />
        <point x="1992" y="1795" />
      </lower-contour>
    </line>
    <line ass="-303" asx="0" asy="1792" character-width="999" dss="-303" dsx="0" dsy="1952" fd0="13929" fd1="2734" fd2="-598" filter-width="4" id="a01-077-06" lbs="-284" lbx="0" lby="1895" segmentation="ok" slant="68999" stroke-width="6189" threshold="179" text="Russia in missile power. He said he" ubs="-340" ubx="0" uby="1861">
      <word id="a01-077-06-00" tag="NP" text="Russia">
        <cmp x="346" y="1795" width="221" height="116" />
        <cmp x="562" y="1842" width="14" height="12" />
        <cmp x="588" y="1866" width="64" height="46" />
      </word>
      <word id="a01-077-06-01" tag="IN" text="in">
        <cmp x="735" y="1861" width="25" height="52" />
        <cmp x="761" y="1815" width="12" height="14" />
        <cmp x="767" y="1857" width="50" height="51" />
      </word>
      <word id="a01-077-06-02" tag="NN" text="missile">
        <cmp x="874" y="1843" width="117" height="63" />
        <cmp x="990" y="1833" width="12" height="9" />
        <cmp x="1006" y="1843" width="35" height="68" />
        <cmp x="1044" y="1851" width="57" height="58" />
        <cmp x="1104" y="1836" width="11" height="12" />
        <cmp x="1132" y="1821" width="69" height="91" />
      </word>
      <word id="a01-077-06-03" tag="NN" text="power">
        <cmp x="1258" y="1863" width="56" height="97" />
        <cmp x="1322" y="1866" width="43" height="46" />
        <cmp x="1372" y="1858" width="61" height="56" />
        <cmp x="1440" y="1867" width="93" height="46" />
      </word>
      <word id="a01-077-06-04" tag="." text=".">
        <cmp x="1554" y="1910" width="10" height="12" />
      </word>
      <word id="a01-077-06-05" sentence-start="yes" tag="PP3A" text="He">
        <cmp x="1643" y="1808" width="61" height="103" />
        <cmp x="1660" y="1812" width="72" height="103" />
        <cmp x="1693" y="1868" width="46" height="40" />
      </word>
      <word id="a01-077-06-06" tag="VBD" text="said">
        <cmp x="1764" y="1859" width="41" height="53" />
        <cmp x="1820" y="1866" width="76" height="41" />
        <cmp x="1894" y="1859" width="12" height="10" />
        <cmp x="1927" y="1841" width="67" height="68" />
      </word>
      <word id="a01-077-06-07" tag="PP3A" text="he">
        <cmp x="2030" y="1833" width="104" height="73" />
      </word>
      <upper-contour>
        <point x="352" y="1775" />
        <point x="1566" y="1795" />
        <point x="1992" y="1795" />
      </upper-contour>
      <lower-contour>
        <point x="345" y="1961" />
        <point x="1994" y="1961" />
      </lower-contour>
    </line>
    <line ass="195" asx="0" asy="1983" character-width="999" dss="195" dsx="0" dsy="2176" fd0="12946" fd1="2704" fd2="-397" filter-width="4" id="a01-077-07" lbs="228" lbx="0" lby="2080" segmentation="ok" slant="89000" stroke-width="6169" threshold="182" text="was waiting for his senior military" ubs="129" ubx="0" uby="2049">
      <word id="a01-077-07-00" tag="BEDZ" text="was">
        <cmp x="347" y="2018" width="66" height="59" />
        <cmp x="424" y="2037" width="104" height="39" />
      </word>
      <word id="a01-077-07-01" tag="VBG" text="waiting">
        <cmp x="597" y="2026" width="89" height="65" />
        <cmp x="698" y="2045" width="91" height="42" />
        <cmp x="774" y="2026" width="13" height="9" />
        <cmp x="809" y="1982" width="38" height="115" />
        <cmp x="848" y="2020" width="13" height="14" />
        <cmp x="860" y="2059" width="87" height="115" />
      </word>
      <word id="a01-077-07-02" tag="IN" text="for">
        <cmp x="1017" y="1982" width="112" height="156" />
      </word>
      <word id="a01-077-07-03" tag="PP$" text="his">
        <cmp x="1168" y="1991" width="92" height="99" />
        <cmp x="1247" y="2019" width="20" height="12" />
        <cmp x="1278" y="2045" width="33" height="56" />
      </word>
      <word id="a01-077-07-04" tag="JJ" text="senior">
        <cmp x="1384" y="2034" width="69" height="59" />
        <cmp x="1456" y="2050" width="71" height="41" />
        <cmp x="1529" y="2023" width="12" height="12" />
        <cmp x="1546" y="2056" width="77" height="33" />
      </word>
      <word id="a01-077-07-05" tag="JJ" text="military">
        <cmp x="1675" y="2033" width="102" height="59" />
        <cmp x="1774" y="2009" width="13" height="7" />
        <cmp x="1794" y="1993" width="35" height="92" />
        <cmp x="1830" y="1986" width="5" height="6" />
        <cmp x="1838" y="2016" width="7" height="14" />
        <cmp x="1843" y="1982" width="106" height="103" />
        <cmp x="1953" y="2038" width="40" height="112" />
      </word>
      <upper-contour>
        <point x="345" y="1961" />
        <point x="1994" y="1961" />
      </upper-contour>
      <lower-contour>
        <point x="345" y="2164" />
        <point x="908" y="2174" />
        <point x="1994" y="2174" />
      </lower-contour>
    </line>
    <line ass="-162" asx="0" asy="2168" character-width="999" dss="-162" dsx="0" dsy="2311" fd0="13204" fd1="2988" fd2="-277" filter-width="4" id="a01-077-08" lbs="-214" lbx="0" lby="2258" segmentation="ok" slant="79000" stroke-width="6138" threshold="179" text="aides to come up with the answer on" ubs="-57" ubx="0" uby="2227">
      <word id="a01-077-08-00" tag="NNS" text="aides">
        <cmp x="333" y="2207" width="71" height="58" />
        <cmp x="398" y="2197" width="12" height="14" />
        <cmp x="424" y="2178" width="118" height="81" />
      </word>
      <word id="a01-077-08-01" tag="TO" text="to">
        <cmp x="615" y="2170" width="65" height="102" />
      </word>
      <word id="a01-077-08-02" tag="VB" text="come">
        <cmp x="722" y="2217" width="240" height="53" />
      </word>
      <word id="a01-077-08-03" tag="RP" text="up">
        <cmp x="1024" y="2207" width="108" height="109" />
      </word>
      <word id="a01-077-08-04" tag="IN" text="with">
        <cmp x="1164" y="2216" width="99" height="50" />
        <cmp x="1256" y="2203" width="13" height="12" />
        <cmp x="1282" y="2178" width="34" height="84" />
        <cmp x="1325" y="2180" width="67" height="83" />
      </word>
      <word id="a01-077-08-05" tag="ATI" text="the">
        <cmp x="1429" y="2180" width="39" height="84" />
        <cmp x="1474" y="2184" width="99" height="80" />
      </word>
      <word id="a01-077-08-06" tag="NN" text="answer">
        <cmp x="1613" y="2209" width="46" height="58" />
        <cmp x="1665" y="2213" width="53" height="49" />
        <cmp x="1713" y="2216" width="30" height="59" />
        <cmp x="1720" y="2246" width="5" height="5" />
        <cmp x="1758" y="2210" width="59" height="60" />
        <cmp x="1820" y="2219" width="97" height="53" />
      </word>
      <word id="a01-077-08-07" tag="IN" text="on">
        <cmp x="1963" y="2227" width="113" height="44" />
      </word>
      <upper-contour>
        <point x="345" y="2164" />
        <point x="908" y="2174" />
        <point x="1994" y="2174" />
      </upper-contour>
      <lower-contour>
        <point x="351" y="2272" />
        <point x="960" y="2272" />
      </lower-contour>
    </line>
    <line ass="3390" asx="0" asy="2367" character-width="999" dss="3390" dsx="0" dsy="2547" fd0="13635" fd1="2670" fd2="-1061" filter-width="4" id="a01-077-09" lbs="3361" lbx="0" lby="2470" segmentation="ok" slant="89000" stroke-width="6038" threshold="182" text="February 20." ubs="3448" ubx="0" uby="2432">
      <word id="a01-077-09-00" tag="NR" text="February">
        <cmp x="353" y="2347" width="84" height="15" />
        <cmp x="355" y="2377" width="58" height="76" />
        <cmp x="399" y="2399" width="46" height="58" />
        <cmp x="454" y="2350" width="77" height="100" />
        <cmp x="536" y="2408" width="47" height="47" />
        <cmp x="599" y="2401" width="90" height="51" />
        <cmp x="694" y="2411" width="52" height="95" />
      </word>
      <word id="a01-077-09-01" tag="CD" text="20">
        <cmp x="797" y="2347" width="50" height="93" />
        <cmp x="849" y="2349" width="57" height="77" />
      </word>
      <word id="a01-077-09-02" tag="." text=".">
        <cmp x="937" y="2425" width="22" height="22" />
      </word>
      <upper-contour>
        <point x="351" y="2272" />
        <point x="960" y="2272" />
      </upper-contour>
    </line>
  </handwritten-part>
</form>

