<?xml version="1.0" encoding="ISO-8859-1"?>

<!DOCTYPE form SYSTEM 'http://www.iam.unibe.ch/~fki/iamdb/form-metadata.dtd'>

<form created="2002-01-15" height="3542" id="a01-102" last-modified="2002-07-17" skew="30" status="final" version="3.0_beta" width="2479" writer-id="016">
  <machine-printed-part>
    <machine-print-line text="&amp;quot;After a lifetime of helping others and healing the sick, my considered opinion is that" />
    <machine-print-line text="anybody supporting the increased charges is a wicked, old -.&amp;quot; Mr. Brown went on:" />
    <machine-print-line text="&amp;quot;We are dealing with a noble edifice which needs an imaginative architect to improve" />
    <machine-print-line text="it, but it has got a quantity surveyor. We have descended from the real problems to" />
    <machine-print-line text="fiddling about with bills of cost." />
  </machine-printed-part>
  <handwritten-part>
    <line ass="-147" asx="0" asy="690" character-width="999" dss="-147" dsx="0" dsy="899" fd0="12869" fd1="2304" fd2="-866" filter-width="4" id="a01-102-00" lbs="-100" lbx="0" lby="823" segmentation="ok" slant="78000" stroke-width="6288" threshold="182" text="&amp;quot;After a lifetime of helping others and" ubs="-242" ubx="0" uby="784">
      <word id="a01-102-00-00" sentence-start="yes" tag="*&apos;" text="&quot;">
        <cmp x="344" y="705" width="11" height="28" />
        <cmp x="355" y="696" width="6" height="5" />
        <cmp x="364" y="692" width="16" height="34" />
      </word>
      <word id="a01-102-00-01" tag="IN" text="After">
        <cmp x="390" y="699" width="201" height="161" />
      </word>
      <word id="a01-102-00-02" tag="AT" text="a">
        <cmp x="647" y="779" width="51" height="41" />
      </word>
      <word id="a01-102-00-03" tag="NN" text="lifetime">
        <cmp x="754" y="707" width="83" height="119" />
        <cmp x="836" y="715" width="74" height="164" />
        <cmp x="854" y="735" width="13" height="10" />
        <cmp x="924" y="718" width="34" height="118" />
        <cmp x="967" y="754" width="11" height="11" />
        <cmp x="979" y="775" width="112" height="47" />
      </word>
      <word id="a01-102-00-04" tag="INO" text="of">
        <cmp x="1144" y="700" width="97" height="195" />
      </word>
      <word id="a01-102-00-05" tag="VBG" text="helping">
        <cmp x="1302" y="705" width="167" height="168" />
        <cmp x="1487" y="791" width="63" height="113" />
        <cmp x="1492" y="747" width="12" height="21" />
      </word>
      <word id="a01-102-00-06" tag="APS" text="others">
        <cmp x="1617" y="788" width="36" height="38" />
        <cmp x="1644" y="734" width="140" height="109" />
      </word>
      <word id="a01-102-00-07" tag="CC" text="and">
        <cmp x="1858" y="780" width="102" height="43" />
        <cmp x="1969" y="753" width="60" height="81" />
      </word>
      <lower-contour>
        <point x="381" y="904" />
        <point x="1898" y="904" />
      </lower-contour>
    </line>
    <line ass="-418" asx="0" asy="903" character-width="999" dss="-418" dsx="0" dsy="1082" fd0="13153" fd1="2857" fd2="-66" filter-width="4" id="a01-102-01" lbs="-249" lbx="0" lby="1007" segmentation="ok" slant="79000" stroke-width="6140" threshold="178" text="healing the sick, my considered" ubs="-757" ubx="0" uby="959">
      <word id="a01-102-01-00" tag="VBG" text="healing">
        <cmp x="383" y="907" width="87" height="96" />
        <cmp x="474" y="907" width="99" height="99" />
        <cmp x="567" y="937" width="13" height="12" />
        <cmp x="588" y="962" width="94" height="106" />
      </word>
      <word id="a01-102-01-01" tag="ATI" text="the">
        <cmp x="746" y="910" width="50" height="118" />
        <cmp x="797" y="921" width="100" height="100" />
      </word>
      <word id="a01-102-01-02" tag="JJ" text="sick">
        <cmp x="954" y="945" width="51" height="75" />
        <cmp x="1007" y="933" width="13" height="14" />
        <cmp x="1031" y="912" width="105" height="103" />
      </word>
      <word id="a01-102-01-03" tag="," text=",">
        <cmp x="1159" y="1004" width="30" height="53" />
      </word>
      <word id="a01-102-01-04" tag="PP$" text="my">
        <cmp x="1254" y="961" width="135" height="132" />
      </word>
      <word id="a01-102-01-05" tag="JJ" text="considered">
        <cmp x="1463" y="966" width="137" height="48" />
        <cmp x="1614" y="975" width="57" height="48" />
        <cmp x="1676" y="960" width="11" height="10" />
        <cmp x="1688" y="949" width="105" height="75" />
        <cmp x="1796" y="955" width="101" height="72" />
      </word>
      <upper-contour>
        <point x="381" y="904" />
        <point x="1898" y="904" />
      </upper-contour>
      <lower-contour>
        <point x="381" y="1085" />
        <point x="1347" y="1093" />
        <point x="1898" y="1093" />
      </lower-contour>
    </line>
    <line ass="-1053" asx="0" asy="1062" character-width="999" dss="-1053" dsx="0" dsy="1264" fd0="13146" fd1="2778" fd2="-299" filter-width="4" id="a01-102-02" lbs="-1291" lbx="0" lby="1168" segmentation="err" slant="74000" stroke-width="6323" threshold="178" text="opinion is that anybody supporting" ubs="-576" ubx="0" uby="1148">
      <word id="a01-102-02-00" tag="NN" text="opinion">
        <cmp x="336" y="1134" width="50" height="61" />
        <cmp x="395" y="1144" width="67" height="91" />
        <cmp x="406" y="1266" width="11" height="7" />
        <cmp x="463" y="1125" width="9" height="11" />
        <cmp x="481" y="1152" width="63" height="33" />
        <cmp x="541" y="1124" width="14" height="10" />
        <cmp x="567" y="1155" width="105" height="32" />
      </word>
      <word id="a01-102-02-01" tag="BEZ" text="is">
        <cmp x="741" y="1141" width="28" height="54" />
        <cmp x="767" y="1109" width="12" height="13" />
        <cmp x="770" y="1142" width="40" height="47" />
      </word>
      <word id="a01-102-02-02" tag="CS" text="that">
        <cmp x="873" y="1088" width="49" height="107" />
        <cmp x="916" y="1092" width="159" height="109" />
      </word>
      <word id="a01-102-02-03" tag="PN" text="anybody">
        <cmp x="1156" y="1131" width="167" height="141" />
        <cmp x="1339" y="1106" width="238" height="146" />
      </word>
      <word id="a01-102-02-04" tag="VBG" text="supporting">
        <cmp x="1640" y="1123" width="48" height="60" />
        <cmp x="1684" y="1143" width="41" height="43" />
        <cmp x="1728" y="1143" width="54" height="105" />
        <cmp x="1759" y="1141" width="73" height="110" />
        <cmp x="1840" y="1154" width="73" height="43" />
        <cmp x="1928" y="1098" width="45" height="103" />
        <cmp x="1993" y="1125" width="12" height="10" />
        <cmp x="2006" y="1155" width="65" height="111" />
      </word>
      <upper-contour>
        <point x="381" y="1085" />
        <point x="1347" y="1093" />
        <point x="1898" y="1093" />
      </upper-contour>
      <lower-contour>
        <point x="334" y="1272" />
        <point x="2018" y="1272" />
      </lower-contour>
    </line>
    <line ass="-490" asx="0" asy="1270" character-width="999" dss="-490" dsx="0" dsy="1427" fd0="14000" fd1="2609" fd2="-548" filter-width="4" id="a01-102-03" lbs="-655" lbx="0" lby="1364" segmentation="err" slant="68999" stroke-width="6005" threshold="182" text="the increased charges is a wicked," ubs="-160" ubx="0" uby="1333">
      <word id="a01-102-03-00" tag="ATI" text="the">
        <cmp x="334" y="1362" width="9" height="7" />
        <cmp x="351" y="1275" width="59" height="108" />
        <cmp x="402" y="1278" width="91" height="95" />
      </word>
      <word id="a01-102-03-01" tag="JJ" text="increased">
        <cmp x="550" y="1323" width="35" height="42" />
        <cmp x="581" y="1283" width="9" height="8" />
        <cmp x="585" y="1323" width="37" height="49" />
        <cmp x="637" y="1318" width="67" height="53" />
        <cmp x="720" y="1324" width="33" height="52" />
        <cmp x="762" y="1335" width="132" height="46" />
        <cmp x="904" y="1296" width="68" height="82" />
      </word>
      <word id="a01-102-03-02" tag="NNS" text="charges">
        <cmp x="1037" y="1279" width="163" height="109" />
        <cmp x="1202" y="1343" width="26" height="45" />
        <cmp x="1215" y="1338" width="134" height="101" />
      </word>
      <word id="a01-102-03-03" tag="BEZ" text="is">
        <cmp x="1424" y="1342" width="24" height="41" />
        <cmp x="1447" y="1325" width="34" height="54" />
        <cmp x="1453" y="1299" width="14" height="11" />
      </word>
      <word id="a01-102-03-04" tag="AT" text="a">
        <cmp x="1530" y="1334" width="55" height="48" />
      </word>
      <word id="a01-102-03-05" tag="JJ" text="wicked">
        <cmp x="1659" y="1308" width="102" height="69" />
        <cmp x="1765" y="1307" width="13" height="10" />
        <cmp x="1773" y="1292" width="81" height="91" />
        <cmp x="1868" y="1333" width="43" height="48" />
        <cmp x="1902" y="1302" width="70" height="89" />
      </word>
      <word id="a01-102-03-06" tag="," text=",">
        <cmp x="1987" y="1389" width="30" height="46" />
      </word>
      <upper-contour>
        <point x="334" y="1272" />
        <point x="2018" y="1272" />
      </upper-contour>
      <lower-contour>
        <point x="372" y="1388" />
        <point x="1215" y="1439" />
        <point x="2014" y="1439" />
      </lower-contour>
    </line>
    <line ass="-22" asx="0" asy="1433" character-width="999" dss="-22" dsx="0" dsy="1571" fd0="14160" fd1="3121" fd2="-46" filter-width="4" id="a01-102-04" lbs="-15" lbx="0" lby="1546" segmentation="err" slant="76000" stroke-width="5865" threshold="182" text="old -.&amp;quot; Mr. Brown went on: &amp;quot;We" ubs="-36" ubx="0" uby="1514">
      <word id="a01-102-04-00" tag="JJ" text="old">
        <cmp x="374" y="1504" width="52" height="45" />
        <cmp x="414" y="1440" width="125" height="115" />
      </word>
      <word id="a01-102-04-01" tag="*-" text="-">
        <cmp x="562" y="1505" width="34" height="10" />
      </word>
      <word id="a01-102-04-02" tag="." text=".">
        <cmp x="623" y="1542" width="9" height="13" />
      </word>
      <word id="a01-102-04-03" tag="**&apos;" text="&quot;">
        <cmp x="683" y="1437" width="17" height="29" />
        <cmp x="707" y="1437" width="14" height="26" />
      </word>
      <word id="a01-102-04-04" sentence-start="yes" tag="NPT" text="Mr.">
        <cmp x="751" y="1434" width="150" height="122" />
        <cmp x="892" y="1509" width="22" height="50" />
        <cmp x="926" y="1546" width="17" height="14" />
      </word>
      <word id="a01-102-04-05" tag="NP" text="Brown">
        <cmp x="1027" y="1436" width="86" height="122" />
        <cmp x="1030" y="1448" width="44" height="93" />
        <cmp x="1114" y="1511" width="49" height="48" />
        <cmp x="1169" y="1510" width="62" height="51" />
        <cmp x="1236" y="1516" width="55" height="40" />
      </word>
      <word id="a01-102-04-06" tag="VBD" text="went">
        <cmp x="1344" y="1566" width="4" height="6" />
        <cmp x="1349" y="1500" width="65" height="50" />
        <cmp x="1421" y="1447" width="145" height="115" />
      </word>
      <word id="a01-102-04-07" tag="RP" text="on">
        <cmp x="1608" y="1504" width="98" height="45" />
      </word>
      <word id="a01-102-04-08" tag=":" text=":">
        <cmp x="1742" y="1553" width="18" height="11" />
        <cmp x="1746" y="1515" width="10" height="11" />
      </word>
      <word id="a01-102-04-09" sentence-start="yes" tag="*&apos;" text="&quot;">
        <cmp x="1836" y="1451" width="25" height="34" />
        <cmp x="1854" y="1448" width="25" height="43" />
      </word>
      <word id="a01-102-04-10" tag="PP1AS" text="We">
        <cmp x="1896" y="1468" width="73" height="91" />
        <cmp x="1949" y="1501" width="64" height="66" />
      </word>
      <upper-contour>
        <point x="372" y="1388" />
        <point x="1215" y="1439" />
        <point x="2014" y="1439" />
      </upper-contour>
      <lower-contour>
        <point x="372" y="1572" />
        <point x="2014" y="1572" />
      </lower-contour>
    </line>
    <line ass="-53" asx="0" asy="1630" character-width="999" dss="-53" dsx="0" dsy="1803" fd0="13358" fd1="2217" fd2="-1022" filter-width="4" id="a01-102-05" lbs="46" lbx="0" lby="1732" segmentation="ok" slant="89000" stroke-width="6034" threshold="182" text="are dealing with a noble edifice which" ubs="-253" ubx="0" uby="1690">
      <word id="a01-102-05-00" tag="BER" text="are">
        <cmp x="332" y="1677" width="83" height="45" />
        <cmp x="427" y="1682" width="45" height="46" />
      </word>
      <word id="a01-102-05-01" tag="VBG" text="dealing">
        <cmp x="534" y="1631" width="209" height="103" />
        <cmp x="739" y="1669" width="9" height="9" />
        <cmp x="756" y="1685" width="71" height="120" />
      </word>
      <word id="a01-102-05-02" tag="IN" text="with">
        <cmp x="892" y="1680" width="113" height="61" />
        <cmp x="1000" y="1669" width="12" height="13" />
        <cmp x="1009" y="1649" width="76" height="94" />
      </word>
      <word id="a01-102-05-03" tag="AT" text="a">
        <cmp x="1150" y="1697" width="56" height="40" />
      </word>
      <word id="a01-102-05-04" tag="JJ" text="noble">
        <cmp x="1249" y="1674" width="112" height="64" />
        <cmp x="1368" y="1653" width="115" height="102" />
      </word>
      <word id="a01-102-05-05" tag="NN" text="edifice">
        <cmp x="1542" y="1660" width="122" height="82" />
        <cmp x="1659" y="1682" width="11" height="10" />
        <cmp x="1661" y="1652" width="58" height="145" />
        <cmp x="1725" y="1685" width="9" height="10" />
        <cmp x="1735" y="1716" width="54" height="35" />
      </word>
      <word id="a01-102-05-06" tag="WDT" text="which">
        <cmp x="1842" y="1685" width="58" height="50" />
        <cmp x="1902" y="1646" width="67" height="86" />
        <cmp x="1967" y="1678" width="10" height="15" />
        <cmp x="1979" y="1701" width="40" height="32" />
        <cmp x="2030" y="1650" width="29" height="83" />
      </word>
      <upper-contour>
        <point x="372" y="1572" />
        <point x="2014" y="1572" />
      </upper-contour>
      <lower-contour>
        <point x="352" y="1805" />
        <point x="1888" y="1805" />
      </lower-contour>
    </line>
    <line ass="-615" asx="0" asy="1793" character-width="999" dss="-615" dsx="0" dsy="1937" fd0="13929" fd1="2628" fd2="-540" filter-width="4" id="a01-102-06" lbs="-656" lbx="0" lby="1896" segmentation="ok" slant="68000" stroke-width="6136" threshold="178" text="needs an imaginative architect to" ubs="-532" ubx="0" uby="1865">
      <word id="a01-102-06-00" tag="VBZ" text="needs">
        <cmp x="354" y="1836" width="194" height="68" />
      </word>
      <word id="a01-102-06-01" tag="AT" text="an">
        <cmp x="614" y="1865" width="103" height="34" />
      </word>
      <word id="a01-102-06-02" tag="JJ" text="imaginative">
        <cmp x="777" y="1863" width="41" height="37" />
        <cmp x="815" y="1860" width="88" height="50" />
        <cmp x="827" y="1830" width="10" height="14" />
        <cmp x="917" y="1868" width="44" height="35" />
        <cmp x="959" y="1868" width="72" height="81" />
        <cmp x="1028" y="1862" width="6" height="11" />
        <cmp x="1042" y="1823" width="127" height="95" />
        <cmp x="1174" y="1857" width="9" height="9" />
        <cmp x="1184" y="1885" width="32" height="33" />
        <cmp x="1229" y="1887" width="37" height="30" />
      </word>
      <word id="a01-102-06-03" tag="NN" text="architect">
        <cmp x="1336" y="1871" width="75" height="45" />
        <cmp x="1422" y="1875" width="42" height="45" />
        <cmp x="1473" y="1826" width="73" height="96" />
        <cmp x="1553" y="1848" width="11" height="9" />
        <cmp x="1581" y="1824" width="27" height="89" />
        <cmp x="1600" y="1879" width="51" height="47" />
        <cmp x="1661" y="1880" width="51" height="39" />
        <cmp x="1710" y="1827" width="39" height="84" />
      </word>
      <word id="a01-102-06-04" tag="TO" text="to">
        <cmp x="1833" y="1813" width="54" height="91" />
      </word>
      <upper-contour>
        <point x="352" y="1805" />
        <point x="1888" y="1805" />
      </upper-contour>
      <lower-contour>
        <point x="358" y="1949" />
        <point x="1888" y="1949" />
      </lower-contour>
    </line>
    <line ass="-216" asx="0" asy="1975" character-width="999" dss="-216" dsx="0" dsy="2134" fd0="13863" fd1="2995" fd2="190" filter-width="4" id="a01-102-07" lbs="-197" lbx="0" lby="2088" segmentation="ok" slant="68999" stroke-width="6070" threshold="182" text="improve it, but it has got a" ubs="-255" ubx="0" uby="2053">
      <word id="a01-102-07-00" tag="VB" text="improve">
        <cmp x="360" y="2025" width="35" height="53" />
        <cmp x="393" y="1980" width="9" height="19" />
        <cmp x="397" y="2026" width="76" height="54" />
        <cmp x="507" y="2038" width="102" height="91" />
        <cmp x="616" y="2047" width="50" height="46" />
        <cmp x="672" y="2047" width="47" height="39" />
        <cmp x="728" y="2048" width="57" height="47" />
      </word>
      <word id="a01-102-07-01" tag="PP3" text="it">
        <cmp x="849" y="2048" width="32" height="39" />
        <cmp x="881" y="2007" width="13" height="14" />
        <cmp x="902" y="1992" width="55" height="89" />
      </word>
      <word id="a01-102-07-02" tag="," text=",">
        <cmp x="933" y="2088" width="39" height="47" />
      </word>
      <word id="a01-102-07-03" tag="CC" text="but">
        <cmp x="1063" y="1980" width="52" height="117" />
        <cmp x="1127" y="1980" width="112" height="129" />
      </word>
      <word id="a01-102-07-04" tag="PP3" text="it">
        <cmp x="1290" y="2058" width="26" height="52" />
        <cmp x="1318" y="2009" width="20" height="14" />
        <cmp x="1328" y="2003" width="46" height="100" />
      </word>
      <word id="a01-102-07-05" tag="HVZ" text="has">
        <cmp x="1427" y="2004" width="163" height="101" />
      </word>
      <word id="a01-102-07-06" tag="VBN" text="got">
        <cmp x="1657" y="2051" width="85" height="91" />
        <cmp x="1762" y="1993" width="48" height="100" />
      </word>
      <word id="a01-102-07-07" tag="AT" text="a">
        <cmp x="1859" y="2053" width="59" height="44" />
      </word>
      <upper-contour>
        <point x="358" y="1949" />
        <point x="1888" y="1949" />
      </upper-contour>
      <lower-contour>
        <point x="358" y="2142" />
        <point x="1919" y="2142" />
      </lower-contour>
    </line>
    <line ass="-524" asx="0" asy="2156" character-width="999" dss="-524" dsx="0" dsy="2338" fd0="13524" fd1="2504" fd2="-795" filter-width="4" id="a01-102-08" lbs="-474" lbx="0" lby="2259" segmentation="ok" slant="74000" stroke-width="6086" threshold="178" text="quantity surveyor. We have descended" ubs="-624" ubx="0" uby="2218">
      <word id="a01-102-08-00" tag="NN" text="quantity">
        <cmp x="333" y="2211" width="50" height="106" />
        <cmp x="382" y="2216" width="44" height="49" />
        <cmp x="432" y="2214" width="94" height="49" />
        <cmp x="528" y="2169" width="42" height="101" />
        <cmp x="573" y="2210" width="10" height="15" />
        <cmp x="592" y="2169" width="42" height="85" />
        <cmp x="628" y="2226" width="43" height="118" />
      </word>
      <word id="a01-102-08-01" tag="NN" text="surveyor">
        <cmp x="733" y="2216" width="36" height="47" />
        <cmp x="781" y="2220" width="87" height="56" />
        <cmp x="890" y="2231" width="36" height="36" />
        <cmp x="937" y="2235" width="44" height="33" />
        <cmp x="989" y="2240" width="32" height="102" />
        <cmp x="1029" y="2239" width="83" height="35" />
      </word>
      <word id="a01-102-08-02" tag="." text=".">
        <cmp x="1146" y="2268" width="11" height="7" />
      </word>
      <word id="a01-102-08-03" sentence-start="yes" tag="PP1AS" text="We">
        <cmp x="1247" y="2179" width="75" height="88" />
        <cmp x="1313" y="2224" width="51" height="58" />
      </word>
      <word id="a01-102-08-04" tag="HV" text="have">
        <cmp x="1402" y="2183" width="97" height="90" />
        <cmp x="1511" y="2230" width="90" height="43" />
      </word>
      <word id="a01-102-08-05" tag="VBN" text="descended">
        <cmp x="1661" y="2171" width="143" height="110" />
        <cmp x="1813" y="2240" width="135" height="50" />
        <cmp x="1951" y="2205" width="131" height="77" />
      </word>
      <upper-contour>
        <point x="358" y="2142" />
        <point x="1919" y="2142" />
      </upper-contour>
      <lower-contour>
        <point x="353" y="2344" />
        <point x="1636" y="2290" />
        <point x="2083" y="2290" />
      </lower-contour>
    </line>
    <line ass="121" asx="0" asy="2337" character-width="999" dss="121" dsx="0" dsy="2535" fd0="13493" fd1="2675" fd2="-147" filter-width="4" id="a01-102-09" lbs="0" lbx="0" lby="2447" segmentation="ok" slant="68000" stroke-width="6386" threshold="178" text="from the real problems to fiddling about" ubs="366" ubx="0" uby="2424">
      <word id="a01-102-09-00" tag="IN" text="from">
        <cmp x="355" y="2356" width="187" height="123" />
      </word>
      <word id="a01-102-09-01" tag="ATI" text="the">
        <cmp x="614" y="2358" width="53" height="93" />
        <cmp x="664" y="2357" width="87" height="92" />
      </word>
      <word id="a01-102-09-02" tag="JJ" text="real">
        <cmp x="805" y="2404" width="26" height="60" />
        <cmp x="838" y="2412" width="39" height="44" />
        <cmp x="879" y="2367" width="103" height="90" />
      </word>
      <word id="a01-102-09-03" tag="NNS" text="problems">
        <cmp x="1029" y="2408" width="134" height="103" />
        <cmp x="1182" y="2350" width="201" height="111" />
      </word>
      <word id="a01-102-09-04" tag="IN" text="to">
        <cmp x="1476" y="2357" width="55" height="101" />
      </word>
      <word id="a01-102-09-05" tag="VBG" text="fiddling">
        <cmp x="1563" y="2334" width="86" height="182" />
        <cmp x="1615" y="2423" width="26" height="40" />
        <cmp x="1652" y="2350" width="79" height="114" />
        <cmp x="1663" y="2372" width="14" height="16" />
        <cmp x="1703" y="2347" width="109" height="109" />
        <cmp x="1805" y="2408" width="64" height="125" />
        <cmp x="1816" y="2377" width="10" height="12" />
      </word>
      <word id="a01-102-09-06" tag="RP" text="about">
        <cmp x="1916" y="2410" width="45" height="42" />
        <cmp x="1970" y="2361" width="113" height="97" />
        <cmp x="2089" y="2366" width="40" height="85" />
      </word>
      <upper-contour>
        <point x="353" y="2344" />
        <point x="1636" y="2290" />
        <point x="2083" y="2290" />
      </upper-contour>
      <lower-contour>
        <point x="356" y="2511" />
        <point x="1285" y="2511" />
      </lower-contour>
    </line>
    <line ass="-620" asx="0" asy="2515" character-width="999" dss="-620" dsx="0" dsy="2680" fd0="12551" fd1="2237" fd2="-709" filter-width="4" id="a01-102-10" lbs="-577" lbx="0" lby="2620" segmentation="ok" slant="82000" stroke-width="6186" threshold="179" text="with bills of cost." ubs="-706" ubx="0" uby="2578">
      <word id="a01-102-10-00" tag="IN" text="with">
        <cmp x="358" y="2559" width="98" height="62" />
        <cmp x="454" y="2534" width="7" height="10" />
        <cmp x="474" y="2532" width="81" height="92" />
      </word>
      <word id="a01-102-10-01" tag="NNS" text="bills">
        <cmp x="627" y="2536" width="59" height="102" />
        <cmp x="699" y="2552" width="18" height="11" />
        <cmp x="716" y="2526" width="97" height="110" />
      </word>
      <word id="a01-102-10-02" tag="INO" text="of">
        <cmp x="888" y="2526" width="86" height="166" />
        <cmp x="913" y="2594" width="9" height="4" />
      </word>
      <word id="a01-102-10-03" tag="NN" text="cost">
        <cmp x="1055" y="2533" width="190" height="107" />
      </word>
      <word id="a01-102-10-04" tag="." text=".">
        <cmp x="1272" y="2628" width="12" height="10" />
      </word>
      <upper-contour>
        <point x="356" y="2511" />
        <point x="1285" y="2511" />
      </upper-contour>
    </line>
  </handwritten-part>
</form>

