<?xml version="1.0" encoding="ISO-8859-1"?>

<!DOCTYPE form SYSTEM 'http://www.iam.unibe.ch/~fki/iamdb/form-metadata.dtd'>

<form created="2002-01-14" height="3542" id="a01-020u" last-modified="2002-07-17" skew="191" status="final" version="3.0_beta" width="2479" writer-id="000">
  <machine-printed-part>
    <machine-print-line text="Mr. Macleod went on with the conference at Lancaster House despite the crisis" />
    <machine-print-line text="which had blown up. He has now revealed his full plans to the Africans and Liberals" />
    <machine-print-line text="attending. These plans do not give the Africans the overall majority they are seeking." />
    <machine-print-line text="African delegates are studying them today. The conference will meet to discuss the" />
    <machine-print-line text="function of a proposed House of Chiefs." />
  </machine-printed-part>
  <handwritten-part>
    <line ass="639" asx="0" asy="773" character-width="999" dss="639" dsx="0" dsy="843" fd0="12594" fd1="2802" fd2="-206" filter-width="5" id="a01-020u-00" lbs="685" lbx="0" lby="834" segmentation="ok" slant="108000" stroke-width="7533" threshold="169" text="Mr. Macleod went on with the conference" ubs="547" ubx="0" uby="800">
      <word id="a01-020u-00-00" sentence-start="yes" tag="NPT" text="Mr.">
        <cmp x="373" y="777" width="80" height="57" />
        <cmp x="468" y="823" width="9" height="9" />
      </word>
      <word id="a01-020u-00-01" tag="NP" text="Macleod">
        <cmp x="571" y="773" width="53" height="52" />
        <cmp x="624" y="791" width="58" height="43" />
        <cmp x="681" y="793" width="50" height="36" />
        <cmp x="729" y="781" width="84" height="44" />
        <cmp x="809" y="775" width="92" height="51" />
      </word>
      <word id="a01-020u-00-02" tag="VBD" text="went">
        <cmp x="1008" y="773" width="199" height="52" />
      </word>
      <word id="a01-020u-00-03" tag="RP" text="on">
        <cmp x="1266" y="793" width="82" height="27" />
      </word>
      <word id="a01-020u-00-04" tag="IN" text="with">
        <cmp x="1393" y="787" width="51" height="32" />
        <cmp x="1447" y="757" width="17" height="15" />
        <cmp x="1455" y="792" width="16" height="22" />
        <cmp x="1481" y="772" width="79" height="45" />
      </word>
      <word id="a01-020u-00-05" tag="ATI" text="the">
        <cmp x="1648" y="777" width="148" height="46" />
      </word>
      <word id="a01-020u-00-06" tag="NN" text="conference">
        <cmp x="1851" y="784" width="33" height="37" />
        <cmp x="1889" y="782" width="89" height="32" />
        <cmp x="1983" y="757" width="89" height="65" />
        <cmp x="2078" y="776" width="82" height="34" />
        <cmp x="2165" y="772" width="86" height="42" />
      </word>
      <lower-contour>
        <point x="368" y="833" />
        <point x="2185" y="833" />
      </lower-contour>
    </line>
    <line ass="473" asx="0" asy="948" character-width="999" dss="473" dsx="0" dsy="1028" fd0="12645" fd1="2878" fd2="-189" filter-width="5" id="a01-020u-01" lbs="504" lbx="0" lby="1007" segmentation="ok" slant="112000" stroke-width="7446" threshold="171" text="at Lancaster House despite the crisis" ubs="411" ubx="0" uby="976">
      <word id="a01-020u-01-00" tag="IN" text="at">
        <cmp x="370" y="958" width="82" height="59" />
      </word>
      <word id="a01-020u-01-01" tag="NP" text="Lancaster">
        <cmp x="538" y="951" width="27" height="47" />
        <cmp x="570" y="969" width="103" height="33" />
        <cmp x="680" y="971" width="34" height="38" />
        <cmp x="721" y="968" width="103" height="41" />
        <cmp x="827" y="948" width="109" height="54" />
      </word>
      <word id="a01-020u-01-02" tag="NPL" text="House">
        <cmp x="1006" y="952" width="277" height="48" />
      </word>
      <word id="a01-020u-01-03" tag="IN" text="despite">
        <cmp x="1373" y="957" width="128" height="42" />
        <cmp x="1505" y="967" width="37" height="49" />
        <cmp x="1544" y="940" width="14" height="19" />
        <cmp x="1548" y="979" width="27" height="17" />
        <cmp x="1578" y="955" width="83" height="44" />
      </word>
      <word id="a01-020u-01-04" tag="ATI" text="the">
        <cmp x="1764" y="951" width="135" height="49" />
      </word>
      <word id="a01-020u-01-05" tag="NN" text="crisis">
        <cmp x="1963" y="960" width="92" height="40" />
        <cmp x="2044" y="933" width="11" height="8" />
        <cmp x="2079" y="962" width="58" height="24" />
        <cmp x="2115" y="939" width="13" height="8" />
        <cmp x="2155" y="963" width="29" height="24" />
      </word>
      <upper-contour>
        <point x="368" y="833" />
        <point x="2185" y="833" />
      </upper-contour>
      <lower-contour>
        <point x="368" y="1016" />
        <point x="2185" y="1016" />
      </lower-contour>
    </line>
    <line ass="313" asx="0" asy="1129" character-width="999" dss="313" dsx="0" dsy="1192" fd0="13355" fd1="2943" fd2="-389" filter-width="5" id="a01-020u-02" lbs="296" lbx="0" lby="1183" segmentation="ok" slant="108000" stroke-width="7504" threshold="169" text="which had blown up. He has now revealed" ubs="349" ubx="0" uby="1152">
      <word id="a01-020u-02-00" tag="WDT" text="which">
        <cmp x="370" y="1139" width="52" height="42" />
        <cmp x="430" y="1130" width="79" height="52" />
        <cmp x="472" y="1127" width="17" height="15" />
        <cmp x="511" y="1145" width="91" height="39" />
      </word>
      <word id="a01-020u-02-01" tag="HVD" text="had">
        <cmp x="666" y="1140" width="93" height="38" />
        <cmp x="755" y="1129" width="78" height="45" />
      </word>
      <word id="a01-020u-02-02" tag="VBN" text="blown">
        <cmp x="917" y="1133" width="52" height="49" />
        <cmp x="970" y="1134" width="71" height="47" />
        <cmp x="1044" y="1147" width="58" height="35" />
        <cmp x="1104" y="1156" width="39" height="23" />
      </word>
      <word id="a01-020u-02-03" tag="RP" text="up">
        <cmp x="1210" y="1150" width="43" height="30" />
        <cmp x="1251" y="1147" width="39" height="39" />
      </word>
      <word id="a01-020u-02-04" tag="." text=".">
        <cmp x="1314" y="1174" width="9" height="7" />
      </word>
      <word id="a01-020u-02-05" sentence-start="yes" tag="PP3A" text="He">
        <cmp x="1381" y="1124" width="109" height="51" />
      </word>
      <word id="a01-020u-02-06" tag="HVZ" text="has">
        <cmp x="1565" y="1129" width="128" height="49" />
      </word>
      <word id="a01-020u-02-07" tag="RN" text="now">
        <cmp x="1752" y="1144" width="163" height="37" />
      </word>
      <word id="a01-020u-02-08" tag="VBN" text="revealed">
        <cmp x="1961" y="1128" width="82" height="44" />
        <cmp x="2041" y="1134" width="41" height="37" />
        <cmp x="2086" y="1131" width="39" height="42" />
        <cmp x="2124" y="1137" width="55" height="34" />
        <cmp x="2170" y="1124" width="68" height="49" />
        <cmp x="2244" y="1124" width="51" height="49" />
      </word>
      <upper-contour>
        <point x="368" y="1016" />
        <point x="2185" y="1016" />
      </upper-contour>
      <lower-contour>
        <point x="368" y="1187" />
        <point x="2296" y="1187" />
      </lower-contour>
    </line>
    <line ass="297" asx="0" asy="1304" character-width="999" dss="297" dsx="0" dsy="1371" fd0="12342" fd1="2771" fd2="52" filter-width="5" id="a01-020u-03" lbs="309" lbx="0" lby="1361" segmentation="ok" slant="106000" stroke-width="7604" threshold="169" text="his full plans to the Africans and Liberals" ubs="272" ubx="0" uby="1331">
      <word id="a01-020u-03-00" tag="PP$" text="his">
        <cmp x="361" y="1307" width="85" height="50" />
        <cmp x="417" y="1303" width="13" height="11" />
        <cmp x="452" y="1330" width="37" height="26" />
      </word>
      <word id="a01-020u-03-01" tag="JJ" text="full">
        <cmp x="565" y="1302" width="89" height="65" />
        <cmp x="645" y="1314" width="55" height="45" />
      </word>
      <word id="a01-020u-03-02" tag="NNS" text="plans">
        <cmp x="769" y="1323" width="45" height="45" />
        <cmp x="815" y="1315" width="29" height="37" />
        <cmp x="845" y="1327" width="128" height="37" />
      </word>
      <word id="a01-020u-03-03" tag="IN" text="to">
        <cmp x="1069" y="1314" width="83" height="48" />
      </word>
      <word id="a01-020u-03-04" tag="ATI" text="the">
        <cmp x="1219" y="1300" width="159" height="63" />
      </word>
      <word id="a01-020u-03-05" tag="NNPS" text="Africans">
        <cmp x="1465" y="1304" width="33" height="55" />
        <cmp x="1501" y="1297" width="76" height="65" />
        <cmp x="1570" y="1295" width="11" height="15" />
        <cmp x="1592" y="1320" width="36" height="40" />
        <cmp x="1638" y="1319" width="109" height="37" />
      </word>
      <word id="a01-020u-03-06" tag="CC" text="and">
        <cmp x="1815" y="1329" width="97" height="26" />
        <cmp x="1924" y="1301" width="56" height="46" />
      </word>
      <word id="a01-020u-03-07" tag="NNS" text="Liberals">
        <cmp x="2077" y="1304" width="48" height="44" />
        <cmp x="2103" y="1295" width="9" height="14" />
        <cmp x="2138" y="1309" width="146" height="49" />
        <cmp x="2280" y="1294" width="56" height="49" />
      </word>
      <upper-contour>
        <point x="368" y="1187" />
        <point x="2296" y="1187" />
      </upper-contour>
      <lower-contour>
        <point x="360" y="1368" />
        <point x="2311" y="1368" />
      </lower-contour>
    </line>
    <line ass="389" asx="0" asy="1479" character-width="999" dss="389" dsx="0" dsy="1578" fd0="12408" fd1="2740" fd2="12" filter-width="5" id="a01-020u-04" lbs="343" lbx="0" lby="1541" segmentation="ok" slant="114000" stroke-width="7602" threshold="169" text="attending. These plans do not give the" ubs="482" ubx="0" uby="1517">
      <word id="a01-020u-04-00" tag="VBG" text="attending">
        <cmp x="362" y="1494" width="150" height="51" />
        <cmp x="514" y="1505" width="98" height="41" />
        <cmp x="608" y="1482" width="16" height="15" />
        <cmp x="613" y="1516" width="81" height="21" />
        <cmp x="694" y="1512" width="63" height="63" />
      </word>
      <word id="a01-020u-04-01" tag="." text=".">
        <cmp x="798" y="1519" width="15" height="12" />
      </word>
      <word id="a01-020u-04-02" sentence-start="yes" tag="DTS" text="These">
        <cmp x="901" y="1473" width="166" height="60" />
        <cmp x="1072" y="1506" width="121" height="37" />
      </word>
      <word id="a01-020u-04-03" tag="NNS" text="plans">
        <cmp x="1269" y="1509" width="42" height="38" />
        <cmp x="1322" y="1495" width="23" height="40" />
        <cmp x="1355" y="1504" width="146" height="31" />
      </word>
      <word id="a01-020u-04-04" tag="DO" text="do">
        <cmp x="1553" y="1484" width="56" height="48" />
        <cmp x="1613" y="1499" width="40" height="35" />
      </word>
      <word id="a01-020u-04-05" tag="XNOT" text="not">
        <cmp x="1718" y="1478" width="124" height="57" />
      </word>
      <word id="a01-020u-04-06" tag="VB" text="give">
        <cmp x="1916" y="1500" width="76" height="52" />
        <cmp x="1964" y="1474" width="18" height="21" />
        <cmp x="2006" y="1496" width="32" height="31" />
        <cmp x="2048" y="1488" width="58" height="42" />
      </word>
      <word id="a01-020u-04-07" tag="ATI" text="the">
        <cmp x="2164" y="1477" width="146" height="58" />
      </word>
      <upper-contour>
        <point x="360" y="1368" />
        <point x="2311" y="1368" />
      </upper-contour>
      <lower-contour>
        <point x="378" y="1574" />
        <point x="2170" y="1574" />
      </lower-contour>
    </line>
    <line ass="416" asx="0" asy="1662" character-width="999" dss="416" dsx="0" dsy="1758" fd0="12836" fd1="3128" fd2="-192" filter-width="5" id="a01-020u-05" lbs="386" lbx="0" lby="1723" segmentation="ok" slant="110000" stroke-width="7460" threshold="169" text="Africans the overall majority they are" ubs="475" ubx="0" uby="1697">
      <word id="a01-020u-05-00" tag="NNPS" text="Africans">
        <cmp x="380" y="1671" width="46" height="62" />
        <cmp x="423" y="1661" width="80" height="62" />
        <cmp x="484" y="1663" width="11" height="14" />
        <cmp x="506" y="1689" width="42" height="30" />
        <cmp x="556" y="1688" width="111" height="28" />
        <cmp x="678" y="1691" width="33" height="28" />
      </word>
      <word id="a01-020u-05-01" tag="ATI" text="the">
        <cmp x="810" y="1663" width="175" height="60" />
      </word>
      <word id="a01-020u-05-02" tag="JJB" text="overall">
        <cmp x="1070" y="1687" width="43" height="40" />
        <cmp x="1115" y="1686" width="35" height="32" />
        <cmp x="1153" y="1681" width="66" height="38" />
        <cmp x="1237" y="1665" width="105" height="50" />
      </word>
      <word id="a01-020u-05-03" tag="NN" text="majority">
        <cmp x="1399" y="1684" width="63" height="28" />
        <cmp x="1470" y="1681" width="48" height="32" />
        <cmp x="1504" y="1684" width="57" height="63" />
        <cmp x="1528" y="1652" width="8" height="13" />
        <cmp x="1549" y="1688" width="34" height="32" />
        <cmp x="1592" y="1686" width="65" height="30" />
        <cmp x="1641" y="1652" width="14" height="17" />
        <cmp x="1675" y="1658" width="101" height="73" />
      </word>
      <word id="a01-020u-05-04" tag="PP3AS" text="they">
        <cmp x="1831" y="1654" width="33" height="51" />
        <cmp x="1861" y="1664" width="139" height="65" />
      </word>
      <word id="a01-020u-05-05" tag="BER" text="are">
        <cmp x="2043" y="1666" width="126" height="47" />
      </word>
      <upper-contour>
        <point x="378" y="1574" />
        <point x="2170" y="1574" />
      </upper-contour>
      <lower-contour>
        <point x="378" y="1748" />
        <point x="2170" y="1748" />
      </lower-contour>
    </line>
    <line ass="322" asx="0" asy="1835" character-width="999" dss="322" dsx="0" dsy="1942" fd0="12292" fd1="2770" fd2="-269" filter-width="5" id="a01-020u-06" lbs="327" lbx="0" lby="1901" segmentation="ok" slant="110000" stroke-width="7567" threshold="170" text="seeking. African delegates are studying" ubs="313" ubx="0" uby="1876">
      <word id="a01-020u-06-00" tag="VBG" text="seeking">
        <cmp x="375" y="1863" width="123" height="37" />
        <cmp x="499" y="1846" width="125" height="47" />
        <cmp x="550" y="1831" width="21" height="18" />
        <cmp x="631" y="1869" width="50" height="61" />
      </word>
      <word id="a01-020u-06-01" tag="." text=".">
        <cmp x="705" y="1891" width="9" height="11" />
      </word>
      <word id="a01-020u-06-02" sentence-start="yes" tag="JNP" text="African">
        <cmp x="847" y="1838" width="35" height="60" />
        <cmp x="894" y="1835" width="106" height="64" />
        <cmp x="981" y="1831" width="16" height="21" />
        <cmp x="1019" y="1867" width="33" height="33" />
        <cmp x="1063" y="1865" width="106" height="30" />
      </word>
      <word id="a01-020u-06-03" tag="NNS" text="delegates">
        <cmp x="1272" y="1859" width="119" height="35" />
        <cmp x="1384" y="1852" width="100" height="46" />
        <cmp x="1490" y="1863" width="53" height="50" />
        <cmp x="1551" y="1837" width="165" height="54" />
      </word>
      <word id="a01-020u-06-04" tag="BER" text="are">
        <cmp x="1775" y="1854" width="121" height="37" />
      </word>
      <word id="a01-020u-06-05" tag="VBG" text="studying">
        <cmp x="1954" y="1868" width="32" height="28" />
        <cmp x="1996" y="1833" width="88" height="54" />
        <cmp x="2087" y="1850" width="53" height="38" />
        <cmp x="2152" y="1866" width="49" height="57" />
        <cmp x="2203" y="1870" width="74" height="24" />
        <cmp x="2207" y="1831" width="18" height="16" />
        <cmp x="2286" y="1865" width="57" height="66" />
      </word>
      <upper-contour>
        <point x="378" y="1748" />
        <point x="2170" y="1748" />
      </upper-contour>
      <lower-contour>
        <point x="373" y="1929" />
        <point x="2221" y="1929" />
      </lower-contour>
    </line>
    <line ass="645" asx="0" asy="2026" character-width="999" dss="645" dsx="0" dsy="2115" fd0="12228" fd1="2873" fd2="-218" filter-width="5" id="a01-020u-07" lbs="650" lbx="0" lby="2086" segmentation="ok" slant="105000" stroke-width="7441" threshold="170" text="them today. The conference will meet" ubs="636" ubx="0" uby="2058">
      <word id="a01-020u-07-00" tag="PP3OS" text="them">
        <cmp x="351" y="2023" width="201" height="59" />
      </word>
      <word id="a01-020u-07-01" tag="NR" text="today">
        <cmp x="632" y="2040" width="37" height="42" />
        <cmp x="677" y="2055" width="34" height="32" />
        <cmp x="722" y="2045" width="56" height="33" />
        <cmp x="785" y="2052" width="101" height="55" />
      </word>
      <word id="a01-020u-07-02" tag="." text=".">
        <cmp x="890" y="2073" width="9" height="11" />
      </word>
      <word id="a01-020u-07-03" sentence-start="yes" tag="ATI" text="The">
        <cmp x="992" y="2017" width="208" height="60" />
      </word>
      <word id="a01-020u-07-04" tag="NN" text="conference">
        <cmp x="1272" y="2040" width="35" height="38" />
        <cmp x="1311" y="2044" width="97" height="31" />
        <cmp x="1406" y="2011" width="96" height="67" />
        <cmp x="1513" y="2032" width="99" height="42" />
        <cmp x="1622" y="2038" width="90" height="42" />
      </word>
      <word id="a01-020u-07-05" tag="MD" text="will">
        <cmp x="1795" y="2031" width="65" height="37" />
        <cmp x="1866" y="2011" width="13" height="14" />
        <cmp x="1867" y="2039" width="20" height="19" />
        <cmp x="1902" y="2014" width="58" height="43" />
      </word>
      <word id="a01-020u-07-06" tag="VB" text="meet">
        <cmp x="2018" y="2016" width="202" height="54" />
      </word>
      <upper-contour>
        <point x="373" y="1929" />
        <point x="2221" y="1929" />
      </upper-contour>
      <lower-contour>
        <point x="349" y="2106" />
        <point x="2159" y="2106" />
      </lower-contour>
    </line>
    <line ass="530" asx="0" asy="2201" character-width="999" dss="530" dsx="0" dsy="2279" fd0="11898" fd1="2714" fd2="-64" filter-width="5" id="a01-020u-08" lbs="575" lbx="0" lby="2262" segmentation="ok" slant="99000" stroke-width="7504" threshold="167" text="to discuss the function of a proposed" ubs="439" ubx="0" uby="2233">
      <word id="a01-020u-08-00" tag="TO" text="to">
        <cmp x="332" y="2213" width="68" height="47" />
      </word>
      <word id="a01-020u-08-01" tag="VB" text="discuss">
        <cmp x="486" y="2201" width="113" height="59" />
        <cmp x="546" y="2206" width="9" height="11" />
        <cmp x="621" y="2224" width="26" height="31" />
        <cmp x="656" y="2227" width="130" height="31" />
      </word>
      <word id="a01-020u-08-02" tag="ATI" text="the">
        <cmp x="898" y="2204" width="159" height="58" />
      </word>
      <word id="a01-020u-08-03" tag="NN" text="function">
        <cmp x="1146" y="2191" width="122" height="79" />
        <cmp x="1279" y="2203" width="91" height="47" />
        <cmp x="1351" y="2202" width="8" height="10" />
        <cmp x="1382" y="2226" width="68" height="27" />
      </word>
      <word id="a01-020u-08-04" tag="INO" text="of">
        <cmp x="1526" y="2229" width="36" height="27" />
        <cmp x="1570" y="2194" width="42" height="64" />
      </word>
      <word id="a01-020u-08-05" tag="AT" text="a">
        <cmp x="1667" y="2219" width="45" height="26" />
      </word>
      <word id="a01-020u-08-06" tag="JJ" text="proposed">
        <cmp x="1804" y="2217" width="39" height="42" />
        <cmp x="1849" y="2216" width="25" height="27" />
        <cmp x="1881" y="2214" width="41" height="32" />
        <cmp x="1928" y="2206" width="177" height="57" />
        <cmp x="2098" y="2191" width="60" height="44" />
      </word>
      <upper-contour>
        <point x="349" y="2106" />
        <point x="2159" y="2106" />
      </upper-contour>
      <lower-contour>
        <point x="349" y="2270" />
        <point x="1190" y="2270" />
      </lower-contour>
    </line>
    <line ass="453" asx="0" asy="2371" character-width="999" dss="453" dsx="0" dsy="2450" fd0="12602" fd1="2721" fd2="-275" filter-width="5" id="a01-020u-09" lbs="504" lbx="0" lby="2442" segmentation="ok" slant="108999" stroke-width="7603" threshold="168" text="House of Chiefs." ubs="350" ubx="0" uby="2406">
      <word id="a01-020u-09-00" tag="NPL" text="House">
        <cmp x="351" y="2384" width="298" height="57" />
      </word>
      <word id="a01-020u-09-01" tag="INO" text="of">
        <cmp x="726" y="2400" width="43" height="37" />
        <cmp x="776" y="2366" width="47" height="79" />
      </word>
      <word id="a01-020u-09-02" tag="NPTS" text="Chiefs">
        <cmp x="903" y="2380" width="37" height="51" />
        <cmp x="945" y="2390" width="146" height="45" />
        <cmp x="1002" y="2369" width="22" height="15" />
        <cmp x="1094" y="2376" width="59" height="62" />
      </word>
      <word id="a01-020u-09-03" tag="." text=".">
        <cmp x="1179" y="2427" width="10" height="11" />
      </word>
      <upper-contour>
        <point x="349" y="2270" />
        <point x="1190" y="2270" />
      </upper-contour>
    </line>
  </handwritten-part>
</form>

