<?xml version="1.0" encoding="ISO-8859-1"?>

<!DOCTYPE form SYSTEM 'http://www.iam.unibe.ch/~fki/iamdb/form-metadata.dtd'>

<form created="2002-01-15" height="3542" id="a01-058x" last-modified="2002-07-17" skew="-63" status="final" version="3.0_beta" width="2479" writer-id="014">
  <machine-printed-part>
    <machine-print-line text="PRESIDENT KENNEDY is ready to get tough over West Germany&apos;s cash offer to" />
    <machine-print-line text="help America&apos;s balance of payments position. He said bluntly in Washington yester-" />
    <machine-print-line text="day that the offer - 357million - was not good enough. And he indicated that his" />
    <machine-print-line text="Government would try to get Germany to pay more. He did not mention personal" />
    <machine-print-line text="talks with Dr. Adenauer, the West German Chancellor." />
  </machine-printed-part>
  <handwritten-part>
    <line ass="-1107" asx="0" asy="676" character-width="999" dss="-1107" dsx="0" dsy="842" fd0="13293" fd1="2413" fd2="-1399" filter-width="4" id="a01-058x-00" lbs="-1078" lbx="0" lby="771" segmentation="ok" slant="73000" stroke-width="5859" threshold="174" text="PRESIDENT KENNEDY is ready to get" ubs="-1166" ubx="0" uby="728">
      <word id="a01-058x-00-00" sentence-start="yes" tag="NPT" text="PRESIDENT">
        <cmp x="345" y="700" width="57" height="101" />
        <cmp x="397" y="709" width="62" height="97" />
        <cmp x="469" y="785" width="47" height="19" />
        <cmp x="472" y="694" width="52" height="94" />
        <cmp x="489" y="744" width="24" height="16" />
        <cmp x="527" y="706" width="64" height="89" />
        <cmp x="591" y="718" width="32" height="85" />
        <cmp x="635" y="715" width="42" height="85" />
        <cmp x="691" y="789" width="57" height="15" />
        <cmp x="701" y="717" width="48" height="81" />
        <cmp x="728" y="748" width="23" height="9" />
        <cmp x="750" y="733" width="73" height="71" />
        <cmp x="821" y="721" width="41" height="77" />
      </word>
      <word id="a01-058x-00-01" tag="NP" text="KENNEDY">
        <cmp x="931" y="694" width="69" height="104" />
        <cmp x="988" y="716" width="57" height="84" />
        <cmp x="1046" y="732" width="63" height="73" />
        <cmp x="1108" y="733" width="45" height="69" />
        <cmp x="1171" y="732" width="54" height="76" />
        <cmp x="1181" y="766" width="20" height="11" />
        <cmp x="1220" y="717" width="49" height="88" />
        <cmp x="1282" y="724" width="17" height="27" />
        <cmp x="1301" y="716" width="44" height="78" />
      </word>
      <word id="a01-058x-00-02" tag="BEZ" text="is">
        <cmp x="1387" y="769" width="76" height="37" />
        <cmp x="1439" y="725" width="6" height="15" />
      </word>
      <word id="a01-058x-00-03" tag="JJ" text="ready">
        <cmp x="1488" y="713" width="206" height="162" />
        <cmp x="1657" y="816" width="20" height="29" />
      </word>
      <word id="a01-058x-00-04" tag="TO" text="to">
        <cmp x="1730" y="728" width="75" height="92" />
        <cmp x="1791" y="763" width="26" height="35" />
      </word>
      <word id="a01-058x-00-05" tag="VB" text="get">
        <cmp x="1832" y="725" width="143" height="129" />
      </word>
      <lower-contour>
        <point x="343" y="861" />
        <point x="1652" y="875" />
        <point x="1759" y="854" />
        <point x="1976" y="854" />
      </lower-contour>
    </line>
    <line ass="166" asx="0" asy="872" character-width="999" dss="166" dsx="0" dsy="1039" fd0="13636" fd1="1715" fd2="-1736" filter-width="4" id="a01-058x-01" lbs="278" lbx="0" lby="981" segmentation="ok" slant="66000" stroke-width="6039" threshold="176" text="tough over West Germany&apos;s cash offer to" ubs="-58" ubx="0" uby="941">
      <word id="a01-058x-01-00" tag="JJ" text="tough">
        <cmp x="316" y="871" width="235" height="168" />
      </word>
      <word id="a01-058x-01-01" tag="IN" text="over">
        <cmp x="597" y="937" width="191" height="51" />
      </word>
      <word id="a01-058x-01-02" tag="NP" text="West">
        <cmp x="829" y="888" width="183" height="91" />
      </word>
      <word id="a01-058x-01-03" tag="NP$" text="Germany&apos;s">
        <cmp x="1030" y="869" width="291" height="164" />
        <cmp x="1342" y="888" width="13" height="32" />
        <cmp x="1349" y="943" width="43" height="38" />
      </word>
      <word id="a01-058x-01-04" tag="NN" text="cash">
        <cmp x="1442" y="885" width="167" height="90" />
      </word>
      <word id="a01-058x-01-05" tag="NN" text="offer">
        <cmp x="1678" y="869" width="163" height="125" />
      </word>
      <word id="a01-058x-01-06" tag="TO" text="to">
        <cmp x="1886" y="910" width="68" height="82" />
        <cmp x="1946" y="943" width="62" height="37" />
      </word>
      <upper-contour>
        <point x="343" y="861" />
        <point x="1652" y="875" />
        <point x="1759" y="854" />
        <point x="1976" y="854" />
      </upper-contour>
      <lower-contour>
        <point x="327" y="1039" />
        <point x="2009" y="1039" />
      </lower-contour>
    </line>
    <line ass="-110" asx="0" asy="1041" character-width="999" dss="-110" dsx="0" dsy="1200" fd0="13569" fd1="2359" fd2="-1543" filter-width="4" id="a01-058x-02" lbs="-31" lbx="0" lby="1162" segmentation="ok" slant="64000" stroke-width="6340" threshold="174" text="help America&apos;s balance of payments position" ubs="-267" ubx="0" uby="1120">
      <word id="a01-058x-02-00" tag="VB" text="help">
        <cmp x="329" y="1053" width="168" height="136" />
      </word>
      <word id="a01-058x-02-01" tag="NP$" text="America&apos;s">
        <cmp x="539" y="1043" width="277" height="125" />
        <cmp x="730" y="1099" width="7" height="7" />
        <cmp x="837" y="1081" width="10" height="27" />
        <cmp x="838" y="1128" width="40" height="36" />
      </word>
      <word id="a01-058x-02-02" tag="NN" text="balance">
        <cmp x="950" y="1053" width="255" height="112" />
      </word>
      <word id="a01-058x-02-03" tag="INO" text="of">
        <cmp x="1240" y="1078" width="106" height="118" />
        <cmp x="1323" y="1142" width="11" height="10" />
      </word>
      <word id="a01-058x-02-04" tag="NNS" text="payments">
        <cmp x="1359" y="1096" width="370" height="108" />
      </word>
      <word id="a01-058x-02-05" tag="NN" text="position">
        <cmp x="1770" y="1084" width="273" height="100" />
        <cmp x="1906" y="1087" width="5" height="6" />
        <cmp x="2007" y="1098" width="4" height="4" />
        <cmp x="2022" y="1135" width="42" height="26" />
      </word>
      <upper-contour>
        <point x="327" y="1039" />
        <point x="2009" y="1039" />
      </upper-contour>
      <lower-contour>
        <point x="328" y="1204" />
        <point x="1939" y="1204" />
      </lower-contour>
    </line>
    <line ass="-839" asx="0" asy="1214" character-width="999" dss="-839" dsx="0" dsy="1391" fd0="13479" fd1="2393" fd2="-1684" filter-width="4" id="a01-058x-03" lbs="-1015" lbx="0" lby="1321" segmentation="ok" slant="59999" stroke-width="6186" threshold="174" text="He said bluntly in Washington yesterday" ubs="-486" ubx="0" uby="1294">
      <word id="a01-058x-03-00" sentence-start="yes" tag="PP3A" text="He">
        <cmp x="330" y="1248" width="123" height="99" />
      </word>
      <word id="a01-058x-03-01" tag="VBD" text="said">
        <cmp x="499" y="1255" width="186" height="85" />
        <cmp x="619" y="1266" width="6" height="8" />
      </word>
      <word id="a01-058x-03-02" tag="RB" text="bluntly">
        <cmp x="703" y="1235" width="274" height="171" />
      </word>
      <word id="a01-058x-03-03" tag="IN" text="in">
        <cmp x="994" y="1288" width="109" height="47" />
        <cmp x="1065" y="1258" width="6" height="4" />
      </word>
      <word id="a01-058x-03-04" tag="NP" text="Washington">
        <cmp x="1131" y="1252" width="120" height="90" />
        <cmp x="1210" y="1249" width="145" height="92" />
        <cmp x="1354" y="1249" width="192" height="128" />
        <cmp x="1372" y="1259" width="7" height="10" />
      </word>
      <word id="a01-058x-03-05" tag="NR" text="yesterday">
        <cmp x="1600" y="1240" width="338" height="150" />
      </word>
      <upper-contour>
        <point x="328" y="1204" />
        <point x="1939" y="1204" />
      </upper-contour>
      <lower-contour>
        <point x="328" y="1400" />
        <point x="927" y="1406" />
        <point x="1939" y="1406" />
      </lower-contour>
    </line>
    <line ass="-481" asx="0" asy="1401" character-width="999" dss="-481" dsx="0" dsy="1569" fd0="13837" fd1="2005" fd2="-1284" filter-width="4" id="a01-058x-04" lbs="-477" lbx="0" lby="1498" segmentation="ok" slant="66999" stroke-width="6077" threshold="173" text="that the offer - 357million - was not good" ubs="-489" ubx="0" uby="1469">
      <word id="a01-058x-04-00" tag="CS" text="that">
        <cmp x="317" y="1404" width="209" height="105" />
      </word>
      <word id="a01-058x-04-01" tag="ATI" text="the">
        <cmp x="545" y="1420" width="154" height="94" />
      </word>
      <word id="a01-058x-04-02" tag="NN" text="offer">
        <cmp x="729" y="1415" width="211" height="132" />
      </word>
      <word id="a01-058x-04-03" tag="*-" text="-">
        <cmp x="977" y="1483" width="44" height="8" />
      </word>
      <word id="a01-058x-04-04" tag="NNU" text="357million">
        <cmp x="1040" y="1442" width="39" height="85" />
        <cmp x="1087" y="1427" width="56" height="94" />
        <cmp x="1127" y="1435" width="62" height="88" />
        <cmp x="1207" y="1437" width="268" height="85" />
        <cmp x="1296" y="1453" width="11" height="5" />
        <cmp x="1400" y="1464" width="7" height="7" />
      </word>
      <word id="a01-058x-04-05" tag="*-" text="-">
        <cmp x="1496" y="1490" width="38" height="9" />
      </word>
      <word id="a01-058x-04-06" tag="BEDZ" text="was">
        <cmp x="1564" y="1474" width="144" height="39" />
        <cmp x="1685" y="1505" width="15" height="10" />
      </word>
      <word id="a01-058x-04-07" tag="XNOT" text="not">
        <cmp x="1745" y="1445" width="171" height="78" />
      </word>
      <word id="a01-058x-04-08" tag="JJ" text="good">
        <cmp x="1942" y="1424" width="192" height="163" />
      </word>
      <upper-contour>
        <point x="328" y="1400" />
        <point x="927" y="1406" />
        <point x="1939" y="1406" />
      </upper-contour>
      <lower-contour>
        <point x="315" y="1547" />
        <point x="1790" y="1547" />
      </lower-contour>
    </line>
    <line ass="84" asx="0" asy="1592" character-width="999" dss="84" dsx="0" dsy="1760" fd0="13640" fd1="1773" fd2="-1336" filter-width="4" id="a01-058x-05" lbs="-149" lbx="0" lby="1687" segmentation="ok" slant="62000" stroke-width="6402" threshold="164" text="enough. And he indicated that his" ubs="550" ubx="0" uby="1667">
      <word id="a01-058x-05-00" tag="QLP" text="enough">
        <cmp x="286" y="1601" width="304" height="160" />
      </word>
      <word id="a01-058x-05-01" tag="." text=".">
        <cmp x="616" y="1679" width="17" height="9" />
      </word>
      <word id="a01-058x-05-02" sentence-start="yes" tag="CC" text="And">
        <cmp x="679" y="1592" width="201" height="114" />
      </word>
      <word id="a01-058x-05-03" tag="PP3A" text="he">
        <cmp x="904" y="1600" width="105" height="97" />
      </word>
      <word id="a01-058x-05-04" tag="VBD" text="indicated">
        <cmp x="1058" y="1619" width="355" height="82" />
        <cmp x="1103" y="1606" width="11" height="13" />
        <cmp x="1240" y="1626" width="12" height="14" />
      </word>
      <word id="a01-058x-05-05" tag="CS" text="that">
        <cmp x="1475" y="1595" width="203" height="105" />
      </word>
      <word id="a01-058x-05-06" tag="PP$" text="his">
        <cmp x="1678" y="1621" width="111" height="83" />
        <cmp x="1740" y="1629" width="6" height="6" />
      </word>
      <upper-contour>
        <point x="315" y="1547" />
        <point x="1790" y="1547" />
      </upper-contour>
      <lower-contour>
        <point x="326" y="1759" />
        <point x="497" y="1761" />
        <point x="1685" y="1703" />
        <point x="1790" y="1703" />
      </lower-contour>
    </line>
    <line ass="-187" asx="0" asy="1756" character-width="999" dss="-187" dsx="0" dsy="1952" fd0="13583" fd1="2665" fd2="-1177" filter-width="4" id="a01-058x-06" lbs="-14" lbx="0" lby="1874" segmentation="ok" slant="64000" stroke-width="6133" threshold="177" text="Government would try to get Germany to" ubs="-531" ubx="0" uby="1825">
      <word id="a01-058x-06-00" tag="NN" text="Government">
        <cmp x="328" y="1762" width="441" height="142" />
        <cmp x="764" y="1839" width="8" height="6" />
      </word>
      <word id="a01-058x-06-01" tag="MD" text="would">
        <cmp x="804" y="1773" width="281" height="105" />
      </word>
      <word id="a01-058x-06-02" tag="VB" text="try">
        <cmp x="1128" y="1777" width="153" height="157" />
      </word>
      <word id="a01-058x-06-03" tag="TO" text="to">
        <cmp x="1304" y="1803" width="116" height="85" />
      </word>
      <word id="a01-058x-06-04" tag="VB" text="get">
        <cmp x="1424" y="1782" width="126" height="168" />
        <cmp x="1544" y="1836" width="19" height="10" />
      </word>
      <word id="a01-058x-06-05" tag="NP" text="Germany">
        <cmp x="1596" y="1762" width="325" height="198" />
      </word>
      <word id="a01-058x-06-06" tag="TO" text="to">
        <cmp x="1968" y="1795" width="119" height="90" />
      </word>
      <upper-contour>
        <point x="326" y="1759" />
        <point x="497" y="1761" />
        <point x="1685" y="1703" />
        <point x="1790" y="1703" />
      </upper-contour>
      <lower-contour>
        <point x="326" y="1945" />
        <point x="1428" y="1960" />
        <point x="1974" y="1885" />
        <point x="2003" y="1885" />
      </lower-contour>
    </line>
    <line ass="-331" asx="0" asy="1927" character-width="999" dss="-331" dsx="0" dsy="2102" fd0="13548" fd1="1670" fd2="-1358" filter-width="4" id="a01-058x-07" lbs="-464" lbx="0" lby="2042" segmentation="ok" slant="62000" stroke-width="6305" threshold="177" text="pay more. He did not mention personal" ubs="-65" ubx="0" uby="2016">
      <word id="a01-058x-07-00" tag="VB" text="pay">
        <cmp x="313" y="1993" width="169" height="85" />
        <cmp x="430" y="2030" width="62" height="76" />
      </word>
      <word id="a01-058x-07-01" tag="AP" text="more">
        <cmp x="541" y="1996" width="185" height="62" />
      </word>
      <word id="a01-058x-07-02" tag="." text=".">
        <cmp x="759" y="2036" width="7" height="8" />
      </word>
      <word id="a01-058x-07-03" sentence-start="yes" tag="PP3A" text="He">
        <cmp x="800" y="1947" width="116" height="113" />
        <cmp x="884" y="2021" width="33" height="35" />
        <cmp x="912" y="2045" width="14" height="7" />
      </word>
      <word id="a01-058x-07-04" tag="DOD" text="did">
        <cmp x="957" y="1952" width="177" height="104" />
        <cmp x="1060" y="1988" width="7" height="7" />
      </word>
      <word id="a01-058x-07-05" tag="XNOT" text="not">
        <cmp x="1154" y="1975" width="158" height="94" />
      </word>
      <word id="a01-058x-07-06" tag="VB" text="mention">
        <cmp x="1339" y="1967" width="188" height="90" />
        <cmp x="1511" y="2010" width="27" height="39" />
        <cmp x="1532" y="2010" width="88" height="46" />
        <cmp x="1537" y="1976" width="10" height="20" />
      </word>
      <word id="a01-058x-07-07" tag="JJ" text="personal">
        <cmp x="1655" y="1939" width="347" height="141" />
      </word>
      <upper-contour>
        <point x="326" y="1945" />
        <point x="1428" y="1960" />
        <point x="1974" y="1885" />
        <point x="2003" y="1885" />
      </upper-contour>
      <lower-contour>
        <point x="313" y="2106" />
        <point x="1895" y="2106" />
      </lower-contour>
    </line>
    <line ass="-63" asx="0" asy="2130" character-width="999" dss="-63" dsx="0" dsy="2249" fd0="14000" fd1="1829" fd2="-1616" filter-width="4" id="a01-058x-08" lbs="56" lbx="0" lby="2232" segmentation="ok" slant="53000" stroke-width="6236" threshold="170" text="talks with Dr. Adenauer, the West" ubs="-303" ubx="0" uby="2187">
      <word id="a01-058x-08-00" tag="NNS" text="talks">
        <cmp x="315" y="2131" width="232" height="111" />
      </word>
      <word id="a01-058x-08-01" tag="IN" text="with">
        <cmp x="586" y="2155" width="216" height="79" />
        <cmp x="706" y="2158" width="5" height="6" />
        <cmp x="784" y="2219" width="7" height="17" />
      </word>
      <word id="a01-058x-08-02" tag="NPT" text="Dr.">
        <cmp x="859" y="2159" width="104" height="85" />
        <cmp x="969" y="2224" width="15" height="8" />
      </word>
      <word id="a01-058x-08-03" tag="NP" text="Adenauer">
        <cmp x="1030" y="2138" width="364" height="100" />
      </word>
      <word id="a01-058x-08-04" tag="," text=",">
        <cmp x="1401" y="2205" width="24" height="46" />
      </word>
      <word id="a01-058x-08-05" tag="ATI" text="the">
        <cmp x="1462" y="2143" width="162" height="103" />
      </word>
      <word id="a01-058x-08-06" tag="NP" text="West">
        <cmp x="1675" y="2155" width="219" height="90" />
      </word>
      <upper-contour>
        <point x="313" y="2106" />
        <point x="1895" y="2106" />
      </upper-contour>
      <lower-contour>
        <point x="331" y="2245" />
        <point x="1122" y="2245" />
      </lower-contour>
    </line>
    <line ass="-373" asx="0" asy="2277" character-width="999" dss="-373" dsx="0" dsy="2455" fd0="13546" fd1="1462" fd2="-2140" filter-width="4" id="a01-058x-09" lbs="202" lbx="0" lby="2407" segmentation="ok" slant="64000" stroke-width="6272" threshold="167" text="German Chancellor." ubs="-1524" ubx="0" uby="2339">
      <word id="a01-058x-09-00" tag="JNP" text="German">
        <cmp x="333" y="2280" width="155" height="178" />
        <cmp x="465" y="2356" width="164" height="52" />
      </word>
      <word id="a01-058x-09-01" tag="NPT" text="Chancellor">
        <cmp x="698" y="2285" width="398" height="124" />
      </word>
      <word id="a01-058x-09-02" tag="." text=".">
        <cmp x="1113" y="2389" width="9" height="8" />
      </word>
      <upper-contour>
        <point x="331" y="2245" />
        <point x="1122" y="2245" />
      </upper-contour>
    </line>
  </handwritten-part>
</form>

