<?xml version="1.0" encoding="ISO-8859-1"?>

<!DOCTYPE form SYSTEM 'http://www.iam.unibe.ch/~fki/iamdb/form-metadata.dtd'>

<form created="2002-01-15" height="3542" id="a01-132x" last-modified="2002-07-17" skew="-63" status="final" version="3.0_beta" width="2479" writer-id="000">
  <machine-printed-part>
    <machine-print-line text="&amp;quot;That cannot continue without either development being limited or an adjustment" />
    <machine-print-line text="being made in financing.&amp;quot; The Government decided to adjust the financing - which" />
    <machine-print-line text="Mr. Powell claimed was underpinning - not undermining - the service. Answering" />
    <machine-print-line text="the attack on &amp;quot;economic charges&amp;quot; for welfare foods, Mr. Powell said that all these" />
    <machine-print-line text="foods would still be free in families receiving regular National Assistance grants." />
  </machine-printed-part>
  <handwritten-part>
    <line ass="-5" asx="0" asy="742" character-width="999" dss="-5" dsx="0" dsy="831" fd0="13266" fd1="2644" fd2="-802" filter-width="4" id="a01-132x-00" lbs="-11" lbx="0" lby="809" segmentation="ok" slant="98000" stroke-width="5800" threshold="171" text="&amp;quot;That cannot continue without either development" ubs="4" ubx="0" uby="780">
      <word id="a01-132x-00-00" sentence-start="yes" tag="*&apos;" text="&quot;">
        <cmp x="298" y="744" width="18" height="26" />
      </word>
      <word id="a01-132x-00-01" tag="DT" text="That">
        <cmp x="345" y="748" width="103" height="67" />
        <cmp x="453" y="756" width="65" height="55" />
      </word>
      <word id="a01-132x-00-02" tag="MDX" text="cannot">
        <cmp x="591" y="776" width="29" height="36" />
        <cmp x="621" y="778" width="141" height="37" />
        <cmp x="772" y="746" width="61" height="69" />
      </word>
      <word id="a01-132x-00-03" tag="VB" text="continue">
        <cmp x="883" y="750" width="148" height="68" />
        <cmp x="1019" y="756" width="13" height="10" />
        <cmp x="1055" y="762" width="147" height="58" />
      </word>
      <word id="a01-132x-00-04" tag="IN" text="without">
        <cmp x="1247" y="773" width="52" height="41" />
        <cmp x="1312" y="779" width="14" height="27" />
        <cmp x="1317" y="749" width="7" height="10" />
        <cmp x="1337" y="745" width="69" height="64" />
        <cmp x="1412" y="744" width="106" height="71" />
      </word>
      <word id="a01-132x-00-05" tag="DTX" text="either">
        <cmp x="1573" y="779" width="58" height="35" />
        <cmp x="1618" y="751" width="8" height="14" />
        <cmp x="1650" y="752" width="117" height="58" />
      </word>
      <word id="a01-132x-00-06" tag="NN" text="development">
        <cmp x="1824" y="764" width="97" height="48" />
        <cmp x="1931" y="779" width="31" height="30" />
        <cmp x="1970" y="762" width="14" height="54" />
        <cmp x="1980" y="783" width="26" height="30" />
        <cmp x="2011" y="777" width="32" height="55" />
        <cmp x="2062" y="763" width="155" height="52" />
      </word>
      <lower-contour>
        <point x="332" y="832" />
        <point x="2145" y="832" />
      </lower-contour>
    </line>
    <line ass="118" asx="0" asy="929" character-width="999" dss="118" dsx="0" dsy="1030" fd0="13632" fd1="2812" fd2="-294" filter-width="4" id="a01-132x-01" lbs="91" lbx="0" lby="993" segmentation="ok" slant="108000" stroke-width="5789" threshold="170" text="being limited or an adjustment being made" ubs="173" ubx="0" uby="966">
      <word id="a01-132x-01-00" tag="BEG" text="being">
        <cmp x="334" y="938" width="100" height="60" />
        <cmp x="458" y="965" width="46" height="26" />
        <cmp x="505" y="962" width="47" height="56" />
      </word>
      <word id="a01-132x-01-01" tag="VBN" text="limited">
        <cmp x="595" y="938" width="51" height="50" />
        <cmp x="628" y="940" width="6" height="10" />
        <cmp x="663" y="965" width="85" height="25" />
        <cmp x="732" y="929" width="8" height="8" />
        <cmp x="753" y="937" width="98" height="55" />
      </word>
      <word id="a01-132x-01-02" tag="CC" text="or">
        <cmp x="905" y="963" width="78" height="33" />
      </word>
      <word id="a01-132x-01-03" tag="AT" text="an">
        <cmp x="1045" y="960" width="96" height="33" />
      </word>
      <word id="a01-132x-01-04" tag="NN" text="adjustment">
        <cmp x="1192" y="962" width="40" height="34" />
        <cmp x="1235" y="943" width="38" height="51" />
        <cmp x="1279" y="964" width="44" height="64" />
        <cmp x="1289" y="942" width="7" height="10" />
        <cmp x="1320" y="965" width="72" height="36" />
        <cmp x="1388" y="936" width="201" height="60" />
      </word>
      <word id="a01-132x-01-05" tag="BEG" text="being">
        <cmp x="1685" y="939" width="58" height="55" />
        <cmp x="1757" y="966" width="12" height="22" />
        <cmp x="1762" y="930" width="5" height="11" />
        <cmp x="1782" y="967" width="46" height="25" />
        <cmp x="1846" y="958" width="60" height="66" />
      </word>
      <word id="a01-132x-01-06" tag="VBN" text="made">
        <cmp x="1946" y="958" width="54" height="25" />
        <cmp x="2016" y="959" width="31" height="29" />
        <cmp x="2057" y="943" width="87" height="48" />
      </word>
      <upper-contour>
        <point x="332" y="832" />
        <point x="2145" y="832" />
      </upper-contour>
      <lower-contour>
        <point x="332" y="1028" />
        <point x="2145" y="1028" />
      </lower-contour>
    </line>
    <line ass="415" asx="0" asy="1093" character-width="999" dss="415" dsx="0" dsy="1218" fd0="13457" fd1="2722" fd2="-727" filter-width="4" id="a01-132x-02" lbs="361" lbx="0" lby="1181" segmentation="ok" slant="95000" stroke-width="5789" threshold="171" text="in financing.&amp;quot; The Government decided to adjust" ubs="524" ubx="0" uby="1155">
      <word id="a01-132x-02-00" tag="IN" text="in">
        <cmp x="305" y="1111" width="11" height="12" />
        <cmp x="305" y="1153" width="50" height="24" />
      </word>
      <word id="a01-132x-02-01" tag="NN" text="financing">
        <cmp x="423" y="1108" width="46" height="79" />
        <cmp x="480" y="1150" width="45" height="26" />
        <cmp x="527" y="1144" width="77" height="31" />
        <cmp x="606" y="1142" width="36" height="34" />
        <cmp x="651" y="1109" width="6" height="7" />
        <cmp x="651" y="1143" width="17" height="29" />
        <cmp x="692" y="1147" width="40" height="28" />
        <cmp x="741" y="1146" width="48" height="57" />
      </word>
      <word id="a01-132x-02-02" tag="." text=".">
        <cmp x="795" y="1169" width="6" height="10" />
      </word>
      <word id="a01-132x-02-03" tag="**&apos;" text="&quot;">
        <cmp x="844" y="1088" width="23" height="26" />
      </word>
      <word id="a01-132x-02-04" sentence-start="yes" tag="ATI" text="The">
        <cmp x="905" y="1107" width="132" height="73" />
      </word>
      <word id="a01-132x-02-05" tag="NN" text="Government">
        <cmp x="1084" y="1121" width="50" height="54" />
        <cmp x="1123" y="1138" width="58" height="35" />
        <cmp x="1188" y="1135" width="58" height="41" />
        <cmp x="1258" y="1142" width="4" height="4" />
        <cmp x="1258" y="1143" width="23" height="27" />
        <cmp x="1296" y="1120" width="160" height="58" />
      </word>
      <word id="a01-132x-02-06" tag="VBD" text="decided">
        <cmp x="1511" y="1123" width="225" height="57" />
        <cmp x="1633" y="1094" width="9" height="25" />
        <cmp x="1738" y="1125" width="48" height="53" />
      </word>
      <word id="a01-132x-02-07" tag="TO" text="to">
        <cmp x="1848" y="1119" width="22" height="54" />
        <cmp x="1880" y="1142" width="34" height="30" />
      </word>
      <word id="a01-132x-02-08" tag="VB" text="adjust">
        <cmp x="1973" y="1137" width="37" height="31" />
        <cmp x="2013" y="1117" width="40" height="48" />
        <cmp x="2064" y="1139" width="37" height="65" />
        <cmp x="2081" y="1117" width="6" height="12" />
        <cmp x="2094" y="1102" width="85" height="69" />
      </word>
      <upper-contour>
        <point x="332" y="1028" />
        <point x="2145" y="1028" />
      </upper-contour>
      <lower-contour>
        <point x="303" y="1204" />
        <point x="2159" y="1204" />
      </lower-contour>
    </line>
    <line ass="605" asx="0" asy="1297" character-width="999" dss="605" dsx="0" dsy="1382" fd0="13882" fd1="3256" fd2="-400" filter-width="3" id="a01-132x-03" lbs="573" lbx="0" lby="1363" segmentation="ok" slant="90000" stroke-width="5642" threshold="173" text="the financing - which Mr. Powell claimed was" ubs="671" ubx="0" uby="1339">
      <word id="a01-132x-03-00" tag="ATI" text="the">
        <cmp x="295" y="1310" width="123" height="60" />
      </word>
      <word id="a01-132x-03-01" tag="NN" text="financing">
        <cmp x="471" y="1293" width="46" height="83" />
        <cmp x="516" y="1329" width="10" height="24" />
        <cmp x="517" y="1301" width="8" height="8" />
        <cmp x="539" y="1327" width="35" height="29" />
        <cmp x="579" y="1326" width="73" height="31" />
        <cmp x="665" y="1319" width="35" height="37" />
        <cmp x="708" y="1290" width="7" height="6" />
        <cmp x="715" y="1326" width="7" height="20" />
        <cmp x="737" y="1322" width="38" height="24" />
        <cmp x="783" y="1321" width="53" height="54" />
      </word>
      <word id="a01-132x-03-02" tag="*-" text="-">
        <cmp x="878" y="1330" width="26" height="7" />
      </word>
      <word id="a01-132x-03-03" tag="WDT" text="which">
        <cmp x="967" y="1309" width="55" height="43" />
        <cmp x="1037" y="1303" width="58" height="49" />
        <cmp x="1089" y="1300" width="5" height="12" />
        <cmp x="1109" y="1315" width="72" height="42" />
        <cmp x="1130" y="1338" width="3" height="3" />
      </word>
      <word id="a01-132x-03-04" tag="NPT" text="Mr.">
        <cmp x="1263" y="1290" width="35" height="66" />
        <cmp x="1306" y="1318" width="29" height="36" />
        <cmp x="1340" y="1344" width="5" height="6" />
      </word>
      <word id="a01-132x-03-05" tag="NP" text="Powell">
        <cmp x="1381" y="1286" width="91" height="59" />
        <cmp x="1481" y="1315" width="18" height="26" />
        <cmp x="1499" y="1313" width="37" height="35" />
        <cmp x="1539" y="1310" width="26" height="35" />
        <cmp x="1570" y="1294" width="26" height="55" />
      </word>
      <word id="a01-132x-03-06" tag="VBD" text="claimed">
        <cmp x="1667" y="1316" width="30" height="35" />
        <cmp x="1703" y="1299" width="12" height="51" />
        <cmp x="1720" y="1321" width="64" height="29" />
        <cmp x="1774" y="1296" width="7" height="10" />
        <cmp x="1804" y="1315" width="93" height="34" />
        <cmp x="1900" y="1306" width="43" height="48" />
      </word>
      <word id="a01-132x-03-07" tag="BEDZ" text="was">
        <cmp x="2009" y="1317" width="50" height="34" />
        <cmp x="2067" y="1315" width="91" height="34" />
      </word>
      <upper-contour>
        <point x="303" y="1204" />
        <point x="2159" y="1204" />
      </upper-contour>
      <lower-contour>
        <point x="298" y="1376" />
        <point x="2147" y="1376" />
      </lower-contour>
    </line>
    <line ass="261" asx="0" asy="1469" character-width="999" dss="261" dsx="0" dsy="1567" fd0="14021" fd1="3287" fd2="-171" filter-width="3" id="a01-132x-04" lbs="254" lbx="0" lby="1535" segmentation="ok" slant="103000" stroke-width="5703" threshold="165" text="underpinning - not undermining - the service." ubs="276" ubx="0" uby="1509">
      <word id="a01-132x-04-00" tag="VBG" text="underpinning">
        <cmp x="300" y="1509" width="56" height="26" />
        <cmp x="359" y="1490" width="93" height="49" />
        <cmp x="466" y="1499" width="33" height="51" />
        <cmp x="511" y="1477" width="9" height="11" />
        <cmp x="514" y="1507" width="18" height="18" />
        <cmp x="542" y="1500" width="103" height="23" />
        <cmp x="654" y="1468" width="5" height="8" />
        <cmp x="654" y="1501" width="7" height="25" />
        <cmp x="679" y="1499" width="35" height="28" />
        <cmp x="723" y="1498" width="39" height="60" />
      </word>
      <word id="a01-132x-04-01" tag="*-" text="-">
        <cmp x="789" y="1503" width="34" height="11" />
      </word>
      <word id="a01-132x-04-02" tag="XNOT" text="not">
        <cmp x="890" y="1506" width="39" height="35" />
        <cmp x="938" y="1511" width="34" height="32" />
        <cmp x="975" y="1469" width="28" height="70" />
      </word>
      <word id="a01-132x-04-03" tag="VBG" text="undermining">
        <cmp x="1048" y="1505" width="68" height="31" />
        <cmp x="1117" y="1512" width="13" height="20" />
        <cmp x="1143" y="1483" width="105" height="49" />
        <cmp x="1262" y="1497" width="79" height="35" />
        <cmp x="1330" y="1469" width="7" height="10" />
        <cmp x="1355" y="1501" width="65" height="29" />
        <cmp x="1415" y="1468" width="8" height="12" />
        <cmp x="1437" y="1503" width="34" height="22" />
        <cmp x="1476" y="1498" width="55" height="64" />
      </word>
      <word id="a01-132x-04-04" tag="*-" text="-">
        <cmp x="1553" y="1497" width="27" height="9" />
      </word>
      <word id="a01-132x-04-05" tag="ATI" text="the">
        <cmp x="1643" y="1468" width="21" height="63" />
        <cmp x="1671" y="1487" width="104" height="46" />
      </word>
      <word id="a01-132x-04-06" tag="NN" text="service">
        <cmp x="1842" y="1493" width="100" height="33" />
        <cmp x="1955" y="1495" width="35" height="33" />
        <cmp x="1997" y="1471" width="4" height="7" />
        <cmp x="1999" y="1499" width="7" height="26" />
        <cmp x="2018" y="1494" width="87" height="46" />
      </word>
      <word id="a01-132x-04-07" tag="." text=".">
        <cmp x="2127" y="1517" width="19" height="21" />
      </word>
      <upper-contour>
        <point x="298" y="1376" />
        <point x="2147" y="1376" />
      </upper-contour>
      <lower-contour>
        <point x="305" y="1562" />
        <point x="2147" y="1562" />
      </lower-contour>
    </line>
    <line ass="242" asx="0" asy="1625" character-width="999" dss="242" dsx="0" dsy="1740" fd0="13666" fd1="2982" fd2="-613" filter-width="3" id="a01-132x-05" lbs="167" lbx="0" lby="1710" segmentation="ok" slant="99000" stroke-width="5614" threshold="164" text="Answering the attack on &amp;quot;economic charges&amp;quot;" ubs="391" ubx="0" uby="1680">
      <word id="a01-132x-05-00" sentence-start="yes" tag="VBG" text="Answering">
        <cmp x="307" y="1657" width="57" height="67" />
        <cmp x="368" y="1682" width="32" height="23" />
        <cmp x="405" y="1669" width="47" height="30" />
        <cmp x="461" y="1671" width="65" height="36" />
        <cmp x="537" y="1652" width="11" height="13" />
        <cmp x="540" y="1679" width="7" height="23" />
        <cmp x="561" y="1677" width="40" height="20" />
        <cmp x="606" y="1675" width="53" height="57" />
      </word>
      <word id="a01-132x-05-01" tag="ATI" text="the">
        <cmp x="721" y="1650" width="146" height="67" />
      </word>
      <word id="a01-132x-05-02" tag="NN" text="attack">
        <cmp x="938" y="1640" width="116" height="72" />
        <cmp x="1068" y="1670" width="36" height="28" />
        <cmp x="1120" y="1659" width="66" height="42" />
      </word>
      <word id="a01-132x-05-03" tag="IN" text="on">
        <cmp x="1257" y="1673" width="35" height="37" />
        <cmp x="1296" y="1674" width="38" height="32" />
      </word>
      <word id="a01-132x-05-04" tag="*&apos;" text="&quot;">
        <cmp x="1413" y="1621" width="17" height="26" />
      </word>
      <word id="a01-132x-05-05" tag="JJ" text="economic">
        <cmp x="1443" y="1667" width="34" height="44" />
        <cmp x="1497" y="1666" width="35" height="41" />
        <cmp x="1520" y="1703" width="4" height="3" />
        <cmp x="1535" y="1673" width="36" height="31" />
        <cmp x="1585" y="1662" width="73" height="47" />
        <cmp x="1659" y="1670" width="78" height="37" />
        <cmp x="1739" y="1644" width="7" height="13" />
        <cmp x="1744" y="1670" width="48" height="33" />
      </word>
      <word id="a01-132x-05-06" tag="NNS" text="charges">
        <cmp x="1850" y="1662" width="40" height="38" />
        <cmp x="1900" y="1638" width="48" height="59" />
        <cmp x="1954" y="1667" width="62" height="37" />
        <cmp x="2032" y="1665" width="107" height="68" />
      </word>
      <word id="a01-132x-05-07" tag="**&apos;" text="&quot;">
        <cmp x="2179" y="1622" width="21" height="24" />
      </word>
      <upper-contour>
        <point x="305" y="1562" />
        <point x="2147" y="1562" />
      </upper-contour>
      <lower-contour>
        <point x="305" y="1734" />
        <point x="2130" y="1734" />
      </lower-contour>
    </line>
    <line ass="191" asx="0" asy="1819" character-width="999" dss="191" dsx="0" dsy="1926" fd0="13362" fd1="2647" fd2="-471" filter-width="4" id="a01-132x-06" lbs="189" lbx="0" lby="1888" segmentation="ok" slant="90000" stroke-width="5758" threshold="171" text="for welfare, Mr. Powell said that all these" ubs="196" ubx="0" uby="1855">
      <word id="a01-132x-06-00" tag="IN" text="for">
        <cmp x="293" y="1834" width="110" height="63" />
      </word>
      <word id="a01-132x-06-01" tag="NN" text="welfare">
        <cmp x="456" y="1857" width="82" height="35" />
        <cmp x="540" y="1835" width="50" height="90" />
        <cmp x="595" y="1847" width="134" height="40" />
      </word>
      <word id="a01-132x-06-02" tag="," text=",">
        <cmp x="767" y="1882" width="16" height="30" />
      </word>
      <word id="a01-132x-06-03" tag="NPT" text="Mr.">
        <cmp x="853" y="1827" width="67" height="70" />
        <cmp x="932" y="1848" width="32" height="35" />
        <cmp x="976" y="1879" width="5" height="5" />
      </word>
      <word id="a01-132x-06-04" tag="NP" text="Powell">
        <cmp x="995" y="1816" width="82" height="59" />
        <cmp x="1077" y="1855" width="93" height="31" />
        <cmp x="1185" y="1844" width="31" height="41" />
        <cmp x="1223" y="1832" width="33" height="53" />
      </word>
      <word id="a01-132x-06-05" tag="VBD" text="said">
        <cmp x="1337" y="1856" width="100" height="31" />
        <cmp x="1425" y="1834" width="7" height="11" />
        <cmp x="1444" y="1838" width="56" height="48" />
      </word>
      <word id="a01-132x-06-06" tag="CS" text="that">
        <cmp x="1558" y="1833" width="24" height="48" />
        <cmp x="1590" y="1842" width="95" height="43" />
        <cmp x="1683" y="1829" width="25" height="45" />
      </word>
      <word id="a01-132x-06-07" tag="ABN" text="all">
        <cmp x="1766" y="1853" width="42" height="29" />
        <cmp x="1814" y="1836" width="32" height="43" />
      </word>
      <word id="a01-132x-06-08" tag="DTS" text="these">
        <cmp x="1917" y="1833" width="24" height="51" />
        <cmp x="1950" y="1841" width="68" height="42" />
        <cmp x="2019" y="1846" width="110" height="47" />
      </word>
      <upper-contour>
        <point x="305" y="1734" />
        <point x="2130" y="1734" />
      </upper-contour>
      <lower-contour>
        <point x="294" y="1925" />
        <point x="2130" y="1925" />
      </lower-contour>
    </line>
    <line ass="308" asx="0" asy="1992" character-width="999" dss="308" dsx="0" dsy="2115" fd0="13599" fd1="2872" fd2="-725" filter-width="3" id="a01-132x-07" lbs="289" lbx="0" lby="2065" segmentation="ok" slant="95000" stroke-width="5696" threshold="173" text="foods would still be free in families receiving" ubs="348" ubx="0" uby="2038">
      <word id="a01-132x-07-00" tag="NNS" text="foods">
        <cmp x="296" y="1996" width="109" height="89" />
        <cmp x="407" y="2014" width="104" height="55" />
      </word>
      <word id="a01-132x-07-01" tag="MD" text="would">
        <cmp x="574" y="2028" width="66" height="35" />
        <cmp x="643" y="2034" width="102" height="38" />
        <cmp x="750" y="2013" width="21" height="54" />
        <cmp x="769" y="2017" width="59" height="47" />
      </word>
      <word id="a01-132x-07-02" tag="RB" text="still">
        <cmp x="881" y="2039" width="35" height="22" />
        <cmp x="914" y="2006" width="40" height="58" />
        <cmp x="955" y="2002" width="6" height="21" />
        <cmp x="972" y="2008" width="33" height="54" />
      </word>
      <word id="a01-132x-07-03" tag="BE" text="be">
        <cmp x="1083" y="2013" width="112" height="55" />
      </word>
      <word id="a01-132x-07-04" tag="JJ" text="free">
        <cmp x="1263" y="1988" width="137" height="83" />
      </word>
      <word id="a01-132x-07-05" tag="IN" text="in">
        <cmp x="1446" y="1986" width="8" height="7" />
        <cmp x="1451" y="2028" width="71" height="28" />
      </word>
      <word id="a01-132x-07-06" tag="NNS" text="families">
        <cmp x="1568" y="1989" width="46" height="98" />
        <cmp x="1604" y="2036" width="31" height="26" />
        <cmp x="1627" y="2054" width="6" height="5" />
        <cmp x="1634" y="2032" width="107" height="30" />
        <cmp x="1742" y="1994" width="5" height="10" />
        <cmp x="1761" y="2013" width="76" height="52" />
        <cmp x="1794" y="2009" width="6" height="4" />
        <cmp x="1802" y="2013" width="4" height="3" />
        <cmp x="1854" y="2032" width="34" height="26" />
      </word>
      <word id="a01-132x-07-07" tag="VBG" text="receiving">
        <cmp x="1966" y="2020" width="60" height="37" />
        <cmp x="2038" y="2021" width="86" height="45" />
        <cmp x="2113" y="1996" width="6" height="5" />
        <cmp x="2134" y="2028" width="32" height="39" />
        <cmp x="2176" y="2033" width="55" height="31" />
        <cmp x="2181" y="1988" width="9" height="16" />
        <cmp x="2251" y="2037" width="49" height="66" />
      </word>
      <upper-contour>
        <point x="294" y="1925" />
        <point x="2130" y="1925" />
      </upper-contour>
      <lower-contour>
        <point x="294" y="2087" />
        <point x="1985" y="2087" />
      </lower-contour>
    </line>
    <line ass="-50" asx="0" asy="2169" character-width="999" dss="-50" dsx="0" dsy="2265" fd0="13461" fd1="2945" fd2="-887" filter-width="3" id="a01-132x-08" lbs="6" lbx="0" lby="2241" segmentation="ok" slant="94000" stroke-width="5575" threshold="166" text="regular National Assistance grants." ubs="-163" ubx="0" uby="2207">
      <word id="a01-132x-08-00" tag="JJ" text="regular">
        <cmp x="292" y="2201" width="80" height="41" />
        <cmp x="379" y="2203" width="48" height="63" />
        <cmp x="435" y="2208" width="42" height="32" />
        <cmp x="489" y="2191" width="11" height="46" />
        <cmp x="508" y="2198" width="116" height="46" />
      </word>
      <word id="a01-132x-08-01" tag="JJ" text="National">
        <cmp x="744" y="2182" width="47" height="64" />
        <cmp x="797" y="2187" width="110" height="55" />
        <cmp x="898" y="2187" width="8" height="14" />
        <cmp x="916" y="2216" width="81" height="29" />
        <cmp x="1000" y="2216" width="45" height="38" />
        <cmp x="1054" y="2202" width="9" height="43" />
      </word>
      <word id="a01-132x-08-02" tag="NN" text="Assistance">
        <cmp x="1197" y="2185" width="112" height="68" />
        <cmp x="1316" y="2180" width="15" height="7" />
        <cmp x="1335" y="2210" width="13" height="25" />
        <cmp x="1368" y="2211" width="35" height="26" />
        <cmp x="1382" y="2225" width="3" height="3" />
        <cmp x="1403" y="2172" width="35" height="67" />
        <cmp x="1447" y="2208" width="81" height="31" />
        <cmp x="1542" y="2199" width="98" height="48" />
      </word>
      <word id="a01-132x-08-03" tag="NNS" text="grants">
        <cmp x="1715" y="2207" width="50" height="61" />
        <cmp x="1761" y="2205" width="33" height="34" />
        <cmp x="1806" y="2172" width="149" height="73" />
      </word>
      <word id="a01-132x-08-04" tag="." text=".">
        <cmp x="1973" y="2228" width="11" height="12" />
      </word>
      <upper-contour>
        <point x="294" y="2087" />
        <point x="1985" y="2087" />
      </upper-contour>
    </line>
  </handwritten-part>
</form>

