<?xml version="1.0" encoding="ISO-8859-1"?>

<!DOCTYPE form SYSTEM 'http://www.iam.unibe.ch/~fki/iamdb/form-metadata.dtd'>

<form created="2002-01-15" height="3542" id="a01-053x" last-modified="2002-07-24" skew="-30" status="final" version="3.0_beta" width="2479" writer-id="014">
  <machine-printed-part>
    <machine-print-line text="He said these concerned Mr. Weaver&apos;s alleged association with organisations black-" />
    <machine-print-line text="listed by the Government. Immediately Mr. Kennedy rushed a letter to Senator" />
    <machine-print-line text="Robertson saying the Federal Bureau of Investigation had reported on Mr. Weaver." />
    <machine-print-line text="He believed he would perform &quot;outstanding service&quot; in his post. Senator Robertson&apos;s" />
    <machine-print-line text="committee has to pass Mr. Weaver&apos;s nomination before it can be considered by the" />
    <machine-print-line text="full Senate." />
  </machine-printed-part>
  <handwritten-part>
    <line ass="249" asx="0" asy="878" character-width="999" dss="249" dsx="0" dsy="1002" fd0="13826" fd1="2504" fd2="-1187" filter-width="4" id="a01-053x-00" lbs="287" lbx="0" lby="979" segmentation="err" slant="62000" stroke-width="6145" threshold="171" text="He said these concerned Mr. Weaver&apos;s alleged" ubs="173" ubx="0" uby="945">
      <word id="a01-053x-00-00" sentence-start="yes" tag="PP3A" text="He">
        <cmp x="345" y="877" width="93" height="101" />
      </word>
      <word id="a01-053x-00-01" tag="VBD" text="said">
        <cmp x="465" y="912" width="166" height="73" />
        <cmp x="563" y="911" width="7" height="10" />
      </word>
      <word id="a01-053x-00-02" tag="DTS" text="these">
        <cmp x="660" y="895" width="162" height="83" />
      </word>
      <word id="a01-053x-00-03" tag="VBD" text="concerned">
        <cmp x="874" y="920" width="273" height="60" />
      </word>
      <word id="a01-053x-00-04" tag="NPT" text="Mr.">
        <cmp x="1197" y="910" width="109" height="66" />
        <cmp x="1320" y="972" width="11" height="6" />
      </word>
      <word id="a01-053x-00-05" tag="NP$" text="Weaver&apos;s">
        <cmp x="1378" y="892" width="101" height="83" />
        <cmp x="1445" y="927" width="157" height="45" />
      </word>
      <word id="a01-053x-00-06" tag="JJ" text="alleged">
        <cmp x="1661" y="897" width="206" height="99" />
      </word>
      <lower-contour>
        <point x="343" y="996" />
        <point x="1868" y="996" />
      </lower-contour>
    </line>
    <line ass="359" asx="0" asy="1075" character-width="999" dss="359" dsx="0" dsy="1211" fd0="13877" fd1="1787" fd2="-1621" filter-width="4" id="a01-053x-01" lbs="473" lbx="0" lby="1158" segmentation="err" slant="63000" stroke-width="6343" threshold="175" text="association with organisations black-listed by the" ubs="131" ubx="0" uby="1120">
      <word id="a01-053x-01-00" tag="NN" text="association">
        <cmp x="325" y="1080" width="349" height="78" />
        <cmp x="527" y="1084" width="6" height="12" />
        <cmp x="618" y="1091" width="7" height="10" />
      </word>
      <word id="a01-053x-01-01" tag="IN" text="with">
        <cmp x="710" y="1146" width="4" height="4" />
        <cmp x="715" y="1082" width="180" height="72" />
        <cmp x="807" y="1084" width="7" height="14" />
      </word>
      <word id="a01-053x-01-02" tag="NNS" text="organisations">
        <cmp x="942" y="1113" width="204" height="75" />
        <cmp x="1124" y="1076" width="5" height="11" />
      </word>
      <word id="a01-053x-01-03" tag="VBN" text="black-listed">
        <cmp x="1142" y="1076" width="175" height="97" />
        <cmp x="1230" y="1100" width="9" height="10" />
        <cmp x="1299" y="1141" width="11" height="8" />
        <cmp x="1385" y="1065" width="309" height="91" />
        <cmp x="1590" y="1090" width="7" height="8" />
        <cmp x="1708" y="1072" width="82" height="130" />
      </word>
      <word id="a01-053x-01-04" tag="IN" text="by" />
      <word id="a01-053x-01-05" tag="ATI" text="the">
        <cmp x="1829" y="1072" width="143" height="74" />
      </word>
      <upper-contour>
        <point x="343" y="996" />
        <point x="1868" y="996" />
      </upper-contour>
      <lower-contour>
        <point x="325" y="1202" />
        <point x="1973" y="1202" />
      </lower-contour>
    </line>
    <line ass="728" asx="0" asy="1234" character-width="999" dss="728" dsx="0" dsy="1413" fd0="13781" fd1="2604" fd2="-1423" filter-width="4" id="a01-053x-02" lbs="791" lbx="0" lby="1347" segmentation="ok" slant="63000" stroke-width="6377" threshold="171" text="Government. Immediately Mr. Kennedy rushed a letter" ubs="601" ubx="0" uby="1304">
      <word id="a01-053x-02-00" tag="NN" text="Government">
        <cmp x="327" y="1230" width="252" height="152" />
        <cmp x="577" y="1275" width="153" height="65" />
      </word>
      <word id="a01-053x-02-01" tag="." text=".">
        <cmp x="767" y="1314" width="8" height="5" />
      </word>
      <word id="a01-053x-02-02" sentence-start="yes" tag="RB" text="Immediately">
        <cmp x="807" y="1248" width="370" height="152" />
        <cmp x="1048" y="1263" width="8" height="14" />
      </word>
      <word id="a01-053x-02-03" tag="NPT" text="Mr.">
        <cmp x="1223" y="1256" width="115" height="79" />
        <cmp x="1346" y="1319" width="10" height="7" />
      </word>
      <word id="a01-053x-02-04" tag="NP" text="Kennedy">
        <cmp x="1396" y="1247" width="216" height="147" />
      </word>
      <word id="a01-053x-02-05" tag="VBD" text="rushed">
        <cmp x="1655" y="1293" width="113" height="58" />
        <cmp x="1760" y="1247" width="124" height="81" />
      </word>
      <word id="a01-053x-02-06" tag="AT" text="a">
        <cmp x="1919" y="1297" width="45" height="32" />
      </word>
      <word id="a01-053x-02-07" tag="NN" text="letter">
        <cmp x="1991" y="1250" width="165" height="84" />
      </word>
      <upper-contour>
        <point x="325" y="1202" />
        <point x="1973" y="1202" />
      </upper-contour>
      <lower-contour>
        <point x="325" y="1400" />
        <point x="2113" y="1400" />
      </lower-contour>
    </line>
    <line ass="293" asx="0" asy="1419" character-width="999" dss="293" dsx="0" dsy="1553" fd0="13427" fd1="2445" fd2="-1182" filter-width="4" id="a01-053x-03" lbs="424" lbx="0" lby="1519" segmentation="ok" slant="63000" stroke-width="6176" threshold="169" text="to Senator Robertson saying the Federal Bureau" ubs="29" ubx="0" uby="1475">
      <word id="a01-053x-03-00" tag="IN" text="to">
        <cmp x="323" y="1433" width="71" height="88" />
        <cmp x="378" y="1477" width="41" height="30" />
      </word>
      <word id="a01-053x-03-01" tag="NPT" text="Senator">
        <cmp x="464" y="1417" width="242" height="101" />
      </word>
      <word id="a01-053x-03-02" tag="NP" text="Robertson">
        <cmp x="748" y="1427" width="314" height="84" />
      </word>
      <word id="a01-053x-03-03" tag="VBG" text="saying">
        <cmp x="1106" y="1462" width="224" height="86" />
        <cmp x="1243" y="1423" width="11" height="7" />
      </word>
      <word id="a01-053x-03-04" tag="ATI" text="the">
        <cmp x="1371" y="1423" width="127" height="96" />
      </word>
      <word id="a01-053x-03-05" tag="JJ" text="Federal">
        <cmp x="1548" y="1507" width="7" height="4" />
        <cmp x="1556" y="1414" width="102" height="98" />
        <cmp x="1571" y="1431" width="242" height="87" />
      </word>
      <word id="a01-053x-03-06" tag="NN" text="Bureau">
        <cmp x="1854" y="1417" width="258" height="100" />
      </word>
      <upper-contour>
        <point x="325" y="1400" />
        <point x="2113" y="1400" />
      </upper-contour>
      <lower-contour>
        <point x="347" y="1548" />
        <point x="2113" y="1548" />
      </lower-contour>
    </line>
    <line ass="527" asx="0" asy="1601" character-width="999" dss="527" dsx="0" dsy="1737" fd0="13783" fd1="1822" fd2="-1502" filter-width="4" id="a01-053x-04" lbs="585" lbx="0" lby="1702" segmentation="ok" slant="62000" stroke-width="6261" threshold="164" text="of Investigation had reported on Mr. Weaver." ubs="411" ubx="0" uby="1666">
      <word id="a01-053x-04-00" tag="INO" text="of">
        <cmp x="349" y="1597" width="96" height="118" />
      </word>
      <word id="a01-053x-04-01" tag="NN" text="Investigation">
        <cmp x="488" y="1597" width="436" height="135" />
        <cmp x="549" y="1658" width="4" height="4" />
        <cmp x="731" y="1618" width="5" height="9" />
        <cmp x="850" y="1629" width="9" height="12" />
      </word>
      <word id="a01-053x-04-02" tag="HVD" text="had">
        <cmp x="966" y="1597" width="157" height="104" />
      </word>
      <word id="a01-053x-04-03" tag="VBN" text="reported">
        <cmp x="1169" y="1606" width="317" height="104" />
      </word>
      <word id="a01-053x-04-04" tag="IN" text="on">
        <cmp x="1539" y="1646" width="123" height="49" />
      </word>
      <word id="a01-053x-04-05" tag="NPT" text="Mr.">
        <cmp x="1702" y="1608" width="130" height="78" />
        <cmp x="1842" y="1679" width="12" height="6" />
      </word>
      <word id="a01-053x-04-06" tag="NP" text="Weaver">
        <cmp x="1897" y="1597" width="99" height="85" />
        <cmp x="1965" y="1643" width="165" height="42" />
      </word>
      <word id="a01-053x-04-07" tag="." text=".">
        <cmp x="2135" y="1682" width="7" height="6" />
      </word>
      <upper-contour>
        <point x="347" y="1548" />
        <point x="2113" y="1548" />
      </upper-contour>
      <lower-contour>
        <point x="357" y="1732" />
        <point x="1959" y="1732" />
      </lower-contour>
    </line>
    <line ass="-1038" asx="0" asy="1753" character-width="999" dss="-1038" dsx="0" dsy="1887" fd0="13885" fd1="1711" fd2="-1706" filter-width="4" id="a01-053x-05" lbs="-1379" lbx="0" lby="1836" segmentation="ok" slant="56000" stroke-width="6283" threshold="174" text="He believed he would perform &quot;outstanding" ubs="-355" ubx="0" uby="1820">
      <word id="a01-053x-05-00" sentence-start="yes" tag="PP3A" text="He">
        <cmp x="359" y="1816" width="7" height="6" />
        <cmp x="359" y="1782" width="111" height="88" />
        <cmp x="364" y="1771" width="60" height="45" />
      </word>
      <word id="a01-053x-05-01" tag="VBD" text="believed">
        <cmp x="485" y="1771" width="307" height="90" />
        <cmp x="650" y="1790" width="8" height="13" />
      </word>
      <word id="a01-053x-05-02" tag="PP3A" text="he">
        <cmp x="823" y="1769" width="103" height="94" />
      </word>
      <word id="a01-053x-05-03" tag="MD" text="would">
        <cmp x="940" y="1777" width="244" height="86" />
      </word>
      <word id="a01-053x-05-04" tag="VB" text="perform">
        <cmp x="1218" y="1789" width="304" height="103" />
      </word>
      <word id="a01-053x-05-05" tag="*&apos;" text="&quot;">
        <cmp x="1594" y="1785" width="18" height="34" />
        <cmp x="1608" y="1783" width="24" height="35" />
      </word>
      <word id="a01-053x-05-06" tag="JJ" text="outstanding">
        <cmp x="1625" y="1799" width="135" height="75" />
        <cmp x="1738" y="1831" width="25" height="18" />
        <cmp x="1744" y="1790" width="214" height="133" />
        <cmp x="1925" y="1792" width="12" height="9" />
      </word>
      <upper-contour>
        <point x="357" y="1732" />
        <point x="1959" y="1732" />
      </upper-contour>
      <lower-contour>
        <point x="357" y="1893" />
        <point x="1856" y="1893" />
      </lower-contour>
    </line>
    <line ass="-176" asx="0" asy="1927" character-width="999" dss="-176" dsx="0" dsy="2067" fd0="13847" fd1="2894" fd2="-667" filter-width="4" id="a01-053x-06" lbs="-160" lbx="0" lby="2034" segmentation="ok" slant="61000" stroke-width="6197" threshold="176" text="service&quot; in his post. Senator Robertson&apos;s" ubs="-210" ubx="0" uby="2002">
      <word id="a01-053x-06-00" tag="NN" text="service">
        <cmp x="324" y="1981" width="220" height="57" />
        <cmp x="486" y="1947" width="10" height="15" />
      </word>
      <word id="a01-053x-06-01" tag="**&apos;" text="&quot;">
        <cmp x="568" y="1966" width="13" height="35" />
        <cmp x="579" y="1962" width="20" height="32" />
      </word>
      <word id="a01-053x-06-02" tag="IN" text="in">
        <cmp x="619" y="2008" width="107" height="39" />
      </word>
      <word id="a01-053x-06-03" tag="PP$" text="his">
        <cmp x="768" y="1936" width="109" height="106" />
        <cmp x="850" y="1971" width="6" height="6" />
      </word>
      <word id="a01-053x-06-04" tag="NN" text="post">
        <cmp x="918" y="1978" width="136" height="93" />
      </word>
      <word id="a01-053x-06-05" tag="." text=".">
        <cmp x="1069" y="2031" width="9" height="6" />
      </word>
      <word id="a01-053x-06-06" sentence-start="yes" tag="NPT" text="Senator">
        <cmp x="1146" y="1931" width="277" height="119" />
      </word>
      <word id="a01-053x-06-07" tag="NP$" text="Robertson&apos;s">
        <cmp x="1480" y="1954" width="300" height="99" />
        <cmp x="1788" y="1981" width="9" height="28" />
        <cmp x="1809" y="2013" width="46" height="32" />
      </word>
      <upper-contour>
        <point x="357" y="1893" />
        <point x="1856" y="1893" />
      </upper-contour>
      <lower-contour>
        <point x="334" y="2071" />
        <point x="1745" y="2071" />
      </lower-contour>
    </line>
    <line ass="-427" asx="0" asy="2121" character-width="999" dss="-427" dsx="0" dsy="2233" fd0="13726" fd1="1873" fd2="-1248" filter-width="4" id="a01-053x-07" lbs="-348" lbx="0" lby="2217" segmentation="ok" slant="62000" stroke-width="6324" threshold="165" text="committee has to pass Mr. Weaver&apos;s" ubs="-584" ubx="0" uby="2180">
      <word id="a01-053x-07-00" tag="NN" text="committee">
        <cmp x="336" y="2166" width="290" height="61" />
        <cmp x="564" y="2158" width="9" height="15" />
        <cmp x="608" y="2188" width="91" height="38" />
      </word>
      <word id="a01-053x-07-01" tag="HVZ" text="has">
        <cmp x="740" y="2127" width="125" height="90" />
        <cmp x="844" y="2212" width="11" height="5" />
      </word>
      <word id="a01-053x-07-02" tag="TO" text="to">
        <cmp x="906" y="2142" width="76" height="80" />
      </word>
      <word id="a01-053x-07-03" tag="VB" text="pass">
        <cmp x="1021" y="2171" width="150" height="71" />
      </word>
      <word id="a01-053x-07-04" tag="NPT" text="Mr.">
        <cmp x="1225" y="2148" width="133" height="94" />
        <cmp x="1380" y="2207" width="12" height="6" />
      </word>
      <word id="a01-053x-07-05" tag="NP$" text="Weaver&apos;s">
        <cmp x="1438" y="2216" width="8" height="6" />
        <cmp x="1445" y="2159" width="98" height="75" />
        <cmp x="1512" y="2189" width="172" height="43" />
        <cmp x="1700" y="2164" width="12" height="27" />
        <cmp x="1701" y="2192" width="43" height="42" />
      </word>
      <upper-contour>
        <point x="334" y="2071" />
        <point x="1745" y="2071" />
      </upper-contour>
      <lower-contour>
        <point x="334" y="2242" />
        <point x="1745" y="2242" />
      </lower-contour>
    </line>
    <line ass="348" asx="0" asy="2316" character-width="999" dss="348" dsx="0" dsy="2451" fd0="13738" fd1="2646" fd2="-873" filter-width="4" id="a01-053x-08" lbs="420" lbx="0" lby="2408" segmentation="ok" slant="56000" stroke-width="6144" threshold="168" text="nomination before it can be considered by the" ubs="203" ubx="0" uby="2370">
      <word id="a01-053x-08-00" tag="NN" text="nomination">
        <cmp x="293" y="2332" width="364" height="75" />
        <cmp x="492" y="2343" width="4" height="4" />
        <cmp x="615" y="2340" width="10" height="5" />
      </word>
      <word id="a01-053x-08-01" tag="CS" text="before">
        <cmp x="740" y="2311" width="199" height="110" />
      </word>
      <word id="a01-053x-08-02" tag="PP3" text="it">
        <cmp x="991" y="2328" width="97" height="69" />
        <cmp x="1034" y="2322" width="4" height="5" />
      </word>
      <word id="a01-053x-08-03" tag="MD" text="can">
        <cmp x="1105" y="2357" width="39" height="44" />
        <cmp x="1126" y="2360" width="108" height="39" />
      </word>
      <word id="a01-053x-08-04" tag="BE" text="be">
        <cmp x="1271" y="2322" width="97" height="79" />
      </word>
      <word id="a01-053x-08-05" tag="VBN" text="considered">
        <cmp x="1430" y="2364" width="106" height="48" />
        <cmp x="1529" y="2334" width="245" height="75" />
        <cmp x="1607" y="2341" width="9" height="16" />
      </word>
      <word id="a01-053x-08-06" tag="IN" text="by">
        <cmp x="1823" y="2307" width="94" height="134" />
      </word>
      <word id="a01-053x-08-07" tag="ATI" text="the">
        <cmp x="1972" y="2307" width="114" height="80" />
      </word>
      <upper-contour>
        <point x="334" y="2242" />
        <point x="1745" y="2242" />
      </upper-contour>
      <lower-contour>
        <point x="340" y="2421" />
        <point x="825" y="2421" />
      </lower-contour>
    </line>
    <line ass="-730" asx="0" asy="2473" character-width="999" dss="-730" dsx="0" dsy="2591" fd0="13706" fd1="2553" fd2="-1273" filter-width="4" id="a01-053x-09" lbs="255" lbx="0" lby="2583" segmentation="ok" slant="59000" stroke-width="6367" threshold="174" text="full Senate." ubs="-2703" ubx="0" uby="2515">
      <word id="a01-053x-09-00" tag="JJ" text="full">
        <cmp x="342" y="2484" width="173" height="113" />
      </word>
      <word id="a01-053x-09-01" tag="NP" text="Senate">
        <cmp x="555" y="2481" width="215" height="108" />
        <cmp x="572" y="2533" width="6" height="8" />
      </word>
      <word id="a01-053x-09-02" tag="." text=".">
        <cmp x="815" y="2567" width="9" height="10" />
      </word>
      <upper-contour>
        <point x="340" y="2421" />
        <point x="825" y="2421" />
      </upper-contour>
    </line>
  </handwritten-part>
</form>

