<?xml version="1.0" encoding="ISO-8859-1"?>

<!DOCTYPE form SYSTEM 'http://www.iam.unibe.ch/~fki/iamdb/form-metadata.dtd'>

<form created="2002-01-15" height="3542" id="a01-063u" last-modified="2002-07-17" skew="255" status="final" version="3.0_beta" width="2479" writer-id="000">
  <machine-printed-part>
    <machine-print-line text="But he said discussions &amp;quot;on a higher level than in the past&amp;quot; might be useful. The" />
    <machine-print-line text="President will probably discuss the problem with Dr. Brentano, the West German" />
    <machine-print-line text="Foreign Minister, who is due in Washington next week. A big slice of Germany&apos;s" />
    <machine-print-line text="&amp;quot;aid&amp;quot; is the early payment of a 210million debt to America. United States officials" />
    <machine-print-line text="quickly point out that this is money due to America anyway." />
  </machine-printed-part>
  <handwritten-part>
    <line ass="-23" asx="0" asy="757" character-width="999" dss="-23" dsx="0" dsy="831" fd0="12496" fd1="3035" fd2="347" filter-width="4" id="a01-063u-00" lbs="-26" lbx="0" lby="811" segmentation="err" slant="105000" stroke-width="7050" threshold="169" text="But he said discussions &amp;quot;on a higher" ubs="-19" ubx="0" uby="789">
      <word id="a01-063u-00-00" sentence-start="yes" tag="CC" text="But">
        <cmp x="336" y="759" width="71" height="56" />
        <cmp x="413" y="759" width="69" height="54" />
      </word>
      <word id="a01-063u-00-01" tag="PP3A" text="he">
        <cmp x="583" y="771" width="105" height="39" />
      </word>
      <word id="a01-063u-00-02" tag="VBD" text="said">
        <cmp x="741" y="767" width="179" height="49" />
      </word>
      <word id="a01-063u-00-03" tag="NNS" text="discussions">
        <cmp x="1011" y="773" width="77" height="46" />
        <cmp x="1061" y="762" width="15" height="9" />
        <cmp x="1094" y="782" width="35" height="31" />
        <cmp x="1146" y="781" width="33" height="29" />
        <cmp x="1185" y="783" width="48" height="28" />
        <cmp x="1239" y="786" width="87" height="23" />
        <cmp x="1313" y="765" width="8" height="7" />
        <cmp x="1342" y="790" width="115" height="25" />
      </word>
      <word id="a01-063u-00-04" tag="*&apos;" text="&quot;">
        <cmp x="1520" y="810" width="24" height="22" />
      </word>
      <word id="a01-063u-00-05" tag="IN" text="on">
        <cmp x="1586" y="785" width="64" height="29" />
      </word>
      <word id="a01-063u-00-06" tag="AT" text="a">
        <cmp x="1718" y="784" width="47" height="28" />
      </word>
      <word id="a01-063u-00-07" tag="JJR" text="higher">
        <cmp x="1821" y="780" width="64" height="29" />
        <cmp x="1858" y="759" width="13" height="15" />
        <cmp x="1894" y="784" width="39" height="43" />
        <cmp x="1938" y="773" width="106" height="41" />
      </word>
      <lower-contour>
        <point x="342" y="833" />
        <point x="2045" y="833" />
      </lower-contour>
    </line>
    <line ass="-216" asx="0" asy="914" character-width="999" dss="-216" dsx="0" dsy="1003" fd0="12708" fd1="2917" fd2="522" filter-width="5" id="a01-063u-01" lbs="-242" lbx="0" lby="984" segmentation="ok" slant="98000" stroke-width="7367" threshold="171" text="level than in the past&amp;quot; might be useful." ubs="-162" ubx="0" uby="961">
      <word id="a01-063u-01-00" tag="NN" text="level">
        <cmp x="344" y="953" width="60" height="41" />
        <cmp x="403" y="953" width="100" height="36" />
        <cmp x="488" y="942" width="35" height="43" />
      </word>
      <word id="a01-063u-01-01" tag="CS" text="than">
        <cmp x="613" y="941" width="31" height="41" />
        <cmp x="644" y="948" width="46" height="39" />
        <cmp x="693" y="961" width="110" height="27" />
      </word>
      <word id="a01-063u-01-02" tag="IN" text="in">
        <cmp x="903" y="934" width="12" height="13" />
        <cmp x="908" y="968" width="79" height="20" />
      </word>
      <word id="a01-063u-01-03" tag="ATI" text="the">
        <cmp x="1061" y="942" width="38" height="45" />
        <cmp x="1095" y="954" width="107" height="39" />
      </word>
      <word id="a01-063u-01-04" tag="NN" text="past">
        <cmp x="1265" y="969" width="39" height="38" />
        <cmp x="1305" y="946" width="108" height="52" />
      </word>
      <word id="a01-063u-01-05" tag="**&apos;" text="&quot;">
        <cmp x="1451" y="921" width="24" height="16" />
      </word>
      <word id="a01-063u-01-06" tag="MD" text="might">
        <cmp x="1538" y="970" width="82" height="21" />
        <cmp x="1592" y="937" width="10" height="12" />
        <cmp x="1628" y="962" width="44" height="48" />
        <cmp x="1668" y="947" width="76" height="42" />
      </word>
      <word id="a01-063u-01-07" tag="BE" text="be">
        <cmp x="1828" y="949" width="43" height="44" />
        <cmp x="1877" y="961" width="52" height="35" />
      </word>
      <word id="a01-063u-01-08" tag="JJ" text="useful">
        <cmp x="1985" y="963" width="109" height="32" />
        <cmp x="2096" y="930" width="83" height="61" />
        <cmp x="2181" y="943" width="14" height="45" />
      </word>
      <word id="a01-063u-01-09" tag="." text=".">
        <cmp x="2222" y="989" width="10" height="11" />
      </word>
      <upper-contour>
        <point x="342" y="833" />
        <point x="2045" y="833" />
      </upper-contour>
      <lower-contour>
        <point x="342" y="1011" />
        <point x="2230" y="1011" />
      </lower-contour>
    </line>
    <line ass="-327" asx="0" asy="1101" character-width="999" dss="-327" dsx="0" dsy="1178" fd0="12337" fd1="2668" fd2="-107" filter-width="5" id="a01-063u-02" lbs="-305" lbx="0" lby="1161" segmentation="ok" slant="101000" stroke-width="7498" threshold="170" text="The President will probably discuss the" ubs="-370" ubx="0" uby="1133">
      <word id="a01-063u-02-00" sentence-start="yes" tag="ATI" text="The">
        <cmp x="323" y="1105" width="182" height="66" />
      </word>
      <word id="a01-063u-02-01" tag="NPT" text="President">
        <cmp x="566" y="1105" width="81" height="51" />
        <cmp x="652" y="1136" width="139" height="34" />
        <cmp x="769" y="1115" width="12" height="15" />
        <cmp x="800" y="1120" width="208" height="49" />
      </word>
      <word id="a01-063u-02-02" tag="MD" text="will">
        <cmp x="1101" y="1136" width="51" height="32" />
        <cmp x="1160" y="1113" width="12" height="19" />
        <cmp x="1162" y="1142" width="21" height="25" />
        <cmp x="1186" y="1119" width="40" height="53" />
      </word>
      <word id="a01-063u-02-03" tag="RB" text="probably">
        <cmp x="1342" y="1148" width="39" height="36" />
        <cmp x="1382" y="1144" width="21" height="24" />
        <cmp x="1409" y="1116" width="99" height="58" />
        <cmp x="1512" y="1141" width="61" height="29" />
        <cmp x="1577" y="1126" width="35" height="44" />
        <cmp x="1618" y="1134" width="81" height="54" />
      </word>
      <word id="a01-063u-02-04" tag="VB" text="discuss">
        <cmp x="1746" y="1135" width="106" height="40" />
        <cmp x="1801" y="1119" width="11" height="10" />
        <cmp x="1876" y="1142" width="159" height="28" />
      </word>
      <word id="a01-063u-02-05" tag="ATI" text="the">
        <cmp x="2091" y="1125" width="138" height="55" />
      </word>
      <upper-contour>
        <point x="342" y="1011" />
        <point x="2230" y="1011" />
      </upper-contour>
      <lower-contour>
        <point x="342" y="1190" />
        <point x="2230" y="1190" />
      </lower-contour>
    </line>
    <line ass="-8" asx="0" asy="1287" character-width="999" dss="-8" dsx="0" dsy="1374" fd0="12556" fd1="2783" fd2="-134" filter-width="5" id="a01-063u-03" lbs="-5" lbx="0" lby="1348" segmentation="ok" slant="97000" stroke-width="7440" threshold="169" text="problem with Dr. Brentano, the West German" ubs="-14" ubx="0" uby="1325">
      <word id="a01-063u-03-00" tag="NN" text="problem">
        <cmp x="344" y="1321" width="27" height="41" />
        <cmp x="377" y="1317" width="26" height="30" />
        <cmp x="409" y="1288" width="90" height="62" />
        <cmp x="509" y="1307" width="142" height="49" />
      </word>
      <word id="a01-063u-03-01" tag="IN" text="with">
        <cmp x="743" y="1321" width="60" height="35" />
        <cmp x="799" y="1294" width="12" height="16" />
        <cmp x="809" y="1325" width="19" height="25" />
        <cmp x="829" y="1295" width="73" height="56" />
      </word>
      <word id="a01-063u-03-02" tag="NPT" text="Dr.">
        <cmp x="966" y="1299" width="80" height="54" />
        <cmp x="1052" y="1327" width="29" height="27" />
        <cmp x="1092" y="1342" width="9" height="10" />
      </word>
      <word id="a01-063u-03-03" tag="NP" text="Brentano">
        <cmp x="1145" y="1288" width="96" height="61" />
        <cmp x="1248" y="1301" width="138" height="41" />
        <cmp x="1387" y="1316" width="120" height="30" />
      </word>
      <word id="a01-063u-03-04" tag="," text=",">
        <cmp x="1549" y="1348" width="16" height="27" />
      </word>
      <word id="a01-063u-03-05" tag="ATI" text="the">
        <cmp x="1633" y="1301" width="156" height="58" />
      </word>
      <word id="a01-063u-03-06" tag="NP" text="West">
        <cmp x="1836" y="1313" width="141" height="44" />
        <cmp x="1981" y="1302" width="37" height="44" />
      </word>
      <word id="a01-063u-03-07" tag="JNP" text="German">
        <cmp x="2097" y="1305" width="49" height="48" />
        <cmp x="2152" y="1323" width="55" height="36" />
        <cmp x="2210" y="1321" width="122" height="24" />
      </word>
      <upper-contour>
        <point x="342" y="1190" />
        <point x="2230" y="1190" />
      </upper-contour>
      <lower-contour>
        <point x="342" y="1376" />
        <point x="2310" y="1376" />
      </lower-contour>
    </line>
    <line ass="-280" asx="0" asy="1456" character-width="999" dss="-280" dsx="0" dsy="1547" fd0="13351" fd1="3207" fd2="594" filter-width="5" id="a01-063u-04" lbs="-291" lbx="0" lby="1520" segmentation="ok" slant="108000" stroke-width="7286" threshold="168" text="Foreign Minister, who is due in Washington" ubs="-260" ubx="0" uby="1500">
      <word id="a01-063u-04-00" tag="JJ" text="Foreign">
        <cmp x="315" y="1474" width="67" height="11" />
        <cmp x="342" y="1485" width="23" height="44" />
        <cmp x="370" y="1503" width="91" height="31" />
        <cmp x="469" y="1499" width="69" height="31" />
        <cmp x="517" y="1471" width="8" height="9" />
        <cmp x="554" y="1503" width="89" height="47" />
      </word>
      <word id="a01-063u-04-01" tag="NPT" text="Minister">
        <cmp x="741" y="1477" width="177" height="55" />
        <cmp x="798" y="1472" width="10" height="13" />
        <cmp x="898" y="1475" width="8" height="8" />
        <cmp x="928" y="1484" width="144" height="53" />
      </word>
      <word id="a01-063u-04-02" tag="," text=",">
        <cmp x="1105" y="1524" width="12" height="29" />
      </word>
      <word id="a01-063u-04-03" tag="WP" text="who">
        <cmp x="1182" y="1496" width="56" height="36" />
        <cmp x="1241" y="1481" width="55" height="41" />
        <cmp x="1300" y="1493" width="32" height="35" />
      </word>
      <word id="a01-063u-04-04" tag="BEZ" text="is">
        <cmp x="1405" y="1469" width="9" height="17" />
        <cmp x="1422" y="1507" width="51" height="26" />
      </word>
      <word id="a01-063u-04-05" tag="JJ" text="due">
        <cmp x="1544" y="1490" width="159" height="43" />
      </word>
      <word id="a01-063u-04-06" tag="IN" text="in">
        <cmp x="1744" y="1467" width="10" height="7" />
        <cmp x="1744" y="1509" width="70" height="19" />
      </word>
      <word id="a01-063u-04-07" tag="NP" text="Washington">
        <cmp x="1890" y="1487" width="79" height="41" />
        <cmp x="1970" y="1501" width="74" height="29" />
        <cmp x="2053" y="1481" width="95" height="39" />
        <cmp x="2094" y="1467" width="9" height="9" />
        <cmp x="2155" y="1505" width="43" height="51" />
        <cmp x="2193" y="1489" width="115" height="49" />
      </word>
      <upper-contour>
        <point x="342" y="1376" />
        <point x="2310" y="1376" />
      </upper-contour>
      <lower-contour>
        <point x="340" y="1560" />
        <point x="2310" y="1560" />
      </lower-contour>
    </line>
    <line ass="-26" asx="0" asy="1643" character-width="999" dss="-26" dsx="0" dsy="1733" fd0="12614" fd1="3053" fd2="536" filter-width="5" id="a01-063u-05" lbs="-35" lbx="0" lby="1706" segmentation="ok" slant="107000" stroke-width="7465" threshold="169" text="next week. A big slice of Germany&apos;s &amp;quot;aid&amp;quot;" ubs="-9" ubx="0" uby="1682">
      <word id="a01-063u-05-00" tag="AP" text="next">
        <cmp x="342" y="1672" width="79" height="34" />
        <cmp x="422" y="1644" width="93" height="61" />
      </word>
      <word id="a01-063u-05-01" tag="NN" text="week">
        <cmp x="567" y="1669" width="167" height="43" />
        <cmp x="735" y="1655" width="37" height="49" />
      </word>
      <word id="a01-063u-05-02" tag="." text=".">
        <cmp x="803" y="1701" width="14" height="7" />
      </word>
      <word id="a01-063u-05-03" sentence-start="yes" tag="AT" text="A">
        <cmp x="918" y="1655" width="42" height="61" />
      </word>
      <word id="a01-063u-05-04" tag="JJ" text="big">
        <cmp x="1004" y="1658" width="73" height="52" />
        <cmp x="1059" y="1649" width="12" height="16" />
        <cmp x="1087" y="1678" width="49" height="55" />
      </word>
      <word id="a01-063u-05-05" tag="NN" text="slice">
        <cmp x="1212" y="1686" width="27" height="22" />
        <cmp x="1246" y="1664" width="63" height="39" />
        <cmp x="1288" y="1653" width="9" height="12" />
        <cmp x="1321" y="1674" width="104" height="36" />
      </word>
      <word id="a01-063u-05-06" tag="INO" text="of">
        <cmp x="1497" y="1682" width="35" height="30" />
        <cmp x="1536" y="1651" width="44" height="56" />
      </word>
      <word id="a01-063u-05-07" tag="NP$" text="Germany&apos;s">
        <cmp x="1652" y="1659" width="57" height="50" />
        <cmp x="1718" y="1667" width="68" height="40" />
        <cmp x="1797" y="1686" width="58" height="19" />
        <cmp x="1866" y="1678" width="133" height="51" />
        <cmp x="2006" y="1653" width="11" height="23" />
        <cmp x="2038" y="1685" width="29" height="23" />
      </word>
      <word id="a01-063u-05-08" tag="*&apos;" text="&quot;">
        <cmp x="2117" y="1708" width="30" height="23" />
      </word>
      <word id="a01-063u-05-09" tag="NN" text="aid">
        <cmp x="2174" y="1686" width="74" height="28" />
        <cmp x="2230" y="1664" width="10" height="13" />
        <cmp x="2251" y="1676" width="52" height="35" />
      </word>
      <word id="a01-063u-05-10" tag="**&apos;" text="&quot;">
        <cmp x="2314" y="1650" width="28" height="22" />
      </word>
      <upper-contour>
        <point x="340" y="1560" />
        <point x="2310" y="1560" />
      </upper-contour>
      <lower-contour>
        <point x="340" y="1734" />
        <point x="2170" y="1734" />
      </lower-contour>
    </line>
    <line ass="57" asx="0" asy="1833" character-width="999" dss="57" dsx="0" dsy="1909" fd0="12293" fd1="2885" fd2="540" filter-width="5" id="a01-063u-06" lbs="105" lbx="0" lby="1889" segmentation="ok" slant="103000" stroke-width="7500" threshold="169" text="is the early payment of a 210million" ubs="-37" ubx="0" uby="1860">
      <word id="a01-063u-06-00" tag="BEZ" text="is">
        <cmp x="323" y="1833" width="12" height="13" />
        <cmp x="323" y="1865" width="48" height="25" />
      </word>
      <word id="a01-063u-06-01" tag="ATI" text="the">
        <cmp x="443" y="1835" width="161" height="60" />
      </word>
      <word id="a01-063u-06-02" tag="JJ" text="early">
        <cmp x="690" y="1857" width="141" height="34" />
        <cmp x="850" y="1840" width="78" height="64" />
      </word>
      <word id="a01-063u-06-03" tag="NN" text="payment">
        <cmp x="993" y="1860" width="45" height="37" />
        <cmp x="1047" y="1860" width="112" height="49" />
        <cmp x="1161" y="1838" width="184" height="48" />
      </word>
      <word id="a01-063u-06-04" tag="INO" text="of">
        <cmp x="1440" y="1833" width="88" height="59" />
      </word>
      <word id="a01-063u-06-05" tag="AT" text="a">
        <cmp x="1599" y="1854" width="58" height="33" />
      </word>
      <word id="a01-063u-06-06" tag="NNU" text="210million">
        <cmp x="1744" y="1844" width="31" height="41" />
        <cmp x="1788" y="1846" width="40" height="39" />
        <cmp x="1836" y="1851" width="39" height="32" />
        <cmp x="1932" y="1868" width="88" height="18" />
        <cmp x="2001" y="1835" width="13" height="14" />
        <cmp x="2032" y="1841" width="57" height="47" />
        <cmp x="2086" y="1837" width="9" height="14" />
        <cmp x="2101" y="1864" width="67" height="29" />
      </word>
      <upper-contour>
        <point x="340" y="1734" />
        <point x="2170" y="1734" />
      </upper-contour>
      <lower-contour>
        <point x="322" y="1910" />
        <point x="2170" y="1910" />
      </lower-contour>
    </line>
    <line ass="201" asx="0" asy="2006" character-width="999" dss="201" dsx="0" dsy="2078" fd0="11729" fd1="2948" fd2="-131" filter-width="5" id="a01-063u-07" lbs="209" lbx="0" lby="2068" segmentation="ok" slant="95000" stroke-width="7517" threshold="168" text="debt to America. United States officials" ubs="185" ubx="0" uby="2042">
      <word id="a01-063u-07-00" tag="NN" text="debt">
        <cmp x="324" y="2024" width="94" height="43" />
        <cmp x="423" y="2036" width="38" height="39" />
        <cmp x="471" y="2015" width="35" height="41" />
      </word>
      <word id="a01-063u-07-01" tag="IN" text="to">
        <cmp x="591" y="2023" width="24" height="52" />
        <cmp x="623" y="2033" width="39" height="36" />
      </word>
      <word id="a01-063u-07-02" tag="NP" text="America">
        <cmp x="752" y="2017" width="171" height="56" />
        <cmp x="929" y="2038" width="17" height="26" />
        <cmp x="933" y="2008" width="9" height="15" />
        <cmp x="957" y="2037" width="33" height="31" />
        <cmp x="1000" y="2038" width="64" height="27" />
      </word>
      <word id="a01-063u-07-03" tag="." text=".">
        <cmp x="1090" y="2055" width="10" height="12" />
      </word>
      <word id="a01-063u-07-04" sentence-start="yes" tag="NP" text="United">
        <cmp x="1162" y="2007" width="112" height="57" />
        <cmp x="1258" y="2003" width="10" height="13" />
        <cmp x="1281" y="2014" width="125" height="56" />
      </word>
      <word id="a01-063u-07-05" tag="NP" text="States">
        <cmp x="1515" y="2015" width="61" height="58" />
        <cmp x="1583" y="2017" width="26" height="44" />
        <cmp x="1617" y="2020" width="125" height="48" />
        <cmp x="1749" y="2041" width="29" height="22" />
      </word>
      <word id="a01-063u-07-06" tag="NNS" text="officials">
        <cmp x="1864" y="2034" width="36" height="31" />
        <cmp x="1906" y="2004" width="94" height="65" />
        <cmp x="1987" y="2011" width="10" height="9" />
        <cmp x="2005" y="2037" width="68" height="31" />
        <cmp x="2044" y="2005" width="11" height="20" />
        <cmp x="2080" y="2039" width="52" height="26" />
        <cmp x="2128" y="2025" width="57" height="41" />
      </word>
      <upper-contour>
        <point x="322" y="1910" />
        <point x="2170" y="1910" />
      </upper-contour>
      <lower-contour>
        <point x="333" y="2074" />
        <point x="2186" y="2074" />
      </lower-contour>
    </line>
    <line ass="107" asx="0" asy="2181" character-width="999" dss="107" dsx="0" dsy="2279" fd0="11812" fd1="2818" fd2="151" filter-width="5" id="a01-063u-08" lbs="114" lbx="0" lby="2248" segmentation="ok" slant="106000" stroke-width="7638" threshold="167" text="quickly point out that this is money due" ubs="94" ubx="0" uby="2221">
      <word id="a01-063u-08-00" tag="RB" text="quickly">
        <cmp x="335" y="2215" width="129" height="63" />
        <cmp x="436" y="2182" width="10" height="13" />
        <cmp x="463" y="2212" width="36" height="32" />
        <cmp x="510" y="2191" width="34" height="48" />
        <cmp x="555" y="2195" width="71" height="67" />
      </word>
      <word id="a01-063u-08-01" tag="VB" text="point">
        <cmp x="714" y="2216" width="37" height="40" />
        <cmp x="758" y="2214" width="119" height="28" />
        <cmp x="813" y="2187" width="9" height="10" />
        <cmp x="875" y="2189" width="32" height="53" />
      </word>
      <word id="a01-063u-08-02" tag="RP" text="out">
        <cmp x="977" y="2193" width="149" height="56" />
      </word>
      <word id="a01-063u-08-03" tag="CS" text="that">
        <cmp x="1228" y="2198" width="77" height="46" />
        <cmp x="1305" y="2200" width="66" height="41" />
      </word>
      <word id="a01-063u-08-04" tag="DT" text="this">
        <cmp x="1452" y="2209" width="28" height="45" />
        <cmp x="1484" y="2214" width="73" height="34" />
        <cmp x="1534" y="2206" width="16" height="8" />
        <cmp x="1565" y="2222" width="26" height="26" />
      </word>
      <word id="a01-063u-08-05" tag="BEZ" text="is">
        <cmp x="1656" y="2190" width="8" height="12" />
        <cmp x="1661" y="2221" width="47" height="22" />
      </word>
      <word id="a01-063u-08-06" tag="NN" text="money">
        <cmp x="1787" y="2222" width="64" height="22" />
        <cmp x="1859" y="2214" width="76" height="28" />
        <cmp x="1943" y="2213" width="37" height="28" />
        <cmp x="1978" y="2216" width="68" height="49" />
      </word>
      <word id="a01-063u-08-07" tag="JJ" text="due">
        <cmp x="2083" y="2209" width="148" height="39" />
      </word>
      <upper-contour>
        <point x="333" y="2074" />
        <point x="2186" y="2074" />
      </upper-contour>
      <lower-contour>
        <point x="333" y="2277" />
        <point x="1283" y="2277" />
      </lower-contour>
    </line>
    <line ass="-125" asx="0" asy="2362" character-width="999" dss="-125" dsx="0" dsy="2445" fd0="12739" fd1="2933" fd2="-238" filter-width="5" id="a01-063u-09" lbs="40" lbx="0" lby="2419" segmentation="ok" slant="107000" stroke-width="7559" threshold="169" text="to America anyway." ubs="-458" ubx="0" uby="2389">
      <word id="a01-063u-09-00" tag="IN" text="to">
        <cmp x="328" y="2374" width="64" height="53" />
      </word>
      <word id="a01-063u-09-01" tag="NP" text="America">
        <cmp x="545" y="2369" width="179" height="54" />
        <cmp x="708" y="2365" width="8" height="12" />
        <cmp x="738" y="2393" width="38" height="26" />
        <cmp x="777" y="2392" width="56" height="27" />
      </word>
      <word id="a01-063u-09-02" tag="RB" text="anyway">
        <cmp x="934" y="2390" width="138" height="49" />
        <cmp x="1077" y="2389" width="60" height="37" />
        <cmp x="1144" y="2393" width="104" height="57" />
      </word>
      <word id="a01-063u-09-03" tag="." text=".">
        <cmp x="1269" y="2410" width="13" height="9" />
      </word>
      <upper-contour>
        <point x="333" y="2277" />
        <point x="1283" y="2277" />
      </upper-contour>
    </line>
  </handwritten-part>
</form>

