<?xml version="1.0" encoding="ISO-8859-1"?>

<!DOCTYPE form SYSTEM 'http://www.iam.unibe.ch/~fki/iamdb/form-metadata.dtd'>

<form created="2002-01-15" height="3542" id="a02-086" last-modified="2002-07-17" skew="-95" status="final" version="3.0_beta" width="2479" writer-id="036">
  <machine-printed-part>
    <machine-print-line text="&amp;quot;Against this background must be taken Mr. Kaunda&apos;s repeated statements that all" />
    <machine-print-line text="he is doing is in the name of non-violence,&amp;quot; said Sir Roy. &amp;quot;I am now compelled to" />
    <machine-print-line text="say that I don&apos;t accept his good faith.&amp;quot; He said Mr. Kaunda must know that his" />
    <machine-print-line text="statements had stimulated violence, but he had done nothing to stop it." />
  </machine-printed-part>
  <handwritten-part>
    <line ass="-278" asx="0" asy="704" character-width="999" dss="-278" dsx="0" dsy="847" fd0="13122" fd1="2633" fd2="-929" filter-width="4" id="a02-086-00" lbs="-290" lbx="0" lby="780" segmentation="ok" slant="92999" stroke-width="6263" threshold="174" text="&amp;quot;Against this background must be taken Mr." ubs="-255" ubx="0" uby="747">
      <word id="a02-086-00-00" sentence-start="yes" tag="*&apos;" text="&quot;">
        <cmp x="376" y="711" width="9" height="21" />
        <cmp x="388" y="707" width="12" height="29" />
      </word>
      <word id="a02-086-00-01" tag="IN" text="Against">
        <cmp x="456" y="729" width="35" height="60" />
        <cmp x="494" y="755" width="27" height="78" />
        <cmp x="521" y="756" width="92" height="33" />
        <cmp x="556" y="746" width="31" height="5" />
        <cmp x="627" y="724" width="64" height="68" />
      </word>
      <word id="a02-086-00-02" tag="DT" text="this">
        <cmp x="751" y="724" width="68" height="66" />
        <cmp x="811" y="736" width="12" height="7" />
        <cmp x="830" y="747" width="29" height="47" />
      </word>
      <word id="a02-086-00-03" tag="NN" text="background">
        <cmp x="899" y="728" width="32" height="59" />
        <cmp x="934" y="724" width="97" height="63" />
        <cmp x="1041" y="738" width="212" height="116" />
      </word>
      <word id="a02-086-00-04" tag="MD" text="must">
        <cmp x="1284" y="718" width="150" height="76" />
      </word>
      <word id="a02-086-00-05" tag="BE" text="be">
        <cmp x="1483" y="732" width="53" height="64" />
      </word>
      <word id="a02-086-00-06" tag="VBN" text="taken">
        <cmp x="1553" y="731" width="186" height="68" />
      </word>
      <word id="a02-086-00-07" tag="NPT" text="Mr.">
        <cmp x="1811" y="745" width="95" height="56" />
        <cmp x="1930" y="785" width="12" height="6" />
      </word>
      <lower-contour>
        <point x="407" y="854" />
        <point x="1942" y="854" />
      </lower-contour>
    </line>
    <line ass="-76" asx="0" asy="902" character-width="999" dss="-76" dsx="0" dsy="1016" fd0="12827" fd1="2337" fd2="-1247" filter-width="4" id="a02-086-01" lbs="-46" lbx="0" lby="969" segmentation="ok" slant="96000" stroke-width="6162" threshold="168" text="Kaunda&apos;s repeated statements that all he is" ubs="-135" ubx="0" uby="929">
      <word id="a02-086-01-00" tag="NP$" text="Kaunda&apos;s">
        <cmp x="409" y="904" width="39" height="64" />
        <cmp x="454" y="924" width="133" height="42" />
        <cmp x="592" y="904" width="42" height="63" />
        <cmp x="641" y="929" width="35" height="36" />
        <cmp x="680" y="906" width="9" height="41" />
        <cmp x="697" y="935" width="23" height="44" />
      </word>
      <word id="a02-086-01-01" tag="JJ" text="repeated">
        <cmp x="772" y="937" width="64" height="47" />
        <cmp x="848" y="940" width="72" height="79" />
        <cmp x="923" y="904" width="140" height="74" />
      </word>
      <word id="a02-086-01-02" tag="NNS" text="statements">
        <cmp x="1137" y="904" width="289" height="73" />
      </word>
      <word id="a02-086-01-03" tag="CS" text="that">
        <cmp x="1495" y="908" width="49" height="67" />
        <cmp x="1544" y="913" width="55" height="60" />
      </word>
      <word id="a02-086-01-04" tag="ABN" text="all">
        <cmp x="1656" y="908" width="85" height="71" />
      </word>
      <word id="a02-086-01-05" tag="PP3A" text="he">
        <cmp x="1805" y="914" width="61" height="57" />
      </word>
      <word id="a02-086-01-06" tag="BEZ" text="is">
        <cmp x="1907" y="925" width="63" height="41" />
      </word>
      <upper-contour>
        <point x="407" y="854" />
        <point x="1942" y="854" />
      </upper-contour>
      <lower-contour>
        <point x="407" y="1019" />
        <point x="1972" y="1019" />
      </lower-contour>
    </line>
    <line ass="-226" asx="0" asy="1075" character-width="999" dss="-226" dsx="0" dsy="1206" fd0="13398" fd1="2906" fd2="-613" filter-width="4" id="a02-086-02" lbs="-121" lbx="0" lby="1141" segmentation="err" slant="90000" stroke-width="6007" threshold="171" text="doing is in the name of non-violence,&amp;quot; said" ubs="-435" ubx="0" uby="1108">
      <word id="a02-086-02-00" tag="VBG" text="doing">
        <cmp x="408" y="1081" width="139" height="58" />
        <cmp x="511" y="1096" width="32" height="10" />
        <cmp x="566" y="1118" width="26" height="90" />
      </word>
      <word id="a02-086-02-01" tag="BEZ" text="is">
        <cmp x="640" y="1108" width="26" height="9" />
        <cmp x="646" y="1120" width="11" height="34" />
        <cmp x="659" y="1122" width="28" height="32" />
      </word>
      <word id="a02-086-02-02" tag="IN" text="in">
        <cmp x="731" y="1121" width="59" height="41" />
        <cmp x="736" y="1105" width="27" height="6" />
      </word>
      <word id="a02-086-02-03" tag="ATI" text="the">
        <cmp x="857" y="1098" width="95" height="57" />
      </word>
      <word id="a02-086-02-04" tag="NN" text="name">
        <cmp x="1002" y="1116" width="31" height="40" />
        <cmp x="1035" y="1110" width="139" height="37" />
      </word>
      <word id="a02-086-02-05" tag="INO" text="of">
        <cmp x="1240" y="1104" width="32" height="40" />
        <cmp x="1277" y="1081" width="24" height="106" />
      </word>
      <word id="a02-086-02-06" tag="NN" text="non-violence">
        <cmp x="1364" y="1118" width="50" height="44" />
        <cmp x="1420" y="1123" width="41" height="30" />
        <cmp x="1468" y="1129" width="20" height="6" />
        <cmp x="1507" y="1115" width="19" height="27" />
        <cmp x="1521" y="1117" width="4" height="7" />
        <cmp x="1533" y="1103" width="21" height="8" />
        <cmp x="1540" y="1117" width="8" height="30" />
        <cmp x="1552" y="1117" width="28" height="29" />
        <cmp x="1574" y="1114" width="7" height="19" />
        <cmp x="1587" y="1087" width="84" height="60" />
        <cmp x="1674" y="1117" width="68" height="38" />
        <cmp x="1738" y="1161" width="14" height="38" />
      </word>
      <word id="a02-086-02-07" tag="," text=",">
        <cmp x="1766" y="1081" width="9" height="30" />
      </word>
      <word id="a02-086-02-08" tag="**&apos;" text="&quot;">
        <cmp x="1780" y="1083" width="8" height="28" />
      </word>
      <word id="a02-086-02-09" tag="VBD" text="said">
        <cmp x="1853" y="1114" width="21" height="40" />
        <cmp x="1874" y="1124" width="61" height="35" />
        <cmp x="1909" y="1118" width="29" height="10" />
        <cmp x="1936" y="1110" width="63" height="55" />
      </word>
      <upper-contour>
        <point x="407" y="1019" />
        <point x="1972" y="1019" />
      </upper-contour>
      <lower-contour>
        <point x="416" y="1209" />
        <point x="2000" y="1209" />
      </lower-contour>
    </line>
    <line ass="-632" asx="0" asy="1237" character-width="999" dss="-632" dsx="0" dsy="1373" fd0="13219" fd1="3358" fd2="-91" filter-width="4" id="a02-086-03" lbs="-704" lbx="0" lby="1311" segmentation="ok" slant="90000" stroke-width="6089" threshold="172" text="Sir Roy. &amp;quot;I am now compelled to say that" ubs="-490" ubx="0" uby="1284">
      <word id="a02-086-03-00" tag="NPT" text="Sir">
        <cmp x="418" y="1256" width="99" height="66" />
      </word>
      <word id="a02-086-03-01" tag="NP" text="Roy">
        <cmp x="566" y="1272" width="72" height="55" />
        <cmp x="650" y="1296" width="38" height="85" />
      </word>
      <word id="a02-086-03-02" tag="." text=".">
        <cmp x="715" y="1309" width="9" height="18" />
      </word>
      <word id="a02-086-03-03" sentence-start="yes" tag="*&apos;" text="&quot;">
        <cmp x="799" y="1256" width="17" height="29" />
      </word>
      <word id="a02-086-03-04" tag="PP1A" text="I">
        <cmp x="839" y="1265" width="9" height="65" />
      </word>
      <word id="a02-086-03-05" tag="BEM" text="am">
        <cmp x="888" y="1284" width="115" height="42" />
      </word>
      <word id="a02-086-03-06" tag="RN" text="now">
        <cmp x="1065" y="1289" width="57" height="42" />
        <cmp x="1127" y="1294" width="62" height="37" />
      </word>
      <word id="a02-086-03-07" tag="VBN" text="compelled">
        <cmp x="1247" y="1294" width="30" height="41" />
        <cmp x="1276" y="1300" width="28" height="34" />
        <cmp x="1307" y="1293" width="67" height="42" />
        <cmp x="1379" y="1296" width="32" height="71" />
        <cmp x="1417" y="1296" width="34" height="32" />
        <cmp x="1451" y="1260" width="122" height="70" />
      </word>
      <word id="a02-086-03-08" tag="TO" text="to">
        <cmp x="1620" y="1256" width="52" height="80" />
      </word>
      <word id="a02-086-03-09" tag="VB" text="say">
        <cmp x="1724" y="1296" width="114" height="94" />
      </word>
      <word id="a02-086-03-10" tag="CS" text="that">
        <cmp x="1900" y="1259" width="145" height="85" />
      </word>
      <upper-contour>
        <point x="416" y="1209" />
        <point x="2000" y="1209" />
      </upper-contour>
      <lower-contour>
        <point x="419" y="1391" />
        <point x="2031" y="1391" />
      </lower-contour>
    </line>
    <line ass="-227" asx="0" asy="1433" character-width="999" dss="-227" dsx="0" dsy="1560" fd0="13267" fd1="2881" fd2="-508" filter-width="4" id="a02-086-04" lbs="-275" lbx="0" lby="1496" segmentation="ok" slant="95000" stroke-width="5980" threshold="168" text="I don&apos;t accept his good faith.&amp;quot; He said" ubs="-131" ubx="0" uby="1471">
      <word id="a02-086-04-00" tag="PP1A" text="I">
        <cmp x="421" y="1441" width="28" height="53" />
        <cmp x="431" y="1493" width="40" height="9" />
      </word>
      <word id="a02-086-04-01" tag="DOX" text="don&apos;t">
        <cmp x="531" y="1440" width="125" height="62" />
        <cmp x="656" y="1448" width="14" height="30" />
        <cmp x="681" y="1439" width="40" height="63" />
      </word>
      <word id="a02-086-04-02" tag="VB" text="accept">
        <cmp x="765" y="1459" width="51" height="43" />
        <cmp x="815" y="1472" width="25" height="30" />
        <cmp x="842" y="1453" width="149" height="82" />
      </word>
      <word id="a02-086-04-03" tag="PP$" text="his">
        <cmp x="1044" y="1455" width="60" height="60" />
        <cmp x="1090" y="1471" width="22" height="7" />
        <cmp x="1119" y="1481" width="33" height="37" />
      </word>
      <word id="a02-086-04-04" tag="JJ" text="good">
        <cmp x="1211" y="1469" width="34" height="96" />
        <cmp x="1243" y="1483" width="24" height="25" />
        <cmp x="1269" y="1484" width="28" height="27" />
        <cmp x="1305" y="1454" width="44" height="60" />
      </word>
      <word id="a02-086-04-05" tag="NN" text="faith">
        <cmp x="1423" y="1454" width="67" height="94" />
        <cmp x="1468" y="1458" width="16" height="7" />
        <cmp x="1499" y="1439" width="79" height="74" />
      </word>
      <word id="a02-086-04-06" tag="." text=".">
        <cmp x="1605" y="1502" width="8" height="19" />
      </word>
      <word id="a02-086-04-07" tag="**&apos;" text="&quot;">
        <cmp x="1641" y="1448" width="21" height="33" />
      </word>
      <word id="a02-086-04-08" sentence-start="yes" tag="PP3A" text="He">
        <cmp x="1725" y="1440" width="37" height="73" />
        <cmp x="1764" y="1467" width="47" height="42" />
      </word>
      <word id="a02-086-04-09" tag="VBD" text="said">
        <cmp x="1865" y="1463" width="25" height="43" />
        <cmp x="1887" y="1470" width="72" height="36" />
        <cmp x="1940" y="1463" width="32" height="10" />
        <cmp x="1981" y="1451" width="49" height="61" />
      </word>
      <upper-contour>
        <point x="419" y="1391" />
        <point x="2031" y="1391" />
      </upper-contour>
      <lower-contour>
        <point x="419" y="1565" />
        <point x="2031" y="1565" />
      </lower-contour>
    </line>
    <line ass="123" asx="0" asy="1620" character-width="999" dss="123" dsx="0" dsy="1703" fd0="13391" fd1="2708" fd2="-818" filter-width="4" id="a02-086-05" lbs="67" lbx="0" lby="1687" segmentation="ok" slant="90000" stroke-width="6156" threshold="164" text="Mr. Kaunda must know that his statements" ubs="234" ubx="0" uby="1655">
      <word id="a02-086-05-00" tag="NPT" text="Mr.">
        <cmp x="418" y="1625" width="95" height="57" />
        <cmp x="520" y="1671" width="10" height="13" />
      </word>
      <word id="a02-086-05-01" tag="NP" text="Kaunda">
        <cmp x="619" y="1623" width="176" height="65" />
        <cmp x="809" y="1631" width="41" height="62" />
        <cmp x="852" y="1659" width="38" height="43" />
      </word>
      <word id="a02-086-05-02" tag="MD" text="must">
        <cmp x="950" y="1624" width="178" height="72" />
      </word>
      <word id="a02-086-05-03" tag="VB" text="know">
        <cmp x="1175" y="1629" width="97" height="55" />
        <cmp x="1281" y="1648" width="58" height="40" />
      </word>
      <word id="a02-086-05-04" tag="CS" text="that">
        <cmp x="1421" y="1617" width="58" height="74" />
        <cmp x="1481" y="1639" width="71" height="48" />
      </word>
      <word id="a02-086-05-05" tag="PP$" text="his">
        <cmp x="1612" y="1630" width="51" height="57" />
        <cmp x="1615" y="1623" width="4" height="5" />
        <cmp x="1644" y="1638" width="65" height="58" />
      </word>
      <word id="a02-086-05-06" tag="NNS" text="statements">
        <cmp x="1757" y="1619" width="144" height="73" />
        <cmp x="1903" y="1620" width="168" height="76" />
      </word>
      <upper-contour>
        <point x="419" y="1565" />
        <point x="2031" y="1565" />
      </upper-contour>
      <lower-contour>
        <point x="416" y="1702" />
        <point x="2028" y="1702" />
      </lower-contour>
    </line>
    <line ass="28" asx="0" asy="1792" character-width="999" dss="28" dsx="0" dsy="1913" fd0="13092" fd1="2823" fd2="-714" filter-width="4" id="a02-086-06" lbs="98" lbx="0" lby="1868" segmentation="ok" slant="90000" stroke-width="6193" threshold="170" text="had stimulated violence, but he had done" ubs="-110" ubx="0" uby="1823">
      <word id="a02-086-06-00" tag="HVD" text="had">
        <cmp x="414" y="1792" width="134" height="75" />
      </word>
      <word id="a02-086-06-01" tag="VBN" text="stimulated">
        <cmp x="620" y="1802" width="75" height="72" />
        <cmp x="703" y="1838" width="62" height="37" />
        <cmp x="776" y="1832" width="46" height="38" />
        <cmp x="825" y="1810" width="18" height="59" />
        <cmp x="849" y="1804" width="99" height="66" />
        <cmp x="950" y="1798" width="34" height="71" />
      </word>
      <word id="a02-086-06-02" tag="NN" text="violence">
        <cmp x="1043" y="1817" width="52" height="52" />
        <cmp x="1092" y="1825" width="34" height="40" />
        <cmp x="1125" y="1805" width="92" height="58" />
        <cmp x="1228" y="1829" width="63" height="35" />
      </word>
      <word id="a02-086-06-03" tag="," text=",">
        <cmp x="1298" y="1864" width="29" height="49" />
      </word>
      <word id="a02-086-06-04" tag="CC" text="but">
        <cmp x="1381" y="1810" width="32" height="62" />
        <cmp x="1420" y="1803" width="84" height="64" />
      </word>
      <word id="a02-086-06-05" tag="PP3A" text="he">
        <cmp x="1569" y="1801" width="34" height="64" />
        <cmp x="1614" y="1828" width="32" height="39" />
      </word>
      <word id="a02-086-06-06" tag="HVD" text="had">
        <cmp x="1682" y="1802" width="35" height="61" />
        <cmp x="1721" y="1792" width="91" height="81" />
      </word>
      <word id="a02-086-06-07" tag="VBN" text="done">
        <cmp x="1860" y="1792" width="167" height="82" />
      </word>
      <upper-contour>
        <point x="416" y="1702" />
        <point x="2028" y="1702" />
      </upper-contour>
      <lower-contour>
        <point x="421" y="1875" />
        <point x="1076" y="1875" />
      </lower-contour>
    </line>
    <line ass="-1346" asx="0" asy="1954" character-width="999" dss="-1346" dsx="0" dsy="2108" fd0="12568" fd1="3116" fd2="-676" filter-width="4" id="a02-086-07" lbs="-2357" lbx="0" lby="2021" segmentation="ok" slant="92000" stroke-width="6218" threshold="168" text="nothing to stop it." ubs="676" ubx="0" uby="2006">
      <word id="a02-086-07-00" tag="PN" text="nothing">
        <cmp x="423" y="1989" width="50" height="49" />
        <cmp x="476" y="1977" width="130" height="72" />
        <cmp x="560" y="2001" width="42" height="5" />
        <cmp x="623" y="2027" width="37" height="96" />
      </word>
      <word id="a02-086-07-01" tag="TO" text="to">
        <cmp x="714" y="1986" width="43" height="69" />
      </word>
      <word id="a02-086-07-02" tag="VB" text="stop">
        <cmp x="806" y="1983" width="31" height="74" />
        <cmp x="839" y="1977" width="47" height="81" />
        <cmp x="901" y="2007" width="39" height="70" />
      </word>
      <word id="a02-086-07-03" tag="PP3" text="it">
        <cmp x="995" y="1982" width="12" height="17" />
        <cmp x="996" y="1978" width="47" height="85" />
      </word>
      <word id="a02-086-07-04" tag="." text=".">
        <cmp x="1064" y="2040" width="10" height="18" />
      </word>
      <upper-contour>
        <point x="421" y="1875" />
        <point x="1076" y="1875" />
      </upper-contour>
    </line>
  </handwritten-part>
</form>

