<?xml version="1.0" encoding="ISO-8859-1"?>

<!DOCTYPE form SYSTEM 'http://www.iam.unibe.ch/~fki/iamdb/form-metadata.dtd'>

<form created="2002-01-15" height="3542" id="a02-120" last-modified="2002-07-24" skew="-159" status="final" version="3.0_beta" width="2479" writer-id="039">
  <machine-printed-part>
    <machine-print-line text="The possibility that the Government might invoke the Public Order Act, 1936, and" />
    <machine-print-line text="declare the whole rally illegal - whether the demonstrators sit down or not - was being" />
    <machine-print-line text="discussed in Whitehall last night. It was last used a year ago, to deal with the St." />
    <machine-print-line text="Pancras rent riots. Today Mr. Butler will have talks with Police Commissioner Sir" />
    <machine-print-line text="Joseph Simpson to draw up final plans for the &quot;Battle of Parliament Square.&quot;" />
  </machine-printed-part>
  <handwritten-part>
    <line ass="-1351" asx="0" asy="677" character-width="999" dss="-1351" dsx="0" dsy="809" fd0="14369" fd1="2486" fd2="-1297" filter-width="3" id="a02-120-00" lbs="-1298" lbx="0" lby="758" segmentation="ok" slant="47000" stroke-width="5602" threshold="182" text="The possibility that the Government might" ubs="-1457" ubx="0" uby="724">
      <word id="a02-120-00-00" sentence-start="yes" tag="ATI" text="The">
        <cmp x="349" y="724" width="42" height="48" />
        <cmp x="357" y="705" width="67" height="29" />
        <cmp x="394" y="708" width="64" height="64" />
      </word>
      <word id="a02-120-00-01" tag="NN" text="possibility">
        <cmp x="486" y="726" width="350" height="97" />
        <cmp x="667" y="717" width="13" height="9" />
        <cmp x="740" y="727" width="19" height="8" />
        <cmp x="804" y="725" width="6" height="8" />
      </word>
      <word id="a02-120-00-02" tag="CS" text="that">
        <cmp x="901" y="720" width="182" height="68" />
      </word>
      <word id="a02-120-00-03" tag="ATI" text="the">
        <cmp x="1117" y="721" width="113" height="63" />
      </word>
      <word id="a02-120-00-04" tag="NN" text="Government">
        <cmp x="1262" y="728" width="488" height="112" />
      </word>
      <word id="a02-120-00-05" tag="MD" text="might">
        <cmp x="1760" y="725" width="272" height="107" />
        <cmp x="1904" y="721" width="12" height="8" />
      </word>
      <lower-contour>
        <point x="347" y="840" />
        <point x="2033" y="840" />
      </lower-contour>
    </line>
    <line ass="-97" asx="0" asy="879" character-width="999" dss="-97" dsx="0" dsy="989" fd0="14540" fd1="2937" fd2="-792" filter-width="3" id="a02-120-01" lbs="-31" lbx="0" lby="951" segmentation="err" slant="29000" stroke-width="5702" threshold="182" text="invoke the Public Order Act, 1936, and" ubs="-228" ubx="0" uby="922">
      <word id="a02-120-01-00" tag="VB" text="invoke">
        <cmp x="325" y="891" width="267" height="73" />
        <cmp x="407" y="881" width="16" height="8" />
      </word>
      <word id="a02-120-01-01" tag="ATI" text="the">
        <cmp x="680" y="896" width="111" height="65" />
        <cmp x="860" y="910" width="51" height="52" />
        <cmp x="873" y="914" width="5" height="6" />
        <cmp x="877" y="885" width="87" height="55" />
      </word>
      <word id="a02-120-01-02" tag="JJ" text="Public">
        <cmp x="895" y="908" width="229" height="61" />
        <cmp x="1128" y="893" width="7" height="7" />
      </word>
      <word id="a02-120-01-03" tag="NN" text="Order">
        <cmp x="1202" y="901" width="65" height="55" />
        <cmp x="1226" y="957" width="4" height="4" />
        <cmp x="1231" y="901" width="147" height="61" />
      </word>
      <word id="a02-120-01-04" tag="NN" text="Act">
        <cmp x="1446" y="907" width="86" height="60" />
        <cmp x="1526" y="895" width="69" height="67" />
      </word>
      <word id="a02-120-01-05" tag="," text=",">
        <cmp x="1587" y="959" width="19" height="29" />
      </word>
      <word id="a02-120-01-06" tag="CD" text="1936">
        <cmp x="1676" y="907" width="72" height="50" />
        <cmp x="1734" y="905" width="61" height="57" />
        <cmp x="1788" y="904" width="51" height="60" />
        <cmp x="1833" y="906" width="51" height="55" />
      </word>
      <word id="a02-120-01-07" tag="," text=",">
        <cmp x="1898" y="953" width="25" height="40" />
      </word>
      <word id="a02-120-01-08" tag="CC" text="and">
        <cmp x="1973" y="914" width="179" height="52" />
      </word>
      <upper-contour>
        <point x="347" y="840" />
        <point x="2033" y="840" />
      </upper-contour>
      <lower-contour>
        <point x="341" y="992" />
        <point x="2128" y="992" />
      </lower-contour>
    </line>
    <line ass="-454" asx="0" asy="1055" character-width="999" dss="-454" dsx="0" dsy="1172" fd0="13486" fd1="1986" fd2="-1549" filter-width="4" id="a02-120-02" lbs="-414" lbx="0" lby="1128" segmentation="ok" slant="38000" stroke-width="5863" threshold="182" text="declare the whole rally illegal - whether" ubs="-532" ubx="0" uby="1095">
      <word id="a02-120-02-00" tag="VB" text="declare">
        <cmp x="343" y="1096" width="44" height="37" />
        <cmp x="365" y="1070" width="248" height="68" />
      </word>
      <word id="a02-120-02-01" tag="ATI" text="the">
        <cmp x="686" y="1076" width="121" height="68" />
      </word>
      <word id="a02-120-02-02" tag="JJ" text="whole">
        <cmp x="854" y="1077" width="261" height="67" />
      </word>
      <word id="a02-120-02-03" tag="NN" text="rally">
        <cmp x="1161" y="1083" width="215" height="101" />
      </word>
      <word id="a02-120-02-04" tag="JJ" text="illegal">
        <cmp x="1432" y="1071" width="294" height="113" />
        <cmp x="1514" y="1076" width="12" height="8" />
      </word>
      <word id="a02-120-02-05" tag="*-" text="-">
        <cmp x="1726" y="1119" width="49" height="6" />
      </word>
      <word id="a02-120-02-06" tag="CS" text="whether">
        <cmp x="1805" y="1070" width="277" height="80" />
        <cmp x="2072" y="1118" width="55" height="31" />
      </word>
      <upper-contour>
        <point x="341" y="992" />
        <point x="2128" y="992" />
      </upper-contour>
      <lower-contour>
        <point x="350" y="1184" />
        <point x="2128" y="1184" />
      </lower-contour>
    </line>
    <line ass="-531" asx="0" asy="1230" character-width="999" dss="-531" dsx="0" dsy="1315" fd0="14025" fd1="2510" fd2="-1153" filter-width="4" id="a02-120-03" lbs="-471" lbx="0" lby="1305" segmentation="ok" slant="29000" stroke-width="5868" threshold="182" text="the demonstrators sit down or not - was" ubs="-652" ubx="0" uby="1279">
      <word id="a02-120-03-00" tag="ATI" text="the">
        <cmp x="352" y="1236" width="109" height="75" />
      </word>
      <word id="a02-120-03-01" tag="NNS" text="demonstrators">
        <cmp x="529" y="1249" width="400" height="75" />
        <cmp x="921" y="1256" width="149" height="69" />
      </word>
      <word id="a02-120-03-02" tag="VB" text="sit">
        <cmp x="1119" y="1280" width="77" height="36" />
        <cmp x="1187" y="1249" width="71" height="70" />
        <cmp x="1207" y="1242" width="10" height="11" />
      </word>
      <word id="a02-120-03-03" tag="RP" text="down">
        <cmp x="1281" y="1255" width="250" height="71" />
        <cmp x="1320" y="1281" width="5" height="9" />
      </word>
      <word id="a02-120-03-04" tag="CC" text="or">
        <cmp x="1585" y="1287" width="98" height="36" />
      </word>
      <word id="a02-120-03-05" tag="XNOT" text="not">
        <cmp x="1714" y="1253" width="206" height="74" />
      </word>
      <word id="a02-120-03-06" tag="*-" text="-">
        <cmp x="1904" y="1311" width="47" height="6" />
      </word>
      <word id="a02-120-03-07" tag="BEDZ" text="was">
        <cmp x="1974" y="1295" width="150" height="37" />
        <cmp x="2123" y="1302" width="35" height="26" />
      </word>
      <upper-contour>
        <point x="350" y="1184" />
        <point x="2128" y="1184" />
      </upper-contour>
      <lower-contour>
        <point x="350" y="1331" />
        <point x="2144" y="1331" />
      </lower-contour>
    </line>
    <line ass="-452" asx="0" asy="1406" character-width="999" dss="-452" dsx="0" dsy="1543" fd0="13520" fd1="2021" fd2="-1203" filter-width="3" id="a02-120-04" lbs="-549" lbx="0" lby="1481" segmentation="ok" slant="35000" stroke-width="5647" threshold="182" text="being discussed in Whitehall last night." ubs="-260" ubx="0" uby="1463">
      <word id="a02-120-04-00" tag="BEG" text="being">
        <cmp x="334" y="1420" width="216" height="128" />
        <cmp x="525" y="1418" width="5" height="4" />
      </word>
      <word id="a02-120-04-01" tag="VBN" text="discussed">
        <cmp x="632" y="1428" width="352" height="76" />
        <cmp x="774" y="1425" width="7" height="8" />
        <cmp x="980" y="1438" width="65" height="60" />
      </word>
      <word id="a02-120-04-02" tag="IN" text="in">
        <cmp x="1044" y="1472" width="117" height="34" />
        <cmp x="1122" y="1441" width="11" height="7" />
      </word>
      <word id="a02-120-04-03" tag="NP" text="Whitehall">
        <cmp x="1221" y="1431" width="117" height="66" />
        <cmp x="1285" y="1430" width="106" height="72" />
        <cmp x="1387" y="1430" width="72" height="73" />
        <cmp x="1403" y="1432" width="152" height="73" />
        <cmp x="1418" y="1434" width="7" height="5" />
        <cmp x="1548" y="1434" width="118" height="68" />
      </word>
      <word id="a02-120-04-04" tag="AP" text="last">
        <cmp x="1673" y="1441" width="164" height="63" />
        <cmp x="1752" y="1431" width="30" height="30" />
        <cmp x="1829" y="1430" width="70" height="68" />
      </word>
      <word id="a02-120-04-05" tag="NN" text="night">
        <cmp x="1867" y="1474" width="120" height="34" />
        <cmp x="1948" y="1429" width="195" height="110" />
        <cmp x="2031" y="1423" width="10" height="6" />
      </word>
      <word id="a02-120-04-06" tag="." text=".">
        <cmp x="2114" y="1502" width="6" height="6" />
      </word>
      <upper-contour>
        <point x="350" y="1331" />
        <point x="2144" y="1331" />
      </upper-contour>
      <lower-contour>
        <point x="332" y="1551" />
        <point x="2122" y="1551" />
      </lower-contour>
    </line>
    <line ass="-281" asx="0" asy="1602" character-width="999" dss="-281" dsx="0" dsy="1725" fd0="13833" fd1="2003" fd2="-979" filter-width="3" id="a02-120-05" lbs="-241" lbx="0" lby="1673" segmentation="ok" slant="29999" stroke-width="5712" threshold="182" text="It was last used a year ago, to deal" ubs="-361" ubx="0" uby="1645">
      <word id="a02-120-05-00" sentence-start="yes" tag="PP3" text="It">
        <cmp x="322" y="1604" width="100" height="76" />
      </word>
      <word id="a02-120-05-01" tag="BEDZ" text="was">
        <cmp x="437" y="1640" width="163" height="37" />
      </word>
      <word id="a02-120-05-02" tag="RB" text="last">
        <cmp x="648" y="1609" width="214" height="69" />
      </word>
      <word id="a02-120-05-03" tag="VBN" text="used">
        <cmp x="858" y="1646" width="100" height="42" />
        <cmp x="954" y="1646" width="65" height="29" />
        <cmp x="1004" y="1607" width="105" height="68" />
      </word>
      <word id="a02-120-05-04" tag="AT" text="a">
        <cmp x="1157" y="1640" width="60" height="36" />
      </word>
      <word id="a02-120-05-05" tag="NN" text="year">
        <cmp x="1217" y="1647" width="209" height="85" />
      </word>
      <word id="a02-120-05-06" tag="RB" text="ago">
        <cmp x="1463" y="1654" width="181" height="73" />
      </word>
      <word id="a02-120-05-07" tag="," text=",">
        <cmp x="1672" y="1671" width="29" height="37" />
      </word>
      <word id="a02-120-05-08" tag="TO" text="to">
        <cmp x="1775" y="1612" width="102" height="68" />
      </word>
      <word id="a02-120-05-09" tag="VB" text="deal">
        <cmp x="1897" y="1617" width="224" height="68" />
      </word>
      <upper-contour>
        <point x="332" y="1551" />
        <point x="2122" y="1551" />
      </upper-contour>
      <lower-contour>
        <point x="320" y="1732" />
        <point x="2116" y="1732" />
      </lower-contour>
    </line>
    <line ass="-907" asx="0" asy="1749" character-width="999" dss="-907" dsx="0" dsy="1872" fd0="14439" fd1="2837" fd2="-1084" filter-width="3" id="a02-120-06" lbs="-858" lbx="0" lby="1835" segmentation="ok" slant="42000" stroke-width="5660" threshold="182" text="with the St. Pancras rent riots. Today" ubs="-1005" ubx="0" uby="1805">
      <word id="a02-120-06-00" tag="IN" text="with">
        <cmp x="318" y="1813" width="126" height="39" />
        <cmp x="428" y="1770" width="123" height="83" />
        <cmp x="472" y="1771" width="6" height="10" />
      </word>
      <word id="a02-120-06-01" tag="ATI" text="the">
        <cmp x="588" y="1775" width="122" height="75" />
      </word>
      <word id="a02-120-06-02" tag="NPT" text="St.">
        <cmp x="772" y="1779" width="92" height="67" />
        <cmp x="821" y="1770" width="79" height="81" />
        <cmp x="867" y="1850" width="8" height="6" />
      </word>
      <word id="a02-120-06-03" tag="NP" text="Pancras">
        <cmp x="959" y="1796" width="63" height="64" />
        <cmp x="979" y="1774" width="83" height="51" />
        <cmp x="1012" y="1821" width="180" height="38" />
        <cmp x="1187" y="1826" width="121" height="32" />
      </word>
      <word id="a02-120-06-04" tag="NN" text="rent">
        <cmp x="1364" y="1825" width="98" height="35" />
        <cmp x="1447" y="1791" width="128" height="69" />
      </word>
      <word id="a02-120-06-05" tag="NNS" text="riots">
        <cmp x="1580" y="1823" width="92" height="38" />
        <cmp x="1667" y="1799" width="96" height="63" />
        <cmp x="1697" y="1776" width="6" height="10" />
      </word>
      <word id="a02-120-06-06" tag="." text=".">
        <cmp x="1806" y="1849" width="11" height="12" />
      </word>
      <word id="a02-120-06-07" sentence-start="yes" tag="NR" text="Today">
        <cmp x="1889" y="1799" width="199" height="65" />
        <cmp x="1902" y="1793" width="82" height="33" />
        <cmp x="2041" y="1832" width="74" height="74" />
      </word>
      <upper-contour>
        <point x="320" y="1732" />
        <point x="2116" y="1732" />
      </upper-contour>
      <lower-contour>
        <point x="325" y="1905" />
        <point x="2059" y="1905" />
      </lower-contour>
    </line>
    <line ass="-54" asx="0" asy="1956" character-width="999" dss="-54" dsx="0" dsy="2044" fd0="14408" fd1="2450" fd2="-1432" filter-width="3" id="a02-120-07" lbs="37" lbx="0" lby="2029" segmentation="ok" slant="38000" stroke-width="5693" threshold="182" text="Mr. Butler will have talks with Police" ubs="-237" ubx="0" uby="2002">
      <word id="a02-120-07-00" tag="NPT" text="Mr.">
        <cmp x="327" y="1963" width="133" height="67" />
        <cmp x="447" y="2024" width="6" height="6" />
      </word>
      <word id="a02-120-07-01" tag="NP" text="Butler">
        <cmp x="524" y="1985" width="54" height="42" />
        <cmp x="560" y="1958" width="90" height="75" />
        <cmp x="639" y="1962" width="117" height="75" />
      </word>
      <word id="a02-120-07-02" tag="MD" text="will">
        <cmp x="804" y="1972" width="216" height="65" />
        <cmp x="947" y="1962" width="9" height="7" />
      </word>
      <word id="a02-120-07-03" tag="HV" text="have">
        <cmp x="1033" y="1961" width="123" height="78" />
        <cmp x="1098" y="2007" width="82" height="31" />
        <cmp x="1179" y="2000" width="89" height="36" />
      </word>
      <word id="a02-120-07-04" tag="NNS" text="talks">
        <cmp x="1326" y="1962" width="211" height="79" />
        <cmp x="1497" y="2031" width="6" height="3" />
      </word>
      <word id="a02-120-07-05" tag="IN" text="with">
        <cmp x="1574" y="2038" width="12" height="7" />
        <cmp x="1585" y="1966" width="216" height="73" />
        <cmp x="1729" y="1962" width="6" height="7" />
      </word>
      <word id="a02-120-07-06" tag="NNS" text="Police">
        <cmp x="1855" y="1977" width="59" height="57" />
        <cmp x="1877" y="1958" width="82" height="47" />
        <cmp x="1892" y="1969" width="166" height="71" />
        <cmp x="2033" y="1969" width="8" height="6" />
      </word>
      <upper-contour>
        <point x="325" y="1905" />
        <point x="2059" y="1905" />
      </upper-contour>
      <lower-contour>
        <point x="339" y="2046" />
        <point x="1923" y="2046" />
      </lower-contour>
    </line>
    <line ass="-928" asx="0" asy="2106" character-width="999" dss="-928" dsx="0" dsy="2230" fd0="14166" fd1="2549" fd2="-825" filter-width="4" id="a02-120-08" lbs="-928" lbx="0" lby="2193" segmentation="ok" slant="29000" stroke-width="5819" threshold="182" text="Commissioner Sir Joseph Simpson to" ubs="-927" ubx="0" uby="2170">
      <word id="a02-120-08-00" tag="NN" text="Commissioner">
        <cmp x="341" y="2135" width="285" height="73" />
        <cmp x="585" y="2139" width="8" height="6" />
        <cmp x="615" y="2181" width="226" height="37" />
        <cmp x="699" y="2128" width="13" height="6" />
      </word>
      <word id="a02-120-08-01" tag="NPT" text="Sir">
        <cmp x="885" y="2133" width="117" height="75" />
        <cmp x="977" y="2181" width="55" height="33" />
        <cmp x="1033" y="2132" width="11" height="8" />
      </word>
      <word id="a02-120-08-02" tag="NP" text="Joseph">
        <cmp x="1079" y="2134" width="121" height="112" />
        <cmp x="1164" y="2141" width="209" height="102" />
      </word>
      <word id="a02-120-08-03" tag="NP" text="Simpson">
        <cmp x="1418" y="2145" width="112" height="82" />
        <cmp x="1507" y="2190" width="258" height="65" />
        <cmp x="1576" y="2131" width="9" height="7" />
      </word>
      <word id="a02-120-08-04" tag="TO" text="to">
        <cmp x="1832" y="2149" width="90" height="70" />
      </word>
      <upper-contour>
        <point x="339" y="2046" />
        <point x="1923" y="2046" />
      </upper-contour>
      <lower-contour>
        <point x="339" y="2255" />
        <point x="1923" y="2255" />
      </lower-contour>
    </line>
    <line ass="-428" asx="0" asy="2297" character-width="999" dss="-428" dsx="0" dsy="2414" fd0="14405" fd1="2442" fd2="-1245" filter-width="4" id="a02-120-09" lbs="-564" lbx="0" lby="2377" segmentation="ok" slant="38000" stroke-width="5763" threshold="182" text="draw up final plans for the &quot;Battle" ubs="-155" ubx="0" uby="2360">
      <word id="a02-120-09-00" tag="VB" text="draw">
        <cmp x="336" y="2315" width="206" height="73" />
      </word>
      <word id="a02-120-09-01" tag="RP" text="up">
        <cmp x="598" y="2385" width="6" height="5" />
        <cmp x="605" y="2350" width="144" height="65" />
      </word>
      <word id="a02-120-09-02" tag="JJ" text="final">
        <cmp x="804" y="2323" width="176" height="79" />
        <cmp x="940" y="2308" width="7" height="7" />
        <cmp x="980" y="2322" width="73" height="69" />
      </word>
      <word id="a02-120-09-03" tag="NNS" text="plans">
        <cmp x="1084" y="2328" width="170" height="96" />
        <cmp x="1253" y="2363" width="101" height="25" />
      </word>
      <word id="a02-120-09-04" tag="IN" text="for">
        <cmp x="1372" y="2308" width="163" height="111" />
      </word>
      <word id="a02-120-09-05" tag="ATI" text="the">
        <cmp x="1557" y="2322" width="129" height="69" />
      </word>
      <word id="a02-120-09-06" tag="*&apos;" text="&quot;">
        <cmp x="1734" y="2391" width="37" height="30" />
      </word>
      <word id="a02-120-09-07" tag="NN" text="Battle">
        <cmp x="1830" y="2332" width="59" height="55" />
        <cmp x="1852" y="2321" width="65" height="73" />
        <cmp x="1891" y="2329" width="189" height="69" />
      </word>
      <upper-contour>
        <point x="339" y="2255" />
        <point x="1923" y="2255" />
      </upper-contour>
      <lower-contour>
        <point x="334" y="2424" />
        <point x="1409" y="2424" />
      </lower-contour>
    </line>
    <line ass="789" asx="0" asy="2489" character-width="999" dss="789" dsx="0" dsy="2638" fd0="14396" fd1="2395" fd2="-1179" filter-width="3" id="a02-120-10" lbs="1059" lbx="0" lby="2578" segmentation="ok" slant="47000" stroke-width="5710" threshold="182" text="of Parliament Square.&quot;" ubs="250" ubx="0" uby="2540">
      <word id="a02-120-10-00" tag="INO" text="of">
        <cmp x="333" y="2492" width="99" height="104" />
      </word>
      <word id="a02-120-10-01" tag="NN" text="Parliament">
        <cmp x="494" y="2512" width="42" height="45" />
        <cmp x="508" y="2481" width="76" height="42" />
        <cmp x="530" y="2502" width="207" height="68" />
        <cmp x="726" y="2542" width="115" height="29" />
        <cmp x="756" y="2480" width="8" height="8" />
        <cmp x="827" y="2498" width="142" height="67" />
      </word>
      <word id="a02-120-10-02" tag="NPL" text="Square">
        <cmp x="1050" y="2493" width="115" height="132" />
        <cmp x="1159" y="2532" width="34" height="35" />
        <cmp x="1188" y="2529" width="137" height="42" />
      </word>
      <word id="a02-120-10-03" tag="." text=".">
        <cmp x="1377" y="2488" width="31" height="32" />
      </word>
      <word id="a02-120-10-04" tag="**&apos;" text="&quot;" />
      <upper-contour>
        <point x="334" y="2424" />
        <point x="1409" y="2424" />
      </upper-contour>
    </line>
  </handwritten-part>
</form>

