<?xml version="1.0" encoding="ISO-8859-1"?>

<!DOCTYPE form SYSTEM 'http://www.iam.unibe.ch/~fki/iamdb/form-metadata.dtd'>

<form created="2002-03-16" height="3542" id="a02-098" last-modified="2002-07-17" skew="63" status="final" version="3.0_beta" width="2479" writer-id="026">
  <machine-printed-part>
    <machine-print-line text="Its terms have set the Prime Minister an exacting problem. Mr. Sandys has warned of" />
    <machine-print-line text="the risk of a strong reaction from Sir Roy Welensky to any suggestion that there may" />
    <machine-print-line text="be fresh concessions to the African nationalists. Mr. Macleod has ample evidence from" />
    <machine-print-line text="talks with Sir John Moffat, Northern Rhodesian Liberal leader, and Mr. Kaunda, that" />
    <machine-print-line text="the bulk of moderates and Africans will reject the Constitution unless it is modified." />
  </machine-printed-part>
  <handwritten-part>
    <line ass="117" asx="0" asy="728" character-width="999" dss="117" dsx="0" dsy="861" fd0="13688" fd1="2432" fd2="-1171" filter-width="4" id="a02-098-00" lbs="84" lbx="0" lby="792" segmentation="ok" slant="71000" stroke-width="5793" threshold="163" text="Its terms have set the Prime Minister an exacting" ubs="183" ubx="0" uby="762">
      <word id="a02-098-00-00" sentence-start="yes" tag="PP$" text="Its">
        <cmp x="337" y="731" width="20" height="61" />
        <cmp x="361" y="728" width="29" height="57" />
        <cmp x="381" y="751" width="37" height="39" />
      </word>
      <word id="a02-098-00-01" tag="NNS" text="terms">
        <cmp x="473" y="730" width="42" height="64" />
        <cmp x="481" y="761" width="48" height="34" />
        <cmp x="536" y="760" width="69" height="43" />
        <cmp x="596" y="765" width="43" height="42" />
      </word>
      <word id="a02-098-00-02" tag="HV" text="have">
        <cmp x="683" y="730" width="119" height="73" />
        <cmp x="782" y="766" width="44" height="33" />
      </word>
      <word id="a02-098-00-03" tag="VBN" text="set">
        <cmp x="862" y="753" width="69" height="40" />
        <cmp x="929" y="732" width="36" height="69" />
      </word>
      <word id="a02-098-00-04" tag="ATI" text="the">
        <cmp x="996" y="727" width="30" height="62" />
        <cmp x="1023" y="731" width="56" height="63" />
      </word>
      <word id="a02-098-00-05" tag="NPT" text="Prime">
        <cmp x="1141" y="727" width="35" height="62" />
        <cmp x="1164" y="754" width="20" height="34" />
        <cmp x="1187" y="762" width="84" height="35" />
        <cmp x="1205" y="739" width="9" height="8" />
      </word>
      <word id="a02-098-00-06" tag="NPT" text="Minister">
        <cmp x="1304" y="735" width="52" height="59" />
        <cmp x="1350" y="767" width="10" height="27" />
        <cmp x="1359" y="758" width="48" height="35" />
        <cmp x="1369" y="742" width="6" height="7" />
        <cmp x="1409" y="760" width="34" height="35" />
        <cmp x="1418" y="737" width="10" height="9" />
        <cmp x="1440" y="727" width="51" height="67" />
        <cmp x="1500" y="758" width="23" height="33" />
      </word>
      <word id="a02-098-00-07" tag="AT" text="an">
        <cmp x="1569" y="756" width="82" height="38" />
      </word>
      <word id="a02-098-00-08" tag="JJ" text="exacting">
        <cmp x="1685" y="756" width="80" height="39" />
        <cmp x="1764" y="758" width="42" height="36" />
        <cmp x="1815" y="752" width="34" height="37" />
        <cmp x="1856" y="730" width="42" height="56" />
        <cmp x="1893" y="758" width="70" height="101" />
        <cmp x="1907" y="729" width="7" height="11" />
      </word>
      <lower-contour>
        <point x="335" y="859" />
        <point x="1964" y="859" />
      </lower-contour>
    </line>
    <line ass="237" asx="0" asy="916" character-width="999" dss="237" dsx="0" dsy="1038" fd0="13656" fd1="3174" fd2="-930" filter-width="4" id="a02-098-01" lbs="285" lbx="0" lby="984" segmentation="err" slant="74000" stroke-width="5746" threshold="163" text="problem. Mr. Sandys has warned of the risk of a" ubs="143" ubx="0" uby="947">
      <word id="a02-098-01-00" tag="NN" text="problem">
        <cmp x="317" y="945" width="42" height="72" />
        <cmp x="357" y="945" width="57" height="35" />
        <cmp x="415" y="917" width="136" height="63" />
      </word>
      <word id="a02-098-01-01" tag="." text=".">
        <cmp x="576" y="969" width="5" height="6" />
      </word>
      <word id="a02-098-01-02" sentence-start="yes" tag="NPT" text="Mr.">
        <cmp x="637" y="915" width="56" height="73" />
        <cmp x="696" y="942" width="27" height="40" />
      </word>
      <word id="a02-098-01-03" tag="NP" text="Sandys">
        <cmp x="772" y="913" width="171" height="75" />
        <cmp x="917" y="943" width="88" height="92" />
      </word>
      <word id="a02-098-01-04" tag="HVZ" text="has">
        <cmp x="1068" y="913" width="76" height="70" />
        <cmp x="1138" y="949" width="36" height="40" />
      </word>
      <word id="a02-098-01-05" tag="VBN" text="warned">
        <cmp x="1224" y="940" width="116" height="39" />
        <cmp x="1321" y="936" width="113" height="45" />
        <cmp x="1430" y="918" width="18" height="66" />
      </word>
      <word id="a02-098-01-06" tag="INO" text="of">
        <cmp x="1509" y="913" width="67" height="108" />
      </word>
      <word id="a02-098-01-07" tag="ATI" text="the">
        <cmp x="1590" y="920" width="27" height="62" />
        <cmp x="1623" y="918" width="59" height="66" />
      </word>
      <word id="a02-098-01-08" tag="NN" text="risk">
        <cmp x="1732" y="938" width="20" height="36" />
        <cmp x="1753" y="945" width="13" height="28" />
        <cmp x="1764" y="932" width="35" height="46" />
        <cmp x="1802" y="919" width="54" height="58" />
      </word>
      <word id="a02-098-01-09" tag="INO" text="of">
        <cmp x="1893" y="916" width="63" height="101" />
      </word>
      <word id="a02-098-01-10" tag="AT" text="a">
        <cmp x="1969" y="941" width="57" height="38" />
      </word>
      <upper-contour>
        <point x="335" y="859" />
        <point x="1964" y="859" />
      </upper-contour>
      <lower-contour>
        <point x="332" y="1036" />
        <point x="1979" y="1036" />
      </lower-contour>
    </line>
    <line ass="-224" asx="0" asy="1088" character-width="999" dss="-224" dsx="0" dsy="1210" fd0="14270" fd1="2552" fd2="-1397" filter-width="4" id="a02-098-02" lbs="-192" lbx="0" lby="1155" segmentation="ok" slant="72000" stroke-width="5741" threshold="163" text="strong reaction from Sir Roy Welensky to any" ubs="-286" ubx="0" uby="1120">
      <word id="a02-098-02-00" tag="JJ" text="strong">
        <cmp x="334" y="1111" width="38" height="49" />
        <cmp x="370" y="1095" width="38" height="58" />
        <cmp x="390" y="1120" width="25" height="35" />
        <cmp x="409" y="1124" width="38" height="30" />
        <cmp x="453" y="1122" width="60" height="91" />
      </word>
      <word id="a02-098-02-01" tag="NN" text="reaction">
        <cmp x="581" y="1124" width="30" height="39" />
        <cmp x="593" y="1105" width="161" height="60" />
        <cmp x="754" y="1130" width="34" height="29" />
        <cmp x="757" y="1116" width="6" height="8" />
        <cmp x="789" y="1125" width="31" height="34" />
      </word>
      <word id="a02-098-02-02" tag="IN" text="from">
        <cmp x="898" y="1109" width="44" height="91" />
        <cmp x="946" y="1121" width="35" height="37" />
        <cmp x="969" y="1125" width="94" height="38" />
      </word>
      <word id="a02-098-02-03" tag="NPT" text="Sir">
        <cmp x="1126" y="1094" width="46" height="55" />
        <cmp x="1172" y="1120" width="13" height="22" />
        <cmp x="1191" y="1101" width="5" height="11" />
        <cmp x="1197" y="1120" width="26" height="34" />
      </word>
      <word id="a02-098-02-04" tag="NP" text="Roy">
        <cmp x="1282" y="1102" width="106" height="108" />
      </word>
      <word id="a02-098-02-05" tag="NP" text="Welensky">
        <cmp x="1441" y="1112" width="66" height="54" />
        <cmp x="1482" y="1133" width="31" height="36" />
        <cmp x="1522" y="1110" width="45" height="53" />
        <cmp x="1574" y="1126" width="27" height="35" />
        <cmp x="1599" y="1126" width="34" height="39" />
        <cmp x="1636" y="1127" width="72" height="79" />
        <cmp x="1638" y="1105" width="38" height="49" />
      </word>
      <word id="a02-098-02-06" tag="IN" text="to">
        <cmp x="1754" y="1109" width="58" height="55" />
      </word>
      <word id="a02-098-02-07" tag="DTI" text="any">
        <cmp x="1853" y="1124" width="78" height="32" />
        <cmp x="1898" y="1122" width="80" height="78" />
      </word>
      <upper-contour>
        <point x="332" y="1036" />
        <point x="1979" y="1036" />
      </upper-contour>
      <lower-contour>
        <point x="332" y="1213" />
        <point x="1979" y="1213" />
      </lower-contour>
    </line>
    <line ass="451" asx="0" asy="1280" character-width="999" dss="451" dsx="0" dsy="1400" fd0="13555" fd1="3064" fd2="-1033" filter-width="4" id="a02-098-03" lbs="499" lbx="0" lby="1348" segmentation="ok" slant="70000" stroke-width="5806" threshold="163" text="suggestion that there may be fresh concessions to the" ubs="355" ubx="0" uby="1310">
      <word id="a02-098-03-00" tag="NN" text="suggestion">
        <cmp x="313" y="1292" width="46" height="48" />
        <cmp x="353" y="1303" width="35" height="30" />
        <cmp x="370" y="1305" width="70" height="77" />
        <cmp x="429" y="1302" width="72" height="47" />
        <cmp x="504" y="1279" width="36" height="64" />
        <cmp x="548" y="1308" width="25" height="27" />
        <cmp x="553" y="1284" width="6" height="13" />
        <cmp x="575" y="1303" width="31" height="38" />
      </word>
      <word id="a02-098-03-01" tag="CS" text="that">
        <cmp x="685" y="1280" width="120" height="62" />
      </word>
      <word id="a02-098-03-02" tag="EX" text="there">
        <cmp x="843" y="1275" width="77" height="62" />
        <cmp x="920" y="1301" width="40" height="41" />
      </word>
      <word id="a02-098-03-03" tag="MD" text="may">
        <cmp x="1018" y="1302" width="52" height="39" />
        <cmp x="1077" y="1311" width="71" height="82" />
      </word>
      <word id="a02-098-03-04" tag="BE" text="be">
        <cmp x="1180" y="1285" width="62" height="53" />
      </word>
      <word id="a02-098-03-05" tag="JJ" text="fresh">
        <cmp x="1315" y="1271" width="54" height="101" />
        <cmp x="1362" y="1297" width="37" height="42" />
        <cmp x="1373" y="1268" width="116" height="71" />
      </word>
      <word id="a02-098-03-06" tag="NNS" text="concessions">
        <cmp x="1556" y="1299" width="61" height="40" />
        <cmp x="1617" y="1306" width="30" height="34" />
        <cmp x="1655" y="1303" width="91" height="38" />
        <cmp x="1750" y="1303" width="39" height="34" />
        <cmp x="1791" y="1306" width="13" height="30" />
        <cmp x="1813" y="1300" width="85" height="36" />
        <cmp x="1820" y="1277" width="6" height="11" />
      </word>
      <word id="a02-098-03-07" tag="IN" text="to">
        <cmp x="1962" y="1270" width="59" height="63" />
      </word>
      <word id="a02-098-03-08" tag="ATI" text="the">
        <cmp x="2069" y="1265" width="73" height="67" />
      </word>
      <upper-contour>
        <point x="332" y="1213" />
        <point x="1979" y="1213" />
      </upper-contour>
      <lower-contour>
        <point x="321" y="1393" />
        <point x="2143" y="1393" />
      </lower-contour>
    </line>
    <line ass="312" asx="0" asy="1459" character-width="999" dss="312" dsx="0" dsy="1565" fd0="13788" fd1="2378" fd2="-1552" filter-width="4" id="a02-098-04" lbs="314" lbx="0" lby="1526" segmentation="err" slant="71000" stroke-width="5830" threshold="162" text="African nationalists. Mr. Macleod has ample evidence" ubs="309" ubx="0" uby="1493">
      <word id="a02-098-04-00" tag="JNP" text="African">
        <cmp x="323" y="1457" width="58" height="73" />
        <cmp x="385" y="1458" width="52" height="98" />
        <cmp x="427" y="1488" width="24" height="29" />
        <cmp x="448" y="1491" width="15" height="32" />
        <cmp x="471" y="1489" width="103" height="40" />
        <cmp x="479" y="1468" width="6" height="9" />
      </word>
      <word id="a02-098-04-01" tag="NNS" text="nationalists">
        <cmp x="640" y="1460" width="131" height="68" />
        <cmp x="774" y="1490" width="38" height="31" />
        <cmp x="779" y="1465" width="8" height="8" />
        <cmp x="818" y="1489" width="26" height="37" />
        <cmp x="850" y="1463" width="70" height="65" />
        <cmp x="924" y="1488" width="30" height="32" />
        <cmp x="937" y="1476" width="6" height="9" />
        <cmp x="955" y="1467" width="41" height="49" />
        <cmp x="983" y="1515" width="6" height="7" />
      </word>
      <word id="a02-098-04-02" tag="." text=".">
        <cmp x="1060" y="1461" width="60" height="62" />
      </word>
      <word id="a02-098-04-03" sentence-start="yes" tag="NPT" text="Mr.">
        <cmp x="1117" y="1491" width="28" height="32" />
        <cmp x="1145" y="1518" width="7" height="8" />
      </word>
      <word id="a02-098-04-04" tag="NP" text="Macleod">
        <cmp x="1160" y="1457" width="47" height="62" />
        <cmp x="1196" y="1485" width="69" height="37" />
        <cmp x="1271" y="1462" width="85" height="57" />
        <cmp x="1359" y="1455" width="53" height="60" />
      </word>
      <word id="a02-098-04-05" tag="HVZ" text="has">
        <cmp x="1459" y="1455" width="37" height="64" />
        <cmp x="1497" y="1492" width="39" height="32" />
        <cmp x="1538" y="1486" width="31" height="42" />
      </word>
      <word id="a02-098-04-06" tag="JJ" text="ample">
        <cmp x="1616" y="1488" width="94" height="37" />
        <cmp x="1698" y="1458" width="100" height="99" />
      </word>
      <word id="a02-098-04-07" tag="NN" text="evidence">
        <cmp x="1848" y="1481" width="35" height="38" />
        <cmp x="1894" y="1482" width="32" height="32" />
        <cmp x="1928" y="1483" width="9" height="28" />
        <cmp x="1958" y="1479" width="30" height="30" />
        <cmp x="1960" y="1457" width="7" height="14" />
        <cmp x="1990" y="1453" width="73" height="58" />
        <cmp x="2077" y="1479" width="65" height="36" />
      </word>
      <upper-contour>
        <point x="321" y="1393" />
        <point x="2143" y="1393" />
      </upper-contour>
      <lower-contour>
        <point x="321" y="1557" />
        <point x="2143" y="1557" />
      </lower-contour>
    </line>
    <line ass="60" asx="0" asy="1628" character-width="999" dss="60" dsx="0" dsy="1752" fd0="13572" fd1="2546" fd2="-1586" filter-width="4" id="a02-098-05" lbs="105" lbx="0" lby="1696" segmentation="ok" slant="70000" stroke-width="5784" threshold="160" text="from talks with Sir John Moffat, Northern Rhodesian" ubs="-30" ubx="0" uby="1663">
      <word id="a02-098-05-00" tag="IN" text="from">
        <cmp x="321" y="1646" width="58" height="108" />
        <cmp x="373" y="1668" width="124" height="41" />
      </word>
      <word id="a02-098-05-01" tag="NNS" text="talks">
        <cmp x="575" y="1639" width="53" height="58" />
        <cmp x="613" y="1635" width="77" height="65" />
        <cmp x="695" y="1641" width="31" height="53" />
        <cmp x="721" y="1664" width="35" height="39" />
      </word>
      <word id="a02-098-05-02" tag="IN" text="with">
        <cmp x="796" y="1663" width="54" height="33" />
        <cmp x="845" y="1667" width="13" height="29" />
        <cmp x="865" y="1640" width="9" height="7" />
        <cmp x="873" y="1638" width="35" height="61" />
        <cmp x="908" y="1643" width="33" height="57" />
      </word>
      <word id="a02-098-05-03" tag="NPT" text="Sir">
        <cmp x="999" y="1642" width="45" height="54" />
        <cmp x="1037" y="1664" width="13" height="30" />
        <cmp x="1054" y="1648" width="5" height="8" />
        <cmp x="1057" y="1660" width="28" height="32" />
      </word>
      <word id="a02-098-05-04" tag="NP" text="John">
        <cmp x="1144" y="1637" width="32" height="52" />
        <cmp x="1154" y="1627" width="44" height="10" />
        <cmp x="1175" y="1634" width="60" height="56" />
        <cmp x="1243" y="1663" width="19" height="36" />
      </word>
      <word id="a02-098-05-05" tag="NP" text="Moffat">
        <cmp x="1308" y="1631" width="158" height="113" />
        <cmp x="1447" y="1649" width="69" height="50" />
      </word>
      <word id="a02-098-05-06" tag="," text=",">
        <cmp x="1543" y="1694" width="18" height="31" />
      </word>
      <word id="a02-098-05-07" tag="NP" text="Northern">
        <cmp x="1577" y="1647" width="55" height="55" />
        <cmp x="1622" y="1667" width="28" height="32" />
        <cmp x="1653" y="1670" width="18" height="23" />
        <cmp x="1686" y="1640" width="71" height="56" />
        <cmp x="1758" y="1661" width="25" height="31" />
        <cmp x="1769" y="1663" width="51" height="34" />
      </word>
      <word id="a02-098-05-08" tag="JNP" text="Rhodesian">
        <cmp x="1858" y="1627" width="104" height="70" />
        <cmp x="1963" y="1639" width="97" height="62" />
        <cmp x="2061" y="1664" width="16" height="32" />
        <cmp x="2084" y="1668" width="31" height="33" />
        <cmp x="2090" y="1649" width="6" height="8" />
        <cmp x="2119" y="1663" width="29" height="42" />
      </word>
      <upper-contour>
        <point x="321" y="1557" />
        <point x="2143" y="1557" />
      </upper-contour>
      <lower-contour>
        <point x="319" y="1753" />
        <point x="2077" y="1753" />
      </lower-contour>
    </line>
    <line ass="270" asx="0" asy="1804" character-width="999" dss="270" dsx="0" dsy="1922" fd0="13753" fd1="2511" fd2="-832" filter-width="4" id="a02-098-06" lbs="326" lbx="0" lby="1881" segmentation="ok" slant="68999" stroke-width="5891" threshold="160" text="Liberal leader, and Mr. Kaunda, that the bulk" ubs="157" ubx="0" uby="1845">
      <word id="a02-098-06-00" tag="JJ" text="Liberal">
        <cmp x="307" y="1804" width="46" height="67" />
        <cmp x="362" y="1805" width="69" height="73" />
        <cmp x="364" y="1809" width="10" height="11" />
        <cmp x="430" y="1842" width="28" height="33" />
        <cmp x="453" y="1825" width="66" height="55" />
      </word>
      <word id="a02-098-06-01" tag="NN" text="leader">
        <cmp x="599" y="1814" width="180" height="69" />
        <cmp x="781" y="1842" width="30" height="40" />
      </word>
      <word id="a02-098-06-02" tag="," text=",">
        <cmp x="819" y="1881" width="27" height="38" />
      </word>
      <word id="a02-098-06-03" tag="CC" text="and">
        <cmp x="878" y="1820" width="136" height="77" />
      </word>
      <word id="a02-098-06-04" tag="NPT" text="Mr.">
        <cmp x="1090" y="1812" width="57" height="60" />
        <cmp x="1144" y="1837" width="25" height="36" />
        <cmp x="1168" y="1864" width="12" height="10" />
      </word>
      <word id="a02-098-06-05" tag="NP" text="Kaunda">
        <cmp x="1226" y="1809" width="52" height="58" />
        <cmp x="1269" y="1837" width="32" height="38" />
        <cmp x="1304" y="1841" width="30" height="30" />
        <cmp x="1339" y="1817" width="130" height="57" />
      </word>
      <word id="a02-098-06-06" tag="," text=",">
        <cmp x="1504" y="1861" width="21" height="40" />
      </word>
      <word id="a02-098-06-07" tag="CS" text="that">
        <cmp x="1543" y="1808" width="42" height="69" />
        <cmp x="1581" y="1820" width="38" height="59" />
        <cmp x="1618" y="1824" width="72" height="52" />
      </word>
      <word id="a02-098-06-08" tag="ATI" text="the">
        <cmp x="1746" y="1818" width="36" height="57" />
        <cmp x="1794" y="1830" width="64" height="55" />
      </word>
      <word id="a02-098-06-09" tag="NN" text="bulk">
        <cmp x="1904" y="1821" width="37" height="58" />
        <cmp x="1947" y="1844" width="28" height="27" />
        <cmp x="1983" y="1813" width="52" height="54" />
        <cmp x="2031" y="1817" width="45" height="56" />
      </word>
      <upper-contour>
        <point x="319" y="1753" />
        <point x="2077" y="1753" />
      </upper-contour>
      <lower-contour>
        <point x="343" y="1919" />
        <point x="1955" y="1919" />
      </lower-contour>
    </line>
    <line ass="727" asx="0" asy="2000" character-width="999" dss="727" dsx="0" dsy="2127" fd0="13810" fd1="2292" fd2="-1343" filter-width="4" id="a02-098-07" lbs="841" lbx="0" lby="2071" segmentation="ok" slant="66999" stroke-width="5796" threshold="161" text="of moderates and Africans will reject the" ubs="499" ubx="0" uby="2037">
      <word id="a02-098-07-00" tag="INO" text="of">
        <cmp x="345" y="1995" width="67" height="96" />
      </word>
      <word id="a02-098-07-01" tag="NNS" text="moderates">
        <cmp x="435" y="2003" width="244" height="63" />
        <cmp x="663" y="2003" width="102" height="56" />
        <cmp x="763" y="2027" width="39" height="40" />
      </word>
      <word id="a02-098-07-02" tag="CC" text="and">
        <cmp x="868" y="2006" width="144" height="59" />
      </word>
      <word id="a02-098-07-03" tag="NNPS" text="Africans">
        <cmp x="1084" y="1997" width="46" height="63" />
        <cmp x="1120" y="1993" width="60" height="95" />
        <cmp x="1163" y="2025" width="28" height="28" />
        <cmp x="1184" y="2033" width="14" height="26" />
        <cmp x="1208" y="2027" width="101" height="32" />
        <cmp x="1216" y="2004" width="5" height="10" />
        <cmp x="1317" y="2023" width="29" height="38" />
      </word>
      <word id="a02-098-07-04" tag="MD" text="will">
        <cmp x="1395" y="2019" width="57" height="32" />
        <cmp x="1455" y="2028" width="15" height="26" />
        <cmp x="1477" y="2003" width="7" height="9" />
        <cmp x="1477" y="1991" width="83" height="65" />
      </word>
      <word id="a02-098-07-05" tag="VB" text="reject">
        <cmp x="1602" y="2015" width="24" height="30" />
        <cmp x="1609" y="2020" width="45" height="33" />
        <cmp x="1626" y="2029" width="53" height="78" />
        <cmp x="1679" y="2015" width="11" height="6" />
        <cmp x="1682" y="2001" width="126" height="63" />
      </word>
      <word id="a02-098-07-06" tag="ATI" text="the">
        <cmp x="1852" y="1999" width="102" height="60" />
      </word>
      <upper-contour>
        <point x="343" y="1919" />
        <point x="1955" y="1919" />
      </upper-contour>
      <lower-contour>
        <point x="343" y="2107" />
        <point x="1634" y="2107" />
      </lower-contour>
    </line>
    <line ass="746" asx="0" asy="2170" character-width="999" dss="746" dsx="0" dsy="2286" fd0="14176" fd1="2874" fd2="-1298" filter-width="3" id="a02-098-08" lbs="958" lbx="0" lby="2248" segmentation="err" slant="64000" stroke-width="5617" threshold="159" text="Constitution unless it is modified." ubs="323" ubx="0" uby="2209">
      <word id="a02-098-08-00" tag="NN" text="Constitution">
        <cmp x="343" y="2179" width="93" height="66" />
        <cmp x="439" y="2201" width="42" height="41" />
        <cmp x="484" y="2175" width="41" height="62" />
        <cmp x="538" y="2168" width="49" height="70" />
        <cmp x="554" y="2164" width="7" height="5" />
        <cmp x="565" y="2202" width="38" height="35" />
        <cmp x="614" y="2166" width="49" height="70" />
        <cmp x="663" y="2198" width="46" height="27" />
        <cmp x="680" y="2173" width="5" height="8" />
        <cmp x="707" y="2192" width="25" height="48" />
      </word>
      <word id="a02-098-08-01" tag="CS" text="unless">
        <cmp x="822" y="2203" width="32" height="30" />
        <cmp x="854" y="2200" width="34" height="44" />
        <cmp x="888" y="2177" width="104" height="65" />
      </word>
      <word id="a02-098-08-02" tag="PP3" text="it">
        <cmp x="1075" y="2199" width="25" height="41" />
        <cmp x="1097" y="2181" width="7" height="9" />
        <cmp x="1107" y="2175" width="43" height="66" />
      </word>
      <word id="a02-098-08-03" tag="BEZ" text="is">
        <cmp x="1184" y="2208" width="10" height="24" />
        <cmp x="1194" y="2197" width="37" height="43" />
        <cmp x="1209" y="2178" width="5" height="7" />
      </word>
      <word id="a02-098-08-04" tag="VBN" text="modified">
        <cmp x="1273" y="2201" width="135" height="48" />
        <cmp x="1274" y="2209" width="3" height="3" />
        <cmp x="1410" y="2178" width="54" height="59" />
        <cmp x="1466" y="2173" width="65" height="95" />
        <cmp x="1475" y="2179" width="12" height="25" />
        <cmp x="1530" y="2180" width="102" height="54" />
      </word>
      <word id="a02-098-08-05" tag="." text=".">
        <cmp x="1545" y="2175" width="6" height="14" />
      </word>
      <upper-contour>
        <point x="343" y="2107" />
        <point x="1634" y="2107" />
      </upper-contour>
    </line>
  </handwritten-part>
</form>

