<?xml version="1.0" encoding="ISO-8859-1"?>

<!DOCTYPE form SYSTEM 'http://www.iam.unibe.ch/~fki/iamdb/form-metadata.dtd'>

<form created="2002-01-15" height="3542" id="a02-008" last-modified="2002-07-17" skew="-63" status="final" version="3.0_beta" width="2479" writer-id="023">
  <machine-printed-part>
    <machine-print-line text="Seven Commonwealth countries have told Mr. Sandys, Commonwealth Relations" />
    <machine-print-line text="Secretary, that they wish to be kept in touch in London. Three of them - Canada," />
    <machine-print-line text="Australia, and New Zealand - will have strong delegations at an opening meeting in" />
    <machine-print-line text="London on Monday. Once the Common Market&apos;s Council of Ministers draws up the" />
    <machine-print-line text="procedure for negotiations in a fortnight&apos;s time, these Commonwealth countries can" />
    <machine-print-line text="arrange for observers to advise the British negotiating team." />
  </machine-printed-part>
  <handwritten-part>
    <line ass="-147" asx="0" asy="724" character-width="999" dss="-147" dsx="0" dsy="803" fd0="14470" fd1="3200" fd2="-1235" filter-width="3" id="a02-008-00" lbs="-140" lbx="0" lby="773" segmentation="ok" slant="63000" stroke-width="5278" threshold="182" text="Seven Commonwealth countries have told Mr. Sandys," ubs="-163" ubx="0" uby="745">
      <word id="a02-008-00-00" sentence-start="yes" tag="CD" text="Seven">
        <cmp x="343" y="737" width="47" height="37" />
        <cmp x="365" y="726" width="25" height="15" />
        <cmp x="393" y="737" width="34" height="34" />
        <cmp x="431" y="740" width="26" height="33" />
        <cmp x="456" y="739" width="29" height="34" />
        <cmp x="482" y="740" width="37" height="34" />
      </word>
      <word id="a02-008-00-01" tag="NN" text="Commonwealth">
        <cmp x="575" y="729" width="47" height="50" />
        <cmp x="604" y="746" width="27" height="29" />
        <cmp x="634" y="749" width="52" height="30" />
        <cmp x="685" y="750" width="51" height="28" />
        <cmp x="739" y="752" width="30" height="25" />
        <cmp x="769" y="750" width="36" height="31" />
        <cmp x="810" y="745" width="41" height="28" />
        <cmp x="853" y="746" width="27" height="26" />
        <cmp x="879" y="748" width="32" height="28" />
        <cmp x="914" y="737" width="26" height="42" />
        <cmp x="939" y="741" width="23" height="33" />
        <cmp x="960" y="735" width="35" height="42" />
      </word>
      <word id="a02-008-00-02" tag="NNS" text="countries">
        <cmp x="1055" y="752" width="26" height="26" />
        <cmp x="1086" y="747" width="28" height="28" />
        <cmp x="1115" y="749" width="34" height="27" />
        <cmp x="1153" y="747" width="37" height="29" />
        <cmp x="1192" y="738" width="25" height="40" />
        <cmp x="1214" y="751" width="34" height="26" />
        <cmp x="1242" y="753" width="15" height="23" />
        <cmp x="1264" y="737" width="5" height="7" />
        <cmp x="1265" y="748" width="32" height="32" />
        <cmp x="1298" y="766" width="3" height="4" />
        <cmp x="1299" y="748" width="24" height="32" />
      </word>
      <word id="a02-008-00-03" tag="HV" text="have">
        <cmp x="1369" y="733" width="57" height="45" />
        <cmp x="1435" y="746" width="25" height="32" />
        <cmp x="1459" y="749" width="34" height="31" />
      </word>
      <word id="a02-008-00-04" tag="VBN" text="told">
        <cmp x="1544" y="728" width="27" height="43" />
        <cmp x="1570" y="746" width="27" height="26" />
        <cmp x="1603" y="735" width="18" height="41" />
        <cmp x="1622" y="737" width="43" height="42" />
      </word>
      <word id="a02-008-00-05" tag="NPT" text="Mr.">
        <cmp x="1716" y="737" width="51" height="42" />
        <cmp x="1758" y="747" width="31" height="30" />
        <cmp x="1787" y="768" width="6" height="7" />
      </word>
      <word id="a02-008-00-06" tag="NP" text="Sandys">
        <cmp x="1836" y="734" width="136" height="46" />
        <cmp x="1843" y="753" width="3" height="3" />
        <cmp x="1945" y="749" width="52" height="61" />
        <cmp x="1995" y="746" width="24" height="31" />
      </word>
      <word id="a02-008-00-07" tag="," text=",">
        <cmp x="2018" y="761" width="26" height="34" />
      </word>
      <lower-contour>
        <point x="341" y="810" />
        <point x="2045" y="810" />
      </lower-contour>
    </line>
    <line ass="14" asx="0" asy="901" character-width="999" dss="14" dsx="0" dsy="990" fd0="14918" fd1="3014" fd2="-1322" filter-width="3" id="a02-008-01" lbs="-75" lbx="0" lby="955" segmentation="ok" slant="63000" stroke-width="5359" threshold="182" text="Commonwealth Relations Secretary, that they wish to be kept" ubs="194" ubx="0" uby="936">
      <word id="a02-008-01-00" tag="NN" text="Commonwealth">
        <cmp x="329" y="901" width="53" height="61" />
        <cmp x="355" y="923" width="36" height="36" />
        <cmp x="388" y="930" width="57" height="29" />
        <cmp x="453" y="935" width="95" height="28" />
        <cmp x="547" y="933" width="37" height="31" />
        <cmp x="594" y="934" width="40" height="25" />
        <cmp x="635" y="932" width="6" height="14" />
        <cmp x="642" y="930" width="27" height="29" />
        <cmp x="671" y="934" width="34" height="29" />
        <cmp x="704" y="917" width="34" height="45" />
        <cmp x="733" y="917" width="27" height="39" />
        <cmp x="755" y="915" width="36" height="43" />
      </word>
      <word id="a02-008-01-01" tag="NNS" text="Relations">
        <cmp x="822" y="912" width="46" height="51" />
        <cmp x="860" y="927" width="26" height="30" />
        <cmp x="885" y="914" width="26" height="45" />
        <cmp x="904" y="928" width="29" height="29" />
        <cmp x="940" y="921" width="28" height="34" />
        <cmp x="965" y="934" width="10" height="19" />
        <cmp x="979" y="935" width="28" height="26" />
        <cmp x="986" y="925" width="4" height="4" />
        <cmp x="1004" y="936" width="5" height="5" />
        <cmp x="1008" y="926" width="63" height="34" />
      </word>
      <word id="a02-008-01-02" tag="NPT" text="Secretary">
        <cmp x="1104" y="906" width="53" height="54" />
        <cmp x="1145" y="935" width="7" height="4" />
        <cmp x="1153" y="924" width="8" height="12" />
        <cmp x="1154" y="928" width="25" height="29" />
        <cmp x="1178" y="926" width="25" height="27" />
        <cmp x="1199" y="932" width="29" height="32" />
        <cmp x="1234" y="921" width="40" height="43" />
        <cmp x="1257" y="918" width="3" height="3" />
        <cmp x="1278" y="928" width="58" height="63" />
        <cmp x="1279" y="933" width="21" height="25" />
        <cmp x="1313" y="934" width="5" height="11" />
      </word>
      <word id="a02-008-01-03" tag="," text=",">
        <cmp x="1338" y="946" width="13" height="18" />
      </word>
      <word id="a02-008-01-04" tag="CS" text="that">
        <cmp x="1372" y="917" width="24" height="48" />
        <cmp x="1394" y="911" width="58" height="49" />
        <cmp x="1444" y="937" width="14" height="23" />
        <cmp x="1463" y="912" width="28" height="55" />
      </word>
      <word id="a02-008-01-05" tag="PP3AS" text="they">
        <cmp x="1525" y="910" width="26" height="46" />
        <cmp x="1546" y="914" width="33" height="41" />
        <cmp x="1580" y="928" width="27" height="29" />
        <cmp x="1585" y="930" width="63" height="61" />
      </word>
      <word id="a02-008-01-06" tag="VB" text="wish">
        <cmp x="1684" y="932" width="43" height="28" />
        <cmp x="1730" y="930" width="13" height="27" />
        <cmp x="1745" y="933" width="25" height="24" />
        <cmp x="1752" y="919" width="3" height="4" />
        <cmp x="1770" y="913" width="34" height="45" />
      </word>
      <word id="a02-008-01-07" tag="TO" text="to">
        <cmp x="1842" y="916" width="25" height="41" />
        <cmp x="1863" y="928" width="27" height="28" />
      </word>
      <word id="a02-008-01-08" tag="BE" text="be">
        <cmp x="1914" y="913" width="29" height="40" />
        <cmp x="1946" y="925" width="27" height="30" />
      </word>
      <word id="a02-008-01-09" tag="VBN" text="kept">
        <cmp x="2007" y="919" width="27" height="37" />
        <cmp x="2040" y="928" width="26" height="24" />
        <cmp x="2054" y="929" width="40" height="43" />
        <cmp x="2105" y="910" width="23" height="42" />
      </word>
      <upper-contour>
        <point x="341" y="810" />
        <point x="2045" y="810" />
      </upper-contour>
      <lower-contour>
        <point x="340" y="992" />
        <point x="2051" y="992" />
      </lower-contour>
    </line>
    <line ass="-197" asx="0" asy="1081" character-width="999" dss="-197" dsx="0" dsy="1151" fd0="14733" fd1="3069" fd2="-808" filter-width="3" id="a02-008-02" lbs="-185" lbx="0" lby="1133" segmentation="ok" slant="61000" stroke-width="5352" threshold="183" text="in touch in London. Three of them - Canada, Australia," ubs="-220" ubx="0" uby="1108">
      <word id="a02-008-02-00" tag="IN" text="in">
        <cmp x="342" y="1110" width="14" height="29" />
        <cmp x="353" y="1110" width="41" height="27" />
        <cmp x="361" y="1100" width="5" height="5" />
      </word>
      <word id="a02-008-02-01" tag="NN" text="touch">
        <cmp x="457" y="1096" width="29" height="44" />
        <cmp x="477" y="1109" width="33" height="32" />
        <cmp x="513" y="1113" width="18" height="27" />
        <cmp x="532" y="1111" width="17" height="25" />
        <cmp x="547" y="1111" width="26" height="28" />
        <cmp x="574" y="1104" width="35" height="36" />
        <cmp x="594" y="1099" width="4" height="4" />
      </word>
      <word id="a02-008-02-02" tag="IN" text="in">
        <cmp x="658" y="1114" width="12" height="17" />
        <cmp x="678" y="1108" width="38" height="25" />
        <cmp x="680" y="1101" width="4" height="4" />
      </word>
      <word id="a02-008-02-03" tag="NP" text="London">
        <cmp x="764" y="1087" width="61" height="50" />
        <cmp x="826" y="1108" width="73" height="34" />
        <cmp x="890" y="1116" width="31" height="25" />
        <cmp x="899" y="1103" width="3" height="3" />
        <cmp x="919" y="1113" width="40" height="25" />
      </word>
      <word id="a02-008-02-04" tag="." text=".">
        <cmp x="971" y="1121" width="13" height="13" />
      </word>
      <word id="a02-008-02-05" sentence-start="yes" tag="CD" text="Three">
        <cmp x="1019" y="1089" width="47" height="46" />
        <cmp x="1046" y="1089" width="41" height="42" />
        <cmp x="1085" y="1106" width="25" height="25" />
        <cmp x="1113" y="1107" width="29" height="29" />
        <cmp x="1147" y="1108" width="28" height="32" />
      </word>
      <word id="a02-008-02-06" tag="INO" text="of">
        <cmp x="1225" y="1109" width="26" height="25" />
        <cmp x="1248" y="1087" width="48" height="69" />
      </word>
      <word id="a02-008-02-07" tag="PP3OS" text="them">
        <cmp x="1308" y="1100" width="29" height="44" />
        <cmp x="1328" y="1099" width="33" height="42" />
        <cmp x="1363" y="1117" width="27" height="22" />
        <cmp x="1389" y="1114" width="55" height="23" />
      </word>
      <word id="a02-008-02-08" tag="*-" text="-">
        <cmp x="1482" y="1112" width="17" height="6" />
      </word>
      <word id="a02-008-02-09" tag="NP" text="Canada">
        <cmp x="1527" y="1094" width="59" height="47" />
        <cmp x="1588" y="1107" width="18" height="25" />
        <cmp x="1610" y="1107" width="54" height="29" />
        <cmp x="1662" y="1107" width="66" height="37" />
      </word>
      <word id="a02-008-02-10" tag="," text=",">
        <cmp x="1738" y="1128" width="20" height="27" />
      </word>
      <word id="a02-008-02-11" tag="NP" text="Australia">
        <cmp x="1783" y="1095" width="62" height="48" />
        <cmp x="1842" y="1112" width="6" height="6" />
        <cmp x="1844" y="1112" width="28" height="33" />
        <cmp x="1874" y="1096" width="28" height="42" />
        <cmp x="1894" y="1113" width="21" height="25" />
        <cmp x="1911" y="1114" width="30" height="32" />
        <cmp x="1953" y="1097" width="23" height="42" />
        <cmp x="1967" y="1113" width="15" height="25" />
        <cmp x="1992" y="1110" width="31" height="29" />
        <cmp x="1995" y="1102" width="4" height="5" />
      </word>
      <word id="a02-008-02-12" tag="," text=",">
        <cmp x="2023" y="1122" width="27" height="35" />
      </word>
      <upper-contour>
        <point x="340" y="992" />
        <point x="2051" y="992" />
      </upper-contour>
      <lower-contour>
        <point x="342" y="1157" />
        <point x="2051" y="1157" />
      </lower-contour>
    </line>
    <line ass="-372" asx="0" asy="1256" character-width="999" dss="-372" dsx="0" dsy="1356" fd0="14747" fd1="3018" fd2="-1006" filter-width="3" id="a02-008-03" lbs="-390" lbx="0" lby="1307" segmentation="ok" slant="61000" stroke-width="5413" threshold="180" text="New Zealand - will have strong delegations at an opening" ubs="-337" ubx="0" uby="1281">
      <word id="a02-008-03-00" tag="NP" text="New">
        <cmp x="344" y="1270" width="48" height="41" />
        <cmp x="384" y="1281" width="33" height="28" />
        <cmp x="416" y="1280" width="40" height="28" />
      </word>
      <word id="a02-008-03-01" tag="NP" text="Zealand">
        <cmp x="510" y="1260" width="55" height="54" />
        <cmp x="546" y="1287" width="28" height="30" />
        <cmp x="576" y="1271" width="24" height="42" />
        <cmp x="594" y="1287" width="71" height="32" />
        <cmp x="665" y="1279" width="49" height="44" />
      </word>
      <word id="a02-008-03-02" tag="*-" text="-">
        <cmp x="750" y="1298" width="17" height="6" />
      </word>
      <word id="a02-008-03-03" tag="MD" text="will">
        <cmp x="800" y="1283" width="39" height="30" />
        <cmp x="845" y="1286" width="14" height="26" />
        <cmp x="866" y="1276" width="4" height="6" />
        <cmp x="869" y="1270" width="28" height="44" />
        <cmp x="881" y="1273" width="27" height="42" />
      </word>
      <word id="a02-008-03-04" tag="HV" text="have">
        <cmp x="949" y="1272" width="68" height="48" />
        <cmp x="1001" y="1307" width="4" height="5" />
        <cmp x="1024" y="1285" width="25" height="29" />
        <cmp x="1049" y="1284" width="27" height="30" />
      </word>
      <word id="a02-008-03-05" tag="JJ" text="strong">
        <cmp x="1122" y="1290" width="27" height="34" />
        <cmp x="1153" y="1272" width="41" height="47" />
        <cmp x="1192" y="1291" width="53" height="27" />
        <cmp x="1228" y="1291" width="52" height="71" />
      </word>
      <word id="a02-008-03-06" tag="NNS" text="delegations">
        <cmp x="1326" y="1278" width="43" height="38" />
        <cmp x="1362" y="1273" width="51" height="43" />
        <cmp x="1407" y="1284" width="27" height="32" />
        <cmp x="1413" y="1285" width="79" height="82" />
        <cmp x="1422" y="1331" width="3" height="4" />
        <cmp x="1501" y="1277" width="34" height="33" />
        <cmp x="1538" y="1289" width="30" height="29" />
        <cmp x="1546" y="1277" width="3" height="5" />
        <cmp x="1571" y="1289" width="32" height="27" />
        <cmp x="1605" y="1286" width="33" height="36" />
      </word>
      <word id="a02-008-03-07" tag="IN" text="at">
        <cmp x="1678" y="1286" width="32" height="28" />
        <cmp x="1717" y="1268" width="27" height="48" />
      </word>
      <word id="a02-008-03-08" tag="AT" text="an">
        <cmp x="1766" y="1293" width="46" height="27" />
        <cmp x="1816" y="1291" width="20" height="29" />
      </word>
      <word id="a02-008-03-09" tag="JJ" text="opening">
        <cmp x="1873" y="1291" width="29" height="27" />
        <cmp x="1884" y="1295" width="44" height="47" />
        <cmp x="1930" y="1296" width="24" height="27" />
        <cmp x="1952" y="1293" width="29" height="27" />
        <cmp x="1980" y="1296" width="13" height="19" />
        <cmp x="1995" y="1290" width="37" height="26" />
        <cmp x="2000" y="1288" width="4" height="6" />
        <cmp x="2026" y="1292" width="43" height="61" />
      </word>
      <upper-contour>
        <point x="342" y="1157" />
        <point x="2051" y="1157" />
      </upper-contour>
      <lower-contour>
        <point x="342" y="1367" />
        <point x="1933" y="1367" />
      </lower-contour>
    </line>
    <line ass="-1" asx="0" asy="1450" character-width="999" dss="-1" dsx="0" dsy="1530" fd0="14337" fd1="3031" fd2="-999" filter-width="3" id="a02-008-04" lbs="-9" lbx="0" lby="1498" segmentation="ok" slant="62000" stroke-width="5383" threshold="177" text="meeting in London on Monday. Once the Common" ubs="13" ubx="0" uby="1471">
      <word id="a02-008-04-00" tag="NN" text="meeting">
        <cmp x="322" y="1465" width="54" height="33" />
        <cmp x="380" y="1471" width="30" height="28" />
        <cmp x="410" y="1471" width="31" height="29" />
        <cmp x="446" y="1460" width="35" height="37" />
        <cmp x="485" y="1466" width="43" height="27" />
        <cmp x="494" y="1453" width="4" height="7" />
        <cmp x="514" y="1470" width="51" height="62" />
      </word>
      <word id="a02-008-04-01" tag="IN" text="in">
        <cmp x="608" y="1476" width="13" height="24" />
        <cmp x="622" y="1473" width="41" height="30" />
        <cmp x="630" y="1463" width="5" height="5" />
      </word>
      <word id="a02-008-04-02" tag="NP" text="London">
        <cmp x="710" y="1453" width="65" height="49" />
        <cmp x="771" y="1474" width="33" height="25" />
        <cmp x="811" y="1463" width="50" height="41" />
        <cmp x="853" y="1474" width="31" height="28" />
        <cmp x="890" y="1471" width="39" height="30" />
      </word>
      <word id="a02-008-04-03" tag="IN" text="on">
        <cmp x="976" y="1467" width="36" height="28" />
        <cmp x="1010" y="1468" width="42" height="31" />
      </word>
      <word id="a02-008-04-04" tag="NR" text="Monday">
        <cmp x="1118" y="1455" width="59" height="42" />
        <cmp x="1167" y="1468" width="57" height="30" />
        <cmp x="1232" y="1463" width="64" height="38" />
        <cmp x="1250" y="1489" width="7" height="6" />
        <cmp x="1276" y="1457" width="3" height="3" />
        <cmp x="1278" y="1470" width="54" height="56" />
      </word>
      <word id="a02-008-04-05" tag="." text=".">
        <cmp x="1338" y="1482" width="7" height="8" />
      </word>
      <word id="a02-008-04-06" sentence-start="yes" tag="CS" text="Once">
        <cmp x="1399" y="1452" width="46" height="52" />
        <cmp x="1433" y="1470" width="34" height="30" />
        <cmp x="1471" y="1470" width="24" height="29" />
        <cmp x="1501" y="1474" width="28" height="26" />
      </word>
      <word id="a02-008-04-07" tag="ATI" text="the">
        <cmp x="1590" y="1453" width="25" height="43" />
        <cmp x="1607" y="1452" width="29" height="43" />
        <cmp x="1643" y="1467" width="27" height="29" />
      </word>
      <word id="a02-008-04-08" tag="JJ" text="Common">
        <cmp x="1721" y="1452" width="54" height="43" />
        <cmp x="1768" y="1470" width="49" height="29" />
        <cmp x="1817" y="1474" width="78" height="25" />
        <cmp x="1894" y="1473" width="38" height="28" />
      </word>
      <upper-contour>
        <point x="342" y="1367" />
        <point x="1933" y="1367" />
      </upper-contour>
      <lower-contour>
        <point x="323" y="1532" />
        <point x="1933" y="1532" />
      </lower-contour>
    </line>
    <line ass="-56" asx="0" asy="1621" character-width="999" dss="-56" dsx="0" dsy="1702" fd0="14425" fd1="3254" fd2="-981" filter-width="3" id="a02-008-05" lbs="-58" lbx="0" lby="1674" segmentation="ok" slant="64000" stroke-width="5278" threshold="175" text="Market&apos;s Council of Ministers draws up the procedure" ubs="-51" ubx="0" uby="1647">
      <word id="a02-008-05-00" tag="NN$" text="Market&apos;s">
        <cmp x="325" y="1631" width="95" height="47" />
        <cmp x="421" y="1638" width="29" height="37" />
        <cmp x="452" y="1646" width="28" height="28" />
        <cmp x="488" y="1628" width="25" height="51" />
        <cmp x="530" y="1623" width="11" height="18" />
        <cmp x="523" y="1646" width="34" height="36" />
      </word>
      <word id="a02-008-05-01" tag="NN" text="Council">
        <cmp x="625" y="1623" width="40" height="49" />
        <cmp x="651" y="1642" width="57" height="31" />
        <cmp x="708" y="1646" width="31" height="27" />
        <cmp x="743" y="1651" width="40" height="25" />
        <cmp x="780" y="1651" width="4" height="4" />
        <cmp x="795" y="1632" width="29" height="47" />
        <cmp x="796" y="1635" width="6" height="6" />
      </word>
      <word id="a02-008-05-02" tag="INO" text="of">
        <cmp x="873" y="1650" width="32" height="27" />
        <cmp x="908" y="1633" width="33" height="59" />
      </word>
      <word id="a02-008-05-03" tag="NPTS" text="Ministers">
        <cmp x="997" y="1631" width="59" height="46" />
        <cmp x="1051" y="1648" width="13" height="24" />
        <cmp x="1068" y="1652" width="38" height="24" />
        <cmp x="1076" y="1639" width="4" height="7" />
        <cmp x="1110" y="1657" width="13" height="21" />
        <cmp x="1130" y="1645" width="4" height="4" />
        <cmp x="1132" y="1654" width="31" height="27" />
        <cmp x="1169" y="1642" width="40" height="36" />
        <cmp x="1208" y="1648" width="28" height="30" />
        <cmp x="1238" y="1648" width="25" height="31" />
      </word>
      <word id="a02-008-05-04" tag="VBZ" text="draws">
        <cmp x="1320" y="1631" width="50" height="46" />
        <cmp x="1355" y="1649" width="23" height="28" />
        <cmp x="1377" y="1650" width="33" height="29" />
        <cmp x="1419" y="1652" width="38" height="24" />
        <cmp x="1457" y="1656" width="5" height="9" />
        <cmp x="1461" y="1648" width="35" height="34" />
      </word>
      <word id="a02-008-05-05" tag="RP" text="up">
        <cmp x="1546" y="1644" width="34" height="35" />
        <cmp x="1567" y="1648" width="44" height="48" />
        <cmp x="1578" y="1647" width="6" height="7" />
      </word>
      <word id="a02-008-05-06" tag="ATI" text="the">
        <cmp x="1649" y="1634" width="23" height="40" />
        <cmp x="1666" y="1635" width="32" height="44" />
        <cmp x="1704" y="1648" width="26" height="30" />
      </word>
      <word id="a02-008-05-07" tag="NN" text="procedure">
        <cmp x="1749" y="1646" width="47" height="58" />
        <cmp x="1795" y="1646" width="24" height="28" />
        <cmp x="1814" y="1647" width="56" height="30" />
        <cmp x="1870" y="1648" width="28" height="27" />
        <cmp x="1903" y="1652" width="27" height="25" />
        <cmp x="1926" y="1639" width="20" height="37" />
        <cmp x="1942" y="1650" width="36" height="26" />
        <cmp x="1985" y="1648" width="27" height="29" />
        <cmp x="2021" y="1647" width="30" height="30" />
      </word>
      <upper-contour>
        <point x="323" y="1532" />
        <point x="1933" y="1532" />
      </upper-contour>
      <lower-contour>
        <point x="328" y="1704" />
        <point x="2052" y="1704" />
      </lower-contour>
    </line>
    <line ass="11" asx="0" asy="1805" character-width="999" dss="11" dsx="0" dsy="1897" fd0="14695" fd1="3298" fd2="-1118" filter-width="3" id="a02-008-06" lbs="81" lbx="0" lby="1857" segmentation="err" slant="64000" stroke-width="5421" threshold="179" text="for negotiations in a fortnight&apos;s time, these Commonwealth" ubs="-128" ubx="0" uby="1825">
      <word id="a02-008-06-00" tag="IN" text="for">
        <cmp x="330" y="1806" width="29" height="67" />
        <cmp x="349" y="1825" width="32" height="32" />
        <cmp x="381" y="1821" width="31" height="32" />
      </word>
      <word id="a02-008-06-01" tag="NNS" text="negotiations">
        <cmp x="475" y="1819" width="41" height="33" />
        <cmp x="520" y="1822" width="32" height="28" />
        <cmp x="539" y="1821" width="48" height="76" />
        <cmp x="585" y="1825" width="32" height="30" />
        <cmp x="618" y="1807" width="25" height="51" />
        <cmp x="645" y="1826" width="14" height="27" />
        <cmp x="664" y="1830" width="31" height="29" />
        <cmp x="670" y="1814" width="5" height="5" />
        <cmp x="709" y="1811" width="38" height="50" />
        <cmp x="752" y="1829" width="30" height="27" />
        <cmp x="756" y="1818" width="5" height="4" />
        <cmp x="780" y="1829" width="34" height="28" />
        <cmp x="814" y="1826" width="32" height="37" />
      </word>
      <word id="a02-008-06-02" tag="IN" text="in">
        <cmp x="884" y="1831" width="14" height="26" />
        <cmp x="898" y="1828" width="31" height="26" />
        <cmp x="906" y="1820" width="5" height="6" />
      </word>
      <word id="a02-008-06-03" tag="AT" text="a">
        <cmp x="962" y="1826" width="35" height="32" />
      </word>
      <word id="a02-008-06-04" tag="NN$" text="fortnight&apos;s">
        <cmp x="1022" y="1807" width="69" height="66" />
        <cmp x="1097" y="1816" width="23" height="41" />
        <cmp x="1120" y="1827" width="41" height="27" />
        <cmp x="1161" y="1829" width="12" height="19" />
        <cmp x="1168" y="1833" width="41" height="49" />
        <cmp x="1183" y="1819" width="4" height="4" />
        <cmp x="1211" y="1818" width="31" height="35" />
        <cmp x="1249" y="1816" width="24" height="40" />
        <cmp x="1279" y="1826" width="31" height="32" />
        <cmp x="1286" y="1808" width="16" height="19" />
      </word>
      <word id="a02-008-06-05" tag="NN" text="time">
        <cmp x="1344" y="1806" width="31" height="49" />
        <cmp x="1379" y="1829" width="47" height="26" />
        <cmp x="1382" y="1823" width="3" height="3" />
        <cmp x="1428" y="1830" width="30" height="32" />
      </word>
      <word id="a02-008-06-06" tag="," text=",">
        <cmp x="1475" y="1848" width="17" height="25" />
      </word>
      <word id="a02-008-06-07" tag="DTS" text="these">
        <cmp x="1533" y="1812" width="27" height="44" />
        <cmp x="1554" y="1815" width="37" height="37" />
        <cmp x="1597" y="1827" width="31" height="25" />
        <cmp x="1621" y="1826" width="61" height="31" />
      </word>
      <word id="a02-008-06-08" tag="NN" text="Commonwealth">
        <cmp x="1729" y="1807" width="45" height="44" />
        <cmp x="1770" y="1824" width="46" height="24" />
        <cmp x="1821" y="1829" width="47" height="25" />
        <cmp x="1869" y="1831" width="65" height="26" />
        <cmp x="1938" y="1830" width="38" height="25" />
        <cmp x="1975" y="1831" width="30" height="25" />
        <cmp x="2003" y="1833" width="29" height="25" />
        <cmp x="2042" y="1819" width="23" height="38" />
        <cmp x="2064" y="1820" width="26" height="39" />
        <cmp x="2093" y="1817" width="45" height="42" />
      </word>
      <upper-contour>
        <point x="328" y="1704" />
        <point x="2052" y="1704" />
      </upper-contour>
      <lower-contour>
        <point x="328" y="1897" />
        <point x="2106" y="1897" />
      </lower-contour>
    </line>
    <line ass="-62" asx="0" asy="1981" character-width="999" dss="-62" dsx="0" dsy="2073" fd0="14446" fd1="3151" fd2="-1030" filter-width="3" id="a02-008-07" lbs="-60" lbx="0" lby="2029" segmentation="ok" slant="64000" stroke-width="5334" threshold="181" text="countries can arrange for observers to advise the British" ubs="-65" ubx="0" uby="2003">
      <word id="a02-008-07-00" tag="NNS" text="countries">
        <cmp x="327" y="1995" width="24" height="41" />
        <cmp x="353" y="1998" width="33" height="31" />
        <cmp x="389" y="2004" width="33" height="27" />
        <cmp x="420" y="2003" width="3" height="6" />
        <cmp x="423" y="2005" width="30" height="31" />
        <cmp x="465" y="1992" width="48" height="41" />
        <cmp x="516" y="1998" width="6" height="8" />
        <cmp x="523" y="2000" width="58" height="34" />
      </word>
      <word id="a02-008-07-01" tag="MD" text="can">
        <cmp x="649" y="1992" width="22" height="29" />
        <cmp x="670" y="1992" width="5" height="3" />
        <cmp x="677" y="1997" width="65" height="35" />
      </word>
      <word id="a02-008-07-02" tag="VB" text="arrange">
        <cmp x="818" y="2005" width="36" height="28" />
        <cmp x="857" y="2006" width="28" height="28" />
        <cmp x="887" y="2004" width="26" height="25" />
        <cmp x="915" y="2007" width="73" height="25" />
        <cmp x="977" y="2007" width="51" height="70" />
        <cmp x="1031" y="2001" width="28" height="33" />
      </word>
      <word id="a02-008-07-03" tag="IN" text="for">
        <cmp x="1103" y="1983" width="85" height="70" />
      </word>
      <word id="a02-008-07-04" tag="NNS" text="observers">
        <cmp x="1251" y="1993" width="59" height="45" />
        <cmp x="1313" y="2019" width="22" height="17" />
        <cmp x="1320" y="2006" width="25" height="13" />
        <cmp x="1344" y="2006" width="22" height="30" />
        <cmp x="1367" y="2004" width="28" height="29" />
        <cmp x="1400" y="2003" width="27" height="30" />
        <cmp x="1422" y="2007" width="30" height="31" />
        <cmp x="1444" y="2008" width="27" height="27" />
        <cmp x="1466" y="2005" width="26" height="35" />
      </word>
      <word id="a02-008-07-05" tag="TO" text="to">
        <cmp x="1544" y="1989" width="24" height="45" />
        <cmp x="1559" y="2004" width="29" height="27" />
      </word>
      <word id="a02-008-07-06" tag="VB" text="advise">
        <cmp x="1631" y="2006" width="36" height="28" />
        <cmp x="1665" y="1997" width="42" height="38" />
        <cmp x="1707" y="2007" width="27" height="28" />
        <cmp x="1730" y="2007" width="14" height="22" />
        <cmp x="1746" y="2009" width="21" height="28" />
        <cmp x="1753" y="1999" width="5" height="5" />
        <cmp x="1772" y="2010" width="28" height="30" />
      </word>
      <word id="a02-008-07-07" tag="ATI" text="the">
        <cmp x="1835" y="1995" width="49" height="38" />
        <cmp x="1885" y="2010" width="22" height="26" />
      </word>
      <word id="a02-008-07-08" tag="JNP" text="British">
        <cmp x="1939" y="1992" width="52" height="44" />
        <cmp x="2003" y="1999" width="3" height="4" />
        <cmp x="2005" y="1990" width="23" height="43" />
        <cmp x="2029" y="2009" width="11" height="20" />
        <cmp x="2038" y="2005" width="3" height="3" />
        <cmp x="2044" y="2009" width="22" height="25" />
        <cmp x="2049" y="1993" width="4" height="4" />
        <cmp x="2075" y="1996" width="30" height="39" />
      </word>
      <upper-contour>
        <point x="328" y="1897" />
        <point x="2106" y="1897" />
      </upper-contour>
      <lower-contour>
        <point x="325" y="2037" />
        <point x="864" y="2037" />
      </lower-contour>
    </line>
    <line ass="-429" asx="0" asy="2154" character-width="999" dss="-429" dsx="0" dsy="2248" fd0="14609" fd1="3111" fd2="-1398" filter-width="3" id="a02-008-08" lbs="214" lbx="0" lby="2212" segmentation="ok" slant="64000" stroke-width="5534" threshold="170" text="negotiating team." ubs="-1716" ubx="0" uby="2166">
      <word id="a02-008-08-00" tag="JJ" text="negotiating">
        <cmp x="320" y="2172" width="37" height="32" />
        <cmp x="361" y="2176" width="28" height="28" />
        <cmp x="368" y="2181" width="77" height="70" />
        <cmp x="369" y="2219" width="10" height="13" />
        <cmp x="457" y="2170" width="32" height="40" />
        <cmp x="498" y="2174" width="5" height="7" />
        <cmp x="499" y="2179" width="33" height="29" />
        <cmp x="530" y="2160" width="41" height="49" />
        <cmp x="573" y="2185" width="39" height="34" />
        <cmp x="580" y="2162" width="7" height="9" />
        <cmp x="605" y="2188" width="45" height="65" />
      </word>
      <word id="a02-008-08-01" tag="NN" text="team">
        <cmp x="706" y="2168" width="45" height="44" />
        <cmp x="728" y="2162" width="4" height="6" />
        <cmp x="750" y="2187" width="29" height="25" />
        <cmp x="780" y="2184" width="58" height="27" />
      </word>
      <word id="a02-008-08-02" tag="." text=".">
        <cmp x="855" y="2195" width="8" height="9" />
      </word>
      <upper-contour>
        <point x="325" y="2037" />
        <point x="864" y="2037" />
      </upper-contour>
    </line>
  </handwritten-part>
</form>

