<?xml version="1.0" encoding="ISO-8859-1"?>

<!DOCTYPE form SYSTEM 'http://www.iam.unibe.ch/~fki/iamdb/form-metadata.dtd'>

<form created="2002-01-15" height="3542" id="a02-067" last-modified="2002-07-17" skew="-63" status="final" version="3.0_beta" width="2479" writer-id="032">
  <machine-printed-part>
    <machine-print-line text="They are required to show why they should not be bound over for disturbing the" />
    <machine-print-line text="peace and for inciting a breach of the peace. The summonses say they are &amp;quot;likely to" />
    <machine-print-line text="persevere in such unlawful conduct.&amp;quot; Lord Russell, 89, was putting his affairs in order," />
    <machine-print-line text="and packing a case, at his Chelsea home yesterday. His secretary, American-born Mr." />
    <machine-print-line text="Ralph Schoenman, said:" />
  </machine-printed-part>
  <handwritten-part>
    <line ass="-658" asx="0" asy="746" character-width="999" dss="-658" dsx="0" dsy="884" fd0="13257" fd1="2527" fd2="-700" filter-width="3" id="a02-067-00" lbs="-724" lbx="0" lby="822" segmentation="ok" slant="90000" stroke-width="5237" threshold="174" text="They are required to show why they" ubs="-526" ubx="0" uby="791">
      <word id="a02-067-00-00" sentence-start="yes" tag="PP3AS" text="They">
        <cmp x="334" y="750" width="80" height="86" />
        <cmp x="395" y="768" width="78" height="64" />
        <cmp x="482" y="794" width="98" height="98" />
      </word>
      <word id="a02-067-00-01" tag="BER" text="are">
        <cmp x="606" y="796" width="142" height="38" />
      </word>
      <word id="a02-067-00-02" tag="VBN" text="required">
        <cmp x="805" y="793" width="33" height="43" />
        <cmp x="847" y="797" width="21" height="36" />
        <cmp x="880" y="799" width="37" height="76" />
        <cmp x="928" y="803" width="67" height="37" />
        <cmp x="1006" y="774" width="10" height="4" />
        <cmp x="1006" y="805" width="19" height="39" />
        <cmp x="1036" y="805" width="29" height="35" />
        <cmp x="1070" y="800" width="24" height="39" />
        <cmp x="1105" y="780" width="50" height="61" />
      </word>
      <word id="a02-067-00-03" tag="TO" text="to">
        <cmp x="1238" y="780" width="37" height="66" />
        <cmp x="1271" y="803" width="43" height="36" />
      </word>
      <word id="a02-067-00-04" tag="VB" text="show">
        <cmp x="1394" y="809" width="37" height="37" />
        <cmp x="1440" y="780" width="56" height="60" />
        <cmp x="1501" y="811" width="35" height="32" />
        <cmp x="1548" y="814" width="79" height="23" />
      </word>
      <word id="a02-067-00-05" tag="WRB" text="why">
        <cmp x="1685" y="796" width="83" height="42" />
        <cmp x="1779" y="781" width="106" height="106" />
      </word>
      <word id="a02-067-00-06" tag="PP3AS" text="they">
        <cmp x="1952" y="779" width="100" height="71" />
        <cmp x="2060" y="808" width="67" height="83" />
      </word>
      <lower-contour>
        <point x="332" y="892" />
        <point x="2128" y="892" />
      </lower-contour>
    </line>
    <line ass="-485" asx="0" asy="924" character-width="999" dss="-485" dsx="0" dsy="1041" fd0="13356" fd1="2415" fd2="-1054" filter-width="3" id="a02-067-01" lbs="-443" lbx="0" lby="1004" segmentation="ok" slant="90000" stroke-width="5312" threshold="174" text="should not be bound over for disturbing" ubs="-569" ubx="0" uby="968">
      <word id="a02-067-01-00" tag="MD" text="should">
        <cmp x="334" y="960" width="50" height="46" />
        <cmp x="399" y="933" width="50" height="74" />
        <cmp x="451" y="966" width="93" height="41" />
        <cmp x="556" y="946" width="87" height="61" />
      </word>
      <word id="a02-067-01-01" tag="XNOT" text="not">
        <cmp x="715" y="971" width="74" height="37" />
        <cmp x="789" y="975" width="31" height="37" />
        <cmp x="834" y="933" width="40" height="80" />
      </word>
      <word id="a02-067-01-02" tag="BE" text="be">
        <cmp x="938" y="941" width="79" height="74" />
      </word>
      <word id="a02-067-01-03" tag="VBN" text="bound">
        <cmp x="1092" y="960" width="53" height="56" />
        <cmp x="1159" y="979" width="160" height="40" />
        <cmp x="1329" y="965" width="52" height="55" />
      </word>
      <word id="a02-067-01-04" tag="RP" text="over">
        <cmp x="1462" y="981" width="38" height="44" />
        <cmp x="1515" y="984" width="113" height="37" />
      </word>
      <word id="a02-067-01-05" tag="IN" text="for">
        <cmp x="1675" y="953" width="131" height="93" />
      </word>
      <word id="a02-067-01-06" tag="VBG" text="disturbing">
        <cmp x="1868" y="966" width="86" height="58" />
        <cmp x="1952" y="968" width="12" height="10" />
        <cmp x="1961" y="953" width="158" height="67" />
        <cmp x="2128" y="955" width="58" height="64" />
        <cmp x="2183" y="977" width="11" height="9" />
        <cmp x="2192" y="990" width="53" height="29" />
        <cmp x="2249" y="992" width="33" height="69" />
      </word>
      <upper-contour>
        <point x="332" y="892" />
        <point x="2128" y="892" />
      </upper-contour>
      <lower-contour>
        <point x="340" y="1047" />
        <point x="2149" y="1047" />
      </lower-contour>
    </line>
    <line ass="-221" asx="0" asy="1113" character-width="999" dss="-221" dsx="0" dsy="1234" fd0="13536" fd1="2747" fd2="-489" filter-width="3" id="a02-067-02" lbs="-164" lbx="0" lby="1189" segmentation="ok" slant="98000" stroke-width="5471" threshold="172" text="the peace and for inciting a breach" ubs="-334" ubx="0" uby="1151">
      <word id="a02-067-02-00" tag="ATI" text="the">
        <cmp x="342" y="1115" width="96" height="73" />
        <cmp x="448" y="1151" width="21" height="34" />
      </word>
      <word id="a02-067-02-01" tag="NN" text="peace">
        <cmp x="543" y="1155" width="46" height="74" />
        <cmp x="601" y="1153" width="79" height="38" />
        <cmp x="693" y="1155" width="37" height="37" />
        <cmp x="734" y="1159" width="28" height="36" />
      </word>
      <word id="a02-067-02-02" tag="CC" text="and">
        <cmp x="861" y="1149" width="125" height="46" />
        <cmp x="991" y="1146" width="49" height="45" />
      </word>
      <word id="a02-067-02-03" tag="IN" text="for">
        <cmp x="1102" y="1124" width="127" height="100" />
      </word>
      <word id="a02-067-02-04" tag="VBG" text="inciting">
        <cmp x="1290" y="1157" width="108" height="42" />
        <cmp x="1346" y="1122" width="16" height="10" />
        <cmp x="1416" y="1161" width="69" height="34" />
        <cmp x="1465" y="1128" width="10" height="10" />
        <cmp x="1493" y="1125" width="67" height="72" />
        <cmp x="1550" y="1143" width="10" height="9" />
        <cmp x="1566" y="1167" width="60" height="30" />
        <cmp x="1633" y="1171" width="43" height="70" />
      </word>
      <word id="a02-067-02-05" tag="AT" text="a">
        <cmp x="1744" y="1157" width="53" height="39" />
      </word>
      <word id="a02-067-02-06" tag="NN" text="breach">
        <cmp x="1864" y="1131" width="88" height="63" />
        <cmp x="1968" y="1162" width="81" height="40" />
        <cmp x="2056" y="1166" width="36" height="30" />
        <cmp x="2093" y="1153" width="55" height="44" />
      </word>
      <upper-contour>
        <point x="340" y="1047" />
        <point x="2149" y="1047" />
      </upper-contour>
      <lower-contour>
        <point x="355" y="1241" />
        <point x="2149" y="1241" />
      </lower-contour>
    </line>
    <line ass="-44" asx="0" asy="1290" character-width="999" dss="-44" dsx="0" dsy="1424" fd0="13363" fd1="2476" fd2="-644" filter-width="3" id="a02-067-03" lbs="-19" lbx="0" lby="1375" segmentation="ok" slant="98000" stroke-width="5386" threshold="172" text="of the peace. The summonses say they" ubs="-94" ubx="0" uby="1344">
      <word id="a02-067-03-00" tag="INO" text="of">
        <cmp x="357" y="1291" width="76" height="107" />
      </word>
      <word id="a02-067-03-01" tag="ATI" text="the">
        <cmp x="502" y="1301" width="94" height="68" />
        <cmp x="601" y="1338" width="26" height="32" />
      </word>
      <word id="a02-067-03-02" tag="NN" text="peace">
        <cmp x="717" y="1330" width="44" height="69" />
        <cmp x="765" y="1332" width="92" height="39" />
        <cmp x="874" y="1336" width="34" height="34" />
        <cmp x="921" y="1339" width="31" height="35" />
      </word>
      <word id="a02-067-03-03" tag="." text=".">
        <cmp x="961" y="1375" width="8" height="8" />
      </word>
      <word id="a02-067-03-04" sentence-start="yes" tag="ATI" text="The">
        <cmp x="1059" y="1307" width="90" height="65" />
        <cmp x="1158" y="1335" width="26" height="37" />
      </word>
      <word id="a02-067-03-05" tag="NNS" text="summonses">
        <cmp x="1231" y="1342" width="51" height="30" />
        <cmp x="1282" y="1343" width="77" height="34" />
        <cmp x="1360" y="1344" width="104" height="36" />
        <cmp x="1470" y="1347" width="93" height="32" />
        <cmp x="1578" y="1346" width="98" height="36" />
        <cmp x="1686" y="1353" width="30" height="27" />
        <cmp x="1731" y="1350" width="61" height="28" />
      </word>
      <word id="a02-067-03-06" tag="VB" text="say">
        <cmp x="1868" y="1340" width="174" height="87" />
      </word>
      <word id="a02-067-03-07" tag="PP3AS" text="they">
        <cmp x="2088" y="1311" width="102" height="67" />
        <cmp x="2199" y="1342" width="56" height="76" />
      </word>
      <upper-contour>
        <point x="355" y="1241" />
        <point x="2149" y="1241" />
      </upper-contour>
      <lower-contour>
        <point x="361" y="1427" />
        <point x="2256" y="1427" />
      </lower-contour>
    </line>
    <line ass="-452" asx="0" asy="1469" character-width="999" dss="-452" dsx="0" dsy="1587" fd0="13671" fd1="2512" fd2="-781" filter-width="3" id="a02-067-04" lbs="-424" lbx="0" lby="1541" segmentation="ok" slant="92999" stroke-width="5316" threshold="170" text="are &amp;quot;likely to persevere in such unlawful" ubs="-507" ubx="0" uby="1505">
      <word id="a02-067-04-00" tag="BER" text="are">
        <cmp x="363" y="1501" width="147" height="46" />
      </word>
      <word id="a02-067-04-01" tag="*&apos;" text="&quot;">
        <cmp x="534" y="1483" width="20" height="38" />
      </word>
      <word id="a02-067-04-02" tag="JJ" text="likely">
        <cmp x="539" y="1487" width="85" height="59" />
        <cmp x="616" y="1486" width="8" height="6" />
        <cmp x="630" y="1487" width="51" height="61" />
        <cmp x="688" y="1517" width="22" height="32" />
        <cmp x="723" y="1496" width="73" height="97" />
      </word>
      <word id="a02-067-04-03" tag="TO" text="to">
        <cmp x="873" y="1489" width="93" height="62" />
      </word>
      <word id="a02-067-04-04" tag="VB" text="persevere">
        <cmp x="1034" y="1520" width="46" height="68" />
        <cmp x="1083" y="1520" width="63" height="37" />
        <cmp x="1151" y="1520" width="41" height="36" />
        <cmp x="1200" y="1514" width="66" height="48" />
        <cmp x="1265" y="1523" width="91" height="33" />
        <cmp x="1371" y="1528" width="29" height="30" />
        <cmp x="1405" y="1523" width="20" height="33" />
      </word>
      <word id="a02-067-04-05" tag="IN" text="in">
        <cmp x="1508" y="1513" width="99" height="44" />
        <cmp x="1561" y="1483" width="14" height="7" />
      </word>
      <word id="a02-067-04-06" tag="ABL" text="such">
        <cmp x="1684" y="1513" width="56" height="47" />
        <cmp x="1745" y="1521" width="72" height="37" />
        <cmp x="1829" y="1503" width="84" height="50" />
      </word>
      <word id="a02-067-04-07" tag="JJ" text="unlawful">
        <cmp x="1970" y="1513" width="144" height="44" />
        <cmp x="2131" y="1499" width="76" height="56" />
        <cmp x="2209" y="1523" width="88" height="35" />
        <cmp x="2303" y="1495" width="33" height="92" />
        <cmp x="2339" y="1526" width="52" height="27" />
        <cmp x="2396" y="1508" width="36" height="56" />
      </word>
      <upper-contour>
        <point x="361" y="1427" />
        <point x="2256" y="1427" />
      </upper-contour>
      <lower-contour>
        <point x="362" y="1594" />
        <point x="2017" y="1594" />
      </lower-contour>
    </line>
    <line ass="-460" asx="0" asy="1638" character-width="999" dss="-460" dsx="0" dsy="1746" fd0="13862" fd1="2746" fd2="-344" filter-width="3" id="a02-067-05" lbs="-381" lbx="0" lby="1720" segmentation="ok" slant="92999" stroke-width="5363" threshold="170" text="conduct.&amp;quot; Lord Russell, 89, was" ubs="-620" ubx="0" uby="1683">
      <word id="a02-067-05-00" tag="NN" text="conduct">
        <cmp x="364" y="1681" width="153" height="47" />
        <cmp x="543" y="1663" width="119" height="60" />
        <cmp x="678" y="1689" width="30" height="38" />
        <cmp x="721" y="1653" width="42" height="72" />
      </word>
      <word id="a02-067-05-01" tag="." text=".">
        <cmp x="787" y="1719" width="9" height="8" />
      </word>
      <word id="a02-067-05-02" tag="**&apos;" text="&quot;">
        <cmp x="816" y="1657" width="17" height="24" />
      </word>
      <word id="a02-067-05-03" sentence-start="yes" tag="NPT" text="Lord">
        <cmp x="935" y="1646" width="144" height="83" />
        <cmp x="1095" y="1672" width="63" height="55" />
      </word>
      <word id="a02-067-05-04" tag="NP" text="Russell">
        <cmp x="1234" y="1667" width="58" height="66" />
        <cmp x="1303" y="1702" width="67" height="33" />
        <cmp x="1378" y="1710" width="44" height="29" />
        <cmp x="1425" y="1712" width="37" height="25" />
        <cmp x="1477" y="1707" width="23" height="31" />
        <cmp x="1515" y="1673" width="62" height="57" />
      </word>
      <word id="a02-067-05-05" tag="," text=",">
        <cmp x="1595" y="1733" width="10" height="25" />
      </word>
      <word id="a02-067-05-06" tag="CD" text="89">
        <cmp x="1664" y="1672" width="35" height="56" />
        <cmp x="1712" y="1675" width="34" height="51" />
      </word>
      <word id="a02-067-05-07" tag="," text=",">
        <cmp x="1779" y="1728" width="12" height="29" />
      </word>
      <word id="a02-067-05-08" tag="BEDZ" text="was">
        <cmp x="1846" y="1696" width="170" height="40" />
      </word>
      <upper-contour>
        <point x="362" y="1594" />
        <point x="2017" y="1594" />
      </upper-contour>
      <lower-contour>
        <point x="365" y="1759" />
        <point x="2017" y="1759" />
      </lower-contour>
    </line>
    <line ass="-12" asx="0" asy="1825" character-width="999" dss="-12" dsx="0" dsy="1953" fd0="13383" fd1="2300" fd2="-983" filter-width="3" id="a02-067-06" lbs="70" lbx="0" lby="1914" segmentation="ok" slant="103000" stroke-width="5576" threshold="170" text="putting his affairs in order, and" ubs="-178" ubx="0" uby="1868">
      <word id="a02-067-06-00" tag="VBG" text="putting">
        <cmp x="367" y="1865" width="51" height="76" />
        <cmp x="426" y="1867" width="67" height="43" />
        <cmp x="500" y="1826" width="112" height="89" />
        <cmp x="599" y="1845" width="11" height="14" />
        <cmp x="614" y="1869" width="78" height="48" />
        <cmp x="697" y="1863" width="45" height="91" />
      </word>
      <word id="a02-067-06-01" tag="PP$" text="his">
        <cmp x="816" y="1843" width="156" height="63" />
        <cmp x="909" y="1852" width="13" height="9" />
      </word>
      <word id="a02-067-06-02" tag="NNS" text="affairs">
        <cmp x="1043" y="1867" width="40" height="41" />
        <cmp x="1097" y="1842" width="37" height="102" />
        <cmp x="1149" y="1841" width="26" height="98" />
        <cmp x="1191" y="1868" width="90" height="38" />
        <cmp x="1246" y="1845" width="14" height="10" />
        <cmp x="1287" y="1870" width="15" height="36" />
        <cmp x="1318" y="1876" width="32" height="28" />
      </word>
      <word id="a02-067-06-03" tag="IN" text="in">
        <cmp x="1430" y="1876" width="105" height="37" />
        <cmp x="1513" y="1854" width="10" height="7" />
      </word>
      <word id="a02-067-06-04" tag="NN" text="order">
        <cmp x="1617" y="1872" width="76" height="42" />
        <cmp x="1705" y="1852" width="54" height="59" />
        <cmp x="1772" y="1878" width="55" height="36" />
      </word>
      <word id="a02-067-06-05" tag="," text=",">
        <cmp x="1846" y="1918" width="9" height="32" />
      </word>
      <word id="a02-067-06-06" tag="CC" text="and">
        <cmp x="1937" y="1868" width="119" height="43" />
        <cmp x="2065" y="1848" width="55" height="58" />
      </word>
      <upper-contour>
        <point x="365" y="1759" />
        <point x="2017" y="1759" />
      </upper-contour>
      <lower-contour>
        <point x="365" y="1954" />
        <point x="2116" y="1954" />
      </lower-contour>
    </line>
    <line ass="-13" asx="0" asy="2019" character-width="999" dss="-13" dsx="0" dsy="2135" fd0="13802" fd1="2655" fd2="-625" filter-width="3" id="a02-067-07" lbs="26" lbx="0" lby="2085" segmentation="err" slant="108000" stroke-width="5331" threshold="173" text="packing a case, at his Chelsea home" ubs="-92" ubx="0" uby="2052">
      <word id="a02-067-07-00" tag="VBG" text="packing">
        <cmp x="349" y="2048" width="56" height="76" />
        <cmp x="421" y="2041" width="47" height="47" />
        <cmp x="491" y="2020" width="71" height="69" />
        <cmp x="564" y="2053" width="97" height="34" />
        <cmp x="604" y="2029" width="22" height="7" />
        <cmp x="663" y="2057" width="48" height="79" />
      </word>
      <word id="a02-067-07-01" tag="AT" text="a">
        <cmp x="798" y="2049" width="49" height="44" />
      </word>
      <word id="a02-067-07-02" tag="NN" text="case">
        <cmp x="909" y="2052" width="40" height="37" />
        <cmp x="955" y="2052" width="94" height="38" />
      </word>
      <word id="a02-067-07-03" tag="," text=",">
        <cmp x="1056" y="2056" width="23" height="34" />
        <cmp x="1094" y="2098" width="9" height="31" />
      </word>
      <word id="a02-067-07-04" tag="IN" text="at">
        <cmp x="1156" y="2048" width="36" height="39" />
        <cmp x="1196" y="2020" width="37" height="74" />
      </word>
      <word id="a02-067-07-05" tag="PP$" text="his">
        <cmp x="1285" y="2032" width="119" height="60" />
        <cmp x="1389" y="2038" width="11" height="10" />
        <cmp x="1404" y="2060" width="38" height="26" />
      </word>
      <word id="a02-067-07-06" tag="NP" text="Chelsea">
        <cmp x="1495" y="2030" width="94" height="56" />
        <cmp x="1528" y="2049" width="3" height="5" />
        <cmp x="1602" y="2054" width="20" height="33" />
        <cmp x="1643" y="2032" width="63" height="55" />
        <cmp x="1718" y="2053" width="19" height="35" />
        <cmp x="1752" y="2053" width="44" height="34" />
      </word>
      <word id="a02-067-07-07" tag="NR" text="home">
        <cmp x="1867" y="2031" width="214" height="61" />
        <cmp x="2091" y="2059" width="24" height="32" />
      </word>
      <upper-contour>
        <point x="365" y="1954" />
        <point x="2116" y="1954" />
      </upper-contour>
      <lower-contour>
        <point x="347" y="2136" />
        <point x="2116" y="2136" />
      </lower-contour>
    </line>
    <line ass="-204" asx="0" asy="2191" character-width="999" dss="-204" dsx="0" dsy="2312" fd0="13732" fd1="2325" fd2="-828" filter-width="3" id="a02-067-08" lbs="-229" lbx="0" lby="2261" segmentation="ok" slant="102000" stroke-width="5441" threshold="170" text="yesterday. His secretary, American-born" ubs="-153" ubx="0" uby="2231">
      <word id="a02-067-08-00" tag="NR" text="yesterday">
        <cmp x="319" y="2228" width="171" height="88" />
        <cmp x="497" y="2194" width="35" height="70" />
        <cmp x="548" y="2223" width="63" height="40" />
        <cmp x="631" y="2206" width="181" height="94" />
      </word>
      <word id="a02-067-08-01" tag="." text=".">
        <cmp x="832" y="2257" width="11" height="9" />
      </word>
      <word id="a02-067-08-02" sentence-start="yes" tag="PP$" text="His">
        <cmp x="905" y="2207" width="115" height="63" />
        <cmp x="1011" y="2216" width="9" height="7" />
        <cmp x="1023" y="2240" width="42" height="24" />
      </word>
      <word id="a02-067-08-03" tag="NN" text="secretary">
        <cmp x="1134" y="2233" width="77" height="36" />
        <cmp x="1233" y="2233" width="72" height="39" />
        <cmp x="1316" y="2234" width="26" height="36" />
        <cmp x="1354" y="2199" width="44" height="75" />
        <cmp x="1410" y="2237" width="79" height="34" />
        <cmp x="1497" y="2237" width="70" height="70" />
      </word>
      <word id="a02-067-08-04" tag="," text=",">
        <cmp x="1587" y="2268" width="7" height="25" />
      </word>
      <word id="a02-067-08-05" tag="JJB" text="American-born">
        <cmp x="1650" y="2197" width="139" height="71" />
        <cmp x="1804" y="2233" width="60" height="37" />
        <cmp x="1877" y="2212" width="12" height="11" />
        <cmp x="1880" y="2239" width="13" height="32" />
        <cmp x="1910" y="2239" width="91" height="32" />
        <cmp x="2005" y="2240" width="63" height="30" />
        <cmp x="2089" y="2245" width="33" height="6" />
        <cmp x="2161" y="2200" width="139" height="71" />
        <cmp x="2294" y="2241" width="56" height="28" />
      </word>
      <upper-contour>
        <point x="347" y="2136" />
        <point x="2116" y="2136" />
      </upper-contour>
      <lower-contour>
        <point x="325" y="2316" />
        <point x="1830" y="2316" />
      </lower-contour>
    </line>
    <line ass="-134" asx="0" asy="2353" character-width="999" dss="-134" dsx="0" dsy="2481" fd0="13588" fd1="2372" fd2="-1147" filter-width="3" id="a02-067-09" lbs="-34" lbx="0" lby="2446" segmentation="ok" slant="92000" stroke-width="5327" threshold="171" text="Mr. Ralph Schoenman, said:" ubs="-334" ubx="0" uby="2408">
      <word id="a02-067-09-00" tag="NPT" text="Mr.">
        <cmp x="327" y="2354" width="127" height="96" />
        <cmp x="458" y="2435" width="11" height="8" />
      </word>
      <word id="a02-067-09-01" tag="NP" text="Ralph">
        <cmp x="589" y="2368" width="75" height="80" />
        <cmp x="670" y="2382" width="91" height="65" />
        <cmp x="777" y="2416" width="46" height="67" />
        <cmp x="828" y="2388" width="60" height="60" />
      </word>
      <word id="a02-067-09-02" tag="NP" text="Schoenman">
        <cmp x="946" y="2379" width="46" height="75" />
        <cmp x="1002" y="2395" width="92" height="58" />
        <cmp x="1098" y="2413" width="71" height="39" />
        <cmp x="1174" y="2420" width="60" height="36" />
        <cmp x="1242" y="2416" width="101" height="39" />
        <cmp x="1350" y="2417" width="35" height="35" />
        <cmp x="1400" y="2415" width="52" height="37" />
      </word>
      <word id="a02-067-09-03" tag="," text=",">
        <cmp x="1484" y="2448" width="8" height="27" />
      </word>
      <word id="a02-067-09-04" tag="VBD" text="said">
        <cmp x="1553" y="2413" width="48" height="36" />
        <cmp x="1620" y="2410" width="102" height="35" />
        <cmp x="1693" y="2387" width="19" height="10" />
        <cmp x="1722" y="2397" width="56" height="50" />
      </word>
      <word id="a02-067-09-05" tag=":" text=":">
        <cmp x="1813" y="2418" width="12" height="10" />
        <cmp x="1818" y="2436" width="11" height="10" />
      </word>
      <upper-contour>
        <point x="325" y="2316" />
        <point x="1830" y="2316" />
      </upper-contour>
    </line>
  </handwritten-part>
</form>

