<?xml version="1.0" encoding="ISO-8859-1"?>

<!DOCTYPE form SYSTEM 'http://www.iam.unibe.ch/~fki/iamdb/form-metadata.dtd'>

<form created="2002-01-15" height="3542" id="a02-072" last-modified="2002-07-17" skew="-30" status="final" version="3.0_beta" width="2479" writer-id="033">
  <machine-printed-part>
    <machine-print-line text="&amp;quot;He is not going to agree to be bound over. That will probably mean jail and," />
    <machine-print-line text="though frail, he is very fit and will take the rigours of prison in his stride. He hopes" />
    <machine-print-line text="to be allowed to do some writing.&amp;quot; Back at the Press conference, Mr. Clark said" />
    <machine-print-line text="two committee members tried a &amp;quot;plant&amp;quot; call on a suspect phone. They discussed a" />
    <machine-print-line text="sit-down at Watford at 5.30 p.m. - none was planned but police turned up." />
  </machine-printed-part>
  <handwritten-part>
    <line ass="-199" asx="0" asy="932" character-width="999" dss="-199" dsx="0" dsy="1026" fd0="12625" fd1="3399" fd2="-716" filter-width="3" id="a02-072-00" lbs="-204" lbx="0" lby="1000" segmentation="ok" slant="90000" stroke-width="5299" threshold="156" text="&amp;quot;He is not going to agree to be bound over. That will" ubs="-188" ubx="0" uby="962">
      <word id="a02-072-00-00" sentence-start="yes" tag="*&apos;" text="&quot;">
        <cmp x="361" y="991" width="4" height="23" />
        <cmp x="370" y="989" width="6" height="26" />
      </word>
      <word id="a02-072-00-01" tag="PP3A" text="He">
        <cmp x="398" y="937" width="22" height="60" />
        <cmp x="431" y="957" width="21" height="37" />
      </word>
      <word id="a02-072-00-02" tag="BEZ" text="is">
        <cmp x="485" y="935" width="5" height="3" />
        <cmp x="488" y="963" width="5" height="32" />
        <cmp x="503" y="961" width="24" height="34" />
      </word>
      <word id="a02-072-00-03" tag="XNOT" text="not">
        <cmp x="571" y="961" width="22" height="36" />
        <cmp x="603" y="958" width="18" height="42" />
        <cmp x="629" y="944" width="18" height="54" />
      </word>
      <word id="a02-072-00-04" tag="VBG" text="going">
        <cmp x="687" y="962" width="23" height="66" />
        <cmp x="720" y="962" width="19" height="42" />
        <cmp x="743" y="946" width="5" height="5" />
        <cmp x="745" y="966" width="6" height="37" />
        <cmp x="763" y="964" width="23" height="39" />
        <cmp x="791" y="963" width="25" height="66" />
      </word>
      <word id="a02-072-00-05" tag="TO" text="to">
        <cmp x="868" y="950" width="17" height="48" />
        <cmp x="893" y="963" width="20" height="39" />
      </word>
      <word id="a02-072-00-06" tag="VB" text="agree">
        <cmp x="963" y="964" width="23" height="39" />
        <cmp x="990" y="966" width="25" height="63" />
        <cmp x="1027" y="968" width="17" height="38" />
        <cmp x="1054" y="966" width="21" height="40" />
        <cmp x="1084" y="966" width="23" height="35" />
      </word>
      <word id="a02-072-00-07" tag="TO" text="to">
        <cmp x="1156" y="948" width="16" height="55" />
        <cmp x="1182" y="965" width="17" height="37" />
      </word>
      <word id="a02-072-00-08" tag="BE" text="be">
        <cmp x="1251" y="946" width="25" height="60" />
        <cmp x="1285" y="970" width="18" height="36" />
      </word>
      <word id="a02-072-00-09" tag="VBN" text="bound">
        <cmp x="1355" y="950" width="24" height="54" />
        <cmp x="1386" y="967" width="18" height="37" />
        <cmp x="1407" y="970" width="23" height="32" />
        <cmp x="1440" y="967" width="23" height="36" />
        <cmp x="1477" y="939" width="21" height="64" />
      </word>
      <word id="a02-072-00-10" tag="RP" text="over">
        <cmp x="1550" y="967" width="18" height="40" />
        <cmp x="1575" y="970" width="17" height="36" />
        <cmp x="1598" y="967" width="19" height="37" />
        <cmp x="1625" y="969" width="23" height="36" />
      </word>
      <word id="a02-072-00-11" tag="." text=".">
        <cmp x="1681" y="1001" width="4" height="5" />
      </word>
      <word id="a02-072-00-12" sentence-start="yes" tag="DT" text="That">
        <cmp x="1729" y="951" width="32" height="56" />
        <cmp x="1766" y="958" width="22" height="52" />
        <cmp x="1797" y="972" width="17" height="36" />
        <cmp x="1821" y="952" width="19" height="54" />
      </word>
      <word id="a02-072-00-13" tag="MD" text="will">
        <cmp x="1879" y="971" width="32" height="38" />
        <cmp x="1917" y="954" width="5" height="6" />
        <cmp x="1917" y="976" width="6" height="33" />
        <cmp x="1933" y="953" width="19" height="58" />
        <cmp x="1956" y="952" width="17" height="55" />
      </word>
      <lower-contour>
        <point x="391" y="1030" />
        <point x="1974" y="1030" />
      </lower-contour>
    </line>
    <line ass="-116" asx="0" asy="1109" character-width="999" dss="-116" dsx="0" dsy="1227" fd0="12385" fd1="3307" fd2="-932" filter-width="3" id="a02-072-01" lbs="-148" lbx="0" lby="1188" segmentation="ok" slant="87000" stroke-width="5296" threshold="157" text="probably mean jail and, though frail, he is very fit and" ubs="-51" ubx="0" uby="1145">
      <word id="a02-072-01-00" tag="RB" text="probably">
        <cmp x="393" y="1146" width="23" height="70" />
        <cmp x="423" y="1146" width="21" height="40" />
        <cmp x="448" y="1143" width="20" height="39" />
        <cmp x="482" y="1120" width="29" height="66" />
        <cmp x="516" y="1145" width="21" height="41" />
        <cmp x="544" y="1123" width="27" height="62" />
        <cmp x="584" y="1129" width="17" height="56" />
        <cmp x="608" y="1149" width="25" height="80" />
      </word>
      <word id="a02-072-01-01" tag="VB" text="mean">
        <cmp x="685" y="1144" width="36" height="40" />
        <cmp x="729" y="1145" width="19" height="42" />
        <cmp x="755" y="1148" width="20" height="35" />
        <cmp x="785" y="1147" width="25" height="35" />
      </word>
      <word id="a02-072-01-02" tag="NN" text="jail">
        <cmp x="852" y="1158" width="14" height="46" />
        <cmp x="853" y="1123" width="6" height="6" />
        <cmp x="859" y="1154" width="3" height="3" />
        <cmp x="880" y="1142" width="20" height="43" />
        <cmp x="910" y="1121" width="5" height="5" />
        <cmp x="910" y="1146" width="5" height="35" />
        <cmp x="927" y="1120" width="14" height="60" />
      </word>
      <word id="a02-072-01-03" tag="CC" text="and">
        <cmp x="997" y="1142" width="19" height="44" />
        <cmp x="1023" y="1142" width="24" height="39" />
        <cmp x="1057" y="1115" width="23" height="67" />
      </word>
      <word id="a02-072-01-04" tag="," text=",">
        <cmp x="1109" y="1179" width="6" height="27" />
      </word>
      <word id="a02-072-01-05" tag="CS" text="though">
        <cmp x="1170" y="1130" width="18" height="60" />
        <cmp x="1194" y="1132" width="24" height="61" />
        <cmp x="1230" y="1151" width="16" height="41" />
        <cmp x="1255" y="1152" width="23" height="41" />
        <cmp x="1286" y="1151" width="24" height="71" />
        <cmp x="1322" y="1128" width="25" height="55" />
      </word>
      <word id="a02-072-01-06" tag="JJ" text="frail">
        <cmp x="1394" y="1127" width="22" height="84" />
        <cmp x="1419" y="1155" width="23" height="38" />
        <cmp x="1451" y="1153" width="18" height="40" />
        <cmp x="1475" y="1156" width="6" height="33" />
        <cmp x="1478" y="1135" width="5" height="7" />
        <cmp x="1494" y="1129" width="18" height="57" />
      </word>
      <word id="a02-072-01-07" tag="," text=",">
        <cmp x="1545" y="1181" width="6" height="29" />
      </word>
      <word id="a02-072-01-08" tag="PP3A" text="he">
        <cmp x="1594" y="1131" width="22" height="55" />
        <cmp x="1627" y="1148" width="19" height="37" />
      </word>
      <word id="a02-072-01-09" tag="BEZ" text="is">
        <cmp x="1676" y="1119" width="7" height="5" />
        <cmp x="1680" y="1149" width="7" height="35" />
        <cmp x="1700" y="1147" width="25" height="37" />
      </word>
      <word id="a02-072-01-10" tag="QL" text="very">
        <cmp x="1764" y="1146" width="19" height="42" />
        <cmp x="1787" y="1149" width="17" height="37" />
        <cmp x="1811" y="1146" width="21" height="37" />
        <cmp x="1842" y="1145" width="25" height="86" />
      </word>
      <word id="a02-072-01-11" tag="JJ" text="fit">
        <cmp x="1910" y="1127" width="23" height="82" />
        <cmp x="1935" y="1161" width="6" height="30" />
        <cmp x="1941" y="1128" width="4" height="7" />
        <cmp x="1952" y="1128" width="20" height="63" />
      </word>
      <word id="a02-072-01-12" tag="CC" text="and">
        <cmp x="2026" y="1146" width="23" height="47" />
        <cmp x="2058" y="1147" width="23" height="36" />
        <cmp x="2093" y="1115" width="26" height="69" />
      </word>
      <upper-contour>
        <point x="391" y="1030" />
        <point x="1974" y="1030" />
      </upper-contour>
      <lower-contour>
        <point x="391" y="1231" />
        <point x="1958" y="1231" />
      </lower-contour>
    </line>
    <line ass="-219" asx="0" asy="1288" character-width="999" dss="-219" dsx="0" dsy="1392" fd0="12792" fd1="3362" fd2="-939" filter-width="3" id="a02-072-02" lbs="-186" lbx="0" lby="1358" segmentation="ok" slant="85000" stroke-width="5278" threshold="158" text="will take the rigours of prison in his stride. He" ubs="-285" ubx="0" uby="1314">
      <word id="a02-072-02-00" tag="MD" text="will">
        <cmp x="392" y="1314" width="33" height="45" />
        <cmp x="433" y="1291" width="5" height="4" />
        <cmp x="433" y="1320" width="6" height="36" />
        <cmp x="451" y="1301" width="15" height="54" />
        <cmp x="473" y="1296" width="13" height="56" />
      </word>
      <word id="a02-072-02-01" tag="VB" text="take">
        <cmp x="536" y="1302" width="17" height="54" />
        <cmp x="563" y="1317" width="18" height="36" />
        <cmp x="592" y="1293" width="24" height="63" />
        <cmp x="626" y="1315" width="22" height="41" />
      </word>
      <word id="a02-072-02-02" tag="ATI" text="the">
        <cmp x="711" y="1301" width="16" height="56" />
        <cmp x="732" y="1303" width="27" height="58" />
        <cmp x="771" y="1321" width="20" height="40" />
      </word>
      <word id="a02-072-02-03" tag="NNS" text="rigours">
        <cmp x="842" y="1320" width="21" height="39" />
        <cmp x="871" y="1321" width="5" height="36" />
        <cmp x="872" y="1300" width="4" height="4" />
        <cmp x="887" y="1320" width="25" height="75" />
        <cmp x="920" y="1320" width="18" height="37" />
        <cmp x="943" y="1321" width="22" height="38" />
        <cmp x="979" y="1321" width="24" height="38" />
        <cmp x="1010" y="1321" width="24" height="42" />
      </word>
      <word id="a02-072-02-04" tag="INO" text="of">
        <cmp x="1103" y="1318" width="16" height="46" />
        <cmp x="1123" y="1294" width="30" height="90" />
      </word>
      <word id="a02-072-02-05" tag="NN" text="prison">
        <cmp x="1189" y="1327" width="26" height="70" />
        <cmp x="1222" y="1328" width="20" height="35" />
        <cmp x="1249" y="1325" width="6" height="34" />
        <cmp x="1250" y="1302" width="5" height="4" />
        <cmp x="1270" y="1323" width="20" height="38" />
        <cmp x="1295" y="1324" width="19" height="36" />
        <cmp x="1322" y="1325" width="24" height="34" />
      </word>
      <word id="a02-072-02-06" tag="IN" text="in">
        <cmp x="1419" y="1328" width="6" height="34" />
        <cmp x="1425" y="1303" width="5" height="4" />
        <cmp x="1437" y="1323" width="24" height="41" />
      </word>
      <word id="a02-072-02-07" tag="PP$" text="his">
        <cmp x="1513" y="1314" width="25" height="55" />
        <cmp x="1545" y="1331" width="7" height="35" />
        <cmp x="1551" y="1306" width="5" height="7" />
        <cmp x="1564" y="1322" width="22" height="47" />
      </word>
      <word id="a02-072-02-08" tag="NN" text="stride">
        <cmp x="1637" y="1322" width="22" height="43" />
        <cmp x="1668" y="1304" width="18" height="56" />
        <cmp x="1691" y="1322" width="23" height="42" />
        <cmp x="1723" y="1329" width="7" height="33" />
        <cmp x="1728" y="1303" width="5" height="5" />
        <cmp x="1743" y="1299" width="27" height="64" />
        <cmp x="1777" y="1322" width="20" height="38" />
      </word>
      <word id="a02-072-02-09" tag="." text=".">
        <cmp x="1820" y="1352" width="6" height="8" />
      </word>
      <word id="a02-072-02-10" sentence-start="yes" tag="PP3A" text="He">
        <cmp x="1897" y="1301" width="31" height="66" />
        <cmp x="1934" y="1325" width="22" height="44" />
      </word>
      <upper-contour>
        <point x="391" y="1231" />
        <point x="1958" y="1231" />
      </upper-contour>
      <lower-contour>
        <point x="390" y="1397" />
        <point x="1958" y="1397" />
      </lower-contour>
    </line>
    <line ass="-140" asx="0" asy="1464" character-width="999" dss="-140" dsx="0" dsy="1570" fd0="12696" fd1="3823" fd2="-672" filter-width="3" id="a02-072-03" lbs="-130" lbx="0" lby="1539" segmentation="ok" slant="86000" stroke-width="5341" threshold="153" text="hopes to be allowed to do some writing.&amp;quot; Back at" ubs="-160" ubx="0" uby="1498">
      <word id="a02-072-03-00" tag="VBZ" text="hopes">
        <cmp x="390" y="1475" width="25" height="72" />
        <cmp x="424" y="1498" width="16" height="43" />
        <cmp x="446" y="1501" width="7" height="62" />
        <cmp x="455" y="1500" width="18" height="38" />
        <cmp x="484" y="1500" width="18" height="36" />
        <cmp x="508" y="1502" width="21" height="32" />
      </word>
      <word id="a02-072-03-01" tag="TO" text="to">
        <cmp x="585" y="1476" width="20" height="58" />
        <cmp x="609" y="1497" width="17" height="40" />
      </word>
      <word id="a02-072-03-02" tag="BE" text="be">
        <cmp x="675" y="1481" width="25" height="58" />
        <cmp x="708" y="1500" width="19" height="37" />
      </word>
      <word id="a02-072-03-03" tag="VBN" text="allowed">
        <cmp x="783" y="1499" width="19" height="41" />
        <cmp x="811" y="1478" width="30" height="57" />
        <cmp x="859" y="1497" width="18" height="41" />
        <cmp x="887" y="1501" width="36" height="37" />
        <cmp x="935" y="1503" width="20" height="38" />
        <cmp x="965" y="1470" width="25" height="70" />
      </word>
      <word id="a02-072-03-04" tag="TO" text="to">
        <cmp x="1048" y="1485" width="18" height="58" />
        <cmp x="1073" y="1503" width="17" height="41" />
      </word>
      <word id="a02-072-03-05" tag="DO" text="do">
        <cmp x="1148" y="1479" width="24" height="68" />
        <cmp x="1177" y="1502" width="17" height="37" />
      </word>
      <word id="a02-072-03-06" tag="DTI" text="some">
        <cmp x="1250" y="1503" width="24" height="44" />
        <cmp x="1280" y="1502" width="20" height="38" />
        <cmp x="1308" y="1506" width="40" height="38" />
        <cmp x="1364" y="1507" width="20" height="41" />
      </word>
      <word id="a02-072-03-07" tag="NN" text="writing">
        <cmp x="1452" y="1505" width="35" height="42" />
        <cmp x="1494" y="1508" width="21" height="35" />
        <cmp x="1525" y="1488" width="5" height="5" />
        <cmp x="1525" y="1512" width="5" height="35" />
        <cmp x="1549" y="1482" width="16" height="60" />
        <cmp x="1576" y="1511" width="6" height="33" />
        <cmp x="1581" y="1484" width="5" height="12" />
        <cmp x="1596" y="1512" width="26" height="35" />
        <cmp x="1635" y="1505" width="22" height="70" />
      </word>
      <word id="a02-072-03-08" tag="." text=".">
        <cmp x="1676" y="1540" width="6" height="7" />
      </word>
      <word id="a02-072-03-09" tag="**&apos;" text="&quot;">
        <cmp x="1705" y="1470" width="6" height="26" />
        <cmp x="1714" y="1470" width="5" height="22" />
      </word>
      <word id="a02-072-03-10" sentence-start="yes" tag="RP" text="Back">
        <cmp x="1776" y="1477" width="31" height="73" />
        <cmp x="1810" y="1505" width="20" height="36" />
        <cmp x="1837" y="1503" width="18" height="37" />
        <cmp x="1862" y="1473" width="23" height="66" />
      </word>
      <word id="a02-072-03-11" tag="IN" text="at">
        <cmp x="1939" y="1504" width="19" height="40" />
        <cmp x="1968" y="1478" width="21" height="59" />
      </word>
      <upper-contour>
        <point x="390" y="1397" />
        <point x="1958" y="1397" />
      </upper-contour>
      <lower-contour>
        <point x="391" y="1575" />
        <point x="1990" y="1575" />
      </lower-contour>
    </line>
    <line ass="-230" asx="0" asy="1648" character-width="999" dss="-230" dsx="0" dsy="1744" fd0="13064" fd1="3176" fd2="-1445" filter-width="3" id="a02-072-04" lbs="-253" lbx="0" lby="1716" segmentation="ok" slant="83000" stroke-width="5292" threshold="151" text="the Press conference, Mr. Clark said two committee" ubs="-185" ubx="0" uby="1678">
      <word id="a02-072-04-00" tag="ATI" text="the">
        <cmp x="393" y="1658" width="17" height="55" />
        <cmp x="416" y="1659" width="22" height="56" />
        <cmp x="447" y="1679" width="20" height="40" />
      </word>
      <word id="a02-072-04-01" tag="NN" text="Press">
        <cmp x="526" y="1660" width="26" height="62" />
        <cmp x="555" y="1684" width="21" height="36" />
        <cmp x="583" y="1682" width="20" height="38" />
        <cmp x="615" y="1682" width="24" height="38" />
        <cmp x="645" y="1682" width="21" height="35" />
      </word>
      <word id="a02-072-04-02" tag="NN" text="conference">
        <cmp x="723" y="1679" width="18" height="41" />
        <cmp x="751" y="1676" width="18" height="42" />
        <cmp x="776" y="1681" width="26" height="38" />
        <cmp x="805" y="1653" width="28" height="95" />
        <cmp x="835" y="1681" width="22" height="43" />
        <cmp x="866" y="1682" width="24" height="36" />
        <cmp x="899" y="1683" width="22" height="34" />
        <cmp x="926" y="1680" width="27" height="37" />
        <cmp x="962" y="1682" width="19" height="36" />
        <cmp x="991" y="1679" width="21" height="37" />
      </word>
      <word id="a02-072-04-03" tag="," text=",">
        <cmp x="1036" y="1720" width="6" height="27" />
      </word>
      <word id="a02-072-04-04" tag="NPT" text="Mr.">
        <cmp x="1108" y="1662" width="39" height="62" />
        <cmp x="1150" y="1688" width="21" height="37" />
        <cmp x="1178" y="1718" width="7" height="7" />
      </word>
      <word id="a02-072-04-05" tag="NP" text="Clark">
        <cmp x="1239" y="1669" width="18" height="54" />
        <cmp x="1263" y="1662" width="17" height="60" />
        <cmp x="1285" y="1681" width="22" height="44" />
        <cmp x="1314" y="1689" width="19" height="33" />
        <cmp x="1343" y="1661" width="26" height="64" />
      </word>
      <word id="a02-072-04-06" tag="VBD" text="said">
        <cmp x="1426" y="1683" width="24" height="44" />
        <cmp x="1457" y="1681" width="20" height="44" />
        <cmp x="1488" y="1685" width="6" height="38" />
        <cmp x="1491" y="1663" width="4" height="8" />
        <cmp x="1509" y="1659" width="23" height="66" />
      </word>
      <word id="a02-072-04-07" tag="CD" text="two">
        <cmp x="1590" y="1667" width="19" height="54" />
        <cmp x="1598" y="1688" width="13" height="11" />
        <cmp x="1627" y="1683" width="34" height="38" />
        <cmp x="1669" y="1679" width="17" height="39" />
      </word>
      <word id="a02-072-04-08" tag="NN" text="committee">
        <cmp x="1766" y="1681" width="16" height="41" />
        <cmp x="1793" y="1680" width="18" height="41" />
        <cmp x="1825" y="1682" width="37" height="40" />
        <cmp x="1872" y="1684" width="40" height="38" />
        <cmp x="1924" y="1686" width="5" height="39" />
        <cmp x="1928" y="1663" width="5" height="12" />
        <cmp x="1949" y="1659" width="18" height="63" />
        <cmp x="1974" y="1657" width="22" height="70" />
        <cmp x="2014" y="1683" width="24" height="44" />
        <cmp x="2049" y="1684" width="21" height="40" />
      </word>
      <upper-contour>
        <point x="391" y="1575" />
        <point x="1990" y="1575" />
      </upper-contour>
      <lower-contour>
        <point x="391" y="1748" />
        <point x="2071" y="1748" />
      </lower-contour>
    </line>
    <line ass="-84" asx="0" asy="1818" character-width="999" dss="-84" dsx="0" dsy="1935" fd0="12730" fd1="3179" fd2="-1280" filter-width="3" id="a02-072-05" lbs="-12" lbx="0" lby="1896" segmentation="ok" slant="86000" stroke-width="5257" threshold="157" text="members tried a &amp;quot;plant&amp;quot; call on suspect phone. They" ubs="-228" ubx="0" uby="1851">
      <word id="a02-072-05-00" tag="NNS" text="members">
        <cmp x="392" y="1848" width="39" height="47" />
        <cmp x="440" y="1853" width="19" height="43" />
        <cmp x="467" y="1855" width="38" height="36" />
        <cmp x="516" y="1826" width="28" height="67" />
        <cmp x="553" y="1850" width="21" height="43" />
        <cmp x="580" y="1847" width="24" height="40" />
        <cmp x="607" y="1854" width="22" height="36" />
      </word>
      <word id="a02-072-05-01" tag="VBD" text="tried">
        <cmp x="695" y="1828" width="17" height="61" />
        <cmp x="720" y="1854" width="21" height="42" />
        <cmp x="751" y="1858" width="5" height="36" />
        <cmp x="752" y="1826" width="5" height="5" />
        <cmp x="769" y="1853" width="21" height="40" />
        <cmp x="798" y="1821" width="24" height="72" />
      </word>
      <word id="a02-072-05-02" tag="AT" text="a">
        <cmp x="887" y="1857" width="25" height="42" />
      </word>
      <word id="a02-072-05-03" tag="*&apos;" text="&quot;">
        <cmp x="963" y="1886" width="6" height="25" />
        <cmp x="974" y="1887" width="5" height="18" />
      </word>
      <word id="a02-072-05-04" tag="NN" text="plant">
        <cmp x="1012" y="1855" width="31" height="74" />
        <cmp x="1053" y="1839" width="16" height="58" />
        <cmp x="1072" y="1855" width="18" height="41" />
        <cmp x="1097" y="1855" width="23" height="39" />
        <cmp x="1131" y="1835" width="18" height="60" />
      </word>
      <word id="a02-072-05-05" tag="**&apos;" text="&quot;">
        <cmp x="1178" y="1825" width="5" height="20" />
        <cmp x="1188" y="1821" width="6" height="18" />
      </word>
      <word id="a02-072-05-06" tag="NN" text="call">
        <cmp x="1243" y="1861" width="18" height="41" />
        <cmp x="1268" y="1857" width="18" height="46" />
        <cmp x="1296" y="1840" width="32" height="64" />
      </word>
      <word id="a02-072-05-07" tag="IN" text="on">
        <cmp x="1375" y="1861" width="15" height="42" />
        <cmp x="1397" y="1863" width="23" height="37" />
      </word>
      <word id="a02-072-05-08" tag="JJ" text="suspect">
        <cmp x="1480" y="1859" width="23" height="41" />
        <cmp x="1510" y="1857" width="24" height="40" />
        <cmp x="1540" y="1859" width="23" height="39" />
        <cmp x="1572" y="1858" width="31" height="80" />
        <cmp x="1614" y="1858" width="20" height="37" />
        <cmp x="1639" y="1858" width="17" height="32" />
        <cmp x="1662" y="1829" width="23" height="63" />
      </word>
      <word id="a02-072-05-09" tag="NN" text="phone">
        <cmp x="1741" y="1860" width="27" height="75" />
        <cmp x="1779" y="1840" width="21" height="52" />
        <cmp x="1809" y="1854" width="16" height="42" />
        <cmp x="1834" y="1859" width="24" height="37" />
        <cmp x="1871" y="1860" width="22" height="36" />
      </word>
      <word id="a02-072-05-10" tag="." text=".">
        <cmp x="1914" y="1886" width="6" height="5" />
      </word>
      <word id="a02-072-05-11" sentence-start="yes" tag="PP3AS" text="They">
        <cmp x="1985" y="1827" width="27" height="59" />
        <cmp x="2016" y="1823" width="24" height="61" />
        <cmp x="2048" y="1845" width="20" height="38" />
        <cmp x="2076" y="1841" width="26" height="81" />
      </word>
      <upper-contour>
        <point x="391" y="1748" />
        <point x="2071" y="1748" />
      </upper-contour>
      <lower-contour>
        <point x="394" y="1938" />
        <point x="2062" y="1938" />
      </lower-contour>
    </line>
    <line ass="566" asx="0" asy="2004" character-width="999" dss="566" dsx="0" dsy="2115" fd0="12739" fd1="3033" fd2="-1177" filter-width="3" id="a02-072-06" lbs="608" lbx="0" lby="2086" segmentation="ok" slant="83000" stroke-width="5278" threshold="157" text="discussed a sit-down at Watford at 5.30 p.m. - none" ubs="484" ubx="0" uby="2043">
      <word id="a02-072-06-00" tag="VBD" text="discussed">
        <cmp x="396" y="2018" width="25" height="66" />
        <cmp x="426" y="2043" width="7" height="41" />
        <cmp x="431" y="2013" width="4" height="5" />
        <cmp x="446" y="2045" width="23" height="42" />
        <cmp x="475" y="2042" width="22" height="41" />
        <cmp x="509" y="2034" width="24" height="43" />
        <cmp x="539" y="2037" width="23" height="40" />
        <cmp x="565" y="2036" width="27" height="42" />
        <cmp x="605" y="2038" width="21" height="36" />
        <cmp x="635" y="1999" width="28" height="77" />
      </word>
      <word id="a02-072-06-01" tag="AT" text="a">
        <cmp x="721" y="2036" width="24" height="44" />
      </word>
      <word id="a02-072-06-02" tag="NN" text="sit-down">
        <cmp x="815" y="2036" width="21" height="40" />
        <cmp x="843" y="2043" width="6" height="31" />
        <cmp x="844" y="2017" width="6" height="8" />
        <cmp x="861" y="2012" width="21" height="61" />
        <cmp x="900" y="2048" width="11" height="8" />
        <cmp x="935" y="2010" width="24" height="67" />
        <cmp x="963" y="2035" width="16" height="40" />
        <cmp x="986" y="2038" width="34" height="37" />
        <cmp x="1028" y="2037" width="28" height="39" />
      </word>
      <word id="a02-072-06-03" tag="IN" text="at">
        <cmp x="1109" y="2033" width="18" height="43" />
        <cmp x="1138" y="2012" width="17" height="59" />
      </word>
      <word id="a02-072-06-04" tag="NP" text="Watford">
        <cmp x="1214" y="2012" width="38" height="65" />
        <cmp x="1253" y="2029" width="20" height="44" />
        <cmp x="1282" y="2009" width="19" height="60" />
        <cmp x="1307" y="2006" width="26" height="85" />
        <cmp x="1337" y="2035" width="19" height="39" />
        <cmp x="1363" y="2037" width="23" height="35" />
        <cmp x="1397" y="2005" width="25" height="73" />
      </word>
      <word id="a02-072-06-05" tag="IN" text="at">
        <cmp x="1470" y="2030" width="18" height="41" />
        <cmp x="1495" y="2005" width="21" height="60" />
      </word>
      <word id="a02-072-06-06" tag="CD" text="5.30">
        <cmp x="1576" y="2014" width="24" height="58" />
        <cmp x="1614" y="2060" width="5" height="7" />
        <cmp x="1634" y="2012" width="25" height="58" />
        <cmp x="1671" y="2018" width="20" height="45" />
      </word>
      <word id="a02-072-06-07" tag="RB" text="p.m.">
        <cmp x="1723" y="2027" width="27" height="71" />
        <cmp x="1762" y="2059" width="4" height="6" />
        <cmp x="1784" y="2029" width="39" height="35" />
        <cmp x="1840" y="2051" width="6" height="9" />
      </word>
      <word id="a02-072-06-08" tag="*-" text="-">
        <cmp x="1892" y="2037" width="14" height="6" />
      </word>
      <word id="a02-072-06-09" tag="PN" text="none">
        <cmp x="1947" y="2025" width="23" height="42" />
        <cmp x="1978" y="2026" width="16" height="39" />
        <cmp x="2005" y="2027" width="25" height="40" />
        <cmp x="2038" y="2024" width="23" height="41" />
      </word>
      <upper-contour>
        <point x="394" y="1938" />
        <point x="2062" y="1938" />
      </upper-contour>
      <lower-contour>
        <point x="394" y="2091" />
        <point x="1488" y="2091" />
      </lower-contour>
    </line>
    <line ass="594" asx="0" asy="2183" character-width="999" dss="594" dsx="0" dsy="2304" fd0="12448" fd1="3041" fd2="-1325" filter-width="3" id="a02-072-07" lbs="619" lbx="0" lby="2265" segmentation="ok" slant="87000" stroke-width="5197" threshold="154" text="was planned but police turned up." ubs="544" ubx="0" uby="2223">
      <word id="a02-072-07-00" tag="BEDZ" text="was">
        <cmp x="396" y="2215" width="35" height="50" />
        <cmp x="436" y="2214" width="19" height="42" />
        <cmp x="461" y="2218" width="22" height="41" />
      </word>
      <word id="a02-072-07-01" tag="VBN" text="planned">
        <cmp x="540" y="2218" width="26" height="78" />
        <cmp x="574" y="2197" width="17" height="59" />
        <cmp x="603" y="2219" width="19" height="45" />
        <cmp x="632" y="2216" width="21" height="41" />
        <cmp x="665" y="2216" width="24" height="38" />
        <cmp x="704" y="2217" width="19" height="38" />
        <cmp x="735" y="2182" width="26" height="75" />
      </word>
      <word id="a02-072-07-02" tag="CC" text="but">
        <cmp x="834" y="2196" width="25" height="60" />
        <cmp x="868" y="2218" width="22" height="42" />
        <cmp x="899" y="2193" width="20" height="63" />
      </word>
      <word id="a02-072-07-03" tag="NNS" text="police">
        <cmp x="963" y="2218" width="25" height="77" />
        <cmp x="997" y="2217" width="20" height="38" />
        <cmp x="1020" y="2192" width="17" height="66" />
        <cmp x="1043" y="2218" width="6" height="40" />
        <cmp x="1046" y="2185" width="6" height="7" />
        <cmp x="1066" y="2212" width="16" height="39" />
        <cmp x="1099" y="2212" width="19" height="41" />
      </word>
      <word id="a02-072-07-04" tag="VBD" text="turned">
        <cmp x="1177" y="2189" width="19" height="63" />
        <cmp x="1205" y="2211" width="23" height="40" />
        <cmp x="1240" y="2208" width="20" height="38" />
        <cmp x="1266" y="2211" width="23" height="38" />
        <cmp x="1299" y="2210" width="20" height="38" />
        <cmp x="1327" y="2171" width="24" height="80" />
      </word>
      <word id="a02-072-07-05" tag="RP" text="up">
        <cmp x="1402" y="2209" width="25" height="43" />
        <cmp x="1429" y="2204" width="31" height="85" />
      </word>
      <word id="a02-072-07-06" tag="." text=".">
        <cmp x="1483" y="2244" width="5" height="6" />
      </word>
      <upper-contour>
        <point x="394" y="2091" />
        <point x="1488" y="2091" />
      </upper-contour>
    </line>
  </handwritten-part>
</form>

