<?xml version="1.0" encoding="ISO-8859-1"?>

<!DOCTYPE form SYSTEM 'http://www.iam.unibe.ch/~fki/iamdb/form-metadata.dtd'>

<form created="2002-01-15" height="3542" id="a03-054" last-modified="2002-07-17" skew="-95" status="final" version="3.0_beta" width="2479" writer-id="053">
  <machine-printed-part>
    <machine-print-line text="Everything is being done to promote a new image. Certainly, he is now a much" />
    <machine-print-line text="tougher character politically than when he took over the leadership. He was merci-" />
    <machine-print-line text="lessly trounced by Mr. Diefenbaker in the House in those early days. It has been a" />
    <machine-print-line text="hard road back but now, with plenty of political ammunition given him by the Gov-" />
    <machine-print-line text="ernment in recent sessions, he is leading the Opposition with skill and assurance and" />
    <machine-print-line text="is a match for the Prime Minister across the floor." />
  </machine-printed-part>
  <handwritten-part>
    <line ass="-1448" asx="0" asy="859" character-width="999" dss="-1448" dsx="0" dsy="1020" fd0="9429" fd1="1672" fd2="-1112" filter-width="6" id="a03-054-00" lbs="-1603" lbx="0" lby="928" segmentation="ok" slant="111000" stroke-width="8874" threshold="160" text="Everything is being done to promote" ubs="-1137" ubx="0" uby="904">
      <word id="a03-054-00-00" sentence-start="yes" tag="PN" text="Everything">
        <cmp x="377" y="885" width="64" height="60" />
        <cmp x="438" y="913" width="35" height="40" />
        <cmp x="478" y="913" width="76" height="47" />
        <cmp x="555" y="887" width="67" height="144" />
        <cmp x="617" y="884" width="89" height="72" />
        <cmp x="674" y="904" width="10" height="12" />
        <cmp x="710" y="918" width="50" height="38" />
        <cmp x="758" y="925" width="64" height="116" />
      </word>
      <word id="a03-054-00-01" tag="BEZ" text="is">
        <cmp x="857" y="898" width="10" height="14" />
        <cmp x="873" y="943" width="13" height="19" />
        <cmp x="888" y="920" width="55" height="55" />
      </word>
      <word id="a03-054-00-02" tag="BEG" text="being">
        <cmp x="987" y="896" width="69" height="74" />
        <cmp x="1059" y="924" width="80" height="48" />
        <cmp x="1107" y="896" width="10" height="14" />
        <cmp x="1147" y="923" width="51" height="43" />
        <cmp x="1200" y="925" width="74" height="114" />
      </word>
      <word id="a03-054-00-03" tag="VBN" text="done">
        <cmp x="1299" y="892" width="167" height="80" />
        <cmp x="1468" y="924" width="65" height="48" />
      </word>
      <word id="a03-054-00-04" tag="TO" text="to">
        <cmp x="1577" y="909" width="86" height="73" />
      </word>
      <word id="a03-054-00-05" tag="VB" text="promote">
        <cmp x="1717" y="926" width="128" height="95" />
        <cmp x="1848" y="939" width="146" height="42" />
        <cmp x="1993" y="911" width="82" height="71" />
      </word>
      <lower-contour>
        <point x="375" y="1042" />
        <point x="2048" y="1042" />
      </lower-contour>
    </line>
    <line ass="-452" asx="0" asy="1067" character-width="999" dss="-452" dsx="0" dsy="1207" fd0="8466" fd1="2006" fd2="-839" filter-width="6" id="a03-054-01" lbs="-456" lbx="0" lby="1135" segmentation="ok" slant="113000" stroke-width="9053" threshold="160" text="a new image. Certainly, he is now a" ubs="-443" ubx="0" uby="1100">
      <word id="a03-054-01-00" tag="AT" text="a">
        <cmp x="351" y="1089" width="57" height="55" />
      </word>
      <word id="a03-054-01-01" tag="JJ" text="new">
        <cmp x="476" y="1092" width="64" height="55" />
        <cmp x="534" y="1096" width="147" height="50" />
      </word>
      <word id="a03-054-01-02" tag="NN" text="image">
        <cmp x="725" y="1079" width="19" height="14" />
        <cmp x="737" y="1125" width="18" height="25" />
        <cmp x="756" y="1100" width="140" height="50" />
        <cmp x="897" y="1103" width="62" height="103" />
        <cmp x="930" y="1103" width="61" height="46" />
      </word>
      <word id="a03-054-01-03" tag="." text=".">
        <cmp x="1000" y="1142" width="12" height="14" />
      </word>
      <word id="a03-054-01-04" sentence-start="yes" tag="RB" text="Certainly">
        <cmp x="1070" y="1081" width="66" height="72" />
        <cmp x="1138" y="1079" width="110" height="75" />
        <cmp x="1251" y="1095" width="85" height="56" />
        <cmp x="1300" y="1079" width="12" height="12" />
        <cmp x="1334" y="1104" width="62" height="47" />
        <cmp x="1386" y="1082" width="37" height="60" />
        <cmp x="1415" y="1105" width="72" height="115" />
      </word>
      <word id="a03-054-01-05" tag="," text=",">
        <cmp x="1485" y="1155" width="11" height="28" />
      </word>
      <word id="a03-054-01-06" tag="PP3A" text="he">
        <cmp x="1527" y="1082" width="80" height="75" />
        <cmp x="1606" y="1114" width="70" height="46" />
      </word>
      <word id="a03-054-01-07" tag="BEZ" text="is">
        <cmp x="1686" y="1087" width="11" height="13" />
        <cmp x="1694" y="1124" width="20" height="25" />
        <cmp x="1721" y="1103" width="42" height="49" />
      </word>
      <word id="a03-054-01-08" tag="RN" text="now">
        <cmp x="1810" y="1110" width="56" height="42" />
        <cmp x="1863" y="1114" width="108" height="42" />
      </word>
      <word id="a03-054-01-09" tag="AT" text="a">
        <cmp x="1990" y="1106" width="57" height="52" />
      </word>
      <upper-contour>
        <point x="375" y="1042" />
        <point x="2048" y="1042" />
      </upper-contour>
      <lower-contour>
        <point x="350" y="1220" />
        <point x="2048" y="1220" />
      </lower-contour>
    </line>
    <line ass="-312" asx="0" asy="1232" character-width="999" dss="-312" dsx="0" dsy="1388" fd0="8921" fd1="2092" fd2="-694" filter-width="6" id="a03-054-02" lbs="-196" lbx="0" lby="1314" segmentation="ok" slant="113000" stroke-width="9075" threshold="160" text="much lessly trounced by Mr. Diefen-" ubs="-543" ubx="0" uby="1274">
      <word id="a03-054-02-00" tag="RB" text="much">
        <cmp x="352" y="1274" width="104" height="43" />
        <cmp x="448" y="1282" width="61" height="37" />
        <cmp x="502" y="1243" width="109" height="76" />
      </word>
      <word id="a03-054-02-01" sentence-start="yes" tag="-RB" text="lessly">
        <cmp x="667" y="1254" width="32" height="60" />
        <cmp x="700" y="1276" width="64" height="40" />
        <cmp x="754" y="1275" width="90" height="48" />
        <cmp x="830" y="1254" width="30" height="57" />
        <cmp x="870" y="1278" width="65" height="114" />
      </word>
      <word id="a03-054-02-02" tag="VBN" text="trounced">
        <cmp x="967" y="1258" width="120" height="69" />
        <cmp x="1087" y="1282" width="62" height="38" />
        <cmp x="1145" y="1294" width="62" height="37" />
        <cmp x="1207" y="1283" width="47" height="45" />
        <cmp x="1257" y="1270" width="96" height="62" />
      </word>
      <word id="a03-054-02-03" tag="IN" text="by">
        <cmp x="1416" y="1263" width="66" height="71" />
        <cmp x="1476" y="1292" width="72" height="106" />
      </word>
      <word id="a03-054-02-04" tag="NPT" text="Mr.">
        <cmp x="1566" y="1243" width="126" height="84" />
        <cmp x="1597" y="1303" width="16" height="22" />
        <cmp x="1706" y="1317" width="12" height="13" />
      </word>
      <word id="a03-054-02-05" tag="NP-" text="Diefen-">
        <cmp x="1752" y="1244" width="131" height="78" />
        <cmp x="1856" y="1256" width="13" height="15" />
        <cmp x="1889" y="1290" width="44" height="37" />
        <cmp x="1945" y="1243" width="38" height="101" />
        <cmp x="1976" y="1292" width="109" height="46" />
        <cmp x="2094" y="1312" width="23" height="10" />
      </word>
      <upper-contour>
        <point x="350" y="1220" />
        <point x="2048" y="1220" />
      </upper-contour>
      <lower-contour>
        <point x="350" y="1398" />
        <point x="1963" y="1398" />
      </lower-contour>
    </line>
    <line ass="-578" asx="0" asy="1417" character-width="999" dss="-578" dsx="0" dsy="1567" fd0="7925" fd1="1715" fd2="-964" filter-width="6" id="a03-054-03" lbs="-619" lbx="0" lby="1492" segmentation="ok" slant="108000" stroke-width="9160" threshold="160" text="baker in the House in those early" ubs="-497" ubx="0" uby="1458">
      <word id="a03-054-03-00" tag="-NP" text="baker">
        <cmp x="337" y="1424" width="117" height="80" />
        <cmp x="441" y="1428" width="151" height="71" />
      </word>
      <word id="a03-054-03-01" tag="IN" text="in">
        <cmp x="645" y="1437" width="14" height="18" />
        <cmp x="654" y="1474" width="17" height="27" />
        <cmp x="679" y="1466" width="63" height="44" />
      </word>
      <word id="a03-054-03-02" tag="ATI" text="the">
        <cmp x="779" y="1441" width="51" height="65" />
        <cmp x="820" y="1439" width="71" height="66" />
        <cmp x="884" y="1461" width="63" height="43" />
      </word>
      <word id="a03-054-03-03" tag="NPL" text="House">
        <cmp x="990" y="1437" width="78" height="80" />
        <cmp x="1068" y="1466" width="100" height="44" />
        <cmp x="1161" y="1457" width="92" height="52" />
      </word>
      <word id="a03-054-03-04" tag="IN" text="in">
        <cmp x="1298" y="1443" width="10" height="15" />
        <cmp x="1314" y="1481" width="16" height="28" />
        <cmp x="1337" y="1468" width="60" height="43" />
      </word>
      <word id="a03-054-03-05" tag="DTS" text="those">
        <cmp x="1438" y="1438" width="147" height="75" />
        <cmp x="1585" y="1466" width="97" height="53" />
      </word>
      <word id="a03-054-03-06" tag="JJ" text="early">
        <cmp x="1728" y="1475" width="62" height="45" />
        <cmp x="1792" y="1467" width="66" height="54" />
        <cmp x="1861" y="1436" width="31" height="64" />
        <cmp x="1902" y="1469" width="60" height="119" />
      </word>
      <upper-contour>
        <point x="350" y="1398" />
        <point x="1963" y="1398" />
      </upper-contour>
      <lower-contour>
        <point x="335" y="1588" />
        <point x="1963" y="1588" />
      </lower-contour>
    </line>
    <line ass="-658" asx="0" asy="1594" character-width="999" dss="-658" dsx="0" dsy="1739" fd0="8220" fd1="1471" fd2="-1254" filter-width="6" id="a03-054-04" lbs="-694" lbx="0" lby="1669" segmentation="ok" slant="112000" stroke-width="9122" threshold="160" text="days. It has been a hard road back" ubs="-586" ubx="0" uby="1630">
      <word id="a03-054-04-00" tag="NNS" text="days">
        <cmp x="331" y="1605" width="64" height="74" />
        <cmp x="384" y="1629" width="65" height="49" />
        <cmp x="449" y="1635" width="83" height="111" />
        <cmp x="496" y="1627" width="58" height="56" />
      </word>
      <word id="a03-054-04-01" tag="." text=".">
        <cmp x="577" y="1683" width="12" height="13" />
      </word>
      <word id="a03-054-04-02" sentence-start="yes" tag="PP3" text="It">
        <cmp x="652" y="1605" width="28" height="76" />
        <cmp x="678" y="1606" width="45" height="68" />
      </word>
      <word id="a03-054-04-03" tag="HVZ" text="has">
        <cmp x="794" y="1610" width="129" height="74" />
        <cmp x="912" y="1637" width="49" height="53" />
      </word>
      <word id="a03-054-04-04" tag="BEN" text="been">
        <cmp x="1014" y="1607" width="127" height="76" />
        <cmp x="1139" y="1638" width="117" height="46" />
      </word>
      <word id="a03-054-04-05" tag="AT" text="a">
        <cmp x="1293" y="1632" width="64" height="59" />
      </word>
      <word id="a03-054-04-06" tag="JJ" text="hard">
        <cmp x="1385" y="1611" width="217" height="87" />
      </word>
      <word id="a03-054-04-07" tag="NN" text="road">
        <cmp x="1634" y="1629" width="186" height="68" />
      </word>
      <word id="a03-054-04-08" tag="RP" text="back">
        <cmp x="1851" y="1628" width="150" height="71" />
        <cmp x="1990" y="1617" width="56" height="76" />
      </word>
      <upper-contour>
        <point x="335" y="1588" />
        <point x="1963" y="1588" />
      </upper-contour>
      <lower-contour>
        <point x="329" y="1747" />
        <point x="1938" y="1747" />
      </lower-contour>
    </line>
    <line ass="-380" asx="0" asy="1765" character-width="999" dss="-380" dsx="0" dsy="1936" fd0="9713" fd1="2229" fd2="-1101" filter-width="6" id="a03-054-05" lbs="-407" lbx="0" lby="1854" segmentation="err" slant="107000" stroke-width="8807" threshold="160" text="but now, with plenty of political" ubs="-326" ubx="0" uby="1822">
      <word id="a03-054-05-00" tag="CC" text="but">
        <cmp x="328" y="1782" width="68" height="79" />
        <cmp x="390" y="1814" width="70" height="42" />
        <cmp x="445" y="1769" width="38" height="88" />
      </word>
      <word id="a03-054-05-01" tag="RN" text="now">
        <cmp x="541" y="1815" width="82" height="42" />
        <cmp x="617" y="1818" width="39" height="38" />
        <cmp x="665" y="1815" width="72" height="43" />
        <cmp x="739" y="1854" width="14" height="27" />
      </word>
      <word id="a03-054-05-02" tag="," text=",">
        <cmp x="822" y="1823" width="100" height="42" />
      </word>
      <word id="a03-054-05-03" tag="IN" text="with">
        <cmp x="892" y="1798" width="10" height="12" />
        <cmp x="909" y="1797" width="48" height="68" />
        <cmp x="947" y="1800" width="81" height="69" />
      </word>
      <word id="a03-054-05-04" tag="NN" text="plenty">
        <cmp x="1089" y="1819" width="54" height="92" />
        <cmp x="1138" y="1805" width="29" height="57" />
        <cmp x="1174" y="1828" width="99" height="41" />
        <cmp x="1271" y="1788" width="46" height="70" />
        <cmp x="1324" y="1819" width="79" height="127" />
      </word>
      <word id="a03-054-05-05" tag="INO" text="of">
        <cmp x="1427" y="1832" width="34" height="38" />
        <cmp x="1461" y="1775" width="49" height="118" />
      </word>
      <word id="a03-054-05-06" tag="JJ" text="political">
        <cmp x="1588" y="1819" width="88" height="86" />
        <cmp x="1671" y="1799" width="67" height="70" />
        <cmp x="1704" y="1801" width="10" height="11" />
        <cmp x="1743" y="1806" width="67" height="71" />
        <cmp x="1787" y="1808" width="10" height="12" />
        <cmp x="1812" y="1825" width="47" height="37" />
        <cmp x="1857" y="1812" width="61" height="61" />
        <cmp x="1918" y="1800" width="19" height="66" />
      </word>
      <upper-contour>
        <point x="329" y="1747" />
        <point x="1938" y="1747" />
      </upper-contour>
      <lower-contour>
        <point x="326" y="1946" />
        <point x="1938" y="1946" />
      </lower-contour>
    </line>
    <line ass="-277" asx="0" asy="1958" character-width="999" dss="-277" dsx="0" dsy="2098" fd0="10377" fd1="2172" fd2="-775" filter-width="6" id="a03-054-06" lbs="-327" lbx="0" lby="2028" segmentation="ok" slant="113000" stroke-width="8707" threshold="160" text="ammunition given him by the Gov-" ubs="-176" ubx="0" uby="2003">
      <word id="a03-054-06-00" tag="NN" text="ammunition">
        <cmp x="327" y="1988" width="73" height="60" />
        <cmp x="397" y="2007" width="96" height="37" />
        <cmp x="495" y="2010" width="90" height="33" />
        <cmp x="590" y="2006" width="72" height="32" />
        <cmp x="661" y="2008" width="84" height="37" />
        <cmp x="727" y="1987" width="9" height="11" />
        <cmp x="756" y="1974" width="93" height="69" />
        <cmp x="789" y="1976" width="12" height="14" />
        <cmp x="851" y="2006" width="70" height="42" />
      </word>
      <word id="a03-054-06-01" tag="VBN" text="given">
        <cmp x="973" y="1998" width="68" height="106" />
        <cmp x="1015" y="1978" width="10" height="12" />
        <cmp x="1027" y="2007" width="20" height="31" />
        <cmp x="1046" y="1999" width="151" height="44" />
      </word>
      <word id="a03-054-06-02" tag="PP3O" text="him">
        <cmp x="1242" y="1968" width="107" height="66" />
        <cmp x="1316" y="1976" width="11" height="10" />
        <cmp x="1349" y="2003" width="91" height="35" />
      </word>
      <word id="a03-054-06-03" tag="IN" text="by">
        <cmp x="1476" y="1966" width="63" height="72" />
        <cmp x="1539" y="1998" width="69" height="100" />
      </word>
      <word id="a03-054-06-04" tag="ATI" text="the">
        <cmp x="1655" y="1981" width="151" height="74" />
      </word>
      <word id="a03-054-06-05" tag="NN-" text="Gov-">
        <cmp x="1859" y="1982" width="120" height="69" />
        <cmp x="1980" y="2019" width="32" height="33" />
        <cmp x="2022" y="2026" width="37" height="11" />
      </word>
      <upper-contour>
        <point x="326" y="1946" />
        <point x="1938" y="1946" />
      </upper-contour>
      <lower-contour>
        <point x="342" y="2104" />
        <point x="1918" y="2104" />
      </lower-contour>
    </line>
    <line ass="-213" asx="0" asy="2148" character-width="999" dss="-213" dsx="0" dsy="2237" fd0="7914" fd1="1585" fd2="-858" filter-width="6" id="a03-054-07" lbs="-250" lbx="0" lby="2215" segmentation="ok" slant="108000" stroke-width="9133" threshold="160" text="ernment in recent sessions, he is" ubs="-140" ubx="0" uby="2182">
      <word id="a03-054-07-00" tag="-NN" text="ernment">
        <cmp x="344" y="2172" width="141" height="47" />
        <cmp x="496" y="2151" width="240" height="69" />
      </word>
      <word id="a03-054-07-01" tag="IN" text="in">
        <cmp x="799" y="2171" width="13" height="15" />
        <cmp x="805" y="2198" width="15" height="23" />
        <cmp x="826" y="2193" width="66" height="37" />
      </word>
      <word id="a03-054-07-02" tag="JJ" text="recent">
        <cmp x="954" y="2170" width="29" height="47" />
        <cmp x="983" y="2179" width="214" height="50" />
        <cmp x="1197" y="2158" width="32" height="74" />
      </word>
      <word id="a03-054-07-03" tag="NNS" text="sessions">
        <cmp x="1290" y="2172" width="90" height="51" />
        <cmp x="1380" y="2169" width="51" height="52" />
        <cmp x="1418" y="2172" width="47" height="54" />
        <cmp x="1462" y="2174" width="11" height="12" />
        <cmp x="1465" y="2190" width="17" height="28" />
        <cmp x="1492" y="2186" width="44" height="39" />
        <cmp x="1535" y="2178" width="102" height="48" />
      </word>
      <word id="a03-054-07-04" tag="," text=",">
        <cmp x="1639" y="2217" width="10" height="27" />
      </word>
      <word id="a03-054-07-05" tag="PP3A" text="he">
        <cmp x="1682" y="2157" width="114" height="63" />
      </word>
      <word id="a03-054-07-06" tag="BEZ" text="is">
        <cmp x="1842" y="2165" width="11" height="13" />
        <cmp x="1847" y="2194" width="17" height="29" />
        <cmp x="1866" y="2181" width="51" height="46" />
      </word>
      <upper-contour>
        <point x="342" y="2104" />
        <point x="1918" y="2104" />
      </upper-contour>
      <lower-contour>
        <point x="342" y="2244" />
        <point x="1918" y="2244" />
      </lower-contour>
    </line>
    <line ass="-304" asx="0" asy="2312" character-width="999" dss="-304" dsx="0" dsy="2465" fd0="8749" fd1="1519" fd2="-1385" filter-width="6" id="a03-054-08" lbs="-360" lbx="0" lby="2387" segmentation="err" slant="112000" stroke-width="9068" threshold="160" text="leading the Opposition with skill and" ubs="-192" ubx="0" uby="2356">
      <word id="a03-054-08-00" tag="VBG" text="leading">
        <cmp x="333" y="2338" width="26" height="56" />
        <cmp x="369" y="2364" width="55" height="38" />
        <cmp x="418" y="2361" width="58" height="47" />
        <cmp x="477" y="2331" width="90" height="69" />
        <cmp x="544" y="2338" width="11" height="13" />
        <cmp x="562" y="2360" width="68" height="25" />
        <cmp x="617" y="2350" width="66" height="120" />
      </word>
      <word id="a03-054-08-01" tag="ATI" text="the">
        <cmp x="718" y="2323" width="52" height="68" />
        <cmp x="760" y="2321" width="111" height="76" />
      </word>
      <word id="a03-054-08-02" tag="NN" text="Opposition">
        <cmp x="932" y="2322" width="200" height="100" />
        <cmp x="1129" y="2347" width="46" height="52" />
        <cmp x="1177" y="2365" width="20" height="28" />
        <cmp x="1178" y="2338" width="12" height="10" />
        <cmp x="1204" y="2319" width="98" height="77" />
        <cmp x="1239" y="2319" width="13" height="21" />
        <cmp x="1311" y="2355" width="67" height="38" />
        <cmp x="1373" y="2338" width="38" height="58" />
      </word>
      <word id="a03-054-08-03" tag="IN" text="with">
        <cmp x="1482" y="2353" width="89" height="53" />
        <cmp x="1549" y="2328" width="11" height="15" />
        <cmp x="1565" y="2327" width="97" height="67" />
      </word>
      <word id="a03-054-08-04" tag="NN" text="skill">
        <cmp x="1698" y="2352" width="58" height="57" />
        <cmp x="1732" y="2324" width="85" height="81" />
        <cmp x="1801" y="2351" width="10" height="10" />
        <cmp x="1825" y="2349" width="24" height="53" />
        <cmp x="1842" y="2347" width="28" height="56" />
      </word>
      <word id="a03-054-08-05" tag="CC" text="and">
        <cmp x="1902" y="2338" width="161" height="70" />
      </word>
      <upper-contour>
        <point x="342" y="2244" />
        <point x="1918" y="2244" />
      </upper-contour>
      <lower-contour>
        <point x="331" y="2470" />
        <point x="1928" y="2470" />
      </lower-contour>
    </line>
    <line ass="-797" asx="0" asy="2471" character-width="999" dss="-797" dsx="0" dsy="2584" fd0="8434" fd1="1593" fd2="-1278" filter-width="6" id="a03-054-09" lbs="-769" lbx="0" lby="2561" segmentation="ok" slant="112000" stroke-width="9125" threshold="160" text="assurance and is a match for the" ubs="-853" ubx="0" uby="2519">
      <word id="a03-054-09-00" tag="NN" text="assurance">
        <cmp x="329" y="2506" width="131" height="58" />
        <cmp x="456" y="2516" width="88" height="53" />
        <cmp x="553" y="2521" width="220" height="55" />
      </word>
      <word id="a03-054-09-01" tag="CC" text="and">
        <cmp x="835" y="2499" width="176" height="87" />
      </word>
      <word id="a03-054-09-02" tag="BEZ" text="is">
        <cmp x="1072" y="2508" width="14" height="13" />
        <cmp x="1083" y="2541" width="21" height="28" />
        <cmp x="1104" y="2529" width="56" height="57" />
      </word>
      <word id="a03-054-09-03" tag="AT" text="a">
        <cmp x="1196" y="2531" width="60" height="51" />
      </word>
      <word id="a03-054-09-04" tag="NN" text="match">
        <cmp x="1315" y="2502" width="287" height="81" />
      </word>
      <word id="a03-054-09-05" tag="IN" text="for">
        <cmp x="1653" y="2495" width="104" height="114" />
      </word>
      <word id="a03-054-09-06" tag="ATI" text="the">
        <cmp x="1784" y="2507" width="45" height="78" />
        <cmp x="1826" y="2515" width="101" height="79" />
      </word>
      <upper-contour>
        <point x="331" y="2470" />
        <point x="1928" y="2470" />
      </upper-contour>
      <lower-contour>
        <point x="327" y="2609" />
        <point x="1703" y="2610" />
        <point x="1705" y="2610" />
      </lower-contour>
    </line>
    <line ass="256" asx="0" asy="2614" character-width="999" dss="256" dsx="0" dsy="2753" fd0="7088" fd1="923" fd2="-1446" filter-width="6" id="a03-054-10" lbs="-33" lbx="0" lby="2722" segmentation="ok" slant="110000" stroke-width="9407" threshold="160" text="Prime Minister across the floor." ubs="834" ubx="0" uby="2694">
      <word id="a03-054-10-00" tag="NPT" text="Prime">
        <cmp x="302" y="2644" width="137" height="101" />
        <cmp x="406" y="2667" width="10" height="10" />
        <cmp x="443" y="2693" width="132" height="54" />
      </word>
      <word id="a03-054-10-01" tag="NPT" text="Minister">
        <cmp x="603" y="2612" width="137" height="124" />
        <cmp x="640" y="2694" width="18" height="31" />
        <cmp x="701" y="2650" width="11" height="10" />
        <cmp x="736" y="2684" width="102" height="45" />
        <cmp x="799" y="2651" width="10" height="10" />
        <cmp x="840" y="2639" width="125" height="84" />
      </word>
      <word id="a03-054-10-02" tag="IN" text="across">
        <cmp x="1019" y="2674" width="102" height="59" />
        <cmp x="1113" y="2660" width="74" height="70" />
        <cmp x="1182" y="2666" width="82" height="56" />
      </word>
      <word id="a03-054-10-03" tag="ATI" text="the">
        <cmp x="1306" y="2648" width="149" height="80" />
      </word>
      <word id="a03-054-10-04" tag="NN" text="floor">
        <cmp x="1508" y="2628" width="141" height="120" />
        <cmp x="1647" y="2666" width="30" height="48" />
      </word>
      <word id="a03-054-10-05" tag="." text=".">
        <cmp x="1690" y="2713" width="13" height="16" />
      </word>
      <upper-contour>
        <point x="327" y="2609" />
        <point x="1703" y="2610" />
        <point x="1705" y="2610" />
      </upper-contour>
    </line>
  </handwritten-part>
</form>

