<?xml version="1.0" encoding="ISO-8859-1"?>

<!DOCTYPE form SYSTEM 'http://www.iam.unibe.ch/~fki/iamdb/form-metadata.dtd'>

<form created="2002-01-15" height="3542" id="a03-037" last-modified="2002-07-24" skew="-30" status="final" version="3.0_beta" width="2479" writer-id="050">
  <machine-printed-part>
    <machine-print-line text="Last year saw the defeat of two Conservative provincial governments, Quebec and New" />
    <machine-print-line text="Brunswick, and in the four federal by-elections last October the party fared badly." />
    <machine-print-line text="They are now faced with four other by-elections, one at Esquimalt Saanich, British" />
    <machine-print-line text="Columbia, one in Leeds, Ontario, and the other two in the Maritimes - Restigouche" />
    <machine-print-line text="Madawaska, New Brunswick, and Kings, Prince Edward Island." />
  </machine-printed-part>
  <handwritten-part>
    <line ass="8" asx="0" asy="748" character-width="999" dss="8" dsx="0" dsy="843" fd0="13350" fd1="2597" fd2="-1323" filter-width="3" id="a03-037-00" lbs="20" lbx="0" lby="811" segmentation="ok" slant="105000" stroke-width="4997" threshold="182" text="Last year saw the defeat of two Conservative" ubs="-16" ubx="0" uby="780">
      <word id="a03-037-00-00" sentence-start="yes" tag="AP" text="Last">
        <cmp x="339" y="769" width="26" height="40" />
        <cmp x="361" y="760" width="92" height="58" />
      </word>
      <word id="a03-037-00-01" tag="NN" text="year">
        <cmp x="502" y="782" width="46" height="61" />
        <cmp x="532" y="779" width="94" height="38" />
      </word>
      <word id="a03-037-00-02" tag="VBD" text="saw">
        <cmp x="681" y="778" width="118" height="39" />
      </word>
      <word id="a03-037-00-03" tag="ATI" text="the">
        <cmp x="846" y="757" width="22" height="45" />
        <cmp x="864" y="757" width="34" height="47" />
        <cmp x="898" y="780" width="47" height="31" />
      </word>
      <word id="a03-037-00-04" tag="NN" text="defeat">
        <cmp x="983" y="748" width="68" height="62" />
        <cmp x="1045" y="750" width="68" height="65" />
        <cmp x="1112" y="754" width="68" height="67" />
      </word>
      <word id="a03-037-00-05" tag="INO" text="of">
        <cmp x="1218" y="778" width="31" height="35" />
        <cmp x="1253" y="772" width="28" height="37" />
        <cmp x="1254" y="750" width="31" height="40" />
      </word>
      <word id="a03-037-00-06" tag="CD" text="two">
        <cmp x="1334" y="749" width="70" height="62" />
        <cmp x="1410" y="774" width="31" height="37" />
      </word>
      <word id="a03-037-00-07" tag="JJ" text="Conservative">
        <cmp x="1500" y="765" width="37" height="46" />
        <cmp x="1545" y="781" width="25" height="27" />
        <cmp x="1577" y="785" width="30" height="32" />
        <cmp x="1606" y="788" width="83" height="31" />
        <cmp x="1681" y="786" width="23" height="28" />
        <cmp x="1716" y="781" width="35" height="33" />
        <cmp x="1754" y="779" width="37" height="34" />
        <cmp x="1796" y="760" width="26" height="49" />
        <cmp x="1817" y="766" width="14" height="11" />
        <cmp x="1826" y="793" width="15" height="17" />
        <cmp x="1853" y="786" width="37" height="25" />
        <cmp x="1897" y="781" width="47" height="30" />
      </word>
      <lower-contour>
        <point x="341" y="843" />
        <point x="1945" y="843" />
      </lower-contour>
    </line>
    <line ass="-168" asx="0" asy="929" character-width="999" dss="-168" dsx="0" dsy="1012" fd0="13751" fd1="2551" fd2="-1427" filter-width="3" id="a03-037-01" lbs="-235" lbx="0" lby="987" segmentation="ok" slant="107000" stroke-width="5578" threshold="176" text="provincial governments, Quebec and New Brunswick, and" ubs="-33" ubx="0" uby="966">
      <word id="a03-037-01-00" tag="JJ" text="provincial">
        <cmp x="343" y="949" width="51" height="38" />
        <cmp x="343" y="967" width="6" height="46" />
        <cmp x="375" y="957" width="50" height="33" />
        <cmp x="426" y="965" width="28" height="27" />
        <cmp x="446" y="944" width="16" height="8" />
        <cmp x="459" y="974" width="15" height="17" />
        <cmp x="475" y="964" width="32" height="24" />
        <cmp x="510" y="963" width="28" height="27" />
        <cmp x="533" y="941" width="17" height="13" />
        <cmp x="545" y="974" width="14" height="12" />
        <cmp x="559" y="963" width="39" height="28" />
        <cmp x="593" y="944" width="21" height="51" />
      </word>
      <word id="a03-037-01-01" tag="NNS" text="governments">
        <cmp x="665" y="959" width="52" height="57" />
        <cmp x="713" y="960" width="30" height="31" />
        <cmp x="748" y="956" width="67" height="32" />
        <cmp x="814" y="959" width="25" height="30" />
        <cmp x="841" y="960" width="41" height="32" />
        <cmp x="892" y="960" width="85" height="35" />
        <cmp x="972" y="961" width="31" height="33" />
        <cmp x="1007" y="945" width="26" height="51" />
        <cmp x="1033" y="967" width="29" height="29" />
        <cmp x="1033" y="988" width="4" height="4" />
      </word>
      <word id="a03-037-01-02" tag="," text=",">
        <cmp x="1077" y="988" width="8" height="23" />
        <cmp x="1079" y="983" width="4" height="3" />
      </word>
      <word id="a03-037-01-03" tag="NP" text="Quebec">
        <cmp x="1130" y="942" width="47" height="51" />
        <cmp x="1175" y="937" width="105" height="59" />
        <cmp x="1280" y="957" width="73" height="36" />
      </word>
      <word id="a03-037-01-04" tag="CC" text="and">
        <cmp x="1389" y="960" width="43" height="27" />
        <cmp x="1432" y="937" width="66" height="59" />
      </word>
      <word id="a03-037-01-05" tag="NP" text="New">
        <cmp x="1548" y="945" width="120" height="50" />
        <cmp x="1593" y="973" width="7" height="6" />
      </word>
      <word id="a03-037-01-06" tag="NP" text="Brunswick">
        <cmp x="1703" y="942" width="47" height="51" />
        <cmp x="1747" y="958" width="117" height="37" />
        <cmp x="1865" y="964" width="50" height="27" />
        <cmp x="1906" y="938" width="18" height="9" />
        <cmp x="1920" y="972" width="15" height="22" />
        <cmp x="1944" y="969" width="32" height="23" />
        <cmp x="1968" y="946" width="38" height="53" />
      </word>
      <word id="a03-037-01-07" tag="," text=",">
        <cmp x="2015" y="993" width="7" height="23" />
      </word>
      <word id="a03-037-01-08" tag="CC" text="and">
        <cmp x="2048" y="964" width="67" height="34" />
        <cmp x="2115" y="937" width="40" height="64" />
      </word>
      <upper-contour>
        <point x="341" y="843" />
        <point x="1945" y="843" />
      </upper-contour>
      <lower-contour>
        <point x="341" y="1016" />
        <point x="2152" y="1016" />
      </lower-contour>
    </line>
    <line ass="-21" asx="0" asy="1102" character-width="999" dss="-21" dsx="0" dsy="1203" fd0="13541" fd1="2678" fd2="-1155" filter-width="3" id="a03-037-02" lbs="-21" lbx="0" lby="1167" segmentation="ok" slant="108999" stroke-width="5673" threshold="176" text="in the four federal by-elections last October the party" ubs="-22" ubx="0" uby="1138">
      <word id="a03-037-02-00" tag="IN" text="in">
        <cmp x="339" y="1124" width="8" height="12" />
        <cmp x="346" y="1147" width="13" height="33" />
        <cmp x="360" y="1144" width="32" height="37" />
      </word>
      <word id="a03-037-02-01" tag="ATI" text="the">
        <cmp x="421" y="1123" width="93" height="54" />
      </word>
      <word id="a03-037-02-02" tag="CD" text="four">
        <cmp x="559" y="1119" width="24" height="46" />
        <cmp x="590" y="1143" width="64" height="27" />
        <cmp x="654" y="1136" width="24" height="29" />
      </word>
      <word id="a03-037-02-03" tag="JJ" text="federal">
        <cmp x="726" y="1112" width="121" height="59" />
        <cmp x="844" y="1134" width="65" height="37" />
        <cmp x="846" y="1145" width="18" height="24" />
        <cmp x="903" y="1119" width="26" height="48" />
      </word>
      <word id="a03-037-02-04" tag="NNS" text="by-elections">
        <cmp x="963" y="1113" width="43" height="44" />
        <cmp x="1005" y="1140" width="40" height="45" />
        <cmp x="1067" y="1138" width="26" height="10" />
        <cmp x="1105" y="1109" width="114" height="60" />
        <cmp x="1207" y="1104" width="31" height="61" />
        <cmp x="1231" y="1109" width="20" height="12" />
        <cmp x="1240" y="1146" width="17" height="19" />
        <cmp x="1262" y="1140" width="33" height="30" />
        <cmp x="1295" y="1128" width="91" height="48" />
      </word>
      <word id="a03-037-02-05" tag="AP" text="last">
        <cmp x="1426" y="1113" width="18" height="58" />
        <cmp x="1441" y="1139" width="67" height="35" />
        <cmp x="1501" y="1117" width="30" height="56" />
      </word>
      <word id="a03-037-02-06" tag="NR" text="October">
        <cmp x="1569" y="1125" width="44" height="45" />
        <cmp x="1614" y="1125" width="34" height="44" />
        <cmp x="1646" y="1128" width="22" height="47" />
        <cmp x="1677" y="1151" width="25" height="19" />
        <cmp x="1691" y="1121" width="46" height="48" />
        <cmp x="1739" y="1140" width="36" height="25" />
        <cmp x="1769" y="1129" width="30" height="14" />
        <cmp x="1775" y="1140" width="22" height="27" />
      </word>
      <word id="a03-037-02-07" tag="ATI" text="the">
        <cmp x="1839" y="1115" width="64" height="58" />
        <cmp x="1901" y="1141" width="48" height="38" />
      </word>
      <word id="a03-037-02-08" tag="NN" text="party">
        <cmp x="1968" y="1149" width="23" height="51" />
        <cmp x="1982" y="1144" width="37" height="28" />
        <cmp x="2015" y="1144" width="37" height="36" />
        <cmp x="2058" y="1117" width="51" height="53" />
        <cmp x="2104" y="1150" width="47" height="54" />
      </word>
      <upper-contour>
        <point x="341" y="1016" />
        <point x="2152" y="1016" />
      </upper-contour>
      <lower-contour>
        <point x="345" y="1204" />
        <point x="2146" y="1204" />
      </lower-contour>
    </line>
    <line ass="-1452" asx="0" asy="1271" character-width="999" dss="-1452" dsx="0" dsy="1367" fd0="13772" fd1="3707" fd2="-692" filter-width="4" id="a03-037-03" lbs="-1464" lbx="0" lby="1336" segmentation="ok" slant="108999" stroke-width="5765" threshold="176" text="fared badly. They are now faced with four other by-" ubs="-1429" ubx="0" uby="1308">
      <word id="a03-037-03-00" tag="VBD" text="fared">
        <cmp x="347" y="1306" width="25" height="48" />
        <cmp x="381" y="1326" width="34" height="30" />
        <cmp x="418" y="1322" width="19" height="27" />
        <cmp x="441" y="1296" width="79" height="52" />
      </word>
      <word id="a03-037-03-01" tag="RB" text="badly">
        <cmp x="577" y="1296" width="43" height="48" />
        <cmp x="619" y="1292" width="70" height="52" />
        <cmp x="690" y="1299" width="16" height="39" />
        <cmp x="708" y="1317" width="55" height="60" />
      </word>
      <word id="a03-037-03-02" tag="." text=".">
        <cmp x="770" y="1340" width="9" height="10" />
      </word>
      <word id="a03-037-03-03" sentence-start="yes" tag="PP3AS" text="They">
        <cmp x="817" y="1292" width="57" height="65" />
        <cmp x="871" y="1327" width="41" height="33" />
      </word>
      <word id="a03-037-03-04" tag="BER" text="are">
        <cmp x="944" y="1326" width="36" height="36" />
        <cmp x="978" y="1329" width="25" height="30" />
        <cmp x="1009" y="1331" width="45" height="39" />
      </word>
      <word id="a03-037-03-05" tag="RN" text="now">
        <cmp x="1081" y="1335" width="40" height="34" />
        <cmp x="1124" y="1344" width="30" height="25" />
        <cmp x="1155" y="1344" width="63" height="30" />
      </word>
      <word id="a03-037-03-06" tag="VBN" text="faced">
        <cmp x="1257" y="1308" width="84" height="65" />
        <cmp x="1344" y="1321" width="80" height="57" />
      </word>
      <word id="a03-037-03-07" tag="IN" text="with">
        <cmp x="1465" y="1348" width="47" height="35" />
        <cmp x="1512" y="1330" width="16" height="14" />
        <cmp x="1522" y="1359" width="16" height="20" />
        <cmp x="1530" y="1331" width="35" height="50" />
        <cmp x="1557" y="1328" width="39" height="54" />
      </word>
      <word id="a03-037-03-08" tag="CD" text="four">
        <cmp x="1628" y="1317" width="90" height="68" />
        <cmp x="1718" y="1343" width="28" height="35" />
      </word>
      <word id="a03-037-03-09" tag="AP" text="other">
        <cmp x="1786" y="1346" width="29" height="34" />
        <cmp x="1810" y="1323" width="30" height="59" />
        <cmp x="1828" y="1325" width="40" height="59" />
        <cmp x="1866" y="1352" width="38" height="33" />
        <cmp x="1898" y="1338" width="26" height="44" />
      </word>
      <word id="a03-037-03-10" tag="NNS--" text="by-">
        <cmp x="1968" y="1335" width="51" height="49" />
        <cmp x="2027" y="1353" width="45" height="66" />
        <cmp x="2108" y="1367" width="37" height="7" />
      </word>
      <upper-contour>
        <point x="345" y="1204" />
        <point x="2146" y="1204" />
      </upper-contour>
      <lower-contour>
        <point x="345" y="1419" />
        <point x="2146" y="1419" />
      </lower-contour>
    </line>
    <line ass="-1158" asx="0" asy="1465" character-width="999" dss="-1158" dsx="0" dsy="1564" fd0="14185" fd1="3278" fd2="-1277" filter-width="4" id="a03-037-04" lbs="-1222" lbx="0" lby="1523" segmentation="ok" slant="108000" stroke-width="5727" threshold="176" text="elections, one at Esquimalt Saanich, British Columbia," ubs="-1031" ubx="0" uby="1500">
      <word id="a03-037-04-00" tag="-NNS" text="elections">
        <cmp x="330" y="1478" width="44" height="54" />
        <cmp x="372" y="1499" width="75" height="36" />
        <cmp x="442" y="1478" width="30" height="59" />
        <cmp x="472" y="1485" width="18" height="19" />
        <cmp x="475" y="1509" width="14" height="22" />
        <cmp x="500" y="1511" width="60" height="29" />
        <cmp x="559" y="1507" width="44" height="34" />
      </word>
      <word id="a03-037-04-01" tag="," text=",">
        <cmp x="621" y="1523" width="10" height="33" />
      </word>
      <word id="a03-037-04-02" tag="CD1" text="one">
        <cmp x="655" y="1507" width="30" height="34" />
        <cmp x="692" y="1506" width="75" height="38" />
      </word>
      <word id="a03-037-04-03" tag="IN" text="at">
        <cmp x="824" y="1506" width="36" height="33" />
        <cmp x="861" y="1485" width="27" height="56" />
      </word>
      <word id="a03-037-04-04" tag="NP" text="Esquimalt">
        <cmp x="929" y="1489" width="43" height="58" />
        <cmp x="948" y="1513" width="18" height="9" />
        <cmp x="964" y="1514" width="45" height="40" />
        <cmp x="1011" y="1515" width="44" height="70" />
        <cmp x="1048" y="1519" width="38" height="35" />
        <cmp x="1074" y="1489" width="19" height="12" />
        <cmp x="1089" y="1522" width="13" height="23" />
        <cmp x="1106" y="1517" width="56" height="36" />
        <cmp x="1160" y="1523" width="33" height="27" />
        <cmp x="1190" y="1496" width="22" height="59" />
        <cmp x="1212" y="1500" width="27" height="51" />
      </word>
      <word id="a03-037-04-05" tag="NP" text="Saanich">
        <cmp x="1284" y="1513" width="42" height="40" />
        <cmp x="1333" y="1522" width="31" height="31" />
        <cmp x="1364" y="1520" width="36" height="37" />
        <cmp x="1404" y="1524" width="42" height="33" />
        <cmp x="1437" y="1509" width="19" height="13" />
        <cmp x="1449" y="1534" width="13" height="16" />
        <cmp x="1472" y="1536" width="31" height="20" />
        <cmp x="1492" y="1502" width="46" height="64" />
      </word>
      <word id="a03-037-04-06" tag="," text=",">
        <cmp x="1562" y="1547" width="6" height="28" />
      </word>
      <word id="a03-037-04-07" tag="JNP" text="British">
        <cmp x="1614" y="1507" width="51" height="51" />
        <cmp x="1665" y="1523" width="25" height="28" />
        <cmp x="1684" y="1500" width="21" height="11" />
        <cmp x="1697" y="1527" width="16" height="26" />
        <cmp x="1717" y="1506" width="30" height="52" />
        <cmp x="1747" y="1503" width="15" height="9" />
        <cmp x="1758" y="1534" width="11" height="27" />
        <cmp x="1782" y="1529" width="30" height="29" />
        <cmp x="1802" y="1506" width="41" height="55" />
      </word>
      <word id="a03-037-04-08" tag="NP" text="Columbia">
        <cmp x="1881" y="1519" width="31" height="44" />
        <cmp x="1901" y="1515" width="9" height="9" />
        <cmp x="1917" y="1540" width="23" height="22" />
        <cmp x="1938" y="1512" width="21" height="52" />
        <cmp x="1960" y="1534" width="32" height="30" />
        <cmp x="1992" y="1540" width="17" height="23" />
        <cmp x="1998" y="1531" width="41" height="32" />
        <cmp x="2034" y="1509" width="41" height="55" />
        <cmp x="2075" y="1515" width="16" height="10" />
        <cmp x="2079" y="1543" width="10" height="21" />
        <cmp x="2093" y="1536" width="37" height="38" />
      </word>
      <word id="a03-037-04-09" tag="," text=",">
        <cmp x="2143" y="1566" width="19" height="39" />
      </word>
      <upper-contour>
        <point x="345" y="1419" />
        <point x="2146" y="1419" />
      </upper-contour>
      <lower-contour>
        <point x="330" y="1585" />
        <point x="2058" y="1585" />
      </lower-contour>
    </line>
    <line ass="-1366" asx="0" asy="1635" character-width="999" dss="-1366" dsx="0" dsy="1714" fd0="14050" fd1="3585" fd2="-593" filter-width="4" id="a03-037-05" lbs="-1299" lbx="0" lby="1698" segmentation="ok" slant="114000" stroke-width="5902" threshold="176" text="one in Leeds, Ontario, and the other two in the" ubs="-1500" ubx="0" uby="1665">
      <word id="a03-037-05-00" tag="CD1" text="one">
        <cmp x="332" y="1670" width="66" height="37" />
        <cmp x="401" y="1673" width="48" height="36" />
      </word>
      <word id="a03-037-05-01" tag="IN" text="in">
        <cmp x="491" y="1657" width="19" height="14" />
        <cmp x="500" y="1680" width="18" height="31" />
        <cmp x="518" y="1682" width="36" height="32" />
      </word>
      <word id="a03-037-05-02" tag="NP" text="Leeds">
        <cmp x="597" y="1661" width="50" height="56" />
        <cmp x="646" y="1657" width="158" height="59" />
      </word>
      <word id="a03-037-05-03" tag="," text=",">
        <cmp x="835" y="1702" width="7" height="29" />
      </word>
      <word id="a03-037-05-04" tag="NP" text="Ontario">
        <cmp x="866" y="1669" width="72" height="52" />
        <cmp x="928" y="1665" width="31" height="56" />
        <cmp x="969" y="1694" width="33" height="29" />
        <cmp x="1008" y="1694" width="32" height="33" />
        <cmp x="1041" y="1677" width="19" height="6" />
        <cmp x="1046" y="1699" width="20" height="23" />
        <cmp x="1074" y="1697" width="41" height="31" />
      </word>
      <word id="a03-037-05-05" tag="," text=",">
        <cmp x="1135" y="1718" width="6" height="5" />
        <cmp x="1135" y="1725" width="6" height="17" />
      </word>
      <word id="a03-037-05-06" tag="CC" text="and">
        <cmp x="1178" y="1672" width="119" height="54" />
      </word>
      <word id="a03-037-05-07" tag="ATI" text="the">
        <cmp x="1339" y="1679" width="35" height="45" />
        <cmp x="1366" y="1673" width="42" height="56" />
        <cmp x="1407" y="1699" width="51" height="33" />
      </word>
      <word id="a03-037-05-08" tag="AP" text="other">
        <cmp x="1530" y="1671" width="115" height="70" />
        <cmp x="1640" y="1701" width="24" height="32" />
      </word>
      <word id="a03-037-05-09" tag="CD" text="two">
        <cmp x="1718" y="1678" width="83" height="59" />
        <cmp x="1808" y="1709" width="32" height="30" />
      </word>
      <word id="a03-037-05-10" tag="IN" text="in">
        <cmp x="1870" y="1686" width="23" height="19" />
        <cmp x="1873" y="1709" width="22" height="34" />
        <cmp x="1897" y="1709" width="32" height="35" />
      </word>
      <word id="a03-037-05-11" tag="ATI" text="the">
        <cmp x="1937" y="1688" width="66" height="60" />
        <cmp x="2004" y="1718" width="53" height="31" />
      </word>
      <upper-contour>
        <point x="330" y="1585" />
        <point x="2058" y="1585" />
      </upper-contour>
      <lower-contour>
        <point x="330" y="1749" />
        <point x="2058" y="1749" />
      </lower-contour>
    </line>
    <line ass="-1322" asx="0" asy="1812" character-width="999" dss="-1322" dsx="0" dsy="1904" fd0="13655" fd1="2516" fd2="-1583" filter-width="3" id="a03-037-06" lbs="-1246" lbx="0" lby="1876" segmentation="ok" slant="106000" stroke-width="5607" threshold="176" text="Maritimes - Restigouche Madawaska, New Brunswick," ubs="-1472" ubx="0" uby="1845">
      <word id="a03-037-06-00" tag="NPS" text="Maritimes">
        <cmp x="323" y="1830" width="68" height="56" />
        <cmp x="391" y="1852" width="28" height="29" />
        <cmp x="411" y="1830" width="16" height="5" />
        <cmp x="422" y="1857" width="16" height="21" />
        <cmp x="435" y="1831" width="34" height="52" />
        <cmp x="471" y="1837" width="15" height="14" />
        <cmp x="480" y="1862" width="13" height="19" />
        <cmp x="499" y="1856" width="140" height="39" />
      </word>
      <word id="a03-037-06-01" tag="*-" text="-">
        <cmp x="660" y="1876" width="28" height="9" />
      </word>
      <word id="a03-037-06-02" tag="NP" text="Restigouche">
        <cmp x="718" y="1842" width="129" height="57" />
        <cmp x="844" y="1832" width="17" height="11" />
        <cmp x="853" y="1872" width="16" height="24" />
        <cmp x="877" y="1868" width="55" height="55" />
        <cmp x="927" y="1867" width="29" height="33" />
        <cmp x="956" y="1871" width="44" height="31" />
        <cmp x="1002" y="1837" width="114" height="70" />
      </word>
      <word id="a03-037-06-03" tag="NP" text="Madawaska">
        <cmp x="1155" y="1850" width="50" height="55" />
        <cmp x="1202" y="1872" width="40" height="35" />
        <cmp x="1247" y="1849" width="40" height="59" />
        <cmp x="1281" y="1874" width="39" height="36" />
        <cmp x="1319" y="1869" width="51" height="41" />
        <cmp x="1367" y="1866" width="81" height="42" />
        <cmp x="1438" y="1847" width="88" height="66" />
      </word>
      <word id="a03-037-06-04" tag="," text=",">
        <cmp x="1555" y="1902" width="10" height="30" />
      </word>
      <word id="a03-037-06-05" tag="NP" text="New">
        <cmp x="1583" y="1857" width="117" height="58" />
      </word>
      <word id="a03-037-06-06" tag="NP" text="Brunswick">
        <cmp x="1735" y="1866" width="23" height="47" />
        <cmp x="1741" y="1855" width="114" height="64" />
        <cmp x="1851" y="1884" width="127" height="38" />
        <cmp x="1978" y="1867" width="15" height="7" />
        <cmp x="1986" y="1893" width="15" height="25" />
        <cmp x="2003" y="1863" width="76" height="64" />
      </word>
      <word id="a03-037-06-07" tag="," text=",">
        <cmp x="2118" y="1915" width="19" height="38" />
      </word>
      <upper-contour>
        <point x="330" y="1749" />
        <point x="2058" y="1749" />
      </upper-contour>
      <lower-contour>
        <point x="321" y="1933" />
        <point x="1564" y="1933" />
      </lower-contour>
    </line>
    <line ass="-701" asx="0" asy="2003" character-width="999" dss="-701" dsx="0" dsy="2100" fd0="13634" fd1="2910" fd2="-1302" filter-width="3" id="a03-037-07" lbs="-762" lbx="0" lby="2067" segmentation="ok" slant="105000" stroke-width="5465" threshold="176" text="and Kings, Prince Edward Island." ubs="-578" ubx="0" uby="2038">
      <word id="a03-037-07-00" tag="CC" text="and">
        <cmp x="318" y="2015" width="118" height="59" />
      </word>
      <word id="a03-037-07-01" tag="NP" text="Kings">
        <cmp x="486" y="2021" width="43" height="48" />
        <cmp x="513" y="2043" width="20" height="28" />
        <cmp x="530" y="2019" width="13" height="10" />
        <cmp x="539" y="2048" width="17" height="22" />
        <cmp x="554" y="2044" width="119" height="65" />
      </word>
      <word id="a03-037-07-02" tag="," text=",">
        <cmp x="707" y="2062" width="7" height="26" />
      </word>
      <word id="a03-037-07-03" tag="NPT" text="Prince">
        <cmp x="732" y="2024" width="47" height="56" />
        <cmp x="786" y="2044" width="31" height="35" />
        <cmp x="811" y="2027" width="21" height="16" />
        <cmp x="822" y="2052" width="15" height="22" />
        <cmp x="842" y="2045" width="37" height="31" />
        <cmp x="886" y="2052" width="34" height="26" />
        <cmp x="930" y="2048" width="59" height="39" />
      </word>
      <word id="a03-037-07-04" tag="NP" text="Edward">
        <cmp x="1015" y="2024" width="142" height="61" />
        <cmp x="1030" y="2049" width="24" height="7" />
        <cmp x="1160" y="2047" width="43" height="34" />
        <cmp x="1206" y="2049" width="25" height="34" />
        <cmp x="1234" y="2026" width="51" height="60" />
      </word>
      <word id="a03-037-07-05" tag="NPL" text="Island">
        <cmp x="1341" y="2034" width="15" height="46" />
        <cmp x="1361" y="2049" width="38" height="36" />
        <cmp x="1389" y="2029" width="25" height="55" />
        <cmp x="1413" y="2050" width="74" height="40" />
        <cmp x="1493" y="2023" width="44" height="64" />
      </word>
      <word id="a03-037-07-06" tag="." text=".">
        <cmp x="1555" y="2079" width="9" height="6" />
      </word>
      <upper-contour>
        <point x="321" y="1933" />
        <point x="1564" y="1933" />
      </upper-contour>
    </line>
  </handwritten-part>
</form>

