<?xml version="1.0" encoding="ISO-8859-1"?>

<!DOCTYPE form SYSTEM 'http://www.iam.unibe.ch/~fki/iamdb/form-metadata.dtd'>

<form created="2002-01-15" height="3542" id="a03-020" last-modified="2002-07-25" skew="-63" status="final" version="3.0_beta" width="2479" writer-id="045">
  <machine-printed-part>
    <machine-print-line text="Prince Souvanna&apos;s former Minister of Information, Mr. Quinim Pholsena, who claims" />
    <machine-print-line text="to be his representative in Laos, yesterday addressed all officers of the pro-communist" />
    <machine-print-line text="forces occupying the province of Xieng Khouang and emphasized that Prince Sou-" />
    <machine-print-line text="vanna&apos;s Government was the only legal one in the country. Prince Souphannouvong," />
    <machine-print-line text="leader of the pro-communist Neo Lao Haksat Party, also spoke to the officers in the" />
    <machine-print-line text="same terms." />
  </machine-printed-part>
  <handwritten-part>
    <line ass="-746" asx="0" asy="854" character-width="999" dss="-746" dsx="0" dsy="984" fd0="13334" fd1="2713" fd2="-1432" filter-width="3" id="a03-020-00" lbs="-922" lbx="0" lby="941" segmentation="ok" slant="66000" stroke-width="5706" threshold="175" text="Prince Souvanna&apos;s former Minister of" ubs="-394" ubx="0" uby="918">
      <word id="a03-020-00-00" sentence-start="yes" tag="NPT" text="Prince">
        <cmp x="337" y="876" width="134" height="84" />
        <cmp x="349" y="908" width="5" height="6" />
        <cmp x="377" y="963" width="4" height="6" />
        <cmp x="384" y="950" width="4" height="3" />
        <cmp x="471" y="920" width="43" height="50" />
        <cmp x="514" y="929" width="89" height="39" />
      </word>
      <word id="a03-020-00-01" tag="NP$" text="Souvanna&apos;s">
        <cmp x="677" y="877" width="79" height="103" />
        <cmp x="752" y="903" width="90" height="63" />
        <cmp x="852" y="916" width="229" height="48" />
        <cmp x="1079" y="925" width="66" height="39" />
        <cmp x="1173" y="890" width="13" height="29" />
        <cmp x="1170" y="923" width="32" height="45" />
      </word>
      <word id="a03-020-00-02" tag="AP" text="former">
        <cmp x="1279" y="876" width="294" height="123" />
      </word>
      <word id="a03-020-00-03" tag="NPT" text="Minister">
        <cmp x="1631" y="887" width="113" height="86" />
        <cmp x="1740" y="894" width="8" height="13" />
        <cmp x="1745" y="925" width="88" height="48" />
        <cmp x="1828" y="905" width="14" height="17" />
        <cmp x="1836" y="924" width="44" height="46" />
        <cmp x="1881" y="896" width="88" height="77" />
      </word>
      <word id="a03-020-00-04" tag="INO" text="of">
        <cmp x="2030" y="882" width="128" height="131" />
      </word>
      <lower-contour>
        <point x="335" y="1013" />
        <point x="2159" y="1013" />
      </lower-contour>
    </line>
    <line ass="-102" asx="0" asy="1049" character-width="999" dss="-102" dsx="0" dsy="1207" fd0="13849" fd1="2375" fd2="-1719" filter-width="4" id="a03-020-01" lbs="-76" lbx="0" lby="1137" segmentation="err" slant="66999" stroke-width="5869" threshold="175" text="Information, Mr. Quinim Pholsena, who" ubs="-154" ubx="0" uby="1098">
      <word id="a03-020-01-00" tag="NN" text="Information">
        <cmp x="336" y="1061" width="96" height="99" />
        <cmp x="437" y="1065" width="209" height="113" />
        <cmp x="659" y="1100" width="61" height="46" />
        <cmp x="726" y="1072" width="55" height="81" />
        <cmp x="789" y="1073" width="11" height="11" />
        <cmp x="794" y="1086" width="89" height="66" />
      </word>
      <word id="a03-020-01-01" tag="," text=",">
        <cmp x="894" y="1146" width="32" height="57" />
      </word>
      <word id="a03-020-01-02" tag="NPT" text="Mr.">
        <cmp x="994" y="1059" width="68" height="80" />
        <cmp x="1054" y="1078" width="49" height="55" />
        <cmp x="1099" y="1125" width="7" height="8" />
      </word>
      <word id="a03-020-01-03" tag="NP" text="Quinim">
        <cmp x="1172" y="1052" width="239" height="99" />
        <cmp x="1342" y="1058" width="17" height="11" />
        <cmp x="1425" y="1089" width="127" height="53" />
        <cmp x="1451" y="1066" width="13" height="9" />
      </word>
      <word id="a03-020-01-04" tag="NP" text="Pholsena">
        <cmp x="1637" y="1059" width="98" height="91" />
        <cmp x="1712" y="1081" width="57" height="76" />
        <cmp x="1783" y="1068" width="80" height="90" />
        <cmp x="1850" y="1097" width="52" height="49" />
        <cmp x="1913" y="1095" width="112" height="61" />
        <cmp x="2035" y="1107" width="57" height="51" />
        <cmp x="2058" y="1144" width="59" height="68" />
      </word>
      <word id="a03-020-01-05" tag="," text=",">
        <cmp x="2178" y="1074" width="126" height="75" />
      </word>
      <word id="a03-020-01-06" tag="WP" text="who">
        <cmp x="2311" y="1097" width="45" height="48" />
      </word>
      <upper-contour>
        <point x="335" y="1013" />
        <point x="2159" y="1013" />
      </upper-contour>
      <lower-contour>
        <point x="334" y="1212" />
        <point x="2178" y="1212" />
      </lower-contour>
    </line>
    <line ass="259" asx="0" asy="1241" character-width="999" dss="259" dsx="0" dsy="1368" fd0="14280" fd1="2861" fd2="-1353" filter-width="4" id="a03-020-02" lbs="214" lbx="0" lby="1325" segmentation="err" slant="63000" stroke-width="6029" threshold="175" text="claims to be his representative in" ubs="348" ubx="0" uby="1290">
      <word id="a03-020-02-00" tag="VBZ" text="claims">
        <cmp x="318" y="1240" width="90" height="87" />
        <cmp x="392" y="1268" width="176" height="62" />
        <cmp x="483" y="1241" width="10" height="11" />
        <cmp x="571" y="1273" width="31" height="56" />
      </word>
      <word id="a03-020-02-01" tag="TO" text="to">
        <cmp x="678" y="1241" width="87" height="87" />
      </word>
      <word id="a03-020-02-02" tag="BE" text="be">
        <cmp x="816" y="1249" width="135" height="78" />
      </word>
      <word id="a03-020-02-03" tag="PP$" text="his">
        <cmp x="1009" y="1244" width="148" height="96" />
        <cmp x="1161" y="1253" width="8" height="11" />
        <cmp x="1170" y="1279" width="57" height="44" />
      </word>
      <word id="a03-020-02-04" tag="NN" text="representative">
        <cmp x="1300" y="1261" width="90" height="70" />
        <cmp x="1371" y="1278" width="149" height="85" />
        <cmp x="1525" y="1281" width="49" height="52" />
        <cmp x="1587" y="1272" width="116" height="58" />
        <cmp x="1711" y="1251" width="64" height="73" />
        <cmp x="1745" y="1288" width="61" height="51" />
        <cmp x="1812" y="1262" width="64" height="69" />
        <cmp x="1890" y="1256" width="7" height="10" />
        <cmp x="1892" y="1276" width="51" height="48" />
        <cmp x="1937" y="1275" width="44" height="50" />
      </word>
      <word id="a03-020-02-05" tag="IN" text="in">
        <cmp x="2056" y="1266" width="121" height="59" />
      </word>
      <upper-contour>
        <point x="334" y="1212" />
        <point x="2178" y="1212" />
      </upper-contour>
      <lower-contour>
        <point x="341" y="1363" />
        <point x="2170" y="1363" />
      </lower-contour>
    </line>
    <line ass="-740" asx="0" asy="1374" character-width="999" dss="-740" dsx="0" dsy="1630" fd0="13788" fd1="2501" fd2="-1132" filter-width="4" id="a03-020-03" lbs="-870" lbx="0" lby="1484" segmentation="ok" slant="66000" stroke-width="5825" threshold="175" text="Laos, yesterday addressed all officers" ubs="-480" ubx="0" uby="1444">
      <word id="a03-020-03-00" tag="NP" text="Laos">
        <cmp x="343" y="1400" width="110" height="106" />
        <cmp x="461" y="1436" width="42" height="58" />
        <cmp x="493" y="1440" width="48" height="60" />
      </word>
      <word id="a03-020-03-01" tag="," text=",">
        <cmp x="547" y="1484" width="38" height="70" />
      </word>
      <word id="a03-020-03-02" tag="NR" text="yesterday">
        <cmp x="672" y="1436" width="60" height="145" />
        <cmp x="732" y="1434" width="52" height="65" />
        <cmp x="760" y="1440" width="50" height="65" />
        <cmp x="810" y="1416" width="155" height="89" />
        <cmp x="950" y="1449" width="123" height="195" />
      </word>
      <word id="a03-020-03-03" tag="VBD" text="addressed">
        <cmp x="1157" y="1448" width="61" height="64" />
        <cmp x="1218" y="1428" width="80" height="89" />
        <cmp x="1277" y="1448" width="170" height="74" />
        <cmp x="1437" y="1449" width="66" height="70" />
        <cmp x="1516" y="1421" width="124" height="108" />
      </word>
      <word id="a03-020-03-04" tag="ABN" text="all">
        <cmp x="1697" y="1447" width="74" height="77" />
        <cmp x="1765" y="1417" width="49" height="104" />
        <cmp x="1787" y="1429" width="48" height="86" />
      </word>
      <word id="a03-020-03-05" tag="NNS" text="officers">
        <cmp x="1861" y="1440" width="60" height="70" />
        <cmp x="1880" y="1399" width="118" height="177" />
        <cmp x="2006" y="1442" width="163" height="75" />
        <cmp x="2010" y="1422" width="6" height="16" />
      </word>
      <upper-contour>
        <point x="341" y="1363" />
        <point x="2170" y="1363" />
      </upper-contour>
      <lower-contour>
        <point x="341" y="1555" />
        <point x="664" y="1398" />
        <point x="669" y="1576" />
        <point x="672" y="1622" />
        <point x="982" y="1644" />
        <point x="1043" y="1576" />
        <point x="2031" y="1576" />
      </lower-contour>
    </line>
    <line ass="131" asx="0" asy="1555" character-width="999" dss="131" dsx="0" dsy="1736" fd0="13554" fd1="2362" fd2="-1166" filter-width="4" id="a03-020-04" lbs="156" lbx="0" lby="1677" segmentation="err" slant="71000" stroke-width="6028" threshold="175" text="of the pro-communist forces" ubs="81" ubx="0" uby="1638">
      <word id="a03-020-04-00" tag="INO" text="of">
        <cmp x="309" y="1608" width="56" height="66" />
        <cmp x="364" y="1559" width="65" height="167" />
      </word>
      <word id="a03-020-04-01" tag="ATI" text="the">
        <cmp x="502" y="1593" width="170" height="100" />
        <cmp x="664" y="1555" width="5" height="17" />
        <cmp x="665" y="1573" width="4" height="4" />
      </word>
      <word id="a03-020-04-02" tag="JJB" text="pro-communist">
        <cmp x="758" y="1632" width="107" height="104" />
        <cmp x="863" y="1626" width="111" height="65" />
        <cmp x="1000" y="1645" width="35" height="10" />
        <cmp x="1023" y="1634" width="71" height="57" />
        <cmp x="1095" y="1619" width="162" height="73" />
        <cmp x="1268" y="1633" width="107" height="48" />
        <cmp x="1394" y="1622" width="194" height="65" />
        <cmp x="1579" y="1597" width="15" height="21" />
        <cmp x="1580" y="1629" width="52" height="53" />
        <cmp x="1633" y="1594" width="56" height="82" />
      </word>
      <word id="a03-020-04-03" tag="NNS" text="forces">
        <cmp x="1752" y="1590" width="152" height="128" />
        <cmp x="1890" y="1630" width="89" height="56" />
        <cmp x="1989" y="1621" width="41" height="68" />
      </word>
      <upper-contour>
        <point x="341" y="1555" />
        <point x="664" y="1398" />
        <point x="669" y="1576" />
        <point x="672" y="1622" />
        <point x="982" y="1644" />
        <point x="1043" y="1576" />
        <point x="2031" y="1576" />
      </upper-contour>
      <lower-contour>
        <point x="310" y="1737" />
        <point x="2031" y="1737" />
      </lower-contour>
    </line>
    <line ass="186" asx="0" asy="1765" character-width="999" dss="186" dsx="0" dsy="1975" fd0="13625" fd1="2930" fd2="-196" filter-width="4" id="a03-020-05" lbs="292" lbx="0" lby="1870" segmentation="ok" slant="76000" stroke-width="5920" threshold="175" text="occupying the province of Xieng" ubs="-27" ubx="0" uby="1826">
      <word id="a03-020-05-00" tag="VBG" text="occupying">
        <cmp x="312" y="1808" width="93" height="66" />
        <cmp x="404" y="1824" width="45" height="51" />
        <cmp x="466" y="1822" width="67" height="47" />
        <cmp x="518" y="1827" width="102" height="96" />
        <cmp x="623" y="1814" width="244" height="160" />
        <cmp x="719" y="1786" width="13" height="11" />
      </word>
      <word id="a03-020-05-01" tag="ATI" text="the">
        <cmp x="933" y="1777" width="199" height="81" />
      </word>
      <word id="a03-020-05-02" tag="NN" text="province">
        <cmp x="1169" y="1813" width="108" height="95" />
        <cmp x="1290" y="1804" width="267" height="69" />
        <cmp x="1474" y="1762" width="14" height="7" />
        <cmp x="1568" y="1809" width="90" height="57" />
      </word>
      <word id="a03-020-05-03" tag="INO" text="of">
        <cmp x="1707" y="1800" width="92" height="68" />
        <cmp x="1770" y="1762" width="101" height="151" />
      </word>
      <word id="a03-020-05-04" tag="NP" text="Xieng">
        <cmp x="1896" y="1768" width="113" height="139" />
        <cmp x="2000" y="1817" width="204" height="59" />
        <cmp x="2063" y="1768" width="8" height="10" />
        <cmp x="2209" y="1820" width="55" height="145" />
      </word>
      <upper-contour>
        <point x="310" y="1737" />
        <point x="2031" y="1737" />
      </upper-contour>
      <lower-contour>
        <point x="310" y="1875" />
        <point x="518" y="1974" />
        <point x="1118" y="1945" />
        <point x="2213" y="1958" />
        <point x="2218" y="1964" />
        <point x="2233" y="1964" />
      </lower-contour>
    </line>
    <line ass="215" asx="0" asy="1924" character-width="999" dss="215" dsx="0" dsy="2103" fd0="13634" fd1="2704" fd2="-1155" filter-width="4" id="a03-020-06" lbs="276" lbx="0" lby="2046" segmentation="err" slant="68000" stroke-width="5960" threshold="175" text="Khouang and emphasized that" ubs="93" ubx="0" uby="1997">
      <word id="a03-020-06-00" tag="NP" text="Khouang">
        <cmp x="307" y="1923" width="156" height="135" />
        <cmp x="487" y="1969" width="132" height="81" />
        <cmp x="635" y="1987" width="203" height="84" />
      </word>
      <word id="a03-020-06-01" tag="CC" text="and">
        <cmp x="916" y="1983" width="132" height="63" />
        <cmp x="1052" y="1947" width="86" height="92" />
      </word>
      <word id="a03-020-06-02" tag="VBD" text="emphasized">
        <cmp x="1191" y="1982" width="183" height="66" />
        <cmp x="1364" y="1997" width="101" height="102" />
        <cmp x="1469" y="1970" width="57" height="73" />
        <cmp x="1530" y="1994" width="65" height="55" />
        <cmp x="1596" y="1989" width="100" height="55" />
        <cmp x="1690" y="1959" width="6" height="10" />
        <cmp x="1702" y="1971" width="215" height="99" />
      </word>
      <word id="a03-020-06-03" tag="CS" text="that">
        <cmp x="1961" y="1961" width="120" height="84" />
        <cmp x="2080" y="1996" width="80" height="50" />
        <cmp x="2164" y="1961" width="68" height="83" />
      </word>
      <upper-contour>
        <point x="310" y="1875" />
        <point x="518" y="1974" />
        <point x="1118" y="1945" />
        <point x="2213" y="1958" />
        <point x="2218" y="1964" />
        <point x="2233" y="1964" />
      </upper-contour>
      <lower-contour>
        <point x="305" y="2070" />
        <point x="1364" y="2100" />
        <point x="2233" y="2100" />
      </lower-contour>
    </line>
    <line ass="-1037" asx="0" asy="2058" character-width="999" dss="-1037" dsx="0" dsy="2279" fd0="13567" fd1="2831" fd2="-720" filter-width="4" id="a03-020-07" lbs="-1106" lbx="0" lby="2195" segmentation="err" slant="68999" stroke-width="6021" threshold="175" text="Prince Souphannouvong, leader" ubs="-899" ubx="0" uby="2158">
      <word id="a03-020-07-00" tag="NPT" text="Prince">
        <cmp x="251" y="2112" width="221" height="94" />
        <cmp x="413" y="2102" width="9" height="7" />
        <cmp x="485" y="2144" width="103" height="66" />
      </word>
      <word id="a03-020-07-01" sentence-start="yes" tag="NP" text="Souphannouvong">
        <cmp x="640" y="2073" width="208" height="142" />
        <cmp x="854" y="2172" width="111" height="89" />
        <cmp x="964" y="2134" width="71" height="86" />
        <cmp x="1052" y="2174" width="254" height="46" />
        <cmp x="1311" y="2168" width="446" height="65" />
        <cmp x="1696" y="2174" width="100" height="137" />
      </word>
      <word id="a03-020-07-02" tag="," text=",">
        <cmp x="1783" y="2220" width="58" height="67" />
      </word>
      <word id="a03-020-07-03" tag="NN" text="leader">
        <cmp x="1901" y="2145" width="170" height="119" />
        <cmp x="2070" y="2174" width="72" height="51" />
        <cmp x="2150" y="2133" width="199" height="82" />
      </word>
      <upper-contour>
        <point x="305" y="2070" />
        <point x="1364" y="2100" />
        <point x="2233" y="2100" />
      </upper-contour>
      <lower-contour>
        <point x="266" y="2278" />
        <point x="1697" y="2311" />
        <point x="1734" y="2299" />
        <point x="1739" y="2294" />
        <point x="2312" y="2294" />
      </lower-contour>
    </line>
    <line ass="-279" asx="0" asy="2281" character-width="999" dss="-279" dsx="0" dsy="2425" fd0="13513" fd1="2155" fd2="-1036" filter-width="4" id="a03-020-08" lbs="-225" lbx="0" lby="2391" segmentation="err" slant="64000" stroke-width="6090" threshold="162" text="of the pro-communist Neo Lao" ubs="-389" ubx="0" uby="2341">
      <word id="a03-020-08-00" tag="INO" text="of">
        <cmp x="268" y="2283" width="152" height="144" />
        <cmp x="378" y="2419" width="8" height="9" />
      </word>
      <word id="a03-020-08-01" tag="ATI" text="the">
        <cmp x="480" y="2304" width="171" height="95" />
      </word>
      <word id="a03-020-08-02" tag="JJB" text="pro-communist">
        <cmp x="729" y="2344" width="96" height="80" />
        <cmp x="824" y="2332" width="86" height="67" />
        <cmp x="960" y="2362" width="27" height="7" />
        <cmp x="1027" y="2335" width="244" height="70" />
        <cmp x="1289" y="2357" width="116" height="42" />
        <cmp x="1431" y="2336" width="242" height="71" />
        <cmp x="1629" y="2318" width="10" height="12" />
        <cmp x="1673" y="2299" width="83" height="101" />
      </word>
      <word id="a03-020-08-03" tag="NP" text="Neo">
        <cmp x="1832" y="2335" width="180" height="76" />
        <cmp x="2010" y="2350" width="46" height="52" />
      </word>
      <word id="a03-020-08-04" tag="NP" text="Lao">
        <cmp x="2107" y="2310" width="136" height="114" />
        <cmp x="2246" y="2347" width="65" height="63" />
      </word>
      <upper-contour>
        <point x="266" y="2278" />
        <point x="1697" y="2311" />
        <point x="1734" y="2299" />
        <point x="1739" y="2294" />
        <point x="2312" y="2294" />
      </upper-contour>
      <lower-contour>
        <point x="299" y="2427" />
        <point x="2213" y="2427" />
      </lower-contour>
    </line>
    <line ass="-410" asx="0" asy="2427" character-width="999" dss="-410" dsx="0" dsy="2656" fd0="13775" fd1="2352" fd2="-1248" filter-width="4" id="a03-020-09" lbs="-489" lbx="0" lby="2559" segmentation="err" slant="63000" stroke-width="6060" threshold="175" text="Haksat Party, also to the officers" ubs="-252" ubx="0" uby="2521">
      <word id="a03-020-09-00" tag="NP" text="Haksat">
        <cmp x="301" y="2430" width="168" height="170" />
        <cmp x="475" y="2466" width="80" height="112" />
        <cmp x="551" y="2510" width="55" height="65" />
        <cmp x="612" y="2522" width="70" height="65" />
        <cmp x="695" y="2480" width="45" height="99" />
      </word>
      <word id="a03-020-09-01" tag="NN" text="Party">
        <cmp x="836" y="2471" width="126" height="106" />
        <cmp x="893" y="2506" width="244" height="159" />
      </word>
      <word id="a03-020-09-02" tag="," text=",">
        <cmp x="1168" y="2561" width="39" height="69" />
      </word>
      <word id="a03-020-09-03" tag="RB" text="also">
        <cmp x="1268" y="2517" width="84" height="59" />
        <cmp x="1351" y="2495" width="44" height="85" />
        <cmp x="1367" y="2511" width="50" height="67" />
        <cmp x="1416" y="2533" width="50" height="46" />
      </word>
      <word id="a03-020-09-04" tag="IN" text="to">
        <cmp x="1524" y="2487" width="93" height="85" />
      </word>
      <word id="a03-020-09-05" tag="ATI" text="the">
        <cmp x="1656" y="2495" width="164" height="88" />
      </word>
      <word id="a03-020-09-06" tag="NNS" text="officers">
        <cmp x="1872" y="2509" width="84" height="65" />
        <cmp x="1908" y="2468" width="139" height="148" />
        <cmp x="2040" y="2514" width="172" height="84" />
        <cmp x="2074" y="2491" width="5" height="11" />
      </word>
      <upper-contour>
        <point x="299" y="2427" />
        <point x="2213" y="2427" />
      </upper-contour>
      <lower-contour>
        <point x="299" y="2600" />
        <point x="1025" y="2666" />
        <point x="1243" y="2580" />
        <point x="1633" y="2580" />
      </lower-contour>
    </line>
    <line ass="1100" asx="0" asy="2667" character-width="999" dss="1100" dsx="0" dsy="2798" fd0="13568" fd1="3027" fd2="13" filter-width="3" id="a03-020-10" lbs="998" lbx="0" lby="2759" segmentation="err" slant="61000" stroke-width="5342" threshold="175" text="in the same terms." ubs="1304" ubx="0" uby="2723">
      <word id="a03-020-10-00" tag="IN" text="in">
        <cmp x="222" y="2685" width="201" height="109" />
        <cmp x="344" y="2793" width="1235" height="3" />
        <cmp x="373" y="2666" width="11" height="9" />
      </word>
      <word id="a03-020-10-01" tag="ATI" text="the">
        <cmp x="551" y="2668" width="172" height="89" />
      </word>
      <word id="a03-020-10-02" tag="AP" text="same">
        <cmp x="805" y="2693" width="331" height="62" />
      </word>
      <word id="a03-020-10-03" tag="NNS" text="terms">
        <cmp x="1239" y="2644" width="287" height="88" />
        <cmp x="1537" y="2677" width="33" height="66" />
      </word>
      <word id="a03-020-10-04" tag="." text=".">
        <cmp x="1623" y="2730" width="9" height="15" />
      </word>
      <upper-contour>
        <point x="299" y="2600" />
        <point x="1025" y="2666" />
        <point x="1243" y="2580" />
        <point x="1633" y="2580" />
      </upper-contour>
    </line>
  </handwritten-part>
</form>

