<?xml version="1.0" encoding="ISO-8859-1"?>

<!DOCTYPE form SYSTEM 'http://www.iam.unibe.ch/~fki/iamdb/form-metadata.dtd'>

<form created="2002-03-16" height="3542" id="a03-071" last-modified="2002-07-17" skew="127" status="final" version="3.0_beta" width="2479" writer-id="000">
  <machine-printed-part>
    <machine-print-line text="But, at the same time, there is reason to believe that the Federal Government is not" />
    <machine-print-line text="convinced, on the basis of the information it has so far, that such a project would" />
    <machine-print-line text="be justified from a scientific point of view; and not merely constitute a &amp;quot;prestige&amp;quot;" />
    <machine-print-line text="satellite, duplicating to some extent American efforts, as Die Welt suggests today in" />
    <machine-print-line text="a highly critical editorial article." />
  </machine-printed-part>
  <handwritten-part>
    <line ass="115" asx="0" asy="745" character-width="999" dss="115" dsx="0" dsy="813" fd0="12895" fd1="3697" fd2="1171" filter-width="4" id="a03-071-00" lbs="109" lbx="0" lby="790" segmentation="ok" slant="106000" stroke-width="6943" threshold="164" text="But, at the same time, there is reason to" ubs="127" ubx="0" uby="772">
      <word id="a03-071-00-00" sentence-start="yes" tag="CC" text="But">
        <cmp x="334" y="748" width="67" height="48" />
        <cmp x="404" y="755" width="75" height="40" />
      </word>
      <word id="a03-071-00-01" tag="," text=",">
        <cmp x="497" y="782" width="10" height="29" />
      </word>
      <word id="a03-071-00-02" tag="IN" text="at">
        <cmp x="579" y="756" width="78" height="44" />
      </word>
      <word id="a03-071-00-03" tag="ATI" text="the">
        <cmp x="700" y="758" width="31" height="27" />
        <cmp x="729" y="755" width="102" height="33" />
      </word>
      <word id="a03-071-00-04" tag="AP" text="same">
        <cmp x="891" y="770" width="34" height="21" />
        <cmp x="932" y="765" width="154" height="25" />
      </word>
      <word id="a03-071-00-05" tag="NN" text="time">
        <cmp x="1137" y="750" width="155" height="40" />
        <cmp x="1152" y="744" width="13" height="8" />
      </word>
      <word id="a03-071-00-06" tag="," text=",">
        <cmp x="1312" y="789" width="19" height="22" />
      </word>
      <word id="a03-071-00-07" tag="EX" text="there">
        <cmp x="1400" y="753" width="123" height="39" />
        <cmp x="1539" y="760" width="58" height="32" />
      </word>
      <word id="a03-071-00-08" tag="BEZ" text="is">
        <cmp x="1646" y="744" width="18" height="7" />
        <cmp x="1657" y="772" width="49" height="19" />
      </word>
      <word id="a03-071-00-09" tag="NN" text="reason">
        <cmp x="1797" y="760" width="65" height="28" />
        <cmp x="1863" y="764" width="57" height="24" />
        <cmp x="1925" y="767" width="27" height="20" />
        <cmp x="1959" y="766" width="78" height="19" />
      </word>
      <word id="a03-071-00-10" tag="TO" text="to">
        <cmp x="2088" y="750" width="26" height="32" />
        <cmp x="2123" y="759" width="35" height="33" />
      </word>
      <lower-contour>
        <point x="367" y="811" />
        <point x="2159" y="811" />
      </lower-contour>
    </line>
    <line ass="151" asx="0" asy="921" character-width="999" dss="151" dsx="0" dsy="975" fd0="13230" fd1="3204" fd2="289" filter-width="4" id="a03-071-01" lbs="213" lbx="0" lby="970" segmentation="ok" slant="113000" stroke-width="6942" threshold="165" text="believe that the Federal Government is not" ubs="27" ubx="0" uby="941">
      <word id="a03-071-01-00" tag="VB" text="believe">
        <cmp x="369" y="937" width="41" height="38" />
        <cmp x="412" y="947" width="41" height="23" />
        <cmp x="452" y="938" width="95" height="31" />
        <cmp x="479" y="927" width="18" height="11" />
        <cmp x="551" y="945" width="29" height="25" />
        <cmp x="597" y="941" width="54" height="29" />
      </word>
      <word id="a03-071-01-01" tag="CS" text="that">
        <cmp x="712" y="932" width="93" height="37" />
        <cmp x="807" y="933" width="90" height="34" />
      </word>
      <word id="a03-071-01-02" tag="ATI" text="the">
        <cmp x="956" y="935" width="27" height="33" />
        <cmp x="988" y="937" width="92" height="34" />
      </word>
      <word id="a03-071-01-03" tag="JJ" text="Federal">
        <cmp x="1127" y="919" width="67" height="8" />
        <cmp x="1154" y="934" width="74" height="34" />
        <cmp x="1229" y="938" width="124" height="28" />
        <cmp x="1352" y="944" width="52" height="23" />
        <cmp x="1399" y="932" width="22" height="30" />
      </word>
      <word id="a03-071-01-04" tag="NN" text="Government">
        <cmp x="1517" y="929" width="43" height="39" />
        <cmp x="1568" y="943" width="39" height="27" />
        <cmp x="1614" y="937" width="31" height="30" />
        <cmp x="1653" y="936" width="94" height="34" />
        <cmp x="1750" y="921" width="179" height="42" />
      </word>
      <word id="a03-071-01-05" tag="BEZ" text="is">
        <cmp x="1965" y="917" width="9" height="7" />
        <cmp x="1966" y="944" width="57" height="22" />
      </word>
      <word id="a03-071-01-06" tag="XNOT" text="not">
        <cmp x="2078" y="943" width="39" height="19" />
        <cmp x="2126" y="921" width="71" height="43" />
      </word>
      <upper-contour>
        <point x="367" y="811" />
        <point x="2159" y="811" />
      </upper-contour>
      <lower-contour>
        <point x="367" y="974" />
        <point x="2198" y="974" />
      </lower-contour>
    </line>
    <line ass="328" asx="0" asy="1095" character-width="999" dss="328" dsx="0" dsy="1179" fd0="13671" fd1="3475" fd2="997" filter-width="4" id="a03-071-02" lbs="349" lbx="0" lby="1154" segmentation="ok" slant="103000" stroke-width="6804" threshold="166" text="convinced, on the basis of the information" ubs="285" ubx="0" uby="1132">
      <word id="a03-071-02-00" tag="VBN" text="convinced">
        <cmp x="365" y="1126" width="42" height="33" />
        <cmp x="407" y="1126" width="86" height="27" />
        <cmp x="515" y="1119" width="36" height="31" />
        <cmp x="553" y="1095" width="6" height="7" />
        <cmp x="553" y="1129" width="16" height="17" />
        <cmp x="574" y="1126" width="130" height="30" />
        <cmp x="711" y="1117" width="53" height="31" />
      </word>
      <word id="a03-071-02-01" tag="," text=",">
        <cmp x="781" y="1144" width="17" height="31" />
      </word>
      <word id="a03-071-02-02" tag="IN" text="on">
        <cmp x="862" y="1128" width="93" height="26" />
      </word>
      <word id="a03-071-02-03" tag="ATI" text="the">
        <cmp x="995" y="1110" width="37" height="34" />
        <cmp x="1034" y="1120" width="92" height="30" />
      </word>
      <word id="a03-071-02-04" tag="NN" text="basis">
        <cmp x="1179" y="1104" width="53" height="45" />
        <cmp x="1237" y="1126" width="120" height="21" />
        <cmp x="1345" y="1099" width="11" height="13" />
        <cmp x="1380" y="1129" width="17" height="15" />
      </word>
      <word id="a03-071-02-05" tag="INO" text="of">
        <cmp x="1475" y="1121" width="30" height="29" />
        <cmp x="1506" y="1088" width="27" height="60" />
      </word>
      <word id="a03-071-02-06" tag="ATI" text="the">
        <cmp x="1606" y="1101" width="151" height="41" />
      </word>
      <word id="a03-071-02-07" tag="NN" text="information">
        <cmp x="1832" y="1090" width="11" height="16" />
        <cmp x="1834" y="1127" width="75" height="18" />
        <cmp x="1931" y="1096" width="32" height="56" />
        <cmp x="1973" y="1120" width="67" height="23" />
        <cmp x="2041" y="1120" width="50" height="16" />
        <cmp x="2102" y="1108" width="88" height="32" />
        <cmp x="2168" y="1103" width="8" height="11" />
        <cmp x="2201" y="1123" width="75" height="29" />
      </word>
      <upper-contour>
        <point x="367" y="974" />
        <point x="2198" y="974" />
      </upper-contour>
      <lower-contour>
        <point x="363" y="1175" />
        <point x="2224" y="1175" />
      </lower-contour>
    </line>
    <line ass="136" asx="0" asy="1274" character-width="999" dss="136" dsx="0" dsy="1349" fd0="13528" fd1="3264" fd2="686" filter-width="4" id="a03-071-03" lbs="163" lbx="0" lby="1329" segmentation="ok" slant="107000" stroke-width="7025" threshold="164" text="it has so far, that such a project would" ubs="84" ubx="0" uby="1303">
      <word id="a03-071-03-00" tag="PP3" text="it">
        <cmp x="348" y="1297" width="22" height="10" />
        <cmp x="362" y="1324" width="28" height="15" />
        <cmp x="383" y="1291" width="43" height="40" />
      </word>
      <word id="a03-071-03-01" tag="HVZ" text="has">
        <cmp x="475" y="1295" width="52" height="32" />
        <cmp x="532" y="1302" width="79" height="22" />
      </word>
      <word id="a03-071-03-02" tag="QL" text="so">
        <cmp x="660" y="1307" width="41" height="25" />
        <cmp x="717" y="1300" width="43" height="28" />
      </word>
      <word id="a03-071-03-03" tag="RB" text="far">
        <cmp x="818" y="1274" width="32" height="66" />
        <cmp x="850" y="1297" width="103" height="33" />
      </word>
      <word id="a03-071-03-04" tag="," text=",">
        <cmp x="973" y="1318" width="19" height="29" />
      </word>
      <word id="a03-071-03-05" tag="CS" text="that">
        <cmp x="1064" y="1288" width="35" height="39" />
        <cmp x="1099" y="1294" width="49" height="25" />
        <cmp x="1153" y="1286" width="74" height="34" />
      </word>
      <word id="a03-071-03-06" tag="ABL" text="such">
        <cmp x="1292" y="1301" width="70" height="24" />
        <cmp x="1369" y="1296" width="95" height="29" />
      </word>
      <word id="a03-071-03-07" tag="AT" text="a">
        <cmp x="1545" y="1299" width="47" height="25" />
      </word>
      <word id="a03-071-03-08" tag="NN" text="project">
        <cmp x="1672" y="1302" width="35" height="36" />
        <cmp x="1714" y="1301" width="21" height="19" />
        <cmp x="1745" y="1296" width="38" height="28" />
        <cmp x="1779" y="1274" width="16" height="11" />
        <cmp x="1787" y="1292" width="42" height="45" />
        <cmp x="1843" y="1281" width="59" height="43" />
      </word>
      <word id="a03-071-03-09" tag="MD" text="would">
        <cmp x="1991" y="1297" width="51" height="30" />
        <cmp x="2049" y="1300" width="89" height="25" />
        <cmp x="2134" y="1285" width="20" height="37" />
        <cmp x="2164" y="1287" width="59" height="34" />
      </word>
      <upper-contour>
        <point x="363" y="1175" />
        <point x="2224" y="1175" />
      </upper-contour>
      <lower-contour>
        <point x="365" y="1347" />
        <point x="2224" y="1347" />
      </lower-contour>
    </line>
    <line ass="316" asx="0" asy="1455" character-width="999" dss="316" dsx="0" dsy="1541" fd0="13717" fd1="3341" fd2="370" filter-width="4" id="a03-071-04" lbs="349" lbx="0" lby="1513" segmentation="err" slant="100000" stroke-width="6983" threshold="167" text="be justified from a scientific point of view;" ubs="249" ubx="0" uby="1489">
      <word id="a03-071-04-00" tag="BE" text="be">
        <cmp x="367" y="1489" width="109" height="28" />
      </word>
      <word id="a03-071-04-01" tag="VBN" text="justified">
        <cmp x="560" y="1495" width="46" height="43" />
        <cmp x="607" y="1452" width="10" height="14" />
        <cmp x="607" y="1463" width="139" height="50" />
        <cmp x="731" y="1456" width="11" height="11" />
        <cmp x="753" y="1459" width="184" height="61" />
        <cmp x="798" y="1465" width="16" height="9" />
      </word>
      <word id="a03-071-04-02" tag="IN" text="from">
        <cmp x="1025" y="1461" width="56" height="62" />
        <cmp x="1082" y="1481" width="115" height="28" />
      </word>
      <word id="a03-071-04-03" tag="AT" text="a">
        <cmp x="1232" y="1482" width="52" height="23" />
      </word>
      <word id="a03-071-04-04" tag="JJ" text="scientific">
        <cmp x="1337" y="1483" width="25" height="19" />
        <cmp x="1368" y="1472" width="101" height="35" />
        <cmp x="1415" y="1459" width="11" height="11" />
        <cmp x="1481" y="1466" width="85" height="37" />
        <cmp x="1543" y="1452" width="10" height="13" />
        <cmp x="1579" y="1451" width="72" height="58" />
        <cmp x="1638" y="1459" width="13" height="18" />
        <cmp x="1665" y="1479" width="49" height="27" />
      </word>
      <word id="a03-071-04-05" tag="NN" text="point">
        <cmp x="1774" y="1480" width="30" height="34" />
        <cmp x="1810" y="1478" width="69" height="23" />
        <cmp x="1853" y="1455" width="13" height="13" />
        <cmp x="1888" y="1459" width="66" height="39" />
      </word>
      <word id="a03-071-04-06" tag="INO" text="of">
        <cmp x="1998" y="1477" width="41" height="21" />
        <cmp x="2050" y="1451" width="34" height="54" />
      </word>
      <word id="a03-071-04-07" tag="NN" text="view">
        <cmp x="2117" y="1479" width="28" height="27" />
        <cmp x="2148" y="1449" width="18" height="11" />
        <cmp x="2150" y="1477" width="81" height="33" />
        <cmp x="2231" y="1480" width="63" height="33" />
        <cmp x="2294" y="1499" width="23" height="22" />
      </word>
      <word id="a03-071-04-08" tag=";" text=";">
        <cmp x="2313" y="1486" width="7" height="8" />
      </word>
      <upper-contour>
        <point x="365" y="1347" />
        <point x="2224" y="1347" />
      </upper-contour>
      <lower-contour>
        <point x="385" y="1538" />
        <point x="2046" y="1538" />
      </lower-contour>
    </line>
    <line ass="446" asx="0" asy="1635" character-width="999" dss="446" dsx="0" dsy="1714" fd0="13320" fd1="3196" fd2="683" filter-width="4" id="a03-071-05" lbs="406" lbx="0" lby="1691" segmentation="ok" slant="101000" stroke-width="7109" threshold="165" text="and not merely constitute a &amp;quot;prestige&amp;quot;" ubs="526" ubx="0" uby="1670">
      <word id="a03-071-05-00" tag="CC" text="and">
        <cmp x="387" y="1671" width="70" height="26" />
        <cmp x="465" y="1658" width="63" height="32" />
      </word>
      <word id="a03-071-05-01" tag="XNOT" text="not">
        <cmp x="606" y="1674" width="37" height="17" />
        <cmp x="649" y="1642" width="78" height="49" />
      </word>
      <word id="a03-071-05-02" tag="RB" text="merely">
        <cmp x="801" y="1658" width="107" height="28" />
        <cmp x="916" y="1656" width="48" height="32" />
        <cmp x="969" y="1649" width="79" height="59" />
      </word>
      <word id="a03-071-05-03" tag="VB" text="constitute">
        <cmp x="1097" y="1659" width="33" height="28" />
        <cmp x="1142" y="1657" width="114" height="26" />
        <cmp x="1255" y="1637" width="37" height="37" />
        <cmp x="1285" y="1629" width="7" height="9" />
        <cmp x="1317" y="1636" width="82" height="43" />
        <cmp x="1393" y="1644" width="86" height="42" />
      </word>
      <word id="a03-071-05-04" tag="AT" text="a">
        <cmp x="1581" y="1662" width="37" height="18" />
      </word>
      <word id="a03-071-05-05" tag="*&apos;" text="&quot;">
        <cmp x="1657" y="1677" width="28" height="22" />
      </word>
      <word id="a03-071-05-06" tag="NN" text="prestige">
        <cmp x="1741" y="1658" width="28" height="36" />
        <cmp x="1771" y="1654" width="94" height="26" />
        <cmp x="1869" y="1634" width="31" height="37" />
        <cmp x="1893" y="1628" width="8" height="14" />
        <cmp x="1916" y="1646" width="87" height="40" />
      </word>
      <word id="a03-071-05-07" tag="**&apos;" text="&quot;">
        <cmp x="2019" y="1621" width="26" height="16" />
      </word>
      <upper-contour>
        <point x="385" y="1538" />
        <point x="2046" y="1538" />
      </upper-contour>
      <lower-contour>
        <point x="385" y="1708" />
        <point x="2046" y="1708" />
      </lower-contour>
    </line>
    <line ass="542" asx="0" asy="1819" character-width="999" dss="542" dsx="0" dsy="1890" fd0="13786" fd1="3245" fd2="748" filter-width="4" id="a03-071-06" lbs="592" lbx="0" lby="1872" segmentation="ok" slant="114999" stroke-width="6969" threshold="165" text="satellite, duplicating to some extent American" ubs="443" ubx="0" uby="1846">
      <word id="a03-071-06-00" tag="NN" text="satellite">
        <cmp x="380" y="1851" width="29" height="23" />
        <cmp x="416" y="1834" width="129" height="38" />
        <cmp x="537" y="1835" width="22" height="28" />
        <cmp x="548" y="1833" width="58" height="29" />
        <cmp x="568" y="1814" width="10" height="14" />
        <cmp x="613" y="1832" width="96" height="34" />
      </word>
      <word id="a03-071-06-01" tag="," text=",">
        <cmp x="734" y="1860" width="17" height="24" />
      </word>
      <word id="a03-071-06-02" tag="VBG" text="duplicating">
        <cmp x="844" y="1838" width="91" height="28" />
        <cmp x="947" y="1846" width="36" height="30" />
        <cmp x="992" y="1832" width="89" height="32" />
        <cmp x="1012" y="1813" width="13" height="11" />
        <cmp x="1087" y="1838" width="41" height="22" />
        <cmp x="1135" y="1824" width="80" height="31" />
        <cmp x="1166" y="1813" width="14" height="10" />
        <cmp x="1232" y="1832" width="37" height="40" />
      </word>
      <word id="a03-071-06-03" tag="IN" text="to">
        <cmp x="1322" y="1819" width="22" height="38" />
        <cmp x="1360" y="1837" width="36" height="22" />
      </word>
      <word id="a03-071-06-04" tag="DTI" text="some">
        <cmp x="1437" y="1834" width="25" height="24" />
        <cmp x="1466" y="1831" width="134" height="31" />
      </word>
      <word id="a03-071-06-05" tag="NN" text="extent">
        <cmp x="1677" y="1835" width="42" height="26" />
        <cmp x="1720" y="1833" width="37" height="28" />
        <cmp x="1764" y="1815" width="130" height="37" />
      </word>
      <word id="a03-071-06-06" tag="JNP" text="American">
        <cmp x="1987" y="1807" width="162" height="47" />
        <cmp x="2135" y="1807" width="9" height="10" />
        <cmp x="2162" y="1833" width="31" height="23" />
        <cmp x="2206" y="1832" width="65" height="20" />
      </word>
      <upper-contour>
        <point x="385" y="1708" />
        <point x="2046" y="1708" />
      </upper-contour>
      <lower-contour>
        <point x="378" y="1883" />
        <point x="2069" y="1883" />
      </lower-contour>
    </line>
    <line ass="324" asx="0" asy="1986" character-width="999" dss="324" dsx="0" dsy="2072" fd0="13200" fd1="2862" fd2="299" filter-width="4" id="a03-071-07" lbs="389" lbx="0" lby="2049" segmentation="ok" slant="116000" stroke-width="7077" threshold="167" text="efforts, as Die Welt suggests today in" ubs="194" ubx="0" uby="2021">
      <word id="a03-071-07-00" tag="NNS" text="efforts">
        <cmp x="368" y="1995" width="108" height="59" />
        <cmp x="484" y="2018" width="76" height="24" />
        <cmp x="561" y="1997" width="47" height="38" />
      </word>
      <word id="a03-071-07-01" tag="," text=",">
        <cmp x="631" y="2043" width="23" height="26" />
      </word>
      <word id="a03-071-07-02" tag="CS" text="as">
        <cmp x="730" y="2025" width="69" height="24" />
      </word>
      <word id="a03-071-07-03" tag="&amp;FW" text="Die">
        <cmp x="853" y="1992" width="88" height="52" />
        <cmp x="951" y="1993" width="9" height="9" />
        <cmp x="955" y="2011" width="74" height="28" />
      </word>
      <word id="a03-071-07-04" tag="&amp;FW" text="Welt">
        <cmp x="1083" y="2000" width="69" height="43" />
        <cmp x="1157" y="2014" width="42" height="28" />
        <cmp x="1199" y="1995" width="59" height="42" />
      </word>
      <word id="a03-071-07-05" tag="VBZ" text="suggests">
        <cmp x="1328" y="2020" width="28" height="20" />
        <cmp x="1356" y="2020" width="40" height="22" />
        <cmp x="1404" y="2016" width="53" height="46" />
        <cmp x="1449" y="1993" width="179" height="60" />
      </word>
      <word id="a03-071-07-06" tag="NR" text="today">
        <cmp x="1686" y="1996" width="29" height="42" />
        <cmp x="1717" y="2012" width="32" height="25" />
        <cmp x="1758" y="2003" width="46" height="29" />
        <cmp x="1809" y="2009" width="107" height="45" />
      </word>
      <word id="a03-071-07-07" tag="IN" text="in">
        <cmp x="1981" y="2012" width="87" height="17" />
        <cmp x="2002" y="1976" width="8" height="8" />
      </word>
      <upper-contour>
        <point x="378" y="1883" />
        <point x="2069" y="1883" />
      </upper-contour>
      <lower-contour>
        <point x="380" y="2068" />
        <point x="1344" y="2068" />
      </lower-contour>
    </line>
    <line ass="819" asx="0" asy="2175" character-width="999" dss="819" dsx="0" dsy="2255" fd0="14585" fd1="3669" fd2="407" filter-width="4" id="a03-071-08" lbs="921" lbx="0" lby="2234" segmentation="err" slant="114999" stroke-width="7101" threshold="162" text="a highly critical editorial article." ubs="615" ubx="0" uby="2208">
      <word id="a03-071-08-00" tag="AT" text="a">
        <cmp x="382" y="2204" width="51" height="25" />
      </word>
      <word id="a03-071-08-01" tag="RB" text="highly">
        <cmp x="474" y="2191" width="71" height="31" />
        <cmp x="520" y="2169" width="13" height="16" />
        <cmp x="561" y="2201" width="34" height="37" />
        <cmp x="599" y="2191" width="47" height="31" />
        <cmp x="647" y="2190" width="77" height="58" />
      </word>
      <word id="a03-071-08-02" tag="JJ" text="critical">
        <cmp x="768" y="2196" width="41" height="31" />
        <cmp x="808" y="2195" width="57" height="26" />
        <cmp x="849" y="2169" width="11" height="10" />
        <cmp x="873" y="2173" width="48" height="48" />
        <cmp x="897" y="2169" width="9" height="14" />
        <cmp x="930" y="2194" width="26" height="27" />
        <cmp x="966" y="2196" width="43" height="25" />
        <cmp x="1014" y="2181" width="20" height="35" />
      </word>
      <word id="a03-071-08-03" tag="JJ" text="editorial">
        <cmp x="1094" y="2195" width="54" height="24" />
        <cmp x="1158" y="2169" width="45" height="43" />
        <cmp x="1194" y="2169" width="10" height="13" />
        <cmp x="1206" y="2191" width="33" height="26" />
      </word>
      <word id="a03-071-08-04" tag="NN" text="article">
        <cmp x="1245" y="2179" width="74" height="39" />
      </word>
      <word id="a03-071-08-05" tag="." text=".">
        <cmp x="1333" y="2217" width="10" height="10" />
      </word>
      <upper-contour>
        <point x="380" y="2068" />
        <point x="1344" y="2068" />
      </upper-contour>
    </line>
  </handwritten-part>
</form>

