<?xml version="1.0" encoding="ISO-8859-1"?>

<!DOCTYPE form SYSTEM 'http://www.iam.unibe.ch/~fki/iamdb/form-metadata.dtd'>

<form created="2002-01-15" height="3542" id="a03-034" last-modified="2002-07-17" skew="-63" status="final" version="3.0_beta" width="2479" writer-id="049">
  <machine-printed-part>
    <machine-print-line text="Members of the Cabinet are basing their speeches on a new Conservative booklet" />
    <machine-print-line text="called The Record Speaks which outlines in some detail the accomplishments of the" />
    <machine-print-line text="party since it came to office three and a half years ago. Nevertheless there is little" />
    <machine-print-line text="illusion in the Conservative Party that their stock at home has fallen in the face of" />
    <machine-print-line text="heavy unemployment and an uncertain economy." />
  </machine-printed-part>
  <handwritten-part>
    <line ass="-62" asx="0" asy="721" character-width="999" dss="-62" dsx="0" dsy="829" fd0="13195" fd1="3159" fd2="-381" filter-width="4" id="a03-034-00" lbs="-66" lbx="0" lby="784" segmentation="ok" slant="91000" stroke-width="6038" threshold="175" text="Members of the Cabinet are basing their speeches on" ubs="-55" ubx="0" uby="759">
      <word id="a03-034-00-00" sentence-start="yes" tag="NNS" text="Members">
        <cmp x="365" y="732" width="41" height="57" />
        <cmp x="411" y="758" width="32" height="29" />
        <cmp x="445" y="764" width="43" height="18" />
        <cmp x="489" y="737" width="30" height="47" />
        <cmp x="520" y="758" width="83" height="28" />
      </word>
      <word id="a03-034-00-01" tag="INO" text="of">
        <cmp x="663" y="760" width="29" height="26" />
        <cmp x="695" y="728" width="35" height="78" />
      </word>
      <word id="a03-034-00-02" tag="ATI" text="the">
        <cmp x="787" y="736" width="103" height="62" />
      </word>
      <word id="a03-034-00-03" tag="NN" text="Cabinet">
        <cmp x="929" y="738" width="67" height="51" />
        <cmp x="995" y="739" width="27" height="43" />
        <cmp x="1016" y="744" width="17" height="16" />
        <cmp x="1027" y="763" width="15" height="21" />
        <cmp x="1041" y="764" width="26" height="20" />
        <cmp x="1073" y="762" width="28" height="23" />
        <cmp x="1095" y="731" width="31" height="54" />
      </word>
      <word id="a03-034-00-04" tag="BER" text="are">
        <cmp x="1188" y="747" width="55" height="34" />
        <cmp x="1251" y="760" width="36" height="23" />
      </word>
      <word id="a03-034-00-05" tag="VBG" text="basing">
        <cmp x="1326" y="729" width="117" height="60" />
        <cmp x="1417" y="736" width="17" height="22" />
        <cmp x="1443" y="764" width="36" height="21" />
        <cmp x="1469" y="760" width="72" height="67" />
      </word>
      <word id="a03-034-00-06" tag="PP$" text="their">
        <cmp x="1562" y="724" width="29" height="55" />
        <cmp x="1595" y="729" width="89" height="59" />
        <cmp x="1656" y="727" width="18" height="26" />
        <cmp x="1693" y="768" width="24" height="17" />
      </word>
      <word id="a03-034-00-07" tag="NNS" text="speeches">
        <cmp x="1773" y="757" width="29" height="33" />
        <cmp x="1808" y="764" width="32" height="67" />
        <cmp x="1840" y="764" width="66" height="25" />
        <cmp x="1906" y="762" width="35" height="28" />
        <cmp x="1932" y="737" width="38" height="54" />
        <cmp x="1962" y="763" width="31" height="24" />
        <cmp x="1994" y="763" width="37" height="31" />
      </word>
      <word id="a03-034-00-08" tag="IN" text="on">
        <cmp x="2075" y="761" width="33" height="26" />
        <cmp x="2116" y="764" width="35" height="29" />
      </word>
      <lower-contour>
        <point x="363" y="831" />
        <point x="2152" y="831" />
      </lower-contour>
    </line>
    <line ass="-2" asx="0" asy="906" character-width="999" dss="-2" dsx="0" dsy="995" fd0="12811" fd1="2918" fd2="-520" filter-width="4" id="a03-034-01" lbs="-26" lbx="0" lby="963" segmentation="ok" slant="90000" stroke-width="6213" threshold="160" text="a new Conservative booklet called The Record Speaks" ubs="45" ubx="0" uby="937">
      <word id="a03-034-01-00" tag="AT" text="a">
        <cmp x="357" y="932" width="42" height="40" />
      </word>
      <word id="a03-034-01-01" tag="JJ" text="new">
        <cmp x="445" y="943" width="68" height="27" />
        <cmp x="511" y="937" width="50" height="31" />
      </word>
      <word id="a03-034-01-02" tag="JJ" text="Conservative">
        <cmp x="637" y="910" width="35" height="60" />
        <cmp x="669" y="934" width="28" height="30" />
        <cmp x="707" y="940" width="33" height="23" />
        <cmp x="746" y="931" width="111" height="33" />
        <cmp x="861" y="907" width="75" height="53" />
        <cmp x="944" y="929" width="28" height="31" />
        <cmp x="973" y="935" width="41" height="25" />
      </word>
      <word id="a03-034-01-03" tag="NN" text="booklet">
        <cmp x="1075" y="912" width="101" height="53" />
        <cmp x="1176" y="909" width="58" height="55" />
        <cmp x="1233" y="910" width="53" height="54" />
      </word>
      <word id="a03-034-01-04" tag="VBN" text="called">
        <cmp x="1355" y="929" width="67" height="35" />
        <cmp x="1421" y="907" width="33" height="61" />
        <cmp x="1455" y="907" width="63" height="58" />
      </word>
      <word id="a03-034-01-05" tag="ATI" text="The">
        <cmp x="1585" y="914" width="88" height="64" />
        <cmp x="1672" y="938" width="21" height="25" />
      </word>
      <word id="a03-034-01-06" tag="NN" text="Record">
        <cmp x="1757" y="909" width="41" height="53" />
        <cmp x="1799" y="939" width="36" height="26" />
        <cmp x="1837" y="938" width="35" height="27" />
        <cmp x="1869" y="938" width="28" height="25" />
        <cmp x="1902" y="941" width="20" height="17" />
        <cmp x="1923" y="907" width="54" height="58" />
      </word>
      <word id="a03-034-01-07" tag="VBZ" text="Speaks">
        <cmp x="2013" y="909" width="36" height="53" />
        <cmp x="2056" y="938" width="92" height="59" />
        <cmp x="2133" y="909" width="86" height="58" />
      </word>
      <upper-contour>
        <point x="363" y="831" />
        <point x="2152" y="831" />
      </upper-contour>
      <lower-contour>
        <point x="363" y="997" />
        <point x="2220" y="997" />
      </lower-contour>
    </line>
    <line ass="-264" asx="0" asy="1077" character-width="999" dss="-264" dsx="0" dsy="1181" fd0="13089" fd1="2772" fd2="-425" filter-width="4" id="a03-034-02" lbs="-299" lbx="0" lby="1136" segmentation="ok" slant="90000" stroke-width="6341" threshold="160" text="which outlines in some detail the accomplishments" ubs="-195" ubx="0" uby="1112">
      <word id="a03-034-02-00" tag="WDT" text="which">
        <cmp x="365" y="1088" width="100" height="51" />
        <cmp x="447" y="1092" width="17" height="24" />
        <cmp x="476" y="1116" width="26" height="24" />
        <cmp x="495" y="1085" width="52" height="53" />
      </word>
      <word id="a03-034-02-01" tag="VBZ" text="outlines">
        <cmp x="626" y="1113" width="28" height="34" />
        <cmp x="661" y="1088" width="66" height="61" />
        <cmp x="729" y="1085" width="23" height="55" />
        <cmp x="750" y="1095" width="20" height="52" />
        <cmp x="776" y="1122" width="33" height="21" />
        <cmp x="814" y="1114" width="68" height="33" />
      </word>
      <word id="a03-034-02-02" tag="IN" text="in">
        <cmp x="937" y="1098" width="14" height="23" />
        <cmp x="946" y="1126" width="9" height="26" />
        <cmp x="970" y="1130" width="39" height="14" />
      </word>
      <word id="a03-034-02-03" tag="DTI" text="some">
        <cmp x="1080" y="1109" width="35" height="32" />
        <cmp x="1117" y="1119" width="30" height="24" />
        <cmp x="1156" y="1116" width="88" height="31" />
      </word>
      <word id="a03-034-02-04" tag="NN" text="detail">
        <cmp x="1308" y="1085" width="47" height="55" />
        <cmp x="1359" y="1112" width="23" height="27" />
        <cmp x="1387" y="1087" width="85" height="54" />
        <cmp x="1449" y="1086" width="18" height="26" />
        <cmp x="1476" y="1086" width="22" height="52" />
      </word>
      <word id="a03-034-02-05" tag="ATI" text="the">
        <cmp x="1545" y="1094" width="62" height="61" />
        <cmp x="1605" y="1124" width="57" height="20" />
        <cmp x="1634" y="1117" width="13" height="16" />
      </word>
      <word id="a03-034-02-06" tag="NNS" text="accomplishments">
        <cmp x="1709" y="1114" width="66" height="33" />
        <cmp x="1779" y="1115" width="31" height="29" />
        <cmp x="1816" y="1120" width="33" height="28" />
        <cmp x="1853" y="1121" width="59" height="25" />
        <cmp x="1923" y="1123" width="25" height="67" />
        <cmp x="1959" y="1095" width="14" height="55" />
        <cmp x="1979" y="1092" width="8" height="23" />
        <cmp x="1982" y="1126" width="13" height="26" />
        <cmp x="2007" y="1121" width="22" height="30" />
        <cmp x="2034" y="1090" width="36" height="53" />
        <cmp x="2068" y="1121" width="47" height="26" />
        <cmp x="2112" y="1120" width="26" height="24" />
        <cmp x="2140" y="1092" width="50" height="58" />
        <cmp x="2196" y="1118" width="34" height="30" />
      </word>
      <upper-contour>
        <point x="363" y="997" />
        <point x="2220" y="997" />
      </upper-contour>
      <lower-contour>
        <point x="372" y="1191" />
        <point x="2175" y="1191" />
      </lower-contour>
    </line>
    <line ass="-157" asx="0" asy="1252" character-width="999" dss="-157" dsx="0" dsy="1358" fd0="12559" fd1="3121" fd2="9" filter-width="4" id="a03-034-03" lbs="-161" lbx="0" lby="1320" segmentation="ok" slant="91000" stroke-width="6511" threshold="160" text="of the party since it came to office three and" ubs="-151" ubx="0" uby="1296">
      <word id="a03-034-03-00" tag="INO" text="of">
        <cmp x="374" y="1294" width="29" height="29" />
        <cmp x="408" y="1257" width="39" height="88" />
      </word>
      <word id="a03-034-03-01" tag="ATI" text="the">
        <cmp x="499" y="1262" width="32" height="63" />
        <cmp x="534" y="1263" width="37" height="56" />
        <cmp x="578" y="1303" width="12" height="14" />
        <cmp x="589" y="1297" width="10" height="10" />
      </word>
      <word id="a03-034-03-02" tag="NN" text="party">
        <cmp x="653" y="1294" width="28" height="65" />
        <cmp x="690" y="1300" width="61" height="24" />
        <cmp x="752" y="1257" width="31" height="70" />
        <cmp x="787" y="1299" width="34" height="61" />
      </word>
      <word id="a03-034-03-03" tag="CS" text="since">
        <cmp x="912" y="1280" width="31" height="40" />
        <cmp x="939" y="1264" width="20" height="55" />
        <cmp x="962" y="1297" width="40" height="20" />
        <cmp x="1015" y="1292" width="76" height="30" />
      </word>
      <word id="a03-034-03-04" tag="PP3" text="it">
        <cmp x="1112" y="1260" width="34" height="33" />
        <cmp x="1129" y="1293" width="9" height="30" />
        <cmp x="1147" y="1259" width="29" height="72" />
      </word>
      <word id="a03-034-03-05" tag="VBD" text="came">
        <cmp x="1228" y="1291" width="77" height="37" />
        <cmp x="1307" y="1299" width="95" height="26" />
        <cmp x="1378" y="1301" width="9" height="5" />
      </word>
      <word id="a03-034-03-06" tag="IN" text="to">
        <cmp x="1446" y="1268" width="59" height="62" />
      </word>
      <word id="a03-034-03-07" tag="NN" text="office">
        <cmp x="1577" y="1295" width="29" height="31" />
        <cmp x="1612" y="1265" width="86" height="87" />
        <cmp x="1685" y="1276" width="12" height="20" />
        <cmp x="1704" y="1299" width="37" height="24" />
        <cmp x="1737" y="1304" width="55" height="17" />
      </word>
      <word id="a03-034-03-08" tag="CD" text="three">
        <cmp x="1844" y="1276" width="36" height="61" />
        <cmp x="1880" y="1280" width="24" height="37" />
        <cmp x="1908" y="1299" width="31" height="25" />
        <cmp x="1946" y="1298" width="61" height="33" />
      </word>
      <word id="a03-034-03-09" tag="CC" text="and">
        <cmp x="2049" y="1297" width="45" height="32" />
        <cmp x="2097" y="1258" width="77" height="69" />
      </word>
      <upper-contour>
        <point x="372" y="1191" />
        <point x="2175" y="1191" />
      </upper-contour>
      <lower-contour>
        <point x="372" y="1361" />
        <point x="2103" y="1361" />
      </lower-contour>
    </line>
    <line ass="-252" asx="0" asy="1423" character-width="999" dss="-252" dsx="0" dsy="1548" fd0="12325" fd1="2569" fd2="-618" filter-width="4" id="a03-034-04" lbs="-275" lbx="0" lby="1497" segmentation="ok" slant="90000" stroke-width="6535" threshold="160" text="a half years ago. Nevertheless there is little" ubs="-207" ubx="0" uby="1471">
      <word id="a03-034-04-00" tag="AT" text="a">
        <cmp x="363" y="1464" width="43" height="32" />
      </word>
      <word id="a03-034-04-01" tag="ABN" text="half">
        <cmp x="444" y="1446" width="23" height="38" />
        <cmp x="472" y="1443" width="59" height="57" />
        <cmp x="536" y="1436" width="30" height="93" />
      </word>
      <word id="a03-034-04-02" tag="NNS" text="years">
        <cmp x="642" y="1478" width="33" height="73" />
        <cmp x="671" y="1488" width="10" height="8" />
        <cmp x="687" y="1473" width="31" height="34" />
        <cmp x="715" y="1478" width="59" height="22" />
        <cmp x="775" y="1471" width="42" height="35" />
      </word>
      <word id="a03-034-04-03" tag="RB" text="ago">
        <cmp x="870" y="1472" width="46" height="35" />
        <cmp x="913" y="1476" width="57" height="63" />
        <cmp x="949" y="1467" width="46" height="29" />
      </word>
      <word id="a03-034-04-04" tag="." text=".">
        <cmp x="1015" y="1500" width="5" height="8" />
      </word>
      <word id="a03-034-04-05" sentence-start="yes" tag="RB" text="Nevertheless">
        <cmp x="1114" y="1429" width="35" height="76" />
        <cmp x="1153" y="1477" width="27" height="27" />
        <cmp x="1190" y="1469" width="22" height="35" />
        <cmp x="1208" y="1471" width="64" height="29" />
        <cmp x="1217" y="1487" width="4" height="5" />
        <cmp x="1289" y="1440" width="56" height="66" />
        <cmp x="1345" y="1468" width="46" height="31" />
        <cmp x="1378" y="1480" width="4" height="5" />
        <cmp x="1391" y="1444" width="21" height="59" />
        <cmp x="1409" y="1467" width="96" height="37" />
      </word>
      <word id="a03-034-04-06" tag="EX" text="there">
        <cmp x="1571" y="1457" width="183" height="68" />
        <cmp x="1613" y="1455" width="5" height="7" />
      </word>
      <word id="a03-034-04-07" tag="BEZ" text="is">
        <cmp x="1812" y="1445" width="14" height="61" />
        <cmp x="1844" y="1467" width="27" height="41" />
      </word>
      <word id="a03-034-04-08" tag="AP" text="little">
        <cmp x="1935" y="1444" width="12" height="61" />
        <cmp x="1957" y="1444" width="14" height="31" />
        <cmp x="1960" y="1480" width="11" height="24" />
        <cmp x="1974" y="1443" width="49" height="68" />
        <cmp x="2026" y="1448" width="12" height="63" />
        <cmp x="2053" y="1476" width="49" height="27" />
      </word>
      <upper-contour>
        <point x="372" y="1361" />
        <point x="2103" y="1361" />
      </upper-contour>
      <lower-contour>
        <point x="361" y="1551" />
        <point x="2054" y="1551" />
      </lower-contour>
    </line>
    <line ass="-157" asx="0" asy="1605" character-width="999" dss="-157" dsx="0" dsy="1727" fd0="12900" fd1="2839" fd2="-325" filter-width="4" id="a03-034-05" lbs="-87" lbx="0" lby="1677" segmentation="ok" slant="91000" stroke-width="6591" threshold="160" text="illusion in the Conservative Party that their" ubs="-297" ubx="0" uby="1646">
      <word id="a03-034-05-00" tag="NN" text="illusion">
        <cmp x="360" y="1619" width="9" height="15" />
        <cmp x="368" y="1646" width="8" height="33" />
        <cmp x="391" y="1622" width="13" height="55" />
        <cmp x="407" y="1617" width="17" height="66" />
        <cmp x="430" y="1647" width="63" height="31" />
        <cmp x="496" y="1621" width="14" height="56" />
        <cmp x="511" y="1651" width="33" height="24" />
        <cmp x="546" y="1653" width="43" height="23" />
      </word>
      <word id="a03-034-05-01" tag="IN" text="in">
        <cmp x="642" y="1619" width="25" height="59" />
        <cmp x="680" y="1661" width="37" height="22" />
      </word>
      <word id="a03-034-05-02" tag="ATI" text="the">
        <cmp x="744" y="1625" width="76" height="60" />
        <cmp x="817" y="1647" width="50" height="28" />
      </word>
      <word id="a03-034-05-03" tag="JJ" text="Conservative">
        <cmp x="954" y="1611" width="67" height="72" />
        <cmp x="1033" y="1646" width="62" height="37" />
        <cmp x="1099" y="1647" width="56" height="34" />
        <cmp x="1172" y="1647" width="33" height="33" />
        <cmp x="1202" y="1611" width="85" height="77" />
        <cmp x="1278" y="1617" width="19" height="30" />
        <cmp x="1290" y="1651" width="11" height="29" />
        <cmp x="1314" y="1645" width="27" height="35" />
        <cmp x="1342" y="1646" width="57" height="30" />
      </word>
      <word id="a03-034-05-04" tag="NN" text="Party">
        <cmp x="1460" y="1611" width="26" height="69" />
        <cmp x="1487" y="1655" width="60" height="27" />
        <cmp x="1557" y="1611" width="33" height="70" />
        <cmp x="1585" y="1657" width="51" height="76" />
      </word>
      <word id="a03-034-05-05" tag="CS" text="that">
        <cmp x="1690" y="1631" width="32" height="61" />
        <cmp x="1720" y="1623" width="99" height="64" />
      </word>
      <word id="a03-034-05-06" tag="PP$" text="their">
        <cmp x="1879" y="1626" width="124" height="65" />
        <cmp x="1960" y="1615" width="31" height="37" />
        <cmp x="2006" y="1654" width="47" height="28" />
      </word>
      <upper-contour>
        <point x="361" y="1551" />
        <point x="2054" y="1551" />
      </upper-contour>
      <lower-contour>
        <point x="358" y="1733" />
        <point x="1968" y="1733" />
      </lower-contour>
    </line>
    <line ass="-669" asx="0" asy="1773" character-width="999" dss="-669" dsx="0" dsy="1884" fd0="12520" fd1="2987" fd2="-136" filter-width="4" id="a03-034-06" lbs="-526" lbx="0" lby="1848" segmentation="ok" slant="96000" stroke-width="6555" threshold="160" text="stock at home has fallen in the face of" ubs="-955" ubx="0" uby="1808">
      <word id="a03-034-06-00" tag="NN" text="stock">
        <cmp x="357" y="1783" width="158" height="74" />
      </word>
      <word id="a03-034-06-01" tag="IN" text="at">
        <cmp x="593" y="1794" width="75" height="65" />
      </word>
      <word id="a03-034-06-02" tag="NR" text="home">
        <cmp x="707" y="1807" width="68" height="50" />
        <cmp x="788" y="1826" width="89" height="34" />
      </word>
      <word id="a03-034-06-03" tag="HVZ" text="has">
        <cmp x="942" y="1802" width="124" height="55" />
      </word>
      <word id="a03-034-06-04" tag="VBN" text="fallen">
        <cmp x="1108" y="1790" width="82" height="108" />
        <cmp x="1189" y="1808" width="16" height="53" />
        <cmp x="1210" y="1804" width="90" height="54" />
      </word>
      <word id="a03-034-06-05" tag="IN" text="in">
        <cmp x="1356" y="1796" width="26" height="58" />
        <cmp x="1390" y="1834" width="38" height="24" />
      </word>
      <word id="a03-034-06-06" tag="ATI" text="the">
        <cmp x="1499" y="1806" width="107" height="66" />
      </word>
      <word id="a03-034-06-07" tag="NN" text="face">
        <cmp x="1664" y="1797" width="89" height="99" />
        <cmp x="1751" y="1842" width="75" height="26" />
      </word>
      <word id="a03-034-06-08" tag="INO" text="of">
        <cmp x="1893" y="1838" width="30" height="26" />
        <cmp x="1931" y="1796" width="36" height="110" />
      </word>
      <upper-contour>
        <point x="358" y="1733" />
        <point x="1968" y="1733" />
      </upper-contour>
      <lower-contour>
        <point x="373" y="1906" />
        <point x="1968" y="1906" />
      </lower-contour>
    </line>
    <line ass="-397" asx="0" asy="1960" character-width="999" dss="-397" dsx="0" dsy="2094" fd0="13736" fd1="3475" fd2="27" filter-width="4" id="a03-034-07" lbs="-349" lbx="0" lby="2031" segmentation="ok" slant="90000" stroke-width="6447" threshold="160" text="heavy unemployment and an uncertain economy." ubs="-493" ubx="0" uby="2003">
      <word id="a03-034-07-00" tag="JJ" text="heavy">
        <cmp x="375" y="1970" width="62" height="61" />
        <cmp x="441" y="2004" width="44" height="28" />
        <cmp x="489" y="2007" width="22" height="24" />
        <cmp x="514" y="2009" width="52" height="90" />
      </word>
      <word id="a03-034-07-01" tag="NN" text="unemployment">
        <cmp x="654" y="2006" width="39" height="31" />
        <cmp x="697" y="2015" width="32" height="24" />
        <cmp x="731" y="2013" width="28" height="23" />
        <cmp x="770" y="2010" width="53" height="23" />
        <cmp x="825" y="2009" width="26" height="69" />
        <cmp x="858" y="1974" width="21" height="61" />
        <cmp x="883" y="2009" width="38" height="30" />
        <cmp x="925" y="2017" width="39" height="72" />
        <cmp x="983" y="2010" width="65" height="26" />
        <cmp x="1048" y="2009" width="25" height="26" />
        <cmp x="1074" y="2013" width="25" height="17" />
        <cmp x="1103" y="1970" width="34" height="71" />
      </word>
      <word id="a03-034-07-02" tag="CC" text="and">
        <cmp x="1233" y="2008" width="42" height="36" />
        <cmp x="1276" y="1973" width="77" height="71" />
      </word>
      <word id="a03-034-07-03" tag="AT" text="an">
        <cmp x="1415" y="2013" width="82" height="44" />
      </word>
      <word id="a03-034-07-04" tag="JJ" text="uncertain">
        <cmp x="1558" y="2015" width="43" height="29" />
        <cmp x="1603" y="2017" width="36" height="28" />
        <cmp x="1650" y="2012" width="83" height="32" />
        <cmp x="1737" y="1972" width="77" height="72" />
        <cmp x="1814" y="1973" width="5" height="21" />
        <cmp x="1815" y="2012" width="15" height="28" />
        <cmp x="1833" y="2007" width="44" height="28" />
      </word>
      <word id="a03-034-07-05" tag="NN" text="economy">
        <cmp x="1931" y="2006" width="36" height="34" />
        <cmp x="1961" y="2010" width="53" height="35" />
        <cmp x="2017" y="2020" width="63" height="30" />
        <cmp x="2090" y="2013" width="55" height="26" />
        <cmp x="2140" y="2024" width="43" height="82" />
      </word>
      <word id="a03-034-07-06" tag="." text=".">
        <cmp x="2195" y="2057" width="10" height="11" />
      </word>
      <upper-contour>
        <point x="373" y="1906" />
        <point x="1968" y="1906" />
      </upper-contour>
    </line>
  </handwritten-part>
</form>

