<?xml version="1.0" encoding="ISO-8859-1"?>

<!DOCTYPE form SYSTEM 'http://www.iam.unibe.ch/~fki/iamdb/form-metadata.dtd'>

<form created="2002-01-15" height="3542" id="a03-043" last-modified="2002-07-17" skew="-63" status="final" version="3.0_beta" width="2479" writer-id="052">
  <machine-printed-part>
    <machine-print-line text="However, a separate poll revealed that Mr. Diefenbaker was still ahead in terms of" />
    <machine-print-line text="popularity as an individual leader (for Mr. Diefenbaker 36 per cent, for Mr. Pearson" />
    <machine-print-line text="34 per cent). How far is Mr. Lester Pearson acceptable to the people of Canada as a" />
    <machine-print-line text="Prime Minister? Many observers at the national rally will be seeking an answer." />
  </machine-printed-part>
  <handwritten-part>
    <line ass="273" asx="0" asy="707" character-width="999" dss="273" dsx="0" dsy="832" fd0="12466" fd1="3217" fd2="-925" filter-width="3" id="a03-043-00" lbs="294" lbx="0" lby="785" segmentation="ok" slant="90000" stroke-width="5384" threshold="160" text="However, a separate poll revealed that Mr." ubs="232" ubx="0" uby="743">
      <word id="a03-043-00-00" sentence-start="yes" tag="RB" text="However">
        <cmp x="345" y="709" width="33" height="78" />
        <cmp x="376" y="737" width="41" height="43" />
        <cmp x="423" y="727" width="48" height="54" />
        <cmp x="470" y="726" width="39" height="85" />
        <cmp x="524" y="729" width="33" height="50" />
        <cmp x="549" y="729" width="36" height="71" />
        <cmp x="599" y="731" width="28" height="47" />
      </word>
      <word id="a03-043-00-01" tag="," text=",">
        <cmp x="638" y="761" width="14" height="32" />
      </word>
      <word id="a03-043-00-02" tag="AT" text="a">
        <cmp x="691" y="731" width="44" height="42" />
      </word>
      <word id="a03-043-00-03" tag="JJ" text="separate">
        <cmp x="776" y="740" width="62" height="45" />
        <cmp x="841" y="732" width="33" height="90" />
        <cmp x="880" y="741" width="42" height="77" />
        <cmp x="926" y="740" width="46" height="30" />
        <cmp x="981" y="734" width="28" height="36" />
        <cmp x="1004" y="739" width="40" height="30" />
        <cmp x="1054" y="713" width="46" height="82" />
      </word>
      <word id="a03-043-00-04" tag="NN" text="poll">
        <cmp x="1161" y="738" width="58" height="90" />
        <cmp x="1221" y="747" width="34" height="29" />
        <cmp x="1257" y="706" width="8" height="64" />
        <cmp x="1269" y="710" width="10" height="63" />
      </word>
      <word id="a03-043-00-05" tag="VBD" text="revealed">
        <cmp x="1346" y="729" width="25" height="47" />
        <cmp x="1368" y="730" width="40" height="85" />
        <cmp x="1423" y="721" width="34" height="48" />
        <cmp x="1450" y="724" width="39" height="88" />
        <cmp x="1494" y="739" width="43" height="37" />
        <cmp x="1549" y="716" width="8" height="60" />
        <cmp x="1566" y="734" width="35" height="77" />
        <cmp x="1611" y="742" width="35" height="33" />
        <cmp x="1629" y="762" width="3" height="3" />
        <cmp x="1645" y="701" width="15" height="61" />
      </word>
      <word id="a03-043-00-06" tag="CS" text="that">
        <cmp x="1723" y="708" width="30" height="72" />
        <cmp x="1759" y="703" width="47" height="77" />
        <cmp x="1806" y="747" width="33" height="31" />
        <cmp x="1849" y="705" width="21" height="76" />
      </word>
      <word id="a03-043-00-07" tag="NPT" text="Mr.">
        <cmp x="1952" y="722" width="45" height="62" />
        <cmp x="2006" y="737" width="32" height="45" />
        <cmp x="2041" y="773" width="7" height="8" />
      </word>
      <lower-contour>
        <point x="343" y="828" />
        <point x="2048" y="828" />
      </lower-contour>
    </line>
    <line ass="-245" asx="0" asy="869" character-width="999" dss="-245" dsx="0" dsy="1007" fd0="12569" fd1="2796" fd2="-1273" filter-width="3" id="a03-043-01" lbs="-101" lbx="0" lby="965" segmentation="ok" slant="90000" stroke-width="5191" threshold="160" text="Diefenbaker was still ahead in terms of" ubs="-533" ubx="0" uby="904">
      <word id="a03-043-01-00" tag="NP" text="Diefenbaker">
        <cmp x="281" y="874" width="120" height="111" />
        <cmp x="348" y="897" width="8" height="44" />
        <cmp x="412" y="882" width="7" height="9" />
        <cmp x="414" y="917" width="8" height="33" />
        <cmp x="424" y="906" width="35" height="83" />
        <cmp x="472" y="874" width="39" height="109" />
        <cmp x="493" y="902" width="36" height="80" />
        <cmp x="545" y="910" width="35" height="40" />
        <cmp x="599" y="876" width="80" height="77" />
        <cmp x="694" y="886" width="23" height="65" />
        <cmp x="732" y="904" width="41" height="104" />
        <cmp x="779" y="907" width="25" height="53" />
      </word>
      <word id="a03-043-01-01" tag="BEDZ" text="was">
        <cmp x="897" y="914" width="45" height="51" />
        <cmp x="946" y="920" width="49" height="34" />
        <cmp x="993" y="918" width="43" height="46" />
      </word>
      <word id="a03-043-01-02" tag="RB" text="still">
        <cmp x="1082" y="919" width="48" height="48" />
        <cmp x="1129" y="889" width="35" height="65" />
        <cmp x="1159" y="897" width="9" height="8" />
        <cmp x="1176" y="890" width="9" height="65" />
        <cmp x="1187" y="896" width="10" height="60" />
      </word>
      <word id="a03-043-01-03" tag="RB" text="ahead">
        <cmp x="1247" y="921" width="52" height="42" />
        <cmp x="1315" y="882" width="89" height="116" />
        <cmp x="1413" y="920" width="36" height="36" />
        <cmp x="1459" y="921" width="34" height="37" />
        <cmp x="1493" y="884" width="9" height="81" />
      </word>
      <word id="a03-043-01-04" tag="IN" text="in">
        <cmp x="1584" y="913" width="39" height="49" />
        <cmp x="1612" y="888" width="8" height="8" />
        <cmp x="1637" y="917" width="32" height="45" />
      </word>
      <word id="a03-043-01-05" tag="NNS" text="terms">
        <cmp x="1727" y="882" width="46" height="78" />
        <cmp x="1772" y="904" width="38" height="111" />
        <cmp x="1821" y="915" width="19" height="52" />
        <cmp x="1854" y="913" width="74" height="50" />
        <cmp x="1934" y="916" width="33" height="50" />
      </word>
      <word id="a03-043-01-06" tag="INO" text="of">
        <cmp x="2010" y="921" width="47" height="40" />
        <cmp x="2070" y="877" width="38" height="131" />
      </word>
      <upper-contour>
        <point x="343" y="828" />
        <point x="2048" y="828" />
      </upper-contour>
      <lower-contour>
        <point x="308" y="1015" />
        <point x="2023" y="1015" />
      </lower-contour>
    </line>
    <line ass="-657" asx="0" asy="1039" character-width="999" dss="-657" dsx="0" dsy="1190" fd0="12652" fd1="3065" fd2="-1101" filter-width="3" id="a03-043-02" lbs="-789" lbx="0" lby="1127" segmentation="ok" slant="90000" stroke-width="5198" threshold="160" text="popularity as an individual leader (for" ubs="-393" ubx="0" uby="1091">
      <word id="a03-043-02-00" tag="NN" text="popularity">
        <cmp x="310" y="1090" width="109" height="104" />
        <cmp x="422" y="1090" width="59" height="97" />
        <cmp x="492" y="1093" width="43" height="48" />
        <cmp x="548" y="1064" width="7" height="67" />
        <cmp x="558" y="1103" width="40" height="37" />
        <cmp x="608" y="1110" width="33" height="30" />
        <cmp x="630" y="1089" width="6" height="7" />
        <cmp x="633" y="1076" width="23" height="53" />
        <cmp x="661" y="1102" width="42" height="91" />
      </word>
      <word id="a03-043-02-01" tag="IN" text="as">
        <cmp x="761" y="1096" width="49" height="40" />
        <cmp x="822" y="1095" width="41" height="44" />
      </word>
      <word id="a03-043-02-02" tag="AT" text="an">
        <cmp x="902" y="1104" width="50" height="41" />
        <cmp x="967" y="1097" width="49" height="45" />
      </word>
      <word id="a03-043-02-03" tag="JJ" text="individual">
        <cmp x="1086" y="1094" width="33" height="58" />
        <cmp x="1103" y="1071" width="6" height="11" />
        <cmp x="1128" y="1078" width="92" height="72" />
        <cmp x="1232" y="1107" width="7" height="36" />
        <cmp x="1234" y="1079" width="7" height="10" />
        <cmp x="1250" y="1100" width="29" height="43" />
        <cmp x="1286" y="1101" width="8" height="39" />
        <cmp x="1288" y="1074" width="8" height="9" />
        <cmp x="1304" y="1104" width="39" height="38" />
        <cmp x="1339" y="1067" width="11" height="67" />
        <cmp x="1355" y="1097" width="41" height="40" />
        <cmp x="1409" y="1099" width="39" height="38" />
        <cmp x="1462" y="1063" width="11" height="70" />
      </word>
      <word id="a03-043-02-04" tag="NN" text="leader">
        <cmp x="1556" y="1060" width="8" height="79" />
        <cmp x="1572" y="1086" width="46" height="107" />
        <cmp x="1615" y="1098" width="47" height="46" />
        <cmp x="1664" y="1064" width="53" height="77" />
        <cmp x="1716" y="1096" width="38" height="92" />
        <cmp x="1766" y="1093" width="22" height="49" />
      </word>
      <word id="a03-043-02-05" tag="(" text="(">
        <cmp x="1858" y="1071" width="42" height="96" />
      </word>
      <word id="a03-043-02-06" tag="IN" text="for">
        <cmp x="1919" y="1062" width="49" height="113" />
        <cmp x="1950" y="1109" width="37" height="37" />
        <cmp x="1998" y="1105" width="24" height="42" />
      </word>
      <upper-contour>
        <point x="308" y="1015" />
        <point x="2023" y="1015" />
      </upper-contour>
      <lower-contour>
        <point x="317" y="1195" />
        <point x="1992" y="1195" />
      </lower-contour>
    </line>
    <line ass="-67" asx="0" asy="1226" character-width="999" dss="-67" dsx="0" dsy="1372" fd0="12663" fd1="3092" fd2="-797" filter-width="3" id="a03-043-03" lbs="103" lbx="0" lby="1331" segmentation="ok" slant="91000" stroke-width="5289" threshold="160" text="Mr. Diefenbaker 36 per cent, for Mr." ubs="-409" ubx="0" uby="1276">
      <word id="a03-043-03-00" tag="NPT" text="Mr.">
        <cmp x="319" y="1251" width="64" height="86" />
        <cmp x="391" y="1290" width="6" height="35" />
        <cmp x="396" y="1279" width="22" height="9" />
        <cmp x="428" y="1304" width="7" height="9" />
      </word>
      <word id="a03-043-03-01" tag="NP" text="Diefenbaker">
        <cmp x="480" y="1229" width="101" height="145" />
        <cmp x="530" y="1260" width="8" height="51" />
        <cmp x="583" y="1250" width="8" height="7" />
        <cmp x="583" y="1273" width="7" height="38" />
        <cmp x="595" y="1267" width="32" height="94" />
        <cmp x="631" y="1231" width="38" height="105" />
        <cmp x="665" y="1261" width="28" height="89" />
        <cmp x="708" y="1265" width="45" height="53" />
        <cmp x="771" y="1246" width="8" height="59" />
        <cmp x="776" y="1274" width="36" height="46" />
        <cmp x="819" y="1276" width="49" height="40" />
        <cmp x="885" y="1247" width="29" height="69" />
        <cmp x="923" y="1262" width="35" height="90" />
        <cmp x="972" y="1263" width="28" height="55" />
      </word>
      <word id="a03-043-03-02" tag="CD" text="36">
        <cmp x="1071" y="1244" width="53" height="69" />
        <cmp x="1134" y="1250" width="49" height="67" />
      </word>
      <word id="a03-043-03-03" tag="NNU21" text="per">
        <cmp x="1254" y="1267" width="87" height="96" />
        <cmp x="1346" y="1269" width="25" height="12" />
        <cmp x="1346" y="1283" width="9" height="38" />
      </word>
      <word id="a03-043-03-04" tag="NNU22" text="cent">
        <cmp x="1422" y="1273" width="43" height="48" />
        <cmp x="1465" y="1274" width="40" height="90" />
        <cmp x="1516" y="1279" width="56" height="45" />
        <cmp x="1579" y="1248" width="19" height="73" />
      </word>
      <word id="a03-043-03-05" tag="," text=",">
        <cmp x="1635" y="1294" width="7" height="38" />
      </word>
      <word id="a03-043-03-06" tag="IN" text="for">
        <cmp x="1678" y="1297" width="10" height="9" />
        <cmp x="1699" y="1229" width="37" height="129" />
        <cmp x="1720" y="1281" width="35" height="38" />
        <cmp x="1767" y="1277" width="26" height="43" />
      </word>
      <word id="a03-043-03-07" tag="NPT" text="Mr.">
        <cmp x="1879" y="1256" width="61" height="78" />
        <cmp x="1948" y="1284" width="25" height="45" />
        <cmp x="1983" y="1318" width="8" height="9" />
      </word>
      <upper-contour>
        <point x="317" y="1195" />
        <point x="1992" y="1195" />
      </upper-contour>
      <lower-contour>
        <point x="317" y="1374" />
        <point x="1992" y="1374" />
      </lower-contour>
    </line>
    <line ass="-749" asx="0" asy="1385" character-width="999" dss="-749" dsx="0" dsy="1540" fd0="12705" fd1="3146" fd2="-791" filter-width="3" id="a03-043-04" lbs="-757" lbx="0" lby="1483" segmentation="ok" slant="90000" stroke-width="5282" threshold="160" text="Pearson 34 per cent). How far is Mr." ubs="-733" ubx="0" uby="1448">
      <word id="a03-043-04-00" tag="NP" text="Pearson">
        <cmp x="275" y="1390" width="83" height="96" />
        <cmp x="340" y="1441" width="49" height="104" />
        <cmp x="396" y="1451" width="50" height="42" />
        <cmp x="455" y="1449" width="23" height="39" />
        <cmp x="478" y="1453" width="79" height="43" />
        <cmp x="567" y="1450" width="47" height="42" />
      </word>
      <word id="a03-043-04-01" tag="CD" text="34">
        <cmp x="710" y="1423" width="58" height="76" />
        <cmp x="780" y="1424" width="40" height="83" />
      </word>
      <word id="a03-043-04-02" tag="NNU21" text="per">
        <cmp x="866" y="1448" width="95" height="97" />
        <cmp x="868" y="1467" width="7" height="77" />
        <cmp x="971" y="1448" width="22" height="57" />
      </word>
      <word id="a03-043-04-03" tag="NNU22" text="cent">
        <cmp x="1060" y="1452" width="45" height="53" />
        <cmp x="1116" y="1448" width="32" height="86" />
        <cmp x="1160" y="1451" width="55" height="50" />
        <cmp x="1227" y="1424" width="18" height="70" />
      </word>
      <word id="a03-043-04-04" tag=")" text=")">
        <cmp x="1256" y="1408" width="35" height="117" />
      </word>
      <word id="a03-043-04-05" tag="." text=".">
        <cmp x="1322" y="1492" width="10" height="9" />
      </word>
      <word id="a03-043-04-06" sentence-start="yes" tag="WRB" text="How">
        <cmp x="1389" y="1416" width="30" height="95" />
        <cmp x="1423" y="1459" width="39" height="41" />
        <cmp x="1475" y="1451" width="49" height="57" />
      </word>
      <word id="a03-043-04-07" tag="RB" text="far">
        <cmp x="1589" y="1411" width="50" height="132" />
        <cmp x="1624" y="1461" width="49" height="41" />
        <cmp x="1681" y="1463" width="10" height="39" />
        <cmp x="1687" y="1451" width="23" height="10" />
      </word>
      <word id="a03-043-04-08" tag="BEZ" text="is">
        <cmp x="1772" y="1445" width="14" height="53" />
        <cmp x="1780" y="1431" width="7" height="9" />
        <cmp x="1785" y="1455" width="41" height="48" />
      </word>
      <word id="a03-043-04-09" tag="NPT" text="Mr.">
        <cmp x="1905" y="1427" width="77" height="87" />
        <cmp x="1990" y="1460" width="24" height="44" />
        <cmp x="2026" y="1490" width="8" height="8" />
      </word>
      <upper-contour>
        <point x="317" y="1374" />
        <point x="1992" y="1374" />
      </upper-contour>
      <lower-contour>
        <point x="285" y="1545" />
        <point x="2035" y="1545" />
      </lower-contour>
    </line>
    <line ass="-1218" asx="0" asy="1566" character-width="999" dss="-1218" dsx="0" dsy="1720" fd0="12459" fd1="2708" fd2="-1575" filter-width="3" id="a03-043-05" lbs="-1392" lbx="0" lby="1654" segmentation="ok" slant="91000" stroke-width="5339" threshold="160" text="Lester Pearson acceptable to the people" ubs="-870" ubx="0" uby="1622">
      <word id="a03-043-05-00" tag="NP" text="Lester">
        <cmp x="287" y="1609" width="93" height="109" />
        <cmp x="383" y="1626" width="36" height="50" />
        <cmp x="428" y="1593" width="51" height="110" />
        <cmp x="494" y="1626" width="28" height="47" />
      </word>
      <word id="a03-043-05-01" tag="NP" text="Pearson">
        <cmp x="587" y="1581" width="90" height="79" />
        <cmp x="662" y="1620" width="35" height="99" />
        <cmp x="700" y="1629" width="51" height="47" />
        <cmp x="761" y="1632" width="26" height="39" />
        <cmp x="774" y="1636" width="78" height="43" />
        <cmp x="863" y="1633" width="64" height="46" />
      </word>
      <word id="a03-043-05-02" tag="JJ" text="acceptable">
        <cmp x="1016" y="1632" width="64" height="54" />
        <cmp x="1095" y="1635" width="36" height="44" />
        <cmp x="1138" y="1639" width="67" height="55" />
        <cmp x="1219" y="1643" width="6" height="88" />
        <cmp x="1229" y="1638" width="37" height="46" />
        <cmp x="1274" y="1606" width="68" height="75" />
        <cmp x="1356" y="1608" width="6" height="55" />
        <cmp x="1364" y="1636" width="38" height="44" />
        <cmp x="1410" y="1604" width="9" height="77" />
        <cmp x="1425" y="1630" width="43" height="84" />
      </word>
      <word id="a03-043-05-03" tag="IN" text="to">
        <cmp x="1524" y="1600" width="27" height="89" />
        <cmp x="1558" y="1643" width="43" height="38" />
      </word>
      <word id="a03-043-05-04" tag="ATI" text="the">
        <cmp x="1653" y="1615" width="37" height="82" />
        <cmp x="1700" y="1611" width="42" height="80" />
        <cmp x="1755" y="1633" width="33" height="125" />
      </word>
      <word id="a03-043-05-05" tag="NNS" text="people">
        <cmp x="1855" y="1633" width="74" height="96" />
        <cmp x="1933" y="1639" width="39" height="44" />
        <cmp x="1981" y="1635" width="48" height="70" />
        <cmp x="2033" y="1613" width="8" height="63" />
        <cmp x="2054" y="1640" width="35" height="84" />
      </word>
      <upper-contour>
        <point x="285" y="1545" />
        <point x="2035" y="1545" />
      </upper-contour>
      <lower-contour>
        <point x="296" y="1758" />
        <point x="2090" y="1758" />
      </lower-contour>
    </line>
    <line ass="-161" asx="0" asy="1759" character-width="999" dss="-161" dsx="0" dsy="1953" fd0="12943" fd1="3194" fd2="-120" filter-width="3" id="a03-043-06" lbs="-20" lbx="0" lby="1854" segmentation="ok" slant="90000" stroke-width="5295" threshold="160" text="of Canada as a Prime Minister? Many" ubs="-443" ubx="0" uby="1805">
      <word id="a03-043-06-00" tag="INO" text="of">
        <cmp x="298" y="1801" width="55" height="56" />
        <cmp x="357" y="1769" width="46" height="125" />
      </word>
      <word id="a03-043-06-01" tag="NP" text="Canada">
        <cmp x="450" y="1780" width="113" height="71" />
        <cmp x="579" y="1801" width="59" height="51" />
        <cmp x="644" y="1815" width="41" height="37" />
        <cmp x="697" y="1779" width="48" height="75" />
        <cmp x="748" y="1817" width="39" height="36" />
      </word>
      <word id="a03-043-06-02" tag="IN" text="as">
        <cmp x="884" y="1810" width="59" height="43" />
        <cmp x="948" y="1811" width="41" height="44" />
      </word>
      <word id="a03-043-06-03" tag="AT" text="a">
        <cmp x="1044" y="1817" width="51" height="38" />
      </word>
      <word id="a03-043-06-04" tag="NPT" text="Prime">
        <cmp x="1139" y="1793" width="63" height="106" />
        <cmp x="1210" y="1809" width="40" height="41" />
        <cmp x="1238" y="1786" width="8" height="10" />
        <cmp x="1262" y="1807" width="75" height="48" />
        <cmp x="1346" y="1808" width="39" height="90" />
      </word>
      <word id="a03-043-06-05" tag="NPT" text="Minister">
        <cmp x="1487" y="1778" width="55" height="82" />
        <cmp x="1542" y="1779" width="9" height="84" />
        <cmp x="1563" y="1823" width="7" height="32" />
        <cmp x="1570" y="1781" width="8" height="9" />
        <cmp x="1595" y="1811" width="52" height="50" />
        <cmp x="1660" y="1796" width="10" height="8" />
        <cmp x="1661" y="1817" width="7" height="42" />
        <cmp x="1677" y="1814" width="40" height="49" />
        <cmp x="1725" y="1786" width="52" height="124" />
        <cmp x="1786" y="1809" width="27" height="51" />
      </word>
      <word id="a03-043-06-06" tag="?" text="?">
        <cmp x="1840" y="1766" width="44" height="47" />
        <cmp x="1865" y="1839" width="7" height="7" />
      </word>
      <word id="a03-043-06-07" sentence-start="yes" tag="AP" text="Many">
        <cmp x="1928" y="1782" width="52" height="80" />
        <cmp x="1981" y="1777" width="9" height="84" />
        <cmp x="1995" y="1813" width="40" height="45" />
        <cmp x="2036" y="1817" width="8" height="39" />
        <cmp x="2059" y="1813" width="46" height="46" />
        <cmp x="2090" y="1821" width="69" height="137" />
        <cmp x="2116" y="1824" width="15" height="40" />
      </word>
      <upper-contour>
        <point x="296" y="1758" />
        <point x="2090" y="1758" />
      </upper-contour>
      <lower-contour>
        <point x="319" y="1910" />
        <point x="2089" y="1959" />
        <point x="2160" y="1959" />
      </lower-contour>
    </line>
    <line ass="-517" asx="0" asy="1939" character-width="999" dss="-517" dsx="0" dsy="2108" fd0="12630" fd1="2926" fd2="-1122" filter-width="3" id="a03-043-07" lbs="-583" lbx="0" lby="2022" segmentation="ok" slant="90000" stroke-width="5402" threshold="160" text="observers at the national rally will be" ubs="-387" ubx="0" uby="1974">
      <word id="a03-043-07-00" tag="NNS" text="observers">
        <cmp x="321" y="1980" width="49" height="51" />
        <cmp x="387" y="1946" width="11" height="58" />
        <cmp x="389" y="1979" width="49" height="54" />
        <cmp x="443" y="1984" width="39" height="53" />
        <cmp x="491" y="1977" width="39" height="108" />
        <cmp x="541" y="1985" width="24" height="48" />
        <cmp x="581" y="1977" width="31" height="51" />
        <cmp x="619" y="1984" width="39" height="82" />
        <cmp x="667" y="1986" width="19" height="48" />
        <cmp x="691" y="1987" width="39" height="49" />
      </word>
      <word id="a03-043-07-01" tag="IN" text="at">
        <cmp x="837" y="1987" width="48" height="41" />
        <cmp x="897" y="1949" width="24" height="70" />
      </word>
      <word id="a03-043-07-02" tag="ATI" text="the">
        <cmp x="980" y="1953" width="32" height="77" />
        <cmp x="1022" y="1949" width="46" height="80" />
        <cmp x="1079" y="1976" width="35" height="100" />
      </word>
      <word id="a03-043-07-03" tag="JJ" text="national">
        <cmp x="1207" y="1984" width="63" height="50" />
        <cmp x="1272" y="1987" width="47" height="41" />
        <cmp x="1330" y="1955" width="34" height="70" />
        <cmp x="1361" y="1958" width="7" height="11" />
        <cmp x="1382" y="1984" width="41" height="40" />
        <cmp x="1429" y="1977" width="51" height="53" />
        <cmp x="1492" y="1986" width="44" height="41" />
        <cmp x="1543" y="1956" width="8" height="70" />
      </word>
      <word id="a03-043-07-04" tag="NN" text="rally">
        <cmp x="1631" y="1980" width="37" height="56" />
        <cmp x="1678" y="1989" width="47" height="42" />
        <cmp x="1741" y="1958" width="10" height="72" />
        <cmp x="1762" y="1961" width="7" height="67" />
        <cmp x="1769" y="1992" width="52" height="131" />
        <cmp x="1783" y="1995" width="22" height="29" />
      </word>
      <word id="a03-043-07-05" tag="MD" text="will">
        <cmp x="1895" y="1987" width="81" height="94" />
        <cmp x="1957" y="1958" width="8" height="9" />
        <cmp x="1987" y="1958" width="7" height="85" />
        <cmp x="1997" y="1960" width="13" height="83" />
      </word>
      <word id="a03-043-07-06" tag="BE" text="be">
        <cmp x="2080" y="1992" width="46" height="56" />
        <cmp x="2082" y="1970" width="9" height="66" />
        <cmp x="2127" y="1987" width="38" height="138" />
      </word>
      <upper-contour>
        <point x="319" y="1910" />
        <point x="2089" y="1959" />
        <point x="2160" y="1959" />
      </upper-contour>
      <lower-contour>
        <point x="319" y="2085" />
        <point x="1278" y="2085" />
      </lower-contour>
    </line>
    <line ass="-304" asx="0" asy="2137" character-width="999" dss="-304" dsx="0" dsy="2289" fd0="12784" fd1="2862" fd2="-1501" filter-width="3" id="a03-043-08" lbs="467" lbx="0" lby="2224" segmentation="ok" slant="90000" stroke-width="5348" threshold="160" text="seeking an answer." ubs="-1850" ubx="0" uby="2150">
      <word id="a03-043-08-00" tag="VBG" text="seeking">
        <cmp x="300" y="2160" width="74" height="65" />
        <cmp x="382" y="2153" width="42" height="111" />
        <cmp x="431" y="2157" width="39" height="112" />
        <cmp x="492" y="2141" width="38" height="64" />
        <cmp x="532" y="2141" width="6" height="8" />
        <cmp x="535" y="2166" width="7" height="45" />
        <cmp x="557" y="2159" width="55" height="53" />
        <cmp x="598" y="2163" width="58" height="131" />
      </word>
      <word id="a03-043-08-01" tag="AT" text="an">
        <cmp x="744" y="2174" width="62" height="46" />
        <cmp x="816" y="2171" width="46" height="46" />
      </word>
      <word id="a03-043-08-02" tag="NN" text="answer">
        <cmp x="933" y="2168" width="48" height="45" />
        <cmp x="996" y="2166" width="53" height="50" />
        <cmp x="1046" y="2173" width="54" height="51" />
        <cmp x="1113" y="2165" width="44" height="59" />
        <cmp x="1170" y="2162" width="53" height="107" />
        <cmp x="1233" y="2163" width="35" height="58" />
      </word>
      <word id="a03-043-08-03" tag="." text=".">
        <cmp x="1269" y="2211" width="8" height="9" />
      </word>
      <upper-contour>
        <point x="319" y="2085" />
        <point x="1278" y="2085" />
      </upper-contour>
    </line>
  </handwritten-part>
</form>

