<?xml version="1.0" encoding="ISO-8859-1"?>

<!DOCTYPE form SYSTEM 'http://www.iam.unibe.ch/~fki/iamdb/form-metadata.dtd'>

<form created="2002-01-16" height="3542" id="a04-043" last-modified="2002-07-17" skew="-63" status="final" version="3.0_beta" width="2479" writer-id="060">
  <machine-printed-part>
    <machine-print-line text="MR. GAITSKELL today delivered a full-blooded defence of the Polaris missile base." />
    <machine-print-line text="And by implication he supported the establishment of sites in Britain for the training" />
    <machine-print-line text="of German troops. His main theme was that nuclear weapons were necessary to" />
    <machine-print-line text="defend Britain, that Britain must depend on Nato and &amp;quot;the West&amp;quot; must have nuclear" />
    <machine-print-line text="weapons so long as the Soviet Union has them." />
  </machine-printed-part>
  <handwritten-part>
    <line ass="-366" asx="0" asy="723" character-width="999" dss="-366" dsx="0" dsy="827" fd0="14181" fd1="2581" fd2="-1161" filter-width="3" id="a04-043-00" lbs="-342" lbx="0" lby="788" segmentation="ok" slant="75000" stroke-width="5308" threshold="188" text="MR. GAITSKELL today delivered a full-blooded" ubs="-414" ubx="0" uby="756">
      <word id="a04-043-00-00" sentence-start="yes" tag="NPT" text="MR.">
        <cmp x="367" y="727" width="48" height="71" />
        <cmp x="423" y="760" width="26" height="26" />
        <cmp x="453" y="783" width="9" height="8" />
      </word>
      <word id="a04-043-00-01" tag="NP" text="GAITSKELL">
        <cmp x="521" y="736" width="82" height="95" />
        <cmp x="605" y="753" width="8" height="10" />
        <cmp x="627" y="745" width="14" height="51" />
        <cmp x="647" y="762" width="21" height="33" />
        <cmp x="683" y="735" width="34" height="61" />
        <cmp x="721" y="746" width="82" height="53" />
        <cmp x="796" y="743" width="14" height="7" />
      </word>
      <word id="a04-043-00-02" tag="NR" text="today">
        <cmp x="893" y="745" width="16" height="52" />
        <cmp x="912" y="773" width="22" height="23" />
        <cmp x="936" y="753" width="46" height="49" />
        <cmp x="980" y="770" width="34" height="32" />
        <cmp x="1030" y="771" width="40" height="58" />
      </word>
      <word id="a04-043-00-03" tag="VBD" text="delivered">
        <cmp x="1132" y="741" width="71" height="55" />
        <cmp x="1204" y="735" width="43" height="63" />
        <cmp x="1249" y="750" width="8" height="9" />
        <cmp x="1262" y="764" width="21" height="40" />
        <cmp x="1284" y="778" width="8" height="4" />
        <cmp x="1292" y="768" width="19" height="27" />
        <cmp x="1300" y="770" width="16" height="18" />
        <cmp x="1322" y="768" width="27" height="36" />
        <cmp x="1349" y="755" width="47" height="43" />
      </word>
      <word id="a04-043-00-04" tag="AT" text="a">
        <cmp x="1452" y="769" width="36" height="34" />
      </word>
      <word id="a04-043-00-05" tag="JJ" text="full-blooded">
        <cmp x="1543" y="741" width="61" height="97" />
        <cmp x="1605" y="753" width="59" height="50" />
        <cmp x="1676" y="778" width="36" height="6" />
        <cmp x="1727" y="745" width="79" height="55" />
        <cmp x="1794" y="770" width="23" height="31" />
        <cmp x="1826" y="774" width="19" height="30" />
        <cmp x="1854" y="758" width="51" height="47" />
        <cmp x="1897" y="781" width="22" height="20" />
        <cmp x="1923" y="765" width="51" height="40" />
      </word>
      <lower-contour>
        <point x="365" y="838" />
        <point x="1974" y="838" />
      </lower-contour>
    </line>
    <line ass="-156" asx="0" asy="914" character-width="999" dss="-156" dsx="0" dsy="1006" fd0="14133" fd1="2723" fd2="-884" filter-width="3" id="a04-043-01" lbs="-161" lbx="0" lby="973" segmentation="ok" slant="70000" stroke-width="5208" threshold="186" text="defence of the Polaris missile base. And by" ubs="-145" ubx="0" uby="943">
      <word id="a04-043-01-00" tag="NN" text="defence">
        <cmp x="364" y="924" width="45" height="52" />
        <cmp x="405" y="942" width="44" height="39" />
        <cmp x="436" y="922" width="28" height="86" />
        <cmp x="460" y="940" width="32" height="34" />
        <cmp x="499" y="940" width="29" height="33" />
        <cmp x="535" y="951" width="23" height="26" />
        <cmp x="566" y="951" width="35" height="34" />
      </word>
      <word id="a04-043-01-01" tag="INO" text="of">
        <cmp x="672" y="929" width="66" height="79" />
      </word>
      <word id="a04-043-01-02" tag="ATI" text="the">
        <cmp x="791" y="921" width="93" height="59" />
      </word>
      <word id="a04-043-01-03" tag="NP" text="Polaris">
        <cmp x="969" y="918" width="48" height="51" />
        <cmp x="1016" y="918" width="61" height="57" />
        <cmp x="1060" y="941" width="36" height="32" />
        <cmp x="1101" y="944" width="30" height="26" />
        <cmp x="1136" y="939" width="16" height="33" />
        <cmp x="1153" y="944" width="28" height="31" />
      </word>
      <word id="a04-043-01-04" tag="NN" text="missile">
        <cmp x="1256" y="939" width="68" height="37" />
        <cmp x="1322" y="941" width="6" height="10" />
        <cmp x="1331" y="950" width="30" height="28" />
        <cmp x="1354" y="955" width="25" height="24" />
        <cmp x="1380" y="958" width="9" height="19" />
        <cmp x="1393" y="935" width="43" height="47" />
        <cmp x="1398" y="938" width="7" height="11" />
        <cmp x="1435" y="956" width="27" height="27" />
      </word>
      <word id="a04-043-01-05" tag="NN" text="base">
        <cmp x="1526" y="937" width="75" height="52" />
        <cmp x="1607" y="949" width="57" height="33" />
      </word>
      <word id="a04-043-01-06" tag="." text=".">
        <cmp x="1682" y="981" width="7" height="6" />
      </word>
      <word id="a04-043-01-07" sentence-start="yes" tag="CC" text="And">
        <cmp x="1747" y="934" width="56" height="58" />
        <cmp x="1803" y="949" width="27" height="24" />
        <cmp x="1833" y="934" width="51" height="46" />
      </word>
      <word id="a04-043-01-08" tag="IN" text="by">
        <cmp x="1930" y="929" width="42" height="48" />
        <cmp x="1979" y="946" width="43" height="60" />
      </word>
      <upper-contour>
        <point x="365" y="838" />
        <point x="1974" y="838" />
      </upper-contour>
      <lower-contour>
        <point x="362" y="1008" />
        <point x="1966" y="1008" />
      </lower-contour>
    </line>
    <line ass="-257" asx="0" asy="1088" character-width="999" dss="-257" dsx="0" dsy="1177" fd0="14175" fd1="2540" fd2="-1113" filter-width="3" id="a04-043-02" lbs="-135" lbx="0" lby="1154" segmentation="ok" slant="64000" stroke-width="5262" threshold="186" text="implication he supported the establishment of" ubs="-501" ubx="0" uby="1115">
      <word id="a04-043-02-00" tag="NN" text="implication">
        <cmp x="361" y="1091" width="9" height="57" />
        <cmp x="373" y="1109" width="47" height="44" />
        <cmp x="427" y="1127" width="37" height="52" />
        <cmp x="464" y="1141" width="3" height="3" />
        <cmp x="471" y="1110" width="55" height="38" />
        <cmp x="527" y="1117" width="36" height="35" />
        <cmp x="530" y="1107" width="6" height="9" />
        <cmp x="559" y="1120" width="42" height="32" />
        <cmp x="618" y="1105" width="33" height="48" />
        <cmp x="656" y="1112" width="4" height="8" />
        <cmp x="662" y="1131" width="27" height="25" />
        <cmp x="696" y="1127" width="36" height="30" />
      </word>
      <word id="a04-043-02-01" tag="PP3A" text="he">
        <cmp x="799" y="1103" width="47" height="61" />
        <cmp x="852" y="1127" width="28" height="27" />
      </word>
      <word id="a04-043-02-02" tag="VBD" text="supported">
        <cmp x="933" y="1129" width="74" height="34" />
        <cmp x="1002" y="1138" width="42" height="44" />
        <cmp x="1032" y="1131" width="49" height="52" />
        <cmp x="1084" y="1128" width="51" height="28" />
        <cmp x="1145" y="1106" width="36" height="48" />
        <cmp x="1182" y="1120" width="48" height="42" />
      </word>
      <word id="a04-043-02-03" tag="ATI" text="the">
        <cmp x="1303" y="1116" width="54" height="51" />
        <cmp x="1366" y="1138" width="20" height="24" />
      </word>
      <word id="a04-043-02-04" tag="NN" text="establishment">
        <cmp x="1434" y="1129" width="34" height="30" />
        <cmp x="1461" y="1112" width="44" height="48" />
        <cmp x="1504" y="1105" width="112" height="50" />
        <cmp x="1620" y="1115" width="6" height="9" />
        <cmp x="1626" y="1126" width="30" height="31" />
        <cmp x="1662" y="1102" width="26" height="50" />
        <cmp x="1688" y="1123" width="56" height="33" />
        <cmp x="1753" y="1127" width="25" height="27" />
        <cmp x="1778" y="1121" width="86" height="38" />
      </word>
      <word id="a04-043-02-05" tag="INO" text="of">
        <cmp x="1906" y="1113" width="59" height="68" />
      </word>
      <upper-contour>
        <point x="362" y="1008" />
        <point x="1966" y="1008" />
      </upper-contour>
      <lower-contour>
        <point x="359" y="1183" />
        <point x="1966" y="1183" />
      </lower-contour>
    </line>
    <line ass="-260" asx="0" asy="1268" character-width="999" dss="-260" dsx="0" dsy="1392" fd0="14042" fd1="3140" fd2="-189" filter-width="3" id="a04-043-03" lbs="-285" lbx="0" lby="1330" segmentation="ok" slant="73000" stroke-width="5257" threshold="186" text="sites in Britain for the training of German" ubs="-209" ubx="0" uby="1306">
      <word id="a04-043-03-00" tag="NNS" text="sites">
        <cmp x="360" y="1278" width="56" height="63" />
        <cmp x="426" y="1271" width="44" height="60" />
        <cmp x="469" y="1305" width="27" height="34" />
      </word>
      <word id="a04-043-03-01" tag="IN" text="in">
        <cmp x="574" y="1310" width="18" height="26" />
        <cmp x="577" y="1291" width="9" height="20" />
        <cmp x="590" y="1303" width="33" height="37" />
      </word>
      <word id="a04-043-03-02" tag="NP" text="Britain">
        <cmp x="696" y="1289" width="71" height="57" />
        <cmp x="766" y="1303" width="5" height="8" />
        <cmp x="779" y="1287" width="24" height="58" />
        <cmp x="798" y="1313" width="68" height="29" />
        <cmp x="864" y="1301" width="5" height="16" />
        <cmp x="878" y="1302" width="33" height="42" />
      </word>
      <word id="a04-043-03-03" tag="IN" text="for">
        <cmp x="1004" y="1284" width="49" height="75" />
        <cmp x="1062" y="1311" width="30" height="26" />
      </word>
      <word id="a04-043-03-04" tag="ATI" text="the">
        <cmp x="1149" y="1286" width="63" height="53" />
        <cmp x="1221" y="1318" width="25" height="24" />
      </word>
      <word id="a04-043-03-05" tag="NN" text="training">
        <cmp x="1316" y="1292" width="37" height="47" />
        <cmp x="1359" y="1308" width="75" height="30" />
        <cmp x="1438" y="1295" width="4" height="13" />
        <cmp x="1452" y="1303" width="41" height="30" />
        <cmp x="1506" y="1307" width="16" height="29" />
        <cmp x="1525" y="1288" width="7" height="9" />
        <cmp x="1530" y="1304" width="42" height="35" />
        <cmp x="1574" y="1321" width="22" height="57" />
      </word>
      <word id="a04-043-03-06" tag="INO" text="of">
        <cmp x="1653" y="1293" width="51" height="76" />
      </word>
      <word id="a04-043-03-07" tag="JNP" text="German">
        <cmp x="1761" y="1293" width="35" height="107" />
        <cmp x="1799" y="1315" width="27" height="30" />
        <cmp x="1826" y="1319" width="18" height="22" />
        <cmp x="1851" y="1312" width="58" height="34" />
        <cmp x="1919" y="1315" width="40" height="27" />
        <cmp x="1973" y="1309" width="36" height="24" />
      </word>
      <upper-contour>
        <point x="359" y="1183" />
        <point x="1966" y="1183" />
      </upper-contour>
      <lower-contour>
        <point x="362" y="1400" />
        <point x="1946" y="1400" />
      </lower-contour>
    </line>
    <line ass="-220" asx="0" asy="1444" character-width="999" dss="-220" dsx="0" dsy="1535" fd0="14224" fd1="3157" fd2="-455" filter-width="3" id="a04-043-04" lbs="-121" lbx="0" lby="1517" segmentation="ok" slant="77000" stroke-width="5203" threshold="186" text="troops. His main theme was that nuclear" ubs="-419" ubx="0" uby="1482">
      <word id="a04-043-04-00" tag="NNS" text="troops">
        <cmp x="364" y="1447" width="42" height="53" />
        <cmp x="416" y="1476" width="24" height="31" />
        <cmp x="444" y="1477" width="24" height="34" />
        <cmp x="464" y="1489" width="46" height="48" />
        <cmp x="509" y="1487" width="34" height="30" />
      </word>
      <word id="a04-043-04-01" tag="." text=".">
        <cmp x="544" y="1517" width="5" height="5" />
      </word>
      <word id="a04-043-04-02" sentence-start="yes" tag="PP$" text="His">
        <cmp x="648" y="1469" width="67" height="44" />
        <cmp x="713" y="1489" width="25" height="32" />
        <cmp x="714" y="1475" width="5" height="8" />
      </word>
      <word id="a04-043-04-03" tag="JJB" text="main">
        <cmp x="795" y="1496" width="51" height="30" />
        <cmp x="853" y="1487" width="74" height="42" />
        <cmp x="936" y="1490" width="33" height="36" />
      </word>
      <word id="a04-043-04-04" tag="NN" text="theme">
        <cmp x="1044" y="1469" width="61" height="54" />
        <cmp x="1112" y="1490" width="29" height="31" />
        <cmp x="1148" y="1488" width="63" height="33" />
        <cmp x="1216" y="1496" width="34" height="28" />
      </word>
      <word id="a04-043-04-05" tag="BEDZ" text="was">
        <cmp x="1308" y="1499" width="39" height="32" />
        <cmp x="1350" y="1501" width="35" height="26" />
        <cmp x="1391" y="1505" width="23" height="21" />
      </word>
      <word id="a04-043-04-06" tag="CS" text="that">
        <cmp x="1483" y="1477" width="31" height="44" />
        <cmp x="1513" y="1471" width="29" height="46" />
        <cmp x="1515" y="1482" width="6" height="5" />
        <cmp x="1546" y="1493" width="46" height="27" />
        <cmp x="1600" y="1476" width="30" height="39" />
      </word>
      <word id="a04-043-04-07" tag="JJ" text="nuclear">
        <cmp x="1666" y="1493" width="40" height="29" />
        <cmp x="1712" y="1490" width="31" height="29" />
        <cmp x="1755" y="1499" width="34" height="28" />
        <cmp x="1800" y="1477" width="18" height="42" />
        <cmp x="1820" y="1494" width="30" height="26" />
        <cmp x="1859" y="1494" width="28" height="24" />
        <cmp x="1902" y="1494" width="43" height="19" />
      </word>
      <upper-contour>
        <point x="362" y="1400" />
        <point x="1946" y="1400" />
      </upper-contour>
      <lower-contour>
        <point x="362" y="1537" />
        <point x="1946" y="1537" />
      </lower-contour>
    </line>
    <line ass="54" asx="0" asy="1636" character-width="999" dss="54" dsx="0" dsy="1725" fd0="14102" fd1="2740" fd2="-478" filter-width="3" id="a04-043-05" lbs="-38" lbx="0" lby="1695" segmentation="ok" slant="68000" stroke-width="5325" threshold="186" text="weapons were necessary to defend Britain, that" ubs="239" ubx="0" uby="1674">
      <word id="a04-043-05-00" tag="NNS" text="weapons">
        <cmp x="352" y="1650" width="65" height="41" />
        <cmp x="422" y="1659" width="38" height="30" />
        <cmp x="462" y="1674" width="48" height="44" />
        <cmp x="512" y="1668" width="18" height="28" />
        <cmp x="535" y="1663" width="31" height="33" />
        <cmp x="572" y="1670" width="25" height="29" />
      </word>
      <word id="a04-043-05-01" tag="BED" text="were">
        <cmp x="681" y="1662" width="61" height="40" />
        <cmp x="748" y="1670" width="25" height="22" />
        <cmp x="790" y="1671" width="27" height="26" />
      </word>
      <word id="a04-043-05-02" tag="JJ" text="necessary">
        <cmp x="889" y="1662" width="34" height="37" />
        <cmp x="934" y="1670" width="31" height="25" />
        <cmp x="966" y="1669" width="57" height="29" />
        <cmp x="1028" y="1672" width="31" height="31" />
        <cmp x="1061" y="1674" width="66" height="31" />
        <cmp x="1141" y="1671" width="22" height="19" />
        <cmp x="1171" y="1663" width="45" height="61" />
      </word>
      <word id="a04-043-05-03" tag="TO" text="to">
        <cmp x="1305" y="1650" width="59" height="57" />
      </word>
      <word id="a04-043-05-04" tag="VB" text="defend">
        <cmp x="1419" y="1651" width="151" height="73" />
        <cmp x="1584" y="1660" width="51" height="34" />
      </word>
      <word id="a04-043-05-05" tag="NP" text="Britain">
        <cmp x="1701" y="1635" width="58" height="61" />
        <cmp x="1747" y="1675" width="19" height="23" />
        <cmp x="1768" y="1669" width="23" height="21" />
        <cmp x="1790" y="1644" width="6" height="9" />
        <cmp x="1807" y="1640" width="33" height="62" />
        <cmp x="1834" y="1663" width="67" height="32" />
        <cmp x="1907" y="1648" width="4" height="15" />
        <cmp x="1918" y="1656" width="31" height="46" />
      </word>
      <word id="a04-043-05-06" tag="," text=",">
        <cmp x="1982" y="1691" width="18" height="26" />
      </word>
      <word id="a04-043-05-07" tag="CS" text="that">
        <cmp x="2031" y="1635" width="49" height="57" />
        <cmp x="2081" y="1658" width="63" height="31" />
        <cmp x="2141" y="1650" width="7" height="6" />
      </word>
      <upper-contour>
        <point x="362" y="1537" />
        <point x="1946" y="1537" />
      </upper-contour>
      <lower-contour>
        <point x="350" y="1724" />
        <point x="2077" y="1724" />
      </lower-contour>
    </line>
    <line ass="-123" asx="0" asy="1806" character-width="999" dss="-123" dsx="0" dsy="1899" fd0="14181" fd1="2968" fd2="-295" filter-width="3" id="a04-043-06" lbs="-82" lbx="0" lby="1874" segmentation="ok" slant="70000" stroke-width="5325" threshold="186" text="Britain must depend on Nato and &amp;quot;the West&amp;quot;" ubs="-205" ubx="0" uby="1843">
      <word id="a04-043-06-00" tag="NP" text="Britain">
        <cmp x="337" y="1808" width="36" height="57" />
        <cmp x="373" y="1840" width="39" height="29" />
        <cmp x="405" y="1826" width="5" height="5" />
        <cmp x="431" y="1820" width="20" height="55" />
        <cmp x="447" y="1842" width="62" height="35" />
        <cmp x="509" y="1835" width="5" height="11" />
        <cmp x="524" y="1851" width="34" height="27" />
      </word>
      <word id="a04-043-06-01" tag="MD" text="must">
        <cmp x="621" y="1844" width="94" height="33" />
        <cmp x="720" y="1848" width="36" height="35" />
        <cmp x="755" y="1822" width="27" height="48" />
      </word>
      <word id="a04-043-06-02" tag="VB" text="depend">
        <cmp x="841" y="1831" width="65" height="56" />
        <cmp x="905" y="1853" width="67" height="50" />
        <cmp x="978" y="1852" width="37" height="28" />
        <cmp x="1022" y="1844" width="43" height="36" />
      </word>
      <word id="a04-043-06-03" tag="IN" text="on">
        <cmp x="1118" y="1853" width="17" height="31" />
        <cmp x="1144" y="1854" width="32" height="28" />
      </word>
      <word id="a04-043-06-04" tag="NP" text="Nato">
        <cmp x="1248" y="1836" width="20" height="51" />
        <cmp x="1271" y="1821" width="32" height="49" />
        <cmp x="1299" y="1846" width="42" height="31" />
        <cmp x="1353" y="1830" width="56" height="58" />
      </word>
      <word id="a04-043-06-05" tag="CC" text="and">
        <cmp x="1459" y="1841" width="35" height="35" />
        <cmp x="1497" y="1846" width="26" height="29" />
        <cmp x="1538" y="1844" width="42" height="31" />
      </word>
      <word id="a04-043-06-06" tag="*&apos;" text="&quot;">
        <cmp x="1695" y="1828" width="13" height="25" />
      </word>
      <word id="a04-043-06-07" tag="ATI" text="the">
        <cmp x="1741" y="1832" width="54" height="48" />
        <cmp x="1799" y="1854" width="29" height="26" />
      </word>
      <word id="a04-043-06-08" tag="NR" text="West">
        <cmp x="1883" y="1829" width="80" height="49" />
        <cmp x="1962" y="1855" width="36" height="29" />
        <cmp x="2001" y="1829" width="21" height="44" />
      </word>
      <word id="a04-043-06-09" tag="**&apos;" text="&quot;">
        <cmp x="2049" y="1818" width="18" height="33" />
        <cmp x="2065" y="1833" width="11" height="18" />
      </word>
      <upper-contour>
        <point x="350" y="1724" />
        <point x="2077" y="1724" />
      </upper-contour>
      <lower-contour>
        <point x="335" y="1903" />
        <point x="2012" y="1903" />
      </lower-contour>
    </line>
    <line ass="124" asx="0" asy="2005" character-width="999" dss="124" dsx="0" dsy="2085" fd0="14836" fd1="3069" fd2="-357" filter-width="3" id="a04-043-07" lbs="159" lbx="0" lby="2057" segmentation="ok" slant="65000" stroke-width="5210" threshold="186" text="must have nuclear weapons so long as the" ubs="55" ubx="0" uby="2031">
      <word id="a04-043-07-00" tag="MD" text="must">
        <cmp x="331" y="2021" width="92" height="55" />
        <cmp x="422" y="2032" width="62" height="25" />
        <cmp x="483" y="2015" width="19" height="34" />
      </word>
      <word id="a04-043-07-01" tag="HV" text="have">
        <cmp x="573" y="2010" width="58" height="59" />
        <cmp x="638" y="2035" width="33" height="26" />
        <cmp x="680" y="2031" width="49" height="26" />
      </word>
      <word id="a04-043-07-02" tag="JJ" text="nuclear">
        <cmp x="817" y="2021" width="39" height="34" />
        <cmp x="862" y="2029" width="37" height="29" />
        <cmp x="909" y="2031" width="30" height="28" />
        <cmp x="948" y="2004" width="19" height="53" />
        <cmp x="975" y="2026" width="29" height="29" />
        <cmp x="1009" y="2028" width="40" height="27" />
        <cmp x="1053" y="2033" width="34" height="24" />
      </word>
      <word id="a04-043-07-03" tag="NNS" text="weapons">
        <cmp x="1135" y="2020" width="69" height="34" />
        <cmp x="1205" y="2022" width="39" height="28" />
        <cmp x="1242" y="2028" width="43" height="55" />
        <cmp x="1295" y="2030" width="16" height="25" />
        <cmp x="1320" y="2025" width="36" height="31" />
        <cmp x="1357" y="2030" width="30" height="24" />
      </word>
      <word id="a04-043-07-04" tag="QL" text="so">
        <cmp x="1459" y="2029" width="29" height="25" />
        <cmp x="1488" y="2028" width="4" height="3" />
        <cmp x="1493" y="2030" width="7" height="11" />
        <cmp x="1500" y="2028" width="14" height="25" />
      </word>
      <word id="a04-043-07-05" tag="RB" text="long">
        <cmp x="1573" y="2044" width="9" height="6" />
        <cmp x="1582" y="2004" width="39" height="44" />
        <cmp x="1611" y="2031" width="23" height="26" />
        <cmp x="1640" y="2025" width="29" height="27" />
        <cmp x="1670" y="2030" width="30" height="51" />
      </word>
      <word id="a04-043-07-06" tag="CS" text="as">
        <cmp x="1777" y="2025" width="31" height="29" />
        <cmp x="1810" y="2028" width="5" height="11" />
        <cmp x="1813" y="2031" width="27" height="25" />
      </word>
      <word id="a04-043-07-07" tag="ATI" text="the">
        <cmp x="1893" y="2008" width="73" height="48" />
        <cmp x="1975" y="2038" width="36" height="26" />
      </word>
      <upper-contour>
        <point x="335" y="1903" />
        <point x="2012" y="1903" />
      </upper-contour>
      <lower-contour>
        <point x="329" y="2077" />
        <point x="1193" y="2077" />
      </lower-contour>
    </line>
    <line ass="-292" asx="0" asy="2166" character-width="999" dss="-292" dsx="0" dsy="2242" fd0="14574" fd1="3407" fd2="-417" filter-width="3" id="a04-043-08" lbs="-136" lbx="0" lby="2231" segmentation="ok" slant="71000" stroke-width="5143" threshold="186" text="Soviet Union has them." ubs="-605" ubx="0" uby="2196">
      <word id="a04-043-08-00" tag="NP" text="Soviet">
        <cmp x="326" y="2176" width="50" height="56" />
        <cmp x="367" y="2200" width="19" height="32" />
        <cmp x="398" y="2194" width="25" height="39" />
        <cmp x="433" y="2202" width="10" height="30" />
        <cmp x="446" y="2185" width="6" height="7" />
        <cmp x="448" y="2199" width="33" height="29" />
        <cmp x="490" y="2187" width="20" height="42" />
      </word>
      <word id="a04-043-08-01" tag="NP" text="Union">
        <cmp x="573" y="2182" width="42" height="50" />
        <cmp x="616" y="2212" width="67" height="28" />
        <cmp x="689" y="2202" width="5" height="15" />
        <cmp x="702" y="2212" width="20" height="29" />
        <cmp x="732" y="2208" width="31" height="31" />
      </word>
      <word id="a04-043-08-02" tag="HVZ" text="has">
        <cmp x="838" y="2172" width="34" height="53" />
        <cmp x="869" y="2203" width="35" height="36" />
        <cmp x="914" y="2213" width="33" height="31" />
      </word>
      <word id="a04-043-08-03" tag="PP3OS" text="them">
        <cmp x="1003" y="2180" width="54" height="53" />
        <cmp x="1061" y="2204" width="29" height="28" />
        <cmp x="1097" y="2202" width="69" height="34" />
      </word>
      <word id="a04-043-08-04" tag="." text=".">
        <cmp x="1182" y="2238" width="10" height="11" />
      </word>
      <upper-contour>
        <point x="329" y="2077" />
        <point x="1193" y="2077" />
      </upper-contour>
    </line>
  </handwritten-part>
</form>

