<?xml version="1.0" encoding="ISO-8859-1"?>

<!DOCTYPE form SYSTEM 'http://www.iam.unibe.ch/~fki/iamdb/form-metadata.dtd'>

<form created="2002-01-16" height="3542" id="a04-054" last-modified="2002-07-17" skew="-159" status="final" version="3.0_beta" width="2479" writer-id="061">
  <machine-printed-part>
    <machine-print-line text="That argument did not apply to the Polaris submarine. So long as the Soviet Union" />
    <machine-print-line text="had nuclear weapons, the West, somewhere, must have them too. It was far better" />
    <machine-print-line text="for a weapon used for retaliatory purposes to be under the sea rather than on land." />
    <machine-print-line text="This was why the Labour Party did not think it right to oppose the Polaris depot" />
    <machine-print-line text="ship." />
  </machine-printed-part>
  <handwritten-part>
    <line ass="-338" asx="0" asy="727" character-width="999" dss="-338" dsx="0" dsy="875" fd0="13281" fd1="2103" fd2="-1259" filter-width="4" id="a04-054-00" lbs="-272" lbx="0" lby="793" segmentation="ok" slant="74000" stroke-width="5907" threshold="172" text="That argument did not apply to the Polaris submarine." ubs="-468" ubx="0" uby="761">
      <word id="a04-054-00-00" sentence-start="yes" tag="DT" text="That">
        <cmp x="338" y="747" width="13" height="8" />
        <cmp x="353" y="751" width="20" height="35" />
        <cmp x="356" y="786" width="7" height="13" />
        <cmp x="375" y="737" width="91" height="68" />
        <cmp x="376" y="751" width="4" height="4" />
        <cmp x="393" y="736" width="14" height="18" />
      </word>
      <word id="a04-054-00-01" tag="NN" text="argument">
        <cmp x="497" y="763" width="62" height="37" />
        <cmp x="555" y="750" width="207" height="129" />
      </word>
      <word id="a04-054-00-02" tag="DOD" text="did">
        <cmp x="805" y="743" width="45" height="70" />
        <cmp x="849" y="759" width="8" height="5" />
        <cmp x="861" y="742" width="46" height="67" />
      </word>
      <word id="a04-054-00-03" tag="XNOT" text="not">
        <cmp x="940" y="785" width="50" height="30" />
        <cmp x="996" y="792" width="21" height="17" />
        <cmp x="1024" y="750" width="33" height="61" />
      </word>
      <word id="a04-054-00-04" tag="VB" text="apply">
        <cmp x="1102" y="739" width="134" height="136" />
      </word>
      <word id="a04-054-00-05" tag="IN" text="to">
        <cmp x="1305" y="741" width="51" height="58" />
      </word>
      <word id="a04-054-00-06" tag="ATI" text="the">
        <cmp x="1391" y="745" width="16" height="62" />
        <cmp x="1401" y="736" width="59" height="66" />
      </word>
      <word id="a04-054-00-07" tag="NP" text="Polaris">
        <cmp x="1530" y="736" width="50" height="67" />
        <cmp x="1553" y="744" width="123" height="67" />
        <cmp x="1683" y="766" width="29" height="43" />
      </word>
      <word id="a04-054-00-08" tag="NN" text="submarine">
        <cmp x="1756" y="737" width="162" height="82" />
        <cmp x="1914" y="776" width="70" height="36" />
        <cmp x="1983" y="755" width="6" height="8" />
        <cmp x="1992" y="776" width="65" height="35" />
      </word>
      <word id="a04-054-00-09" tag="." text=".">
        <cmp x="2083" y="814" width="7" height="8" />
      </word>
      <lower-contour>
        <point x="339" y="881" />
        <point x="2003" y="881" />
      </lower-contour>
    </line>
    <line ass="-1266" asx="0" asy="881" character-width="999" dss="-1266" dsx="0" dsy="1027" fd0="13855" fd1="3164" fd2="-615" filter-width="4" id="a04-054-01" lbs="-1365" lbx="0" lby="958" segmentation="ok" slant="72000" stroke-width="5810" threshold="172" text="So long as the Soviet Union had nuclear weapons," ubs="-1067" ubx="0" uby="935">
      <word id="a04-054-01-00" sentence-start="yes" tag="QL" text="So">
        <cmp x="341" y="903" width="79" height="79" />
        <cmp x="391" y="923" width="4" height="6" />
      </word>
      <word id="a04-054-01-01" tag="RB" text="long">
        <cmp x="457" y="908" width="95" height="81" />
        <cmp x="546" y="950" width="37" height="90" />
      </word>
      <word id="a04-054-01-02" tag="CS" text="as">
        <cmp x="629" y="955" width="58" height="38" />
      </word>
      <word id="a04-054-01-03" tag="ATI" text="the">
        <cmp x="738" y="911" width="62" height="76" />
      </word>
      <word id="a04-054-01-04" tag="NP" text="Soviet">
        <cmp x="852" y="923" width="59" height="68" />
        <cmp x="915" y="956" width="32" height="31" />
        <cmp x="946" y="941" width="4" height="6" />
        <cmp x="955" y="952" width="21" height="36" />
        <cmp x="986" y="926" width="25" height="61" />
      </word>
      <word id="a04-054-01-05" tag="NP" text="Union">
        <cmp x="1037" y="926" width="89" height="63" />
        <cmp x="1123" y="949" width="5" height="7" />
        <cmp x="1128" y="962" width="52" height="31" />
      </word>
      <word id="a04-054-01-06" tag="HVD" text="had">
        <cmp x="1251" y="916" width="88" height="73" />
        <cmp x="1340" y="921" width="42" height="71" />
      </word>
      <word id="a04-054-01-07" tag="JJ" text="nuclear">
        <cmp x="1431" y="966" width="97" height="38" />
        <cmp x="1546" y="916" width="143" height="79" />
      </word>
      <word id="a04-054-01-08" tag="NNS" text="weapons">
        <cmp x="1744" y="961" width="112" height="32" />
        <cmp x="1865" y="967" width="30" height="64" />
        <cmp x="1898" y="954" width="73" height="43" />
      </word>
      <word id="a04-054-01-09" tag="," text=",">
        <cmp x="1968" y="1007" width="33" height="26" />
      </word>
      <upper-contour>
        <point x="339" y="881" />
        <point x="2003" y="881" />
      </upper-contour>
      <lower-contour>
        <point x="339" y="1041" />
        <point x="1977" y="1041" />
      </lower-contour>
    </line>
    <line ass="261" asx="0" asy="1080" character-width="999" dss="261" dsx="0" dsy="1201" fd0="13528" fd1="3201" fd2="-282" filter-width="4" id="a04-054-02" lbs="360" lbx="0" lby="1170" segmentation="ok" slant="72000" stroke-width="5832" threshold="172" text="the West, somewhere, must have them too. It" ubs="63" ubx="0" uby="1138">
      <word id="a04-054-02-00" tag="ATI" text="the">
        <cmp x="324" y="1079" width="84" height="85" />
      </word>
      <word id="a04-054-02-01" tag="NR" text="West">
        <cmp x="459" y="1082" width="54" height="80" />
        <cmp x="513" y="1122" width="46" height="35" />
        <cmp x="556" y="1105" width="20" height="45" />
        <cmp x="574" y="1097" width="4" height="5" />
      </word>
      <word id="a04-054-02-02" tag="," text=",">
        <cmp x="606" y="1155" width="14" height="26" />
      </word>
      <word id="a04-054-02-03" tag="RB" text="somewhere">
        <cmp x="673" y="1121" width="103" height="56" />
        <cmp x="781" y="1140" width="31" height="32" />
        <cmp x="814" y="1137" width="35" height="34" />
        <cmp x="849" y="1094" width="102" height="81" />
      </word>
      <word id="a04-054-02-04" tag="," text=",">
        <cmp x="990" y="1174" width="12" height="23" />
      </word>
      <word id="a04-054-02-05" tag="MD" text="must">
        <cmp x="1042" y="1132" width="125" height="35" />
        <cmp x="1169" y="1106" width="33" height="59" />
      </word>
      <word id="a04-054-02-06" tag="HV" text="have">
        <cmp x="1266" y="1088" width="146" height="73" />
      </word>
      <word id="a04-054-02-07" tag="PP3OS" text="them">
        <cmp x="1476" y="1092" width="126" height="75" />
      </word>
      <word id="a04-054-02-08" tag="RB" text="too">
        <cmp x="1667" y="1106" width="59" height="65" />
        <cmp x="1704" y="1143" width="59" height="30" />
      </word>
      <word id="a04-054-02-09" tag="." text=".">
        <cmp x="1805" y="1166" width="9" height="7" />
      </word>
      <word id="a04-054-02-10" sentence-start="yes" tag="PP3" text="It">
        <cmp x="1871" y="1136" width="46" height="32" />
        <cmp x="1885" y="1119" width="61" height="11" />
        <cmp x="1925" y="1126" width="49" height="43" />
      </word>
      <upper-contour>
        <point x="339" y="1041" />
        <point x="1977" y="1041" />
      </upper-contour>
      <lower-contour>
        <point x="328" y="1197" />
        <point x="1971" y="1197" />
      </lower-contour>
    </line>
    <line ass="-306" asx="0" asy="1252" character-width="999" dss="-306" dsx="0" dsy="1402" fd0="13634" fd1="3118" fd2="-423" filter-width="4" id="a04-054-03" lbs="-198" lbx="0" lby="1338" segmentation="ok" slant="73000" stroke-width="5922" threshold="172" text="was far better for a weapon used for retaliatory" ubs="-522" ubx="0" uby="1303">
      <word id="a04-054-03-00" tag="BEDZ" text="was">
        <cmp x="330" y="1298" width="105" height="47" />
        <cmp x="335" y="1300" width="6" height="4" />
      </word>
      <word id="a04-054-03-01" tag="RB" text="far">
        <cmp x="491" y="1355" width="13" height="31" />
        <cmp x="497" y="1257" width="56" height="148" />
        <cmp x="541" y="1317" width="41" height="28" />
      </word>
      <word id="a04-054-03-02" tag="JJR" text="better">
        <cmp x="639" y="1256" width="151" height="90" />
      </word>
      <word id="a04-054-03-03" tag="IN" text="for">
        <cmp x="824" y="1263" width="66" height="144" />
        <cmp x="868" y="1316" width="33" height="31" />
      </word>
      <word id="a04-054-03-04" tag="AT" text="a">
        <cmp x="953" y="1322" width="25" height="31" />
        <cmp x="975" y="1323" width="9" height="5" />
      </word>
      <word id="a04-054-03-05" tag="NN" text="weapon">
        <cmp x="1021" y="1325" width="32" height="27" />
        <cmp x="1052" y="1309" width="93" height="89" />
        <cmp x="1135" y="1324" width="60" height="30" />
      </word>
      <word id="a04-054-03-06" tag="VBN" text="used">
        <cmp x="1279" y="1267" width="167" height="82" />
      </word>
      <word id="a04-054-03-07" tag="IN" text="for">
        <cmp x="1472" y="1275" width="74" height="132" />
        <cmp x="1518" y="1326" width="38" height="31" />
      </word>
      <word id="a04-054-03-08" tag="JJ" text="retaliatory">
        <cmp x="1614" y="1320" width="76" height="37" />
        <cmp x="1695" y="1300" width="36" height="55" />
        <cmp x="1719" y="1292" width="5" height="6" />
        <cmp x="1729" y="1329" width="29" height="23" />
        <cmp x="1773" y="1289" width="39" height="64" />
        <cmp x="1816" y="1331" width="33" height="21" />
        <cmp x="1819" y="1317" width="8" height="8" />
        <cmp x="1862" y="1284" width="32" height="59" />
        <cmp x="1888" y="1318" width="82" height="92" />
      </word>
      <upper-contour>
        <point x="328" y="1197" />
        <point x="1971" y="1197" />
      </upper-contour>
      <lower-contour>
        <point x="328" y="1410" />
        <point x="1971" y="1410" />
      </lower-contour>
    </line>
    <line ass="-323" asx="0" asy="1442" character-width="999" dss="-323" dsx="0" dsy="1598" fd0="13456" fd1="2863" fd2="-299" filter-width="4" id="a04-054-04" lbs="-230" lbx="0" lby="1523" segmentation="ok" slant="76000" stroke-width="5836" threshold="172" text="purposes to be under the sea rather than on land." ubs="-509" ubx="0" uby="1488">
      <word id="a04-054-04-00" tag="NNS" text="purposes">
        <cmp x="322" y="1463" width="144" height="138" />
        <cmp x="468" y="1480" width="91" height="49" />
      </word>
      <word id="a04-054-04-01" tag="TO" text="to">
        <cmp x="627" y="1464" width="28" height="68" />
        <cmp x="655" y="1503" width="19" height="24" />
      </word>
      <word id="a04-054-04-02" tag="BE" text="be">
        <cmp x="724" y="1457" width="72" height="71" />
      </word>
      <word id="a04-054-04-03" tag="IN" text="under">
        <cmp x="824" y="1494" width="84" height="36" />
        <cmp x="920" y="1458" width="59" height="70" />
      </word>
      <word id="a04-054-04-04" tag="ATI" text="the">
        <cmp x="1062" y="1453" width="61" height="68" />
      </word>
      <word id="a04-054-04-05" tag="NN" text="sea">
        <cmp x="1179" y="1495" width="97" height="36" />
      </word>
      <word id="a04-054-04-06" tag="RB" text="rather">
        <cmp x="1320" y="1487" width="98" height="51" />
        <cmp x="1418" y="1458" width="85" height="76" />
      </word>
      <word id="a04-054-04-07" tag="CS" text="than">
        <cmp x="1568" y="1453" width="115" height="80" />
      </word>
      <word id="a04-054-04-08" tag="IN" text="on">
        <cmp x="1740" y="1500" width="45" height="30" />
      </word>
      <word id="a04-054-04-09" tag="NN" text="land">
        <cmp x="1837" y="1468" width="93" height="65" />
        <cmp x="1939" y="1453" width="58" height="81" />
      </word>
      <word id="a04-054-04-10" tag="." text=".">
        <cmp x="2024" y="1533" width="8" height="5" />
      </word>
      <upper-contour>
        <point x="328" y="1410" />
        <point x="1971" y="1410" />
      </upper-contour>
      <lower-contour>
        <point x="352" y="1578" />
        <point x="2033" y="1578" />
      </lower-contour>
    </line>
    <line ass="-266" asx="0" asy="1595" character-width="999" dss="-266" dsx="0" dsy="1764" fd0="13447" fd1="2703" fd2="-299" filter-width="3" id="a04-054-05" lbs="-325" lbx="0" lby="1688" segmentation="ok" slant="74000" stroke-width="5628" threshold="172" text="This was why the Labour Party did not think it right" ubs="-147" ubx="0" uby="1663">
      <word id="a04-054-05-00" sentence-start="yes" tag="DT" text="This">
        <cmp x="354" y="1597" width="109" height="98" />
      </word>
      <word id="a04-054-05-01" tag="BEDZ" text="was">
        <cmp x="517" y="1662" width="88" height="41" />
      </word>
      <word id="a04-054-05-02" tag="WRB" text="why">
        <cmp x="660" y="1614" width="101" height="155" />
      </word>
      <word id="a04-054-05-03" tag="ATI" text="the">
        <cmp x="830" y="1633" width="60" height="77" />
        <cmp x="865" y="1634" width="3" height="5" />
      </word>
      <word id="a04-054-05-04" tag="NN" text="Labour">
        <cmp x="959" y="1642" width="29" height="62" />
        <cmp x="995" y="1678" width="25" height="25" />
        <cmp x="1029" y="1637" width="82" height="69" />
      </word>
      <word id="a04-054-05-05" tag="NN" text="Party">
        <cmp x="1170" y="1662" width="15" height="37" />
        <cmp x="1171" y="1630" width="7" height="8" />
        <cmp x="1179" y="1630" width="36" height="27" />
        <cmp x="1199" y="1679" width="57" height="27" />
        <cmp x="1264" y="1642" width="27" height="55" />
        <cmp x="1284" y="1673" width="31" height="73" />
        <cmp x="1285" y="1637" width="5" height="3" />
      </word>
      <word id="a04-054-05-06" tag="DOD" text="did">
        <cmp x="1397" y="1647" width="41" height="61" />
        <cmp x="1432" y="1659" width="11" height="6" />
        <cmp x="1445" y="1642" width="31" height="66" />
      </word>
      <word id="a04-054-05-07" tag="XNOT" text="not">
        <cmp x="1500" y="1673" width="50" height="30" />
        <cmp x="1559" y="1681" width="18" height="22" />
        <cmp x="1584" y="1647" width="34" height="50" />
      </word>
      <word id="a04-054-05-08" tag="VB" text="think">
        <cmp x="1688" y="1639" width="98" height="68" />
        <cmp x="1700" y="1647" width="9" height="7" />
        <cmp x="1743" y="1685" width="4" height="6" />
        <cmp x="1772" y="1640" width="62" height="65" />
        <cmp x="1828" y="1631" width="4" height="5" />
      </word>
      <word id="a04-054-05-09" tag="PP3" text="it">
        <cmp x="1874" y="1677" width="27" height="23" />
        <cmp x="1889" y="1660" width="9" height="8" />
        <cmp x="1915" y="1630" width="41" height="64" />
      </word>
      <word id="a04-054-05-10" tag="JJ" text="right">
        <cmp x="1989" y="1676" width="58" height="26" />
        <cmp x="2017" y="1679" width="54" height="70" />
        <cmp x="2018" y="1670" width="6" height="9" />
        <cmp x="2045" y="1656" width="6" height="5" />
        <cmp x="2076" y="1650" width="79" height="54" />
        <cmp x="2094" y="1648" width="5" height="7" />
      </word>
      <upper-contour>
        <point x="352" y="1578" />
        <point x="2033" y="1578" />
      </upper-contour>
      <lower-contour>
        <point x="352" y="1771" />
        <point x="1405" y="1771" />
      </lower-contour>
    </line>
    <line ass="-557" asx="0" asy="1791" character-width="999" dss="-557" dsx="0" dsy="1965" fd0="12922" fd1="2202" fd2="-1089" filter-width="4" id="a04-054-06" lbs="-564" lbx="0" lby="1871" segmentation="ok" slant="75000" stroke-width="5741" threshold="172" text="to oppose the Polaris depot ship." ubs="-545" ubx="0" uby="1840">
      <word id="a04-054-06-00" tag="TO" text="to">
        <cmp x="314" y="1795" width="71" height="92" />
        <cmp x="382" y="1851" width="21" height="27" />
      </word>
      <word id="a04-054-06-01" tag="VB" text="oppose">
        <cmp x="453" y="1823" width="147" height="146" />
      </word>
      <word id="a04-054-06-02" tag="ATI" text="the">
        <cmp x="669" y="1798" width="55" height="79" />
      </word>
      <word id="a04-054-06-03" tag="NP" text="Polaris">
        <cmp x="797" y="1799" width="85" height="135" />
        <cmp x="862" y="1812" width="107" height="77" />
        <cmp x="969" y="1852" width="22" height="37" />
      </word>
      <word id="a04-054-06-04" tag="NN" text="depot">
        <cmp x="1075" y="1812" width="41" height="73" />
        <cmp x="1117" y="1840" width="54" height="98" />
        <cmp x="1176" y="1870" width="21" height="17" />
        <cmp x="1182" y="1853" width="14" height="16" />
        <cmp x="1205" y="1824" width="28" height="62" />
        <cmp x="1222" y="1818" width="4" height="5" />
      </word>
      <word id="a04-054-06-05" tag="NN" text="ship">
        <cmp x="1262" y="1807" width="74" height="77" />
        <cmp x="1330" y="1850" width="36" height="85" />
        <cmp x="1336" y="1832" width="8" height="7" />
      </word>
      <word id="a04-054-06-06" tag="." text=".">
        <cmp x="1398" y="1877" width="6" height="6" />
      </word>
      <upper-contour>
        <point x="352" y="1771" />
        <point x="1405" y="1771" />
      </upper-contour>
    </line>
  </handwritten-part>
</form>

