<?xml version="1.0" encoding="ISO-8859-1"?>

<!DOCTYPE form SYSTEM 'http://www.iam.unibe.ch/~fki/iamdb/form-metadata.dtd'>

<form created="2002-01-16" height="3542" id="a04-047" last-modified="2002-07-17" skew="-95" status="final" version="3.0_beta" width="2479" writer-id="061">
  <machine-printed-part>
    <machine-print-line text="Addressing the annual congress of the National Union of General and Municipal" />
    <machine-print-line text="Workers, he said he felt sure the Labour movement was coming round in support of" />
    <machine-print-line text="his views. Obviously conscious of the fierce and widespread resentment over the U.S." />
    <machine-print-line text="Polaris base in Britain, Mr. Gaitskell said that he even noticed that supporters of" />
    <machine-print-line text="unilateral nuclear disarmament were changing their tactics by switching most of their" />
    <machine-print-line text="emphasis on to the missile." />
  </machine-printed-part>
  <handwritten-part>
    <line ass="-317" asx="0" asy="808" character-width="999" dss="-317" dsx="0" dsy="966" fd0="13491" fd1="2750" fd2="-1239" filter-width="4" id="a04-047-00" lbs="-183" lbx="0" lby="906" segmentation="ok" slant="72000" stroke-width="6152" threshold="172" text="Addressing the annual congress of the National Union" ubs="-585" ubx="0" uby="864">
      <word id="a04-047-00-00" sentence-start="yes" tag="VBG" text="Addressing">
        <cmp x="345" y="819" width="48" height="89" />
        <cmp x="397" y="811" width="41" height="84" />
        <cmp x="427" y="827" width="179" height="80" />
        <cmp x="462" y="817" width="5" height="9" />
        <cmp x="567" y="839" width="10" height="9" />
        <cmp x="603" y="875" width="39" height="90" />
      </word>
      <word id="a04-047-00-01" tag="ATI" text="the">
        <cmp x="700" y="825" width="55" height="85" />
        <cmp x="715" y="837" width="5" height="5" />
        <cmp x="751" y="881" width="26" height="33" />
      </word>
      <word id="a04-047-00-02" tag="JJ" text="annual">
        <cmp x="827" y="840" width="237" height="80" />
      </word>
      <word id="a04-047-00-03" tag="NN" text="congress">
        <cmp x="1112" y="877" width="78" height="40" />
        <cmp x="1181" y="876" width="131" height="98" />
      </word>
      <word id="a04-047-00-04" tag="INO" text="of">
        <cmp x="1387" y="844" width="69" height="130" />
      </word>
      <word id="a04-047-00-05" tag="ATI" text="the">
        <cmp x="1480" y="843" width="73" height="73" />
      </word>
      <word id="a04-047-00-06" tag="JJ" text="National">
        <cmp x="1616" y="843" width="120" height="73" />
        <cmp x="1731" y="850" width="143" height="70" />
        <cmp x="1736" y="864" width="5" height="5" />
      </word>
      <word id="a04-047-00-07" tag="NN" text="Union">
        <cmp x="1909" y="848" width="95" height="74" />
        <cmp x="2007" y="871" width="5" height="12" />
        <cmp x="2008" y="892" width="63" height="32" />
      </word>
      <lower-contour>
        <point x="343" y="975" />
        <point x="2056" y="975" />
      </lower-contour>
    </line>
    <line ass="392" asx="0" asy="1010" character-width="999" dss="392" dsx="0" dsy="1176" fd0="13372" fd1="2835" fd2="-711" filter-width="4" id="a04-047-01" lbs="522" lbx="0" lby="1102" segmentation="ok" slant="73000" stroke-width="5922" threshold="172" text="of General and Municipal Workers, he said he felt" ubs="131" ubx="0" uby="1061">
      <word id="a04-047-01-00" tag="INO" text="of">
        <cmp x="330" y="1008" width="64" height="149" />
      </word>
      <word id="a04-047-01-01" tag="JJ" text="General">
        <cmp x="431" y="1024" width="211" height="76" />
      </word>
      <word id="a04-047-01-02" tag="CC" text="and">
        <cmp x="707" y="1067" width="73" height="31" />
        <cmp x="792" y="1039" width="35" height="55" />
      </word>
      <word id="a04-047-01-03" tag="JJ" text="Municipal">
        <cmp x="889" y="1021" width="44" height="75" />
        <cmp x="924" y="1064" width="91" height="31" />
        <cmp x="1010" y="1046" width="4" height="7" />
        <cmp x="1023" y="1059" width="37" height="30" />
        <cmp x="1054" y="1023" width="101" height="107" />
        <cmp x="1064" y="1037" width="6" height="5" />
      </word>
      <word id="a04-047-01-04" tag="NNS" text="Workers">
        <cmp x="1215" y="1026" width="49" height="61" />
        <cmp x="1264" y="1049" width="39" height="40" />
        <cmp x="1318" y="1014" width="36" height="77" />
        <cmp x="1367" y="1057" width="71" height="42" />
      </word>
      <word id="a04-047-01-05" tag="," text=",">
        <cmp x="1474" y="1108" width="13" height="26" />
      </word>
      <word id="a04-047-01-06" tag="PP3A" text="he">
        <cmp x="1523" y="1029" width="64" height="74" />
        <cmp x="1587" y="1072" width="16" height="27" />
      </word>
      <word id="a04-047-01-07" tag="VBD" text="said">
        <cmp x="1633" y="1065" width="84" height="36" />
        <cmp x="1711" y="1046" width="5" height="12" />
        <cmp x="1739" y="1042" width="38" height="54" />
      </word>
      <word id="a04-047-01-08" tag="PP3A" text="he">
        <cmp x="1818" y="1035" width="71" height="65" />
      </word>
      <word id="a04-047-01-09" tag="VBD" text="felt">
        <cmp x="1915" y="1026" width="140" height="138" />
      </word>
      <upper-contour>
        <point x="343" y="975" />
        <point x="2056" y="975" />
      </upper-contour>
      <lower-contour>
        <point x="328" y="1163" />
        <point x="2034" y="1163" />
      </lower-contour>
    </line>
    <line ass="-208" asx="0" asy="1186" character-width="999" dss="-208" dsx="0" dsy="1312" fd0="13200" fd1="2750" fd2="-521" filter-width="4" id="a04-047-02" lbs="-166" lbx="0" lby="1271" segmentation="ok" slant="66999" stroke-width="6259" threshold="172" text="sure the Labour movement was coming round in" ubs="-290" ubx="0" uby="1238">
      <word id="a04-047-02-00" tag="JJ" text="sure">
        <cmp x="295" y="1234" width="153" height="47" />
      </word>
      <word id="a04-047-02-01" tag="ATI" text="the">
        <cmp x="530" y="1189" width="106" height="79" />
      </word>
      <word id="a04-047-02-02" tag="NN" text="Labour">
        <cmp x="714" y="1206" width="35" height="77" />
        <cmp x="751" y="1208" width="162" height="69" />
      </word>
      <word id="a04-047-02-03" tag="NN" text="movement">
        <cmp x="967" y="1238" width="113" height="37" />
        <cmp x="1083" y="1237" width="30" height="31" />
        <cmp x="1113" y="1241" width="75" height="32" />
        <cmp x="1200" y="1220" width="104" height="54" />
      </word>
      <word id="a04-047-02-04" tag="BEDZ" text="was">
        <cmp x="1360" y="1242" width="44" height="33" />
        <cmp x="1403" y="1242" width="56" height="37" />
      </word>
      <word id="a04-047-02-05" tag="VBG" text="coming">
        <cmp x="1531" y="1241" width="142" height="38" />
        <cmp x="1640" y="1228" width="10" height="9" />
        <cmp x="1662" y="1246" width="39" height="73" />
      </word>
      <word id="a04-047-02-06" tag="RP" text="round">
        <cmp x="1759" y="1233" width="61" height="44" />
        <cmp x="1821" y="1250" width="56" height="26" />
        <cmp x="1893" y="1212" width="36" height="66" />
      </word>
      <word id="a04-047-02-07" tag="IN" text="in">
        <cmp x="1966" y="1250" width="67" height="35" />
        <cmp x="2010" y="1208" width="5" height="7" />
        <cmp x="2016" y="1214" width="5" height="6" />
      </word>
      <upper-contour>
        <point x="328" y="1163" />
        <point x="2034" y="1163" />
      </upper-contour>
      <lower-contour>
        <point x="293" y="1320" />
        <point x="2034" y="1320" />
      </lower-contour>
    </line>
    <line ass="-282" asx="0" asy="1368" character-width="999" dss="-282" dsx="0" dsy="1510" fd0="13238" fd1="3093" fd2="-957" filter-width="4" id="a04-047-03" lbs="-239" lbx="0" lby="1447" segmentation="ok" slant="79000" stroke-width="5969" threshold="172" text="support of his views. Obviously conscious of the fierce and" ubs="-369" ubx="0" uby="1416">
      <word id="a04-047-03-00" tag="NN" text="support">
        <cmp x="276" y="1447" width="4" height="4" />
        <cmp x="280" y="1389" width="127" height="124" />
        <cmp x="405" y="1372" width="73" height="83" />
      </word>
      <word id="a04-047-03-01" tag="INO" text="of">
        <cmp x="514" y="1371" width="60" height="136" />
      </word>
      <word id="a04-047-03-02" tag="PP$" text="his">
        <cmp x="623" y="1372" width="72" height="91" />
        <cmp x="668" y="1402" width="9" height="6" />
      </word>
      <word id="a04-047-03-03" tag="NNS" text="views">
        <cmp x="736" y="1417" width="29" height="35" />
        <cmp x="763" y="1429" width="6" height="23" />
        <cmp x="768" y="1412" width="100" height="42" />
      </word>
      <word id="a04-047-03-04" tag="." text=".">
        <cmp x="894" y="1451" width="4" height="4" />
      </word>
      <word id="a04-047-03-05" sentence-start="yes" tag="RB" text="Obviously">
        <cmp x="966" y="1380" width="71" height="70" />
        <cmp x="1051" y="1414" width="27" height="32" />
        <cmp x="1078" y="1426" width="10" height="18" />
        <cmp x="1094" y="1423" width="25" height="23" />
        <cmp x="1125" y="1375" width="101" height="135" />
      </word>
      <word id="a04-047-03-06" tag="JJ" text="conscious">
        <cmp x="1279" y="1411" width="136" height="36" />
        <cmp x="1414" y="1406" width="4" height="5" />
        <cmp x="1421" y="1418" width="82" height="26" />
      </word>
      <word id="a04-047-03-07" tag="INO" text="of">
        <cmp x="1540" y="1389" width="65" height="108" />
      </word>
      <word id="a04-047-03-08" tag="ATI" text="the">
        <cmp x="1646" y="1388" width="71" height="64" />
      </word>
      <word id="a04-047-03-09" tag="JJ" text="fierce">
        <cmp x="1764" y="1388" width="47" height="109" />
        <cmp x="1804" y="1422" width="12" height="11" />
        <cmp x="1821" y="1426" width="98" height="34" />
      </word>
      <word id="a04-047-03-10" tag="CC" text="and">
        <cmp x="1977" y="1431" width="82" height="28" />
        <cmp x="2066" y="1396" width="42" height="61" />
      </word>
      <upper-contour>
        <point x="293" y="1320" />
        <point x="2034" y="1320" />
      </upper-contour>
      <lower-contour>
        <point x="289" y="1514" />
        <point x="2052" y="1514" />
      </lower-contour>
    </line>
    <line ass="-602" asx="0" asy="1539" character-width="999" dss="-602" dsx="0" dsy="1666" fd0="13416" fd1="2338" fd2="-822" filter-width="4" id="a04-047-04" lbs="-568" lbx="0" lby="1610" segmentation="ok" slant="79000" stroke-width="5764" threshold="172" text="widespread resentment over the U.S. Polaris base in" ubs="-672" ubx="0" uby="1580">
      <word id="a04-047-04-00" tag="JJ" text="widespread">
        <cmp x="291" y="1577" width="76" height="45" />
        <cmp x="354" y="1562" width="11" height="5" />
        <cmp x="378" y="1552" width="59" height="67" />
        <cmp x="460" y="1569" width="59" height="104" />
        <cmp x="516" y="1560" width="117" height="62" />
      </word>
      <word id="a04-047-04-01" tag="NN" text="resentment">
        <cmp x="697" y="1582" width="153" height="41" />
        <cmp x="847" y="1555" width="33" height="60" />
        <cmp x="874" y="1556" width="150" height="60" />
      </word>
      <word id="a04-047-04-02" tag="IN" text="over">
        <cmp x="1091" y="1586" width="99" height="34" />
      </word>
      <word id="a04-047-04-03" tag="ATI" text="the">
        <cmp x="1255" y="1552" width="77" height="78" />
      </word>
      <word id="a04-047-04-04" tag="NP" text="U.S.">
        <cmp x="1373" y="1575" width="40" height="53" />
        <cmp x="1407" y="1620" width="9" height="6" />
        <cmp x="1427" y="1571" width="43" height="60" />
        <cmp x="1491" y="1629" width="7" height="6" />
      </word>
      <word id="a04-047-04-05" tag="NP" text="Polaris">
        <cmp x="1553" y="1560" width="35" height="59" />
        <cmp x="1579" y="1557" width="110" height="70" />
        <cmp x="1688" y="1594" width="39" height="34" />
      </word>
      <word id="a04-047-04-06" tag="NN" text="base">
        <cmp x="1789" y="1560" width="135" height="77" />
      </word>
      <word id="a04-047-04-07" tag="IN" text="in">
        <cmp x="1982" y="1608" width="69" height="28" />
        <cmp x="2004" y="1568" width="17" height="11" />
      </word>
      <upper-contour>
        <point x="289" y="1514" />
        <point x="2052" y="1514" />
      </upper-contour>
      <lower-contour>
        <point x="293" y="1674" />
        <point x="2052" y="1674" />
      </lower-contour>
    </line>
    <line ass="-129" asx="0" asy="1720" character-width="999" dss="-129" dsx="0" dsy="1826" fd0="13019" fd1="3090" fd2="-563" filter-width="4" id="a04-047-05" lbs="-27" lbx="0" lby="1806" segmentation="ok" slant="78000" stroke-width="5921" threshold="172" text="Britain, Mr. Gaitskell said that he even noticed that" ubs="-333" ubx="0" uby="1767">
      <word id="a04-047-05-00" tag="NP" text="Britain">
        <cmp x="295" y="1730" width="67" height="78" />
        <cmp x="350" y="1745" width="8" height="6" />
        <cmp x="373" y="1723" width="113" height="80" />
        <cmp x="441" y="1744" width="19" height="9" />
      </word>
      <word id="a04-047-05-01" tag="," text=",">
        <cmp x="523" y="1800" width="16" height="28" />
      </word>
      <word id="a04-047-05-02" tag="NPT" text="Mr.">
        <cmp x="640" y="1736" width="48" height="66" />
        <cmp x="690" y="1772" width="23" height="33" />
        <cmp x="758" y="1809" width="6" height="6" />
      </word>
      <word id="a04-047-05-03" tag="NP" text="Gaitskell">
        <cmp x="826" y="1729" width="89" height="74" />
        <cmp x="897" y="1755" width="12" height="7" />
        <cmp x="927" y="1723" width="144" height="90" />
      </word>
      <word id="a04-047-05-04" tag="VBD" text="said">
        <cmp x="1099" y="1774" width="90" height="46" />
        <cmp x="1171" y="1753" width="8" height="10" />
        <cmp x="1198" y="1736" width="40" height="72" />
      </word>
      <word id="a04-047-05-05" tag="CS" text="that">
        <cmp x="1293" y="1736" width="123" height="77" />
        <cmp x="1303" y="1739" width="5" height="4" />
      </word>
      <word id="a04-047-05-06" tag="PP3A" text="he">
        <cmp x="1435" y="1727" width="104" height="89" />
      </word>
      <word id="a04-047-05-07" tag="RB" text="even">
        <cmp x="1599" y="1778" width="104" height="40" />
      </word>
      <word id="a04-047-05-08" tag="VBD" text="noticed">
        <cmp x="1741" y="1752" width="123" height="59" />
        <cmp x="1862" y="1772" width="12" height="13" />
        <cmp x="1873" y="1781" width="41" height="29" />
        <cmp x="1921" y="1751" width="36" height="64" />
      </word>
      <word id="a04-047-05-09" tag="CS" text="that">
        <cmp x="2017" y="1753" width="11" height="54" />
        <cmp x="2029" y="1742" width="126" height="67" />
      </word>
      <upper-contour>
        <point x="293" y="1674" />
        <point x="2052" y="1674" />
      </upper-contour>
      <lower-contour>
        <point x="293" y="1829" />
        <point x="2156" y="1829" />
      </lower-contour>
    </line>
    <line ass="-793" asx="0" asy="1871" character-width="999" dss="-793" dsx="0" dsy="2069" fd0="13276" fd1="2210" fd2="-1185" filter-width="4" id="a04-047-06" lbs="-780" lbx="0" lby="1968" segmentation="ok" slant="79000" stroke-width="5840" threshold="172" text="supporters of unilateral nuclear disarmament were changing" ubs="-817" ubx="0" uby="1936">
      <word id="a04-047-06-00" tag="NNS" text="supporters">
        <cmp x="268" y="1929" width="97" height="146" />
        <cmp x="358" y="1931" width="33" height="127" />
        <cmp x="391" y="1951" width="48" height="46" />
        <cmp x="441" y="1913" width="85" height="76" />
        <cmp x="467" y="1898" width="7" height="7" />
      </word>
      <word id="a04-047-06-01" tag="INO" text="of">
        <cmp x="560" y="1910" width="62" height="139" />
      </word>
      <word id="a04-047-06-02" tag="JJ" text="unilateral">
        <cmp x="672" y="1940" width="98" height="38" />
        <cmp x="754" y="1922" width="13" height="7" />
        <cmp x="791" y="1911" width="58" height="65" />
        <cmp x="806" y="1898" width="32" height="50" />
        <cmp x="860" y="1899" width="130" height="80" />
      </word>
      <word id="a04-047-06-03" tag="JJ" text="nuclear">
        <cmp x="1018" y="1957" width="96" height="42" />
        <cmp x="1127" y="1908" width="71" height="79" />
        <cmp x="1201" y="1959" width="63" height="34" />
      </word>
      <word id="a04-047-06-04" tag="NN" text="disarmament">
        <cmp x="1346" y="1902" width="51" height="83" />
        <cmp x="1392" y="1940" width="7" height="9" />
        <cmp x="1402" y="1953" width="29" height="34" />
        <cmp x="1438" y="1954" width="111" height="37" />
        <cmp x="1555" y="1942" width="174" height="56" />
      </word>
      <word id="a04-047-06-05" tag="BED" text="were">
        <cmp x="1798" y="1955" width="124" height="40" />
      </word>
      <word id="a04-047-06-06" tag="VBG" text="changing">
        <cmp x="1996" y="1955" width="38" height="40" />
        <cmp x="2035" y="1899" width="79" height="91" />
        <cmp x="2087" y="1962" width="45" height="68" />
        <cmp x="2134" y="1965" width="49" height="22" />
        <cmp x="2150" y="1930" width="11" height="10" />
        <cmp x="2167" y="1961" width="36" height="78" />
      </word>
      <upper-contour>
        <point x="293" y="1829" />
        <point x="2156" y="1829" />
      </upper-contour>
      <lower-contour>
        <point x="284" y="2075" />
        <point x="341" y="2076" />
        <point x="2023" y="2076" />
      </lower-contour>
    </line>
    <line ass="-638" asx="0" asy="2073" character-width="999" dss="-638" dsx="0" dsy="2222" fd0="13565" fd1="2343" fd2="-904" filter-width="4" id="a04-047-07" lbs="-682" lbx="0" lby="2146" segmentation="ok" slant="72000" stroke-width="5925" threshold="172" text="their tactics by switching most of their emphasis on" ubs="-551" ubx="0" uby="2121">
      <word id="a04-047-07-00" tag="PP$" text="their">
        <cmp x="286" y="2077" width="106" height="80" />
        <cmp x="361" y="2105" width="10" height="12" />
      </word>
      <word id="a04-047-07-01" tag="NNS" text="tactics">
        <cmp x="473" y="2079" width="57" height="76" />
        <cmp x="517" y="2129" width="29" height="28" />
        <cmp x="549" y="2132" width="23" height="29" />
        <cmp x="575" y="2081" width="29" height="74" />
        <cmp x="599" y="2119" width="9" height="6" />
        <cmp x="620" y="2130" width="48" height="33" />
      </word>
      <word id="a04-047-07-02" tag="IN" text="by">
        <cmp x="711" y="2102" width="71" height="129" />
      </word>
      <word id="a04-047-07-03" tag="VBG" text="switching">
        <cmp x="820" y="2129" width="42" height="42" />
        <cmp x="863" y="2091" width="44" height="75" />
        <cmp x="913" y="2109" width="8" height="6" />
        <cmp x="913" y="2137" width="9" height="26" />
        <cmp x="932" y="2094" width="27" height="70" />
        <cmp x="950" y="2083" width="109" height="83" />
        <cmp x="1029" y="2123" width="9" height="11" />
        <cmp x="1059" y="2145" width="30" height="84" />
      </word>
      <word id="a04-047-07-04" tag="AP" text="most">
        <cmp x="1154" y="2099" width="148" height="78" />
        <cmp x="1299" y="2091" width="5" height="7" />
      </word>
      <word id="a04-047-07-05" tag="INO" text="of">
        <cmp x="1344" y="2097" width="67" height="119" />
      </word>
      <word id="a04-047-07-06" tag="PP$" text="their">
        <cmp x="1458" y="2098" width="128" height="76" />
        <cmp x="1560" y="2108" width="9" height="7" />
      </word>
      <word id="a04-047-07-07" tag="NN" text="emphasis">
        <cmp x="1645" y="2095" width="233" height="147" />
        <cmp x="1875" y="2132" width="10" height="10" />
        <cmp x="1883" y="2142" width="30" height="32" />
        <cmp x="1906" y="2142" width="6" height="8" />
      </word>
      <word id="a04-047-07-08" tag="RP" text="on">
        <cmp x="1954" y="2139" width="68" height="35" />
      </word>
      <upper-contour>
        <point x="284" y="2075" />
        <point x="341" y="2076" />
        <point x="2023" y="2076" />
      </upper-contour>
      <lower-contour>
        <point x="297" y="2232" />
        <point x="801" y="2232" />
      </lower-contour>
    </line>
    <line ass="199" asx="0" asy="2269" character-width="999" dss="199" dsx="0" dsy="2356" fd0="13156" fd1="2385" fd2="-801" filter-width="4" id="a04-047-08" lbs="-173" lbx="0" lby="2345" segmentation="ok" slant="79000" stroke-width="5959" threshold="165" text="to the missile." ubs="945" ubx="0" uby="2314">
      <word id="a04-047-08-00" tag="IN" text="to">
        <cmp x="299" y="2274" width="26" height="68" />
        <cmp x="321" y="2317" width="26" height="29" />
      </word>
      <word id="a04-047-08-01" tag="ATI" text="the">
        <cmp x="407" y="2277" width="78" height="70" />
      </word>
      <word id="a04-047-08-02" tag="NN" text="missile">
        <cmp x="551" y="2298" width="149" height="57" />
        <cmp x="703" y="2267" width="52" height="83" />
      </word>
      <word id="a04-047-08-03" tag="." text=".">
        <cmp x="793" y="2342" width="8" height="7" />
      </word>
      <upper-contour>
        <point x="297" y="2232" />
        <point x="801" y="2232" />
      </upper-contour>
    </line>
  </handwritten-part>
</form>

