<?xml version="1.0" encoding="ISO-8859-1"?>

<!DOCTYPE form SYSTEM 'http://www.iam.unibe.ch/~fki/iamdb/form-metadata.dtd'>

<form created="2002-01-16" height="3542" id="a04-099" last-modified="2002-07-17" skew="-95" status="final" version="3.0_beta" width="2479" writer-id="064">
  <machine-printed-part>
    <machine-print-line text="&amp;quot;Such retaliation might, and probably would, destroy the whole population of Britain" />
    <machine-print-line text="in the course of, at the most, an hour&amp;quot; without provoking American retaliation. Earl" />
    <machine-print-line text="Russell believes: &amp;quot;It is very questionable whether British membership of Nato and" />
    <machine-print-line text="British permission of American bases on our territory add anything to the strength" />
    <machine-print-line text="of America, while, on the contrary, they impose upon America an onerous obligation" />
    <machine-print-line text="which it may prove impossible to fulfil.&amp;quot;" />
  </machine-printed-part>
  <handwritten-part>
    <line ass="-324" asx="0" asy="719" character-width="999" dss="-324" dsx="0" dsy="837" fd0="13794" fd1="2918" fd2="-691" filter-width="3" id="a04-099-00" lbs="-347" lbx="0" lby="800" segmentation="ok" slant="90000" stroke-width="4869" threshold="182" text="&amp;quot;Such retaliation might, and probably would," ubs="-279" ubx="0" uby="767">
      <word id="a04-099-00-00" sentence-start="yes" tag="*&apos;" text="&quot;">
        <cmp x="339" y="728" width="34" height="29" />
      </word>
      <word id="a04-099-00-01" tag="ABL" text="Such">
        <cmp x="384" y="737" width="35" height="64" />
        <cmp x="430" y="769" width="35" height="29" />
        <cmp x="474" y="769" width="33" height="33" />
        <cmp x="518" y="744" width="42" height="62" />
      </word>
      <word id="a04-099-00-02" tag="NN" text="retaliation">
        <cmp x="628" y="770" width="29" height="31" />
        <cmp x="659" y="771" width="25" height="34" />
        <cmp x="702" y="734" width="42" height="71" />
        <cmp x="720" y="728" width="6" height="6" />
        <cmp x="742" y="775" width="30" height="30" />
        <cmp x="797" y="738" width="14" height="66" />
        <cmp x="818" y="771" width="8" height="37" />
        <cmp x="840" y="732" width="6" height="7" />
        <cmp x="846" y="766" width="35" height="41" />
        <cmp x="885" y="773" width="3" height="4" />
        <cmp x="889" y="734" width="32" height="75" />
        <cmp x="920" y="779" width="8" height="29" />
        <cmp x="927" y="775" width="4" height="4" />
        <cmp x="933" y="743" width="9" height="10" />
        <cmp x="948" y="774" width="27" height="35" />
        <cmp x="986" y="775" width="39" height="36" />
      </word>
      <word id="a04-099-00-03" tag="MD" text="might">
        <cmp x="1107" y="764" width="61" height="44" />
        <cmp x="1186" y="772" width="8" height="35" />
        <cmp x="1204" y="772" width="35" height="72" />
        <cmp x="1208" y="735" width="6" height="9" />
        <cmp x="1255" y="739" width="37" height="69" />
        <cmp x="1298" y="728" width="46" height="73" />
      </word>
      <word id="a04-099-00-04" tag="," text=",">
        <cmp x="1346" y="797" width="18" height="34" />
      </word>
      <word id="a04-099-00-05" tag="CC" text="and">
        <cmp x="1403" y="772" width="35" height="41" />
        <cmp x="1450" y="775" width="31" height="35" />
        <cmp x="1496" y="748" width="53" height="65" />
      </word>
      <word id="a04-099-00-06" tag="RB" text="probably">
        <cmp x="1601" y="783" width="13" height="60" />
        <cmp x="1613" y="774" width="30" height="36" />
        <cmp x="1655" y="774" width="30" height="38" />
        <cmp x="1688" y="772" width="27" height="36" />
        <cmp x="1731" y="746" width="33" height="60" />
        <cmp x="1774" y="772" width="40" height="36" />
        <cmp x="1828" y="738" width="30" height="66" />
        <cmp x="1869" y="744" width="14" height="54" />
        <cmp x="1888" y="784" width="36" height="50" />
      </word>
      <word id="a04-099-00-07" tag="MD" text="would">
        <cmp x="1984" y="765" width="48" height="35" />
        <cmp x="2039" y="767" width="55" height="33" />
        <cmp x="2095" y="743" width="14" height="61" />
        <cmp x="2108" y="741" width="48" height="63" />
      </word>
      <word id="a04-099-00-08" tag="," text=",">
        <cmp x="2156" y="801" width="21" height="30" />
      </word>
      <lower-contour>
        <point x="361" y="844" />
        <point x="2128" y="844" />
      </lower-contour>
    </line>
    <line ass="-166" asx="0" asy="894" character-width="999" dss="-166" dsx="0" dsy="1018" fd0="13401" fd1="2785" fd2="-870" filter-width="3" id="a04-099-01" lbs="-237" lbx="0" lby="980" segmentation="ok" slant="83000" stroke-width="4880" threshold="182" text="destroy the whole population of Britain in" ubs="-24" ubx="0" uby="948">
      <word id="a04-099-01-00" tag="VB" text="destroy">
        <cmp x="363" y="899" width="71" height="89" />
        <cmp x="432" y="944" width="31" height="34" />
        <cmp x="474" y="937" width="27" height="44" />
        <cmp x="507" y="896" width="59" height="84" />
        <cmp x="564" y="950" width="30" height="30" />
        <cmp x="596" y="947" width="51" height="61" />
      </word>
      <word id="a04-099-01-01" tag="ATI" text="the">
        <cmp x="723" y="902" width="80" height="86" />
        <cmp x="818" y="945" width="31" height="43" />
      </word>
      <word id="a04-099-01-02" tag="JJ" text="whole">
        <cmp x="916" y="952" width="60" height="35" />
        <cmp x="986" y="918" width="36" height="64" />
        <cmp x="1035" y="956" width="27" height="26" />
        <cmp x="1080" y="913" width="10" height="67" />
        <cmp x="1092" y="949" width="27" height="39" />
      </word>
      <word id="a04-099-01-03" tag="NN" text="population">
        <cmp x="1206" y="964" width="14" height="57" />
        <cmp x="1218" y="953" width="30" height="36" />
        <cmp x="1256" y="959" width="24" height="31" />
        <cmp x="1295" y="950" width="31" height="72" />
        <cmp x="1339" y="959" width="34" height="28" />
        <cmp x="1386" y="921" width="16" height="65" />
        <cmp x="1404" y="961" width="33" height="30" />
        <cmp x="1435" y="913" width="57" height="72" />
        <cmp x="1495" y="927" width="8" height="14" />
        <cmp x="1500" y="955" width="25" height="32" />
        <cmp x="1529" y="951" width="32" height="45" />
      </word>
      <word id="a04-099-01-04" tag="INO" text="of">
        <cmp x="1622" y="960" width="28" height="29" />
        <cmp x="1659" y="915" width="44" height="72" />
      </word>
      <word id="a04-099-01-05" tag="NP" text="Britain">
        <cmp x="1758" y="922" width="43" height="69" />
        <cmp x="1806" y="956" width="25" height="29" />
        <cmp x="1808" y="952" width="5" height="3" />
        <cmp x="1840" y="955" width="5" height="30" />
        <cmp x="1847" y="915" width="4" height="11" />
        <cmp x="1865" y="915" width="65" height="69" />
        <cmp x="1942" y="949" width="7" height="37" />
        <cmp x="1953" y="917" width="8" height="15" />
        <cmp x="1970" y="952" width="38" height="37" />
      </word>
      <word id="a04-099-01-06" tag="IN" text="in">
        <cmp x="2077" y="949" width="11" height="38" />
        <cmp x="2084" y="916" width="4" height="7" />
        <cmp x="2086" y="924" width="3" height="4" />
        <cmp x="2104" y="944" width="23" height="47" />
      </word>
      <upper-contour>
        <point x="361" y="844" />
        <point x="2128" y="844" />
      </upper-contour>
      <lower-contour>
        <point x="361" y="1022" />
        <point x="2115" y="1022" />
      </lower-contour>
    </line>
    <line ass="-285" asx="0" asy="1071" character-width="999" dss="-285" dsx="0" dsy="1199" fd0="13554" fd1="3206" fd2="-92" filter-width="3" id="a04-099-02" lbs="-254" lbx="0" lby="1156" segmentation="err" slant="81000" stroke-width="4829" threshold="182" text="the course of, at the most, an hour&amp;quot; without" ubs="-349" ubx="0" uby="1123">
      <word id="a04-099-02-00" tag="ATI" text="the">
        <cmp x="346" y="1074" width="48" height="76" />
        <cmp x="395" y="1091" width="34" height="54" />
        <cmp x="440" y="1111" width="34" height="40" />
      </word>
      <word id="a04-099-02-01" tag="NN" text="course">
        <cmp x="541" y="1116" width="35" height="39" />
        <cmp x="580" y="1126" width="26" height="27" />
        <cmp x="609" y="1128" width="35" height="28" />
        <cmp x="651" y="1124" width="37" height="33" />
        <cmp x="686" y="1125" width="22" height="38" />
        <cmp x="719" y="1123" width="35" height="39" />
      </word>
      <word id="a04-099-02-02" tag="INO" text="of">
        <cmp x="839" y="1120" width="29" height="38" />
        <cmp x="883" y="1096" width="36" height="61" />
        <cmp x="906" y="1168" width="19" height="25" />
      </word>
      <word id="a04-099-02-03" tag="," text=",">
        <cmp x="1002" y="1133" width="32" height="32" />
      </word>
      <word id="a04-099-02-04" tag="IN" text="at">
        <cmp x="1017" y="1143" width="13" height="25" />
        <cmp x="1045" y="1089" width="37" height="79" />
      </word>
      <word id="a04-099-02-05" tag="ATI" text="the">
        <cmp x="1089" y="1110" width="50" height="63" />
        <cmp x="1118" y="1105" width="4" height="3" />
        <cmp x="1145" y="1143" width="35" height="32" />
      </word>
      <word id="a04-099-02-06" tag="AP" text="most">
        <cmp x="1222" y="1138" width="46" height="32" />
        <cmp x="1279" y="1142" width="21" height="25" />
        <cmp x="1309" y="1136" width="25" height="37" />
        <cmp x="1333" y="1096" width="41" height="75" />
        <cmp x="1359" y="1173" width="27" height="33" />
      </word>
      <word id="a04-099-02-07" tag="," text=",">
        <cmp x="1444" y="1133" width="27" height="35" />
      </word>
      <word id="a04-099-02-08" tag="AT" text="an">
        <cmp x="1484" y="1136" width="35" height="28" />
      </word>
      <word id="a04-099-02-09" tag="NN" text="hour">
        <cmp x="1565" y="1092" width="31" height="68" />
        <cmp x="1610" y="1135" width="19" height="27" />
        <cmp x="1636" y="1132" width="32" height="26" />
        <cmp x="1680" y="1132" width="4" height="5" />
        <cmp x="1682" y="1137" width="30" height="28" />
      </word>
      <word id="a04-099-02-10" tag="**&apos;" text="&quot;">
        <cmp x="1745" y="1099" width="30" height="25" />
      </word>
      <word id="a04-099-02-11" tag="IN" text="without">
        <cmp x="1819" y="1129" width="65" height="38" />
        <cmp x="1902" y="1125" width="8" height="35" />
        <cmp x="1908" y="1098" width="6" height="8" />
        <cmp x="1918" y="1090" width="36" height="76" />
        <cmp x="1962" y="1098" width="25" height="63" />
        <cmp x="2001" y="1131" width="24" height="30" />
        <cmp x="2031" y="1129" width="40" height="32" />
        <cmp x="2075" y="1089" width="39" height="78" />
      </word>
      <upper-contour>
        <point x="361" y="1022" />
        <point x="2115" y="1022" />
      </upper-contour>
      <lower-contour>
        <point x="344" y="1207" />
        <point x="2115" y="1207" />
      </lower-contour>
    </line>
    <line ass="-464" asx="0" asy="1233" character-width="999" dss="-464" dsx="0" dsy="1388" fd0="13426" fd1="2912" fd2="-1078" filter-width="3" id="a04-099-03" lbs="-497" lbx="0" lby="1324" segmentation="ok" slant="90000" stroke-width="4930" threshold="182" text="provoking American retaliation. Earl Russell" ubs="-399" ubx="0" uby="1293">
      <word id="a04-099-03-00" tag="VBG" text="provoking">
        <cmp x="339" y="1294" width="55" height="86" />
        <cmp x="401" y="1303" width="43" height="38" />
        <cmp x="444" y="1305" width="26" height="35" />
        <cmp x="479" y="1301" width="29" height="38" />
        <cmp x="520" y="1302" width="25" height="37" />
        <cmp x="553" y="1272" width="24" height="58" />
        <cmp x="557" y="1267" width="3" height="3" />
        <cmp x="583" y="1306" width="8" height="28" />
        <cmp x="592" y="1268" width="8" height="6" />
        <cmp x="597" y="1298" width="37" height="31" />
        <cmp x="638" y="1307" width="41" height="86" />
      </word>
      <word id="a04-099-03-01" tag="JNP" text="American">
        <cmp x="775" y="1270" width="70" height="70" />
        <cmp x="850" y="1311" width="7" height="3" />
        <cmp x="852" y="1308" width="61" height="28" />
        <cmp x="922" y="1303" width="23" height="36" />
        <cmp x="955" y="1302" width="31" height="38" />
        <cmp x="993" y="1306" width="7" height="38" />
        <cmp x="1001" y="1272" width="12" height="7" />
        <cmp x="1004" y="1301" width="34" height="38" />
        <cmp x="1037" y="1304" width="34" height="32" />
        <cmp x="1072" y="1309" width="30" height="38" />
      </word>
      <word id="a04-099-03-02" tag="NN" text="retaliation">
        <cmp x="1198" y="1298" width="35" height="47" />
        <cmp x="1237" y="1306" width="31" height="34" />
        <cmp x="1282" y="1257" width="48" height="76" />
        <cmp x="1300" y="1251" width="9" height="5" />
        <cmp x="1317" y="1311" width="35" height="28" />
        <cmp x="1358" y="1261" width="7" height="68" />
        <cmp x="1373" y="1301" width="9" height="37" />
        <cmp x="1389" y="1261" width="8" height="9" />
        <cmp x="1394" y="1297" width="38" height="43" />
        <cmp x="1435" y="1246" width="37" height="81" />
        <cmp x="1479" y="1300" width="6" height="34" />
        <cmp x="1491" y="1259" width="11" height="15" />
        <cmp x="1508" y="1298" width="32" height="34" />
        <cmp x="1542" y="1295" width="36" height="36" />
      </word>
      <word id="a04-099-03-03" tag="." text=".">
        <cmp x="1593" y="1328" width="7" height="8" />
      </word>
      <word id="a04-099-03-04" sentence-start="yes" tag="NPT" text="Earl">
        <cmp x="1703" y="1266" width="66" height="81" />
        <cmp x="1715" y="1312" width="34" height="11" />
        <cmp x="1756" y="1312" width="27" height="30" />
        <cmp x="1794" y="1308" width="34" height="33" />
        <cmp x="1848" y="1266" width="13" height="77" />
      </word>
      <word id="a04-099-03-05" tag="NP" text="Russell">
        <cmp x="1947" y="1259" width="41" height="86" />
        <cmp x="1993" y="1310" width="36" height="36" />
        <cmp x="2036" y="1301" width="24" height="48" />
        <cmp x="2062" y="1297" width="26" height="48" />
        <cmp x="2094" y="1302" width="30" height="48" />
        <cmp x="2148" y="1252" width="18" height="95" />
        <cmp x="2171" y="1258" width="8" height="89" />
      </word>
      <upper-contour>
        <point x="344" y="1207" />
        <point x="2115" y="1207" />
      </upper-contour>
      <lower-contour>
        <point x="345" y="1395" />
        <point x="2147" y="1395" />
      </lower-contour>
    </line>
    <line ass="236" asx="0" asy="1426" character-width="999" dss="236" dsx="0" dsy="1566" fd0="13507" fd1="2867" fd2="-863" filter-width="3" id="a04-099-04" lbs="72" lbx="0" lby="1519" segmentation="ok" slant="89000" stroke-width="4716" threshold="182" text="believes: &amp;quot;It is very questionable whether" ubs="563" ubx="0" uby="1495">
      <word id="a04-099-04-00" tag="VBZ" text="believes">
        <cmp x="347" y="1440" width="43" height="90" />
        <cmp x="391" y="1486" width="33" height="37" />
        <cmp x="446" y="1446" width="9" height="77" />
        <cmp x="462" y="1488" width="8" height="32" />
        <cmp x="481" y="1448" width="7" height="9" />
        <cmp x="482" y="1491" width="27" height="31" />
        <cmp x="492" y="1486" width="13" height="15" />
        <cmp x="520" y="1484" width="23" height="39" />
        <cmp x="553" y="1482" width="30" height="44" />
        <cmp x="607" y="1479" width="27" height="52" />
      </word>
      <word id="a04-099-04-01" tag=":" text=":">
        <cmp x="662" y="1483" width="8" height="13" />
        <cmp x="666" y="1506" width="7" height="9" />
      </word>
      <word id="a04-099-04-02" sentence-start="yes" tag="*&apos;" text="&quot;">
        <cmp x="734" y="1424" width="38" height="33" />
      </word>
      <word id="a04-099-04-03" tag="PP3" text="It">
        <cmp x="812" y="1430" width="20" height="94" />
        <cmp x="845" y="1434" width="43" height="79" />
      </word>
      <word id="a04-099-04-04" tag="BEZ" text="is">
        <cmp x="924" y="1482" width="11" height="32" />
        <cmp x="932" y="1477" width="4" height="3" />
        <cmp x="937" y="1440" width="7" height="8" />
        <cmp x="951" y="1473" width="30" height="51" />
      </word>
      <word id="a04-099-04-05" tag="QL" text="very">
        <cmp x="1053" y="1478" width="55" height="47" />
        <cmp x="1109" y="1515" width="4" height="4" />
        <cmp x="1129" y="1473" width="4" height="5" />
        <cmp x="1130" y="1478" width="35" height="46" />
        <cmp x="1170" y="1487" width="47" height="66" />
      </word>
      <word id="a04-099-04-06" tag="JJ" text="questionable">
        <cmp x="1269" y="1477" width="51" height="85" />
        <cmp x="1334" y="1478" width="31" height="39" />
        <cmp x="1366" y="1480" width="31" height="39" />
        <cmp x="1411" y="1478" width="25" height="46" />
        <cmp x="1444" y="1426" width="40" height="90" />
        <cmp x="1487" y="1487" width="7" height="34" />
        <cmp x="1494" y="1449" width="9" height="19" />
        <cmp x="1510" y="1486" width="40" height="36" />
        <cmp x="1560" y="1483" width="35" height="38" />
        <cmp x="1599" y="1488" width="31" height="32" />
        <cmp x="1649" y="1445" width="30" height="72" />
        <cmp x="1691" y="1454" width="7" height="61" />
        <cmp x="1703" y="1479" width="34" height="39" />
      </word>
      <word id="a04-099-04-07" tag="CS" text="whether">
        <cmp x="1837" y="1471" width="59" height="46" />
        <cmp x="1904" y="1437" width="32" height="77" />
        <cmp x="1948" y="1474" width="25" height="43" />
        <cmp x="2008" y="1428" width="23" height="82" />
        <cmp x="2043" y="1447" width="29" height="64" />
        <cmp x="2050" y="1443" width="4" height="3" />
        <cmp x="2079" y="1480" width="26" height="38" />
        <cmp x="2110" y="1484" width="36" height="38" />
      </word>
      <upper-contour>
        <point x="345" y="1395" />
        <point x="2147" y="1395" />
      </upper-contour>
      <lower-contour>
        <point x="345" y="1562" />
        <point x="2035" y="1562" />
      </lower-contour>
    </line>
    <line ass="-625" asx="0" asy="1596" character-width="999" dss="-625" dsx="0" dsy="1717" fd0="13294" fd1="2963" fd2="-888" filter-width="3" id="a04-099-05" lbs="-668" lbx="0" lby="1677" segmentation="ok" slant="90000" stroke-width="4900" threshold="182" text="British membership of Nato and British" ubs="-539" ubx="0" uby="1647">
      <word id="a04-099-05-00" tag="JNP" text="British">
        <cmp x="347" y="1604" width="48" height="79" />
        <cmp x="406" y="1646" width="31" height="34" />
        <cmp x="446" y="1611" width="14" height="17" />
        <cmp x="448" y="1647" width="8" height="35" />
        <cmp x="476" y="1609" width="29" height="68" />
        <cmp x="516" y="1649" width="6" height="30" />
        <cmp x="518" y="1617" width="9" height="10" />
        <cmp x="536" y="1645" width="29" height="43" />
        <cmp x="570" y="1604" width="44" height="81" />
      </word>
      <word id="a04-099-05-01" tag="NN" text="membership">
        <cmp x="674" y="1655" width="51" height="30" />
        <cmp x="732" y="1652" width="29" height="42" />
        <cmp x="776" y="1658" width="68" height="33" />
        <cmp x="778" y="1657" width="5" height="3" />
        <cmp x="857" y="1612" width="27" height="78" />
        <cmp x="886" y="1655" width="34" height="39" />
        <cmp x="922" y="1664" width="33" height="31" />
        <cmp x="964" y="1655" width="28" height="43" />
        <cmp x="1003" y="1612" width="34" height="75" />
        <cmp x="1051" y="1664" width="8" height="28" />
        <cmp x="1055" y="1620" width="10" height="12" />
        <cmp x="1068" y="1660" width="36" height="69" />
      </word>
      <word id="a04-099-05-02" tag="INO" text="of">
        <cmp x="1175" y="1659" width="26" height="43" />
        <cmp x="1218" y="1621" width="35" height="76" />
      </word>
      <word id="a04-099-05-03" tag="NP" text="Nato">
        <cmp x="1304" y="1621" width="56" height="75" />
        <cmp x="1364" y="1658" width="34" height="33" />
        <cmp x="1398" y="1618" width="38" height="70" />
        <cmp x="1433" y="1664" width="33" height="40" />
      </word>
      <word id="a04-099-05-04" tag="CC" text="and">
        <cmp x="1537" y="1653" width="32" height="36" />
        <cmp x="1556" y="1663" width="13" height="30" />
        <cmp x="1569" y="1657" width="4" height="7" />
        <cmp x="1581" y="1659" width="34" height="30" />
        <cmp x="1622" y="1628" width="41" height="69" />
      </word>
      <word id="a04-099-05-05" tag="JNP" text="British">
        <cmp x="1747" y="1617" width="47" height="80" />
        <cmp x="1803" y="1665" width="28" height="30" />
        <cmp x="1842" y="1671" width="5" height="28" />
        <cmp x="1852" y="1624" width="4" height="9" />
        <cmp x="1865" y="1617" width="43" height="83" />
        <cmp x="1919" y="1670" width="9" height="28" />
        <cmp x="1927" y="1639" width="6" height="10" />
        <cmp x="1949" y="1666" width="29" height="42" />
        <cmp x="1994" y="1634" width="40" height="81" />
      </word>
      <upper-contour>
        <point x="345" y="1562" />
        <point x="2035" y="1562" />
      </upper-contour>
      <lower-contour>
        <point x="354" y="1729" />
        <point x="2035" y="1729" />
      </lower-contour>
    </line>
    <line ass="-166" asx="0" asy="1790" character-width="999" dss="-166" dsx="0" dsy="1908" fd0="13849" fd1="3178" fd2="-653" filter-width="3" id="a04-099-06" lbs="-270" lbx="0" lby="1869" segmentation="ok" slant="89000" stroke-width="4834" threshold="182" text="permission of American bases on our territory" ubs="41" ubx="0" uby="1844">
      <word id="a04-099-06-00" tag="NN" text="permission">
        <cmp x="356" y="1830" width="66" height="81" />
        <cmp x="405" y="1853" width="12" height="8" />
        <cmp x="426" y="1843" width="33" height="30" />
        <cmp x="461" y="1843" width="57" height="35" />
        <cmp x="540" y="1809" width="11" height="8" />
        <cmp x="541" y="1842" width="7" height="42" />
        <cmp x="563" y="1837" width="25" height="42" />
        <cmp x="595" y="1836" width="30" height="45" />
        <cmp x="638" y="1848" width="6" height="28" />
        <cmp x="640" y="1844" width="4" height="3" />
        <cmp x="653" y="1805" width="6" height="15" />
        <cmp x="660" y="1844" width="40" height="33" />
        <cmp x="704" y="1844" width="41" height="39" />
      </word>
      <word id="a04-099-06-01" tag="INO" text="of">
        <cmp x="829" y="1840" width="29" height="38" />
        <cmp x="873" y="1796" width="45" height="81" />
      </word>
      <word id="a04-099-06-02" tag="JNP" text="American">
        <cmp x="978" y="1798" width="66" height="80" />
        <cmp x="1048" y="1844" width="53" height="28" />
        <cmp x="1103" y="1840" width="31" height="33" />
        <cmp x="1140" y="1837" width="34" height="31" />
        <cmp x="1185" y="1840" width="8" height="35" />
        <cmp x="1197" y="1812" width="5" height="10" />
        <cmp x="1203" y="1838" width="53" height="33" />
        <cmp x="1266" y="1843" width="35" height="46" />
      </word>
      <word id="a04-099-06-03" tag="NNS" text="bases">
        <cmp x="1372" y="1816" width="42" height="67" />
        <cmp x="1420" y="1845" width="30" height="34" />
        <cmp x="1464" y="1830" width="29" height="48" />
        <cmp x="1498" y="1835" width="26" height="35" />
        <cmp x="1538" y="1832" width="29" height="53" />
      </word>
      <word id="a04-099-06-04" tag="IN" text="on">
        <cmp x="1661" y="1838" width="24" height="40" />
        <cmp x="1700" y="1839" width="37" height="34" />
      </word>
      <word id="a04-099-06-05" tag="PP$" text="our">
        <cmp x="1793" y="1844" width="38" height="37" />
        <cmp x="1833" y="1849" width="38" height="28" />
        <cmp x="1885" y="1846" width="45" height="33" />
      </word>
      <word id="a04-099-06-06" tag="NN" text="territory">
        <cmp x="1953" y="1796" width="34" height="79" />
        <cmp x="1984" y="1839" width="26" height="37" />
        <cmp x="2014" y="1843" width="3" height="3" />
        <cmp x="2015" y="1846" width="33" height="35" />
        <cmp x="2055" y="1847" width="28" height="34" />
        <cmp x="2092" y="1819" width="11" height="21" />
        <cmp x="2097" y="1850" width="7" height="37" />
        <cmp x="2119" y="1804" width="57" height="76" />
        <cmp x="2178" y="1850" width="30" height="29" />
        <cmp x="2208" y="1854" width="46" height="56" />
      </word>
      <upper-contour>
        <point x="354" y="1729" />
        <point x="2035" y="1729" />
      </upper-contour>
      <lower-contour>
        <point x="356" y="1912" />
        <point x="2188" y="1912" />
      </lower-contour>
    </line>
    <line ass="152" asx="0" asy="1971" character-width="999" dss="152" dsx="0" dsy="2114" fd0="13411" fd1="3084" fd2="-780" filter-width="3" id="a04-099-07" lbs="294" lbx="0" lby="2063" segmentation="ok" slant="84000" stroke-width="4843" threshold="182" text="add anything to the strength of America," ubs="-133" ubx="0" uby="2019">
      <word id="a04-099-07-00" tag="VB" text="add">
        <cmp x="358" y="2007" width="49" height="50" />
        <cmp x="420" y="1971" width="46" height="87" />
        <cmp x="475" y="1974" width="54" height="88" />
      </word>
      <word id="a04-099-07-01" tag="PN" text="anything">
        <cmp x="595" y="2014" width="41" height="41" />
        <cmp x="617" y="2027" width="13" height="31" />
        <cmp x="644" y="2024" width="37" height="34" />
        <cmp x="688" y="2028" width="45" height="63" />
        <cmp x="734" y="1988" width="35" height="78" />
        <cmp x="775" y="2006" width="31" height="55" />
        <cmp x="778" y="2001" width="6" height="5" />
        <cmp x="818" y="2031" width="9" height="32" />
        <cmp x="827" y="2026" width="34" height="29" />
        <cmp x="830" y="1993" width="9" height="7" />
        <cmp x="864" y="2027" width="37" height="85" />
      </word>
      <word id="a04-099-07-02" tag="IN" text="to">
        <cmp x="962" y="1978" width="45" height="89" />
        <cmp x="1005" y="2024" width="35" height="37" />
      </word>
      <word id="a04-099-07-03" tag="ATI" text="the">
        <cmp x="1099" y="1982" width="37" height="72" />
        <cmp x="1136" y="2017" width="3" height="3" />
        <cmp x="1142" y="1998" width="34" height="60" />
        <cmp x="1148" y="2044" width="3" height="4" />
        <cmp x="1186" y="2019" width="36" height="49" />
      </word>
      <word id="a04-099-07-04" tag="NN" text="strength">
        <cmp x="1295" y="2016" width="36" height="49" />
        <cmp x="1326" y="1973" width="46" height="92" />
        <cmp x="1369" y="2023" width="60" height="40" />
        <cmp x="1438" y="2023" width="38" height="35" />
        <cmp x="1443" y="2023" width="5" height="3" />
        <cmp x="1488" y="2024" width="44" height="73" />
        <cmp x="1536" y="2014" width="5" height="5" />
        <cmp x="1539" y="1986" width="40" height="84" />
        <cmp x="1582" y="1999" width="41" height="71" />
        <cmp x="1589" y="1995" width="5" height="3" />
      </word>
      <word id="a04-099-07-05" tag="INO" text="of">
        <cmp x="1700" y="2025" width="33" height="34" />
        <cmp x="1743" y="1981" width="48" height="76" />
      </word>
      <word id="a04-099-07-06" tag="NP" text="America">
        <cmp x="1839" y="1987" width="67" height="70" />
        <cmp x="1868" y="2013" width="3" height="3" />
        <cmp x="1905" y="2029" width="54" height="29" />
        <cmp x="1968" y="2029" width="32" height="33" />
        <cmp x="2010" y="2028" width="30" height="34" />
        <cmp x="2045" y="2034" width="8" height="35" />
        <cmp x="2060" y="2004" width="9" height="17" />
        <cmp x="2070" y="2026" width="37" height="41" />
        <cmp x="2105" y="2030" width="54" height="41" />
      </word>
      <word id="a04-099-07-07" tag="," text=",">
        <cmp x="2169" y="2062" width="18" height="43" />
      </word>
      <upper-contour>
        <point x="356" y="1912" />
        <point x="2188" y="1912" />
      </upper-contour>
      <lower-contour>
        <point x="366" y="2112" />
        <point x="2118" y="2112" />
      </lower-contour>
    </line>
    <line ass="-668" asx="0" asy="2141" character-width="999" dss="-668" dsx="0" dsy="2279" fd0="13707" fd1="2864" fd2="-550" filter-width="3" id="a04-099-08" lbs="-626" lbx="0" lby="2226" segmentation="ok" slant="81000" stroke-width="4741" threshold="182" text="while, on the contrary, they impose upon" ubs="-751" ubx="0" uby="2190">
      <word id="a04-099-08-00" tag="CS" text="while">
        <cmp x="368" y="2184" width="59" height="47" />
        <cmp x="445" y="2172" width="20" height="54" />
        <cmp x="457" y="2151" width="5" height="20" />
        <cmp x="464" y="2194" width="15" height="31" />
        <cmp x="499" y="2195" width="5" height="25" />
        <cmp x="512" y="2151" width="6" height="8" />
        <cmp x="535" y="2152" width="9" height="67" />
        <cmp x="559" y="2186" width="37" height="40" />
      </word>
      <word id="a04-099-08-01" tag="," text=",">
        <cmp x="619" y="2225" width="22" height="35" />
      </word>
      <word id="a04-099-08-02" tag="IN" text="on">
        <cmp x="695" y="2200" width="31" height="41" />
        <cmp x="737" y="2201" width="41" height="38" />
      </word>
      <word id="a04-099-08-03" tag="ATI" text="the">
        <cmp x="789" y="2154" width="35" height="87" />
        <cmp x="834" y="2164" width="33" height="77" />
        <cmp x="880" y="2203" width="37" height="45" />
      </word>
      <word id="a04-099-08-04" tag="NN" text="contrary">
        <cmp x="984" y="2193" width="24" height="49" />
        <cmp x="1020" y="2205" width="30" height="35" />
        <cmp x="1055" y="2203" width="36" height="36" />
        <cmp x="1094" y="2154" width="42" height="89" />
        <cmp x="1136" y="2205" width="29" height="31" />
        <cmp x="1167" y="2205" width="30" height="33" />
        <cmp x="1215" y="2205" width="24" height="38" />
        <cmp x="1244" y="2211" width="47" height="70" />
      </word>
      <word id="a04-099-08-05" tag="," text=",">
        <cmp x="1290" y="2250" width="28" height="45" />
      </word>
      <word id="a04-099-08-06" tag="PP3AS" text="they">
        <cmp x="1406" y="2163" width="55" height="78" />
        <cmp x="1466" y="2175" width="34" height="56" />
        <cmp x="1470" y="2171" width="3" height="3" />
        <cmp x="1515" y="2197" width="28" height="36" />
        <cmp x="1550" y="2207" width="39" height="57" />
      </word>
      <word id="a04-099-08-07" tag="VB" text="impose">
        <cmp x="1643" y="2212" width="10" height="36" />
        <cmp x="1660" y="2174" width="9" height="14" />
        <cmp x="1668" y="2215" width="62" height="25" />
        <cmp x="1740" y="2212" width="36" height="66" />
        <cmp x="1779" y="2219" width="29" height="29" />
        <cmp x="1812" y="2215" width="18" height="41" />
        <cmp x="1846" y="2217" width="37" height="32" />
      </word>
      <word id="a04-099-08-08" tag="IN" text="upon">
        <cmp x="1964" y="2213" width="40" height="31" />
        <cmp x="1965" y="2209" width="7" height="4" />
        <cmp x="2003" y="2205" width="36" height="68" />
        <cmp x="2047" y="2212" width="23" height="30" />
        <cmp x="2079" y="2215" width="38" height="34" />
      </word>
      <upper-contour>
        <point x="366" y="2112" />
        <point x="2118" y="2112" />
      </upper-contour>
      <lower-contour>
        <point x="366" y="2295" />
        <point x="2099" y="2295" />
      </lower-contour>
    </line>
    <line ass="359" asx="0" asy="2347" character-width="999" dss="359" dsx="0" dsy="2455" fd0="13710" fd1="2839" fd2="-1108" filter-width="3" id="a04-099-09" lbs="259" lbx="0" lby="2421" segmentation="ok" slant="90000" stroke-width="4514" threshold="182" text="America an onerous obligation which it" ubs="561" ubx="0" uby="2398">
      <word id="a04-099-09-00" tag="NP" text="America">
        <cmp x="360" y="2351" width="61" height="75" />
        <cmp x="425" y="2391" width="56" height="29" />
        <cmp x="486" y="2384" width="22" height="36" />
        <cmp x="519" y="2389" width="33" height="28" />
        <cmp x="561" y="2390" width="6" height="37" />
        <cmp x="569" y="2363" width="13" height="6" />
        <cmp x="590" y="2386" width="94" height="43" />
      </word>
      <word id="a04-099-09-01" tag="AT" text="an">
        <cmp x="768" y="2385" width="36" height="34" />
        <cmp x="780" y="2405" width="19" height="13" />
        <cmp x="801" y="2403" width="7" height="15" />
        <cmp x="820" y="2386" width="45" height="39" />
      </word>
      <word id="a04-099-09-02" tag="JJ" text="onerous">
        <cmp x="955" y="2384" width="27" height="35" />
        <cmp x="992" y="2381" width="30" height="32" />
        <cmp x="1029" y="2380" width="33" height="42" />
        <cmp x="1069" y="2384" width="40" height="35" />
        <cmp x="1105" y="2387" width="65" height="32" />
        <cmp x="1183" y="2377" width="34" height="56" />
      </word>
      <word id="a04-099-09-03" tag="NN" text="obligation">
        <cmp x="1281" y="2380" width="34" height="40" />
        <cmp x="1319" y="2339" width="34" height="78" />
        <cmp x="1370" y="2346" width="8" height="65" />
        <cmp x="1375" y="2342" width="3" height="3" />
        <cmp x="1388" y="2381" width="6" height="33" />
        <cmp x="1400" y="2352" width="7" height="7" />
        <cmp x="1403" y="2383" width="36" height="64" />
        <cmp x="1443" y="2388" width="42" height="34" />
        <cmp x="1491" y="2345" width="50" height="72" />
        <cmp x="1539" y="2394" width="6" height="31" />
        <cmp x="1550" y="2358" width="7" height="9" />
        <cmp x="1562" y="2389" width="33" height="29" />
        <cmp x="1597" y="2384" width="43" height="49" />
      </word>
      <word id="a04-099-09-04" tag="WDT" text="which">
        <cmp x="1724" y="2378" width="63" height="37" />
        <cmp x="1803" y="2358" width="28" height="59" />
        <cmp x="1805" y="2353" width="5" height="4" />
        <cmp x="1844" y="2359" width="8" height="10" />
        <cmp x="1854" y="2386" width="6" height="34" />
        <cmp x="1870" y="2386" width="30" height="32" />
        <cmp x="1913" y="2348" width="49" height="71" />
      </word>
      <word id="a04-099-09-05" tag="PP3" text="it">
        <cmp x="2024" y="2378" width="7" height="33" />
        <cmp x="2036" y="2348" width="5" height="7" />
        <cmp x="2054" y="2337" width="44" height="75" />
      </word>
      <upper-contour>
        <point x="366" y="2295" />
        <point x="2099" y="2295" />
      </upper-contour>
      <lower-contour>
        <point x="386" y="2447" />
        <point x="1931" y="2447" />
      </lower-contour>
    </line>
    <line ass="283" asx="0" asy="2528" character-width="999" dss="283" dsx="0" dsy="2645" fd0="13756" fd1="3086" fd2="-181" filter-width="3" id="a04-099-10" lbs="289" lbx="0" lby="2601" segmentation="ok" slant="86000" stroke-width="4684" threshold="182" text="may prove impossible to fulfil.&amp;quot;" ubs="272" ubx="0" uby="2568">
      <word id="a04-099-10-00" tag="MD" text="may">
        <cmp x="388" y="2573" width="5" height="12" />
        <cmp x="388" y="2582" width="11" height="13" />
        <cmp x="394" y="2556" width="3" height="6" />
        <cmp x="396" y="2547" width="3" height="3" />
        <cmp x="398" y="2578" width="3" height="3" />
        <cmp x="408" y="2558" width="49" height="39" />
        <cmp x="468" y="2564" width="39" height="34" />
        <cmp x="520" y="2564" width="37" height="78" />
      </word>
      <word id="a04-099-10-01" tag="VB" text="prove">
        <cmp x="628" y="2561" width="40" height="73" />
        <cmp x="680" y="2563" width="35" height="36" />
        <cmp x="720" y="2563" width="30" height="35" />
        <cmp x="764" y="2559" width="25" height="36" />
        <cmp x="804" y="2558" width="41" height="48" />
      </word>
      <word id="a04-099-10-02" tag="JJ" text="impossible">
        <cmp x="937" y="2566" width="12" height="39" />
        <cmp x="957" y="2524" width="7" height="11" />
        <cmp x="965" y="2569" width="64" height="29" />
        <cmp x="1041" y="2564" width="42" height="74" />
        <cmp x="1044" y="2608" width="3" height="5" />
        <cmp x="1092" y="2566" width="31" height="33" />
        <cmp x="1137" y="2562" width="29" height="41" />
        <cmp x="1183" y="2558" width="23" height="39" />
        <cmp x="1227" y="2565" width="7" height="37" />
        <cmp x="1233" y="2535" width="12" height="9" />
        <cmp x="1267" y="2523" width="38" height="69" />
        <cmp x="1318" y="2525" width="12" height="72" />
        <cmp x="1343" y="2558" width="33" height="42" />
      </word>
      <word id="a04-099-10-03" tag="TO" text="to">
        <cmp x="1437" y="2524" width="55" height="69" />
        <cmp x="1483" y="2562" width="31" height="35" />
      </word>
      <word id="a04-099-10-04" tag="VB" text="fulfil">
        <cmp x="1566" y="2528" width="56" height="70" />
        <cmp x="1612" y="2572" width="49" height="27" />
        <cmp x="1678" y="2534" width="15" height="70" />
        <cmp x="1718" y="2539" width="38" height="68" />
        <cmp x="1767" y="2573" width="7" height="31" />
        <cmp x="1776" y="2545" width="5" height="13" />
        <cmp x="1800" y="2531" width="8" height="78" />
      </word>
      <word id="a04-099-10-05" tag="." text=".">
        <cmp x="1839" y="2591" width="11" height="15" />
      </word>
      <word id="a04-099-10-06" tag="**&apos;" text="&quot;">
        <cmp x="1891" y="2537" width="17" height="28" />
        <cmp x="1907" y="2540" width="23" height="29" />
      </word>
      <upper-contour>
        <point x="386" y="2447" />
        <point x="1931" y="2447" />
      </upper-contour>
    </line>
  </handwritten-part>
</form>

