<?xml version="1.0" encoding="ISO-8859-1"?>

<!DOCTYPE form SYSTEM 'http://www.iam.unibe.ch/~fki/iamdb/form-metadata.dtd'>

<form created="2002-01-16" height="3542" id="a04-023" last-modified="2002-07-17" skew="-95" status="final" version="3.0_beta" width="2479" writer-id="059">
  <machine-printed-part>
    <machine-print-line text="Apart from their formal Admiralty House talks, followed by lunch given by Lady" />
    <machine-print-line text="Dorothy Macmillan with Mrs. Kennedy and other guests present, Mr. Kennedy and" />
    <machine-print-line text="Mr. Macmillan met three more times yesterday. In PARIS, Mr. Dean Rusk, U.S." />
    <machine-print-line text="Secretary of State, gave a 90-minute briefing on the Vienna talks to the 15-nation" />
    <machine-print-line text="Nato council. Some of his listeners said he was &amp;quot;rather pessimistic&amp;quot; and talked of a" />
    <machine-print-line text="Berlin crisis later this year." />
  </machine-printed-part>
  <handwritten-part>
    <line ass="178" asx="0" asy="898" character-width="999" dss="178" dsx="0" dsy="1027" fd0="12897" fd1="2606" fd2="-1587" filter-width="4" id="a04-023-00" lbs="17" lbx="0" lby="976" segmentation="ok" slant="78000" stroke-width="5833" threshold="172" text="Apart from their formal Admiralty House talks, followed by lunch" ubs="498" ubx="0" uby="947">
      <word id="a04-023-00-00" sentence-start="yes" tag="IN21" text="Apart">
        <cmp x="383" y="900" width="106" height="114" />
        <cmp x="484" y="903" width="21" height="67" />
      </word>
      <word id="a04-023-00-01" tag="IN22" text="from">
        <cmp x="535" y="902" width="36" height="110" />
        <cmp x="569" y="949" width="21" height="33" />
        <cmp x="593" y="947" width="35" height="28" />
      </word>
      <word id="a04-023-00-02" tag="PP$" text="their">
        <cmp x="664" y="901" width="53" height="73" />
        <cmp x="719" y="939" width="27" height="29" />
        <cmp x="746" y="925" width="4" height="8" />
        <cmp x="755" y="931" width="19" height="44" />
      </word>
      <word id="a04-023-00-03" tag="JJ" text="formal">
        <cmp x="807" y="898" width="53" height="128" />
        <cmp x="864" y="937" width="16" height="38" />
        <cmp x="881" y="939" width="66" height="38" />
        <cmp x="956" y="923" width="16" height="57" />
      </word>
      <word id="a04-023-00-04" tag="NP" text="Admiralty">
        <cmp x="1001" y="900" width="74" height="82" />
        <cmp x="1083" y="939" width="44" height="41" />
        <cmp x="1132" y="956" width="9" height="28" />
        <cmp x="1139" y="938" width="5" height="16" />
        <cmp x="1148" y="946" width="42" height="37" />
        <cmp x="1195" y="922" width="28" height="56" />
        <cmp x="1232" y="918" width="52" height="99" />
      </word>
      <word id="a04-023-00-05" tag="NPL" text="House">
        <cmp x="1334" y="899" width="61" height="84" />
        <cmp x="1400" y="936" width="27" height="34" />
        <cmp x="1428" y="935" width="16" height="40" />
        <cmp x="1447" y="937" width="22" height="35" />
      </word>
      <word id="a04-023-00-06" tag="NNS" text="talks">
        <cmp x="1502" y="903" width="52" height="73" />
        <cmp x="1557" y="901" width="37" height="69" />
        <cmp x="1582" y="894" width="59" height="75" />
      </word>
      <word id="a04-023-00-07" tag="," text=",">
        <cmp x="1654" y="966" width="9" height="31" />
      </word>
      <word id="a04-023-00-08" tag="VBN" text="followed">
        <cmp x="1687" y="893" width="92" height="114" />
        <cmp x="1765" y="937" width="26" height="39" />
        <cmp x="1793" y="932" width="41" height="40" />
        <cmp x="1837" y="937" width="22" height="35" />
        <cmp x="1859" y="911" width="43" height="60" />
      </word>
      <word id="a04-023-00-09" tag="IN" text="by">
        <cmp x="1938" y="910" width="30" height="58" />
        <cmp x="1965" y="986" width="5" height="13" />
        <cmp x="1968" y="937" width="29" height="69" />
      </word>
      <word id="a04-023-00-10" tag="NN" text="lunch">
        <cmp x="2033" y="893" width="41" height="76" />
        <cmp x="2053" y="931" width="33" height="37" />
        <cmp x="2089" y="931" width="49" height="37" />
        <cmp x="2142" y="901" width="33" height="69" />
      </word>
      <lower-contour>
        <point x="381" y="1026" />
        <point x="2176" y="1026" />
      </lower-contour>
    </line>
    <line ass="529" asx="0" asy="1081" character-width="999" dss="529" dsx="0" dsy="1213" fd0="13412" fd1="2669" fd2="-1874" filter-width="3" id="a04-023-01" lbs="627" lbx="0" lby="1175" segmentation="ok" slant="75000" stroke-width="5701" threshold="172" text="given by Lady Dorothy Macmillan with Mrs. Kennedy and other" ubs="335" ubx="0" uby="1125">
      <word id="a04-023-01-00" tag="VBN" text="given">
        <cmp x="377" y="1100" width="41" height="104" />
        <cmp x="417" y="1093" width="7" height="19" />
        <cmp x="427" y="1112" width="81" height="47" />
      </word>
      <word id="a04-023-01-01" tag="IN" text="by">
        <cmp x="536" y="1084" width="28" height="78" />
        <cmp x="565" y="1121" width="32" height="72" />
      </word>
      <word id="a04-023-01-02" tag="NPT" text="Lady">
        <cmp x="615" y="1087" width="37" height="78" />
        <cmp x="647" y="1120" width="32" height="39" />
        <cmp x="677" y="1098" width="39" height="62" />
        <cmp x="709" y="1123" width="33" height="66" />
      </word>
      <word id="a04-023-01-03" tag="NP" text="Dorothy">
        <cmp x="780" y="1073" width="53" height="89" />
        <cmp x="824" y="1116" width="26" height="45" />
        <cmp x="851" y="1123" width="24" height="38" />
        <cmp x="866" y="1125" width="26" height="35" />
        <cmp x="892" y="1091" width="49" height="72" />
        <cmp x="944" y="1122" width="27" height="79" />
      </word>
      <word id="a04-023-01-04" tag="NP" text="Macmillan">
        <cmp x="1030" y="1083" width="62" height="77" />
        <cmp x="1078" y="1120" width="28" height="39" />
        <cmp x="1107" y="1125" width="22" height="35" />
        <cmp x="1126" y="1122" width="41" height="36" />
        <cmp x="1174" y="1128" width="13" height="33" />
        <cmp x="1183" y="1103" width="6" height="13" />
        <cmp x="1191" y="1086" width="22" height="75" />
        <cmp x="1205" y="1093" width="25" height="71" />
        <cmp x="1220" y="1128" width="32" height="32" />
        <cmp x="1260" y="1125" width="27" height="39" />
      </word>
      <word id="a04-023-01-05" tag="IN" text="with">
        <cmp x="1354" y="1116" width="43" height="54" />
        <cmp x="1400" y="1129" width="12" height="34" />
        <cmp x="1417" y="1106" width="3" height="6" />
        <cmp x="1418" y="1091" width="51" height="74" />
        <cmp x="1419" y="1110" width="5" height="11" />
      </word>
      <word id="a04-023-01-06" tag="NPT" text="Mrs.">
        <cmp x="1548" y="1088" width="47" height="75" />
        <cmp x="1586" y="1113" width="25" height="49" />
        <cmp x="1601" y="1116" width="31" height="44" />
        <cmp x="1640" y="1155" width="5" height="5" />
      </word>
      <word id="a04-023-01-07" tag="NP" text="Kennedy">
        <cmp x="1685" y="1088" width="54" height="79" />
        <cmp x="1730" y="1126" width="22" height="32" />
        <cmp x="1753" y="1123" width="28" height="34" />
        <cmp x="1783" y="1123" width="33" height="35" />
        <cmp x="1818" y="1129" width="20" height="31" />
        <cmp x="1843" y="1099" width="39" height="58" />
        <cmp x="1869" y="1115" width="38" height="81" />
      </word>
      <word id="a04-023-01-08" tag="CC" text="and">
        <cmp x="1957" y="1103" width="33" height="50" />
        <cmp x="1992" y="1115" width="28" height="35" />
        <cmp x="2020" y="1082" width="45" height="74" />
      </word>
      <word id="a04-023-01-09" tag="AP" text="other">
        <cmp x="2084" y="1106" width="34" height="45" />
        <cmp x="2116" y="1073" width="48" height="72" />
        <cmp x="2160" y="1107" width="55" height="47" />
      </word>
      <upper-contour>
        <point x="381" y="1026" />
        <point x="2176" y="1026" />
      </upper-contour>
      <lower-contour>
        <point x="378" y="1205" />
        <point x="2149" y="1205" />
      </lower-contour>
    </line>
    <line ass="-315" asx="0" asy="1244" character-width="999" dss="-315" dsx="0" dsy="1384" fd0="13477" fd1="2755" fd2="-1488" filter-width="4" id="a04-023-02" lbs="-341" lbx="0" lby="1324" segmentation="ok" slant="73000" stroke-width="5805" threshold="172" text="guests present, Mr. Kennedy and Mr. Macmillan met three more" ubs="-264" ubx="0" uby="1288">
      <word id="a04-023-02-00" tag="NNS" text="guests">
        <cmp x="380" y="1287" width="65" height="101" />
        <cmp x="447" y="1289" width="36" height="52" />
        <cmp x="490" y="1265" width="16" height="62" />
        <cmp x="500" y="1290" width="28" height="39" />
      </word>
      <word id="a04-023-02-01" tag="JJ" text="present">
        <cmp x="538" y="1275" width="42" height="95" />
        <cmp x="578" y="1289" width="29" height="48" />
        <cmp x="606" y="1292" width="22" height="35" />
        <cmp x="627" y="1286" width="21" height="48" />
        <cmp x="649" y="1263" width="73" height="71" />
      </word>
      <word id="a04-023-02-02" tag="," text=",">
        <cmp x="727" y="1330" width="17" height="42" />
      </word>
      <word id="a04-023-02-03" tag="NPT" text="Mr.">
        <cmp x="791" y="1260" width="51" height="74" />
        <cmp x="832" y="1292" width="23" height="39" />
        <cmp x="856" y="1323" width="6" height="7" />
      </word>
      <word id="a04-023-02-04" tag="NP" text="Kennedy">
        <cmp x="910" y="1255" width="53" height="78" />
        <cmp x="953" y="1293" width="22" height="31" />
        <cmp x="979" y="1292" width="25" height="34" />
        <cmp x="1005" y="1296" width="28" height="31" />
        <cmp x="1037" y="1299" width="24" height="30" />
        <cmp x="1056" y="1265" width="48" height="68" />
        <cmp x="1084" y="1296" width="40" height="72" />
      </word>
      <word id="a04-023-02-05" tag="CC" text="and">
        <cmp x="1158" y="1294" width="76" height="43" />
        <cmp x="1233" y="1271" width="43" height="59" />
      </word>
      <word id="a04-023-02-06" tag="NPT" text="Mr.">
        <cmp x="1320" y="1252" width="58" height="83" />
        <cmp x="1367" y="1292" width="28" height="40" />
        <cmp x="1401" y="1328" width="8" height="6" />
      </word>
      <word id="a04-023-02-07" tag="NP" text="Macmillan">
        <cmp x="1423" y="1260" width="64" height="81" />
        <cmp x="1472" y="1299" width="30" height="34" />
        <cmp x="1505" y="1297" width="23" height="35" />
        <cmp x="1527" y="1294" width="50" height="41" />
        <cmp x="1586" y="1316" width="12" height="20" />
        <cmp x="1595" y="1267" width="44" height="63" />
        <cmp x="1637" y="1299" width="64" height="42" />
      </word>
      <word id="a04-023-02-08" tag="VBD" text="met">
        <cmp x="1728" y="1294" width="50" height="44" />
        <cmp x="1778" y="1301" width="23" height="33" />
        <cmp x="1800" y="1274" width="34" height="62" />
      </word>
      <word id="a04-023-02-09" tag="CD" text="three">
        <cmp x="1853" y="1261" width="56" height="74" />
        <cmp x="1910" y="1286" width="43" height="45" />
        <cmp x="1951" y="1291" width="24" height="46" />
      </word>
      <word id="a04-023-02-10" tag="AP" text="more">
        <cmp x="2012" y="1295" width="53" height="46" />
        <cmp x="2070" y="1304" width="20" height="33" />
        <cmp x="2096" y="1300" width="33" height="42" />
        <cmp x="2122" y="1306" width="26" height="32" />
      </word>
      <upper-contour>
        <point x="378" y="1205" />
        <point x="2149" y="1205" />
      </upper-contour>
      <lower-contour>
        <point x="378" y="1389" />
        <point x="2149" y="1389" />
      </lower-contour>
    </line>
    <line ass="-210" asx="0" asy="1401" character-width="999" dss="-210" dsx="0" dsy="1541" fd0="13399" fd1="2517" fd2="-1618" filter-width="4" id="a04-023-03" lbs="-127" lbx="0" lby="1502" segmentation="ok" slant="75000" stroke-width="5786" threshold="172" text="times yesterday. In PARIS, Mr. Dean Rusk, U.S. Secretary of" ubs="-375" ubx="0" uby="1461">
      <word id="a04-023-03-00" tag="NNS" text="times">
        <cmp x="358" y="1417" width="36" height="94" />
        <cmp x="393" y="1463" width="47" height="44" />
        <cmp x="441" y="1461" width="29" height="40" />
        <cmp x="470" y="1465" width="24" height="42" />
      </word>
      <word id="a04-023-03-01" tag="NR" text="yesterday">
        <cmp x="532" y="1458" width="30" height="85" />
        <cmp x="567" y="1465" width="26" height="39" />
        <cmp x="591" y="1468" width="24" height="45" />
        <cmp x="614" y="1448" width="62" height="59" />
        <cmp x="673" y="1442" width="43" height="59" />
        <cmp x="708" y="1467" width="33" height="36" />
        <cmp x="736" y="1462" width="38" height="75" />
      </word>
      <word id="a04-023-03-02" tag="." text=".">
        <cmp x="778" y="1494" width="12" height="8" />
      </word>
      <word id="a04-023-03-03" sentence-start="yes" tag="IN" text="In">
        <cmp x="838" y="1436" width="22" height="68" />
        <cmp x="856" y="1469" width="33" height="42" />
      </word>
      <word id="a04-023-03-04" tag="NP" text="PARIS">
        <cmp x="954" y="1406" width="47" height="94" />
        <cmp x="983" y="1421" width="42" height="74" />
        <cmp x="1033" y="1418" width="41" height="77" />
        <cmp x="1083" y="1436" width="10" height="57" />
        <cmp x="1099" y="1441" width="34" height="55" />
      </word>
      <word id="a04-023-03-05" tag="," text=",">
        <cmp x="1146" y="1498" width="10" height="44" />
      </word>
      <word id="a04-023-03-06" tag="NPT" text="Mr.">
        <cmp x="1197" y="1423" width="46" height="77" />
        <cmp x="1235" y="1460" width="19" height="40" />
        <cmp x="1257" y="1493" width="7" height="6" />
      </word>
      <word id="a04-023-03-07" tag="NP" text="Dean">
        <cmp x="1295" y="1433" width="40" height="79" />
        <cmp x="1332" y="1466" width="27" height="42" />
        <cmp x="1354" y="1469" width="32" height="35" />
        <cmp x="1389" y="1465" width="30" height="41" />
      </word>
      <word id="a04-023-03-08" tag="NP" text="Rusk">
        <cmp x="1453" y="1415" width="46" height="95" />
        <cmp x="1491" y="1468" width="30" height="31" />
        <cmp x="1519" y="1470" width="22" height="32" />
        <cmp x="1546" y="1430" width="35" height="77" />
      </word>
      <word id="a04-023-03-09" tag="," text=",">
        <cmp x="1584" y="1504" width="20" height="43" />
      </word>
      <word id="a04-023-03-10" tag="NP" text="U.S.">
        <cmp x="1640" y="1442" width="48" height="65" />
        <cmp x="1681" y="1493" width="7" height="8" />
        <cmp x="1700" y="1448" width="43" height="64" />
        <cmp x="1746" y="1504" width="8" height="8" />
      </word>
      <word id="a04-023-03-11" tag="NPT" text="Secretary">
        <cmp x="1782" y="1443" width="51" height="67" />
        <cmp x="1816" y="1474" width="70" height="39" />
        <cmp x="1885" y="1478" width="26" height="34" />
        <cmp x="1912" y="1443" width="57" height="68" />
        <cmp x="1971" y="1472" width="23" height="38" />
        <cmp x="1988" y="1466" width="35" height="74" />
      </word>
      <word id="a04-023-03-12" tag="INO" text="of">
        <cmp x="2077" y="1476" width="35" height="33" />
        <cmp x="2103" y="1425" width="57" height="119" />
      </word>
      <upper-contour>
        <point x="378" y="1389" />
        <point x="2149" y="1389" />
      </upper-contour>
      <lower-contour>
        <point x="356" y="1547" />
        <point x="2108" y="1547" />
      </lower-contour>
    </line>
    <line ass="-329" asx="0" asy="1601" character-width="999" dss="-329" dsx="0" dsy="1736" fd0="13574" fd1="2678" fd2="-1406" filter-width="4" id="a04-023-04" lbs="-443" lbx="0" lby="1686" segmentation="ok" slant="75000" stroke-width="5867" threshold="172" text="State, gave a 90-minute briefing on the Vienna talks to the" ubs="-103" ubx="0" uby="1657">
      <word id="a04-023-04-00" tag="NN" text="State">
        <cmp x="347" y="1608" width="51" height="79" />
        <cmp x="379" y="1617" width="79" height="71" />
        <cmp x="455" y="1646" width="30" height="44" />
      </word>
      <word id="a04-023-04-01" tag="," text=",">
        <cmp x="509" y="1686" width="12" height="32" />
      </word>
      <word id="a04-023-04-02" tag="VBD" text="gave">
        <cmp x="570" y="1646" width="30" height="81" />
        <cmp x="600" y="1647" width="36" height="38" />
        <cmp x="637" y="1651" width="28" height="42" />
        <cmp x="674" y="1659" width="27" height="36" />
      </word>
      <word id="a04-023-04-03" tag="AT" text="a">
        <cmp x="738" y="1651" width="33" height="48" />
      </word>
      <word id="a04-023-04-04" tag="JJB" text="90-minute">
        <cmp x="813" y="1608" width="42" height="82" />
        <cmp x="836" y="1642" width="33" height="51" />
        <cmp x="880" y="1669" width="20" height="7" />
        <cmp x="917" y="1652" width="40" height="49" />
        <cmp x="962" y="1660" width="15" height="37" />
        <cmp x="980" y="1637" width="5" height="30" />
        <cmp x="980" y="1660" width="29" height="34" />
        <cmp x="1010" y="1664" width="31" height="35" />
        <cmp x="1039" y="1623" width="31" height="71" />
        <cmp x="1065" y="1661" width="25" height="37" />
      </word>
      <word id="a04-023-04-05" tag="NN" text="briefing">
        <cmp x="1130" y="1628" width="38" height="75" />
        <cmp x="1168" y="1659" width="35" height="47" />
        <cmp x="1207" y="1664" width="25" height="44" />
        <cmp x="1227" y="1608" width="56" height="117" />
        <cmp x="1256" y="1671" width="15" height="29" />
        <cmp x="1277" y="1670" width="35" height="32" />
        <cmp x="1280" y="1643" width="7" height="23" />
        <cmp x="1303" y="1662" width="31" height="82" />
      </word>
      <word id="a04-023-04-06" tag="IN" text="on">
        <cmp x="1362" y="1668" width="34" height="40" />
        <cmp x="1396" y="1668" width="29" height="39" />
      </word>
      <word id="a04-023-04-07" tag="ATI" text="the">
        <cmp x="1466" y="1629" width="49" height="73" />
        <cmp x="1521" y="1666" width="25" height="37" />
      </word>
      <word id="a04-023-04-08" tag="NP" text="Vienna">
        <cmp x="1592" y="1622" width="40" height="62" />
        <cmp x="1611" y="1665" width="14" height="30" />
        <cmp x="1624" y="1660" width="25" height="35" />
        <cmp x="1648" y="1659" width="34" height="43" />
        <cmp x="1684" y="1665" width="32" height="36" />
        <cmp x="1715" y="1664" width="28" height="41" />
      </word>
      <word id="a04-023-04-09" tag="NNS" text="talks">
        <cmp x="1783" y="1624" width="54" height="72" />
        <cmp x="1838" y="1632" width="27" height="63" />
        <cmp x="1850" y="1633" width="47" height="67" />
      </word>
      <word id="a04-023-04-10" tag="IN" text="to">
        <cmp x="1937" y="1634" width="41" height="64" />
      </word>
      <word id="a04-023-04-11" tag="ATI" text="the">
        <cmp x="2020" y="1634" width="63" height="62" />
        <cmp x="2080" y="1665" width="27" height="36" />
      </word>
      <upper-contour>
        <point x="356" y="1547" />
        <point x="2108" y="1547" />
      </upper-contour>
      <lower-contour>
        <point x="345" y="1744" />
        <point x="2007" y="1744" />
      </lower-contour>
    </line>
    <line ass="50" asx="0" asy="1795" character-width="999" dss="50" dsx="0" dsy="1889" fd0="13353" fd1="2704" fd2="-1587" filter-width="4" id="a04-023-05" lbs="39" lbx="0" lby="1873" segmentation="err" slant="73000" stroke-width="5917" threshold="165" text="15-nation Nato council. Some of his listeners said he was" ubs="72" ubx="0" uby="1839">
      <word id="a04-023-05-00" tag="JJB" text="15-nation">
        <cmp x="344" y="1813" width="21" height="62" />
        <cmp x="366" y="1805" width="50" height="76" />
        <cmp x="400" y="1845" width="19" height="7" />
        <cmp x="423" y="1833" width="53" height="47" />
        <cmp x="478" y="1806" width="35" height="73" />
        <cmp x="516" y="1825" width="6" height="22" />
        <cmp x="516" y="1845" width="24" height="37" />
        <cmp x="543" y="1838" width="31" height="42" />
        <cmp x="630" y="1795" width="75" height="81" />
        <cmp x="681" y="1833" width="33" height="40" />
        <cmp x="717" y="1806" width="41" height="70" />
      </word>
      <word id="a04-023-05-01" tag="NP" text="Nato">
        <cmp x="798" y="1831" width="27" height="42" />
        <cmp x="824" y="1833" width="29" height="40" />
      </word>
      <word id="a04-023-05-02" tag="NN" text="council">
        <cmp x="853" y="1838" width="32" height="38" />
        <cmp x="889" y="1837" width="61" height="41" />
        <cmp x="950" y="1845" width="14" height="35" />
        <cmp x="961" y="1819" width="5" height="19" />
        <cmp x="980" y="1812" width="20" height="69" />
      </word>
      <word id="a04-023-05-03" tag="." text=".">
        <cmp x="1023" y="1859" width="6" height="6" />
      </word>
      <word id="a04-023-05-04" sentence-start="yes" tag="DTI" text="Some">
        <cmp x="1076" y="1801" width="58" height="70" />
        <cmp x="1133" y="1832" width="47" height="39" />
        <cmp x="1178" y="1839" width="20" height="35" />
      </word>
      <word id="a04-023-05-05" tag="INO" text="of">
        <cmp x="1224" y="1829" width="30" height="39" />
        <cmp x="1248" y="1795" width="44" height="93" />
      </word>
      <word id="a04-023-05-06" tag="PP$" text="his">
        <cmp x="1308" y="1807" width="31" height="67" />
        <cmp x="1344" y="1839" width="10" height="30" />
        <cmp x="1352" y="1836" width="21" height="43" />
        <cmp x="1357" y="1825" width="4" height="13" />
      </word>
      <word id="a04-023-05-07" tag="NNS" text="listeners">
        <cmp x="1413" y="1796" width="55" height="83" />
        <cmp x="1444" y="1844" width="14" height="33" />
        <cmp x="1460" y="1835" width="24" height="47" />
        <cmp x="1462" y="1824" width="7" height="18" />
        <cmp x="1488" y="1812" width="23" height="66" />
        <cmp x="1503" y="1837" width="28" height="36" />
        <cmp x="1532" y="1837" width="29" height="41" />
        <cmp x="1567" y="1842" width="25" height="34" />
        <cmp x="1592" y="1830" width="27" height="47" />
        <cmp x="1611" y="1833" width="34" height="45" />
      </word>
      <word id="a04-023-05-08" tag="VBD" text="said">
        <cmp x="1688" y="1815" width="76" height="63" />
        <cmp x="1761" y="1815" width="47" height="62" />
      </word>
      <word id="a04-023-05-09" tag="PP3A" text="he">
        <cmp x="1840" y="1805" width="55" height="73" />
      </word>
      <word id="a04-023-05-10" tag="BEDZ" text="was">
        <cmp x="1908" y="1831" width="54" height="48" />
        <cmp x="1951" y="1838" width="55" height="43" />
        <cmp x="2000" y="1849" width="4" height="9" />
      </word>
      <upper-contour>
        <point x="345" y="1744" />
        <point x="2007" y="1744" />
      </upper-contour>
      <lower-contour>
        <point x="342" y="1888" />
        <point x="2007" y="1888" />
      </lower-contour>
    </line>
    <line ass="-231" asx="0" asy="1958" character-width="999" dss="-231" dsx="0" dsy="2090" fd0="13789" fd1="3424" fd2="-1510" filter-width="3" id="a04-023-06" lbs="-246" lbx="0" lby="2040" segmentation="err" slant="72000" stroke-width="5714" threshold="172" text="&amp;quot;rather pessimistic&amp;quot; and talked of a Berlin crisis later this year." ubs="-201" ubx="0" uby="2006">
      <word id="a04-023-06-00" tag="*&apos;" text="&quot;">
        <cmp x="340" y="1975" width="8" height="23" />
        <cmp x="347" y="1978" width="9" height="24" />
      </word>
      <word id="a04-023-06-01" tag="RB" text="rather">
        <cmp x="356" y="2002" width="49" height="46" />
        <cmp x="407" y="1979" width="46" height="75" />
        <cmp x="454" y="2001" width="53" height="45" />
      </word>
      <word id="a04-023-06-02" tag="JJ" text="pessimistic">
        <cmp x="524" y="1993" width="49" height="94" />
        <cmp x="567" y="2010" width="28" height="37" />
        <cmp x="596" y="2006" width="19" height="48" />
        <cmp x="614" y="2006" width="26" height="48" />
        <cmp x="640" y="2012" width="11" height="36" />
        <cmp x="652" y="1996" width="5" height="23" />
        <cmp x="657" y="2011" width="45" height="37" />
        <cmp x="706" y="2020" width="12" height="26" />
        <cmp x="723" y="1993" width="7" height="18" />
        <cmp x="725" y="2006" width="24" height="48" />
        <cmp x="753" y="1982" width="25" height="69" />
        <cmp x="783" y="2013" width="29" height="34" />
        <cmp x="784" y="1994" width="5" height="15" />
        <cmp x="832" y="1972" width="15" height="36" />
      </word>
      <word id="a04-023-06-03" tag="**&apos;" text="&quot;">
        <cmp x="875" y="2022" width="72" height="39" />
      </word>
      <word id="a04-023-06-04" tag="CC" text="and">
        <cmp x="946" y="1998" width="49" height="65" />
      </word>
      <word id="a04-023-06-05" tag="VBD" text="talked">
        <cmp x="1035" y="1986" width="50" height="70" />
        <cmp x="1091" y="1991" width="21" height="64" />
        <cmp x="1110" y="1987" width="37" height="66" />
        <cmp x="1138" y="2018" width="22" height="36" />
        <cmp x="1157" y="1982" width="40" height="67" />
      </word>
      <word id="a04-023-06-06" tag="INO" text="of">
        <cmp x="1226" y="2016" width="31" height="46" />
        <cmp x="1247" y="1985" width="51" height="112" />
      </word>
      <word id="a04-023-06-07" tag="AT" text="a">
        <cmp x="1309" y="2016" width="36" height="42" />
      </word>
      <word id="a04-023-06-08" tag="NP" text="Berlin">
        <cmp x="1396" y="1964" width="83" height="89" />
        <cmp x="1481" y="1977" width="36" height="70" />
        <cmp x="1501" y="2024" width="11" height="24" />
        <cmp x="1519" y="2001" width="5" height="11" />
        <cmp x="1521" y="2012" width="32" height="39" />
      </word>
      <word id="a04-023-06-09" tag="NN" text="crisis">
        <cmp x="1580" y="2018" width="56" height="43" />
        <cmp x="1637" y="2005" width="10" height="21" />
        <cmp x="1643" y="2018" width="19" height="45" />
        <cmp x="1665" y="2028" width="9" height="30" />
        <cmp x="1674" y="2023" width="30" height="36" />
        <cmp x="1682" y="2011" width="5" height="15" />
      </word>
      <word id="a04-023-06-10" tag="RBR" text="later">
        <cmp x="1765" y="1973" width="28" height="73" />
        <cmp x="1778" y="2011" width="36" height="39" />
        <cmp x="1816" y="1981" width="25" height="66" />
        <cmp x="1835" y="2007" width="54" height="37" />
      </word>
      <word id="a04-023-06-11" tag="DT" text="this">
        <cmp x="1925" y="1971" width="53" height="69" />
        <cmp x="1979" y="2016" width="12" height="28" />
        <cmp x="1992" y="1991" width="25" height="51" />
      </word>
      <word id="a04-023-06-12" tag="NN" text="year">
        <cmp x="2065" y="1995" width="31" height="80" />
        <cmp x="2093" y="1995" width="31" height="48" />
        <cmp x="2118" y="1988" width="73" height="58" />
      </word>
      <word id="a04-023-06-13" tag="." text=".">
        <cmp x="2197" y="2042" width="7" height="10" />
      </word>
      <upper-contour>
        <point x="342" y="1888" />
        <point x="2007" y="1888" />
      </upper-contour>
    </line>
  </handwritten-part>
</form>

