<?xml version="1.0" encoding="ISO-8859-1"?>

<!DOCTYPE form SYSTEM 'http://www.iam.unibe.ch/~fki/iamdb/form-metadata.dtd'>

<form created="2002-01-16" height="3542" id="a04-081" last-modified="2002-07-17" skew="-63" status="final" version="3.0_beta" width="2479" writer-id="063">
  <machine-printed-part>
    <machine-print-line text="The General Council of the Trades Union Congress should therefore consider the" />
    <machine-print-line text="matter. Consideration should also be given to the regrouping of unions and the" />
    <machine-print-line text="modification of their structures to meet the growing concentration of capital. Mr." />
    <machine-print-line text="Cooper argued that a common industrial contribution was urgent - particularly in" />
    <machine-print-line text="unions serving workers in the same industry - along with common benefits paid during" />
    <machine-print-line text="strikes and lock-outs." />
  </machine-printed-part>
  <handwritten-part>
    <line ass="-256" asx="0" asy="913" character-width="999" dss="-256" dsx="0" dsy="994" fd0="12930" fd1="3485" fd2="-240" filter-width="3" id="a04-081-00" lbs="-301" lbx="0" lby="984" segmentation="ok" slant="90000" stroke-width="5420" threshold="182" text="The General Council of the Trades Union" ubs="-165" ubx="0" uby="961">
      <word id="a04-081-00-00" sentence-start="yes" tag="ATI" text="The">
        <cmp x="346" y="917" width="94" height="68" />
        <cmp x="444" y="923" width="30" height="60" />
        <cmp x="478" y="953" width="37" height="35" />
      </word>
      <word id="a04-081-00-01" tag="JJ" text="General">
        <cmp x="582" y="917" width="69" height="71" />
        <cmp x="647" y="962" width="42" height="27" />
        <cmp x="689" y="965" width="32" height="28" />
        <cmp x="723" y="960" width="41" height="33" />
        <cmp x="770" y="964" width="30" height="28" />
        <cmp x="795" y="967" width="34" height="27" />
        <cmp x="836" y="922" width="11" height="76" />
      </word>
      <word id="a04-081-00-02" tag="NN" text="Council">
        <cmp x="929" y="928" width="78" height="68" />
        <cmp x="1011" y="970" width="34" height="25" />
        <cmp x="1056" y="972" width="30" height="21" />
        <cmp x="1090" y="965" width="32" height="29" />
        <cmp x="1129" y="971" width="10" height="26" />
        <cmp x="1142" y="951" width="8" height="8" />
        <cmp x="1167" y="920" width="13" height="79" />
      </word>
      <word id="a04-081-00-03" tag="INO" text="of">
        <cmp x="1260" y="963" width="35" height="29" />
        <cmp x="1300" y="919" width="42" height="70" />
      </word>
      <word id="a04-081-00-04" tag="ATI" text="the">
        <cmp x="1396" y="924" width="27" height="67" />
        <cmp x="1433" y="929" width="34" height="60" />
        <cmp x="1476" y="960" width="35" height="31" />
      </word>
      <word id="a04-081-00-05" tag="NNS" text="Trades">
        <cmp x="1552" y="925" width="96" height="71" />
        <cmp x="1634" y="967" width="22" height="26" />
        <cmp x="1657" y="967" width="40" height="27" />
        <cmp x="1697" y="930" width="43" height="66" />
        <cmp x="1741" y="963" width="63" height="39" />
      </word>
      <word id="a04-081-00-06" tag="NN" text="Union">
        <cmp x="1879" y="930" width="57" height="68" />
        <cmp x="1931" y="965" width="13" height="24" />
        <cmp x="1945" y="965" width="17" height="26" />
        <cmp x="1973" y="968" width="7" height="24" />
        <cmp x="1986" y="953" width="5" height="4" />
        <cmp x="1990" y="966" width="34" height="26" />
        <cmp x="2028" y="971" width="40" height="30" />
      </word>
      <lower-contour>
        <point x="344" y="1002" />
        <point x="1977" y="1002" />
      </lower-contour>
    </line>
    <line ass="-415" asx="0" asy="1085" character-width="999" dss="-415" dsx="0" dsy="1203" fd0="13178" fd1="3058" fd2="-1108" filter-width="3" id="a04-081-01" lbs="-441" lbx="0" lby="1160" segmentation="ok" slant="87000" stroke-width="5496" threshold="182" text="Congress should therefore consider the" ubs="-361" ubx="0" uby="1133">
      <word id="a04-081-01-00" tag="NN" text="Congress">
        <cmp x="343" y="1100" width="89" height="63" />
        <cmp x="441" y="1140" width="28" height="21" />
        <cmp x="480" y="1134" width="46" height="73" />
        <cmp x="537" y="1138" width="30" height="27" />
        <cmp x="565" y="1134" width="56" height="33" />
        <cmp x="610" y="1132" width="34" height="40" />
      </word>
      <word id="a04-081-01-01" tag="MD" text="should">
        <cmp x="747" y="1141" width="31" height="36" />
        <cmp x="783" y="1101" width="44" height="66" />
        <cmp x="837" y="1137" width="40" height="28" />
        <cmp x="882" y="1141" width="32" height="24" />
        <cmp x="936" y="1093" width="41" height="79" />
      </word>
      <word id="a04-081-01-02" tag="RB" text="therefore">
        <cmp x="1069" y="1096" width="31" height="73" />
        <cmp x="1109" y="1100" width="22" height="69" />
        <cmp x="1134" y="1141" width="33" height="28" />
        <cmp x="1170" y="1139" width="22" height="23" />
        <cmp x="1199" y="1136" width="36" height="30" />
        <cmp x="1250" y="1100" width="44" height="73" />
        <cmp x="1280" y="1143" width="34" height="29" />
        <cmp x="1316" y="1146" width="23" height="26" />
        <cmp x="1344" y="1142" width="45" height="33" />
      </word>
      <word id="a04-081-01-03" tag="VB" text="consider">
        <cmp x="1474" y="1136" width="51" height="34" />
        <cmp x="1503" y="1145" width="63" height="28" />
        <cmp x="1573" y="1147" width="36" height="26" />
        <cmp x="1617" y="1138" width="27" height="36" />
        <cmp x="1655" y="1144" width="7" height="34" />
        <cmp x="1659" y="1128" width="7" height="6" />
        <cmp x="1674" y="1100" width="44" height="73" />
        <cmp x="1715" y="1141" width="36" height="33" />
        <cmp x="1751" y="1139" width="35" height="32" />
      </word>
      <word id="a04-081-01-04" tag="ATI" text="the">
        <cmp x="1839" y="1104" width="42" height="73" />
        <cmp x="1886" y="1108" width="37" height="67" />
        <cmp x="1929" y="1139" width="47" height="38" />
      </word>
      <upper-contour>
        <point x="344" y="1002" />
        <point x="1977" y="1002" />
      </upper-contour>
      <lower-contour>
        <point x="353" y="1207" />
        <point x="1977" y="1207" />
      </lower-contour>
    </line>
    <line ass="-393" asx="0" asy="1258" character-width="999" dss="-393" dsx="0" dsy="1378" fd0="13330" fd1="3261" fd2="-800" filter-width="3" id="a04-081-02" lbs="-408" lbx="0" lby="1340" segmentation="ok" slant="86000" stroke-width="5553" threshold="182" text="matter. Consideration should also be given" ubs="-365" ubx="0" uby="1311">
      <word id="a04-081-02-00" tag="NN" text="matter">
        <cmp x="355" y="1303" width="67" height="34" />
        <cmp x="422" y="1310" width="40" height="32" />
        <cmp x="475" y="1270" width="53" height="74" />
        <cmp x="530" y="1307" width="40" height="38" />
        <cmp x="564" y="1311" width="33" height="32" />
      </word>
      <word id="a04-081-02-01" tag="." text=".">
        <cmp x="624" y="1336" width="9" height="7" />
      </word>
      <word id="a04-081-02-02" sentence-start="yes" tag="NN" text="Consideration">
        <cmp x="755" y="1272" width="74" height="72" />
        <cmp x="836" y="1321" width="36" height="23" />
        <cmp x="884" y="1316" width="28" height="33" />
        <cmp x="920" y="1321" width="12" height="29" />
        <cmp x="930" y="1311" width="4" height="7" />
        <cmp x="935" y="1285" width="51" height="63" />
        <cmp x="977" y="1323" width="40" height="31" />
        <cmp x="1017" y="1325" width="31" height="27" />
        <cmp x="1052" y="1322" width="35" height="31" />
        <cmp x="1090" y="1270" width="54" height="86" />
        <cmp x="1143" y="1310" width="10" height="9" />
        <cmp x="1152" y="1323" width="29" height="31" />
        <cmp x="1184" y="1329" width="37" height="23" />
      </word>
      <word id="a04-081-02-03" tag="MD" text="should">
        <cmp x="1297" y="1317" width="34" height="37" />
        <cmp x="1341" y="1278" width="32" height="73" />
        <cmp x="1384" y="1322" width="34" height="28" />
        <cmp x="1425" y="1323" width="28" height="27" />
        <cmp x="1462" y="1270" width="16" height="81" />
        <cmp x="1479" y="1271" width="51" height="83" />
      </word>
      <word id="a04-081-02-04" tag="RB" text="also">
        <cmp x="1586" y="1324" width="37" height="30" />
        <cmp x="1633" y="1270" width="9" height="77" />
        <cmp x="1656" y="1317" width="23" height="34" />
        <cmp x="1687" y="1322" width="39" height="30" />
      </word>
      <word id="a04-081-02-05" tag="BE" text="be">
        <cmp x="1813" y="1284" width="55" height="63" />
        <cmp x="1873" y="1315" width="40" height="32" />
      </word>
      <word id="a04-081-02-06" tag="VBN" text="given">
        <cmp x="1952" y="1314" width="36" height="78" />
        <cmp x="2000" y="1327" width="7" height="25" />
        <cmp x="2007" y="1301" width="8" height="11" />
        <cmp x="2023" y="1320" width="30" height="37" />
        <cmp x="2055" y="1319" width="68" height="43" />
      </word>
      <upper-contour>
        <point x="353" y="1207" />
        <point x="1977" y="1207" />
      </upper-contour>
      <lower-contour>
        <point x="353" y="1392" />
        <point x="1970" y="1392" />
      </lower-contour>
    </line>
    <line ass="-407" asx="0" asy="1445" character-width="999" dss="-407" dsx="0" dsy="1569" fd0="13119" fd1="3493" fd2="-645" filter-width="3" id="a04-081-03" lbs="-425" lbx="0" lby="1520" segmentation="ok" slant="90000" stroke-width="5474" threshold="172" text="to the regrouping of unions and the" ubs="-372" ubx="0" uby="1488">
      <word id="a04-081-03-00" tag="IN" text="to">
        <cmp x="339" y="1457" width="78" height="60" />
      </word>
      <word id="a04-081-03-01" tag="ATI" text="the">
        <cmp x="459" y="1455" width="32" height="70" />
        <cmp x="505" y="1468" width="31" height="55" />
        <cmp x="542" y="1496" width="42" height="33" />
      </word>
      <word id="a04-081-03-02" tag="NN" text="regrouping">
        <cmp x="691" y="1486" width="35" height="41" />
        <cmp x="725" y="1490" width="40" height="33" />
        <cmp x="773" y="1490" width="32" height="76" />
        <cmp x="817" y="1497" width="28" height="29" />
        <cmp x="844" y="1500" width="38" height="26" />
        <cmp x="891" y="1501" width="31" height="30" />
        <cmp x="937" y="1504" width="14" height="72" />
        <cmp x="942" y="1493" width="26" height="34" />
        <cmp x="973" y="1497" width="12" height="34" />
        <cmp x="982" y="1481" width="6" height="10" />
        <cmp x="997" y="1500" width="36" height="31" />
        <cmp x="1043" y="1495" width="45" height="74" />
      </word>
      <word id="a04-081-03-03" tag="INO" text="of">
        <cmp x="1162" y="1494" width="40" height="35" />
        <cmp x="1213" y="1455" width="35" height="76" />
      </word>
      <word id="a04-081-03-04" tag="NNS" text="unions">
        <cmp x="1299" y="1492" width="42" height="36" />
        <cmp x="1343" y="1493" width="39" height="36" />
        <cmp x="1403" y="1493" width="7" height="42" />
        <cmp x="1411" y="1486" width="5" height="7" />
        <cmp x="1421" y="1502" width="33" height="27" />
        <cmp x="1458" y="1503" width="33" height="31" />
        <cmp x="1498" y="1493" width="35" height="45" />
      </word>
      <word id="a04-081-03-05" tag="CC" text="and">
        <cmp x="1609" y="1499" width="54" height="28" />
        <cmp x="1665" y="1504" width="42" height="29" />
        <cmp x="1713" y="1466" width="48" height="73" />
      </word>
      <word id="a04-081-03-06" tag="ATI" text="the">
        <cmp x="1834" y="1462" width="34" height="68" />
        <cmp x="1873" y="1467" width="44" height="64" />
        <cmp x="1927" y="1498" width="41" height="34" />
      </word>
      <upper-contour>
        <point x="353" y="1392" />
        <point x="1970" y="1392" />
      </upper-contour>
      <lower-contour>
        <point x="339" y="1576" />
        <point x="1954" y="1576" />
      </lower-contour>
    </line>
    <line ass="-565" asx="0" asy="1611" character-width="999" dss="-565" dsx="0" dsy="1705" fd0="13320" fd1="3295" fd2="-648" filter-width="3" id="a04-081-04" lbs="-588" lbx="0" lby="1694" segmentation="ok" slant="90000" stroke-width="5556" threshold="182" text="modification of their structures to" ubs="-520" ubx="0" uby="1665">
      <word id="a04-081-04-00" tag="NN" text="modification">
        <cmp x="341" y="1663" width="64" height="32" />
        <cmp x="416" y="1669" width="27" height="25" />
        <cmp x="452" y="1630" width="53" height="69" />
        <cmp x="510" y="1671" width="9" height="30" />
        <cmp x="525" y="1657" width="9" height="7" />
        <cmp x="542" y="1633" width="36" height="69" />
        <cmp x="576" y="1683" width="7" height="19" />
        <cmp x="588" y="1673" width="11" height="13" />
        <cmp x="604" y="1677" width="34" height="30" />
        <cmp x="642" y="1680" width="34" height="32" />
        <cmp x="689" y="1628" width="37" height="74" />
        <cmp x="736" y="1678" width="12" height="26" />
        <cmp x="753" y="1661" width="12" height="11" />
        <cmp x="767" y="1675" width="33" height="27" />
        <cmp x="809" y="1676" width="40" height="32" />
      </word>
      <word id="a04-081-04-01" tag="INO" text="of">
        <cmp x="952" y="1679" width="33" height="25" />
        <cmp x="991" y="1634" width="44" height="76" />
      </word>
      <word id="a04-081-04-02" tag="PP$" text="their">
        <cmp x="1107" y="1643" width="33" height="60" />
        <cmp x="1137" y="1638" width="57" height="65" />
        <cmp x="1198" y="1674" width="40" height="31" />
        <cmp x="1244" y="1680" width="11" height="29" />
        <cmp x="1252" y="1656" width="6" height="11" />
        <cmp x="1267" y="1677" width="36" height="33" />
      </word>
      <word id="a04-081-04-03" tag="NNS" text="structures">
        <cmp x="1393" y="1674" width="35" height="42" />
        <cmp x="1432" y="1641" width="34" height="67" />
        <cmp x="1471" y="1677" width="34" height="33" />
        <cmp x="1512" y="1678" width="31" height="32" />
        <cmp x="1543" y="1677" width="33" height="35" />
        <cmp x="1576" y="1631" width="29" height="82" />
        <cmp x="1615" y="1680" width="33" height="30" />
        <cmp x="1655" y="1681" width="34" height="30" />
        <cmp x="1692" y="1669" width="69" height="47" />
      </word>
      <word id="a04-081-04-04" tag="TO" text="to">
        <cmp x="1863" y="1630" width="44" height="77" />
        <cmp x="1910" y="1680" width="43" height="26" />
      </word>
      <upper-contour>
        <point x="339" y="1576" />
        <point x="1954" y="1576" />
      </upper-contour>
      <lower-contour>
        <point x="346" y="1716" />
        <point x="1954" y="1716" />
      </lower-contour>
    </line>
    <line ass="-402" asx="0" asy="1793" character-width="999" dss="-402" dsx="0" dsy="1931" fd0="13280" fd1="3088" fd2="-910" filter-width="3" id="a04-081-05" lbs="-398" lbx="0" lby="1878" segmentation="ok" slant="87999" stroke-width="5507" threshold="172" text="meet the growing concentration of" ubs="-411" ubx="0" uby="1848">
      <word id="a04-081-05-00" tag="VB" text="meet">
        <cmp x="348" y="1849" width="65" height="34" />
        <cmp x="424" y="1849" width="36" height="33" />
        <cmp x="467" y="1848" width="42" height="34" />
        <cmp x="518" y="1802" width="34" height="82" />
      </word>
      <word id="a04-081-05-01" tag="ATI" text="the">
        <cmp x="669" y="1817" width="38" height="63" />
        <cmp x="707" y="1860" width="6" height="4" />
        <cmp x="718" y="1817" width="33" height="65" />
        <cmp x="752" y="1851" width="49" height="40" />
      </word>
      <word id="a04-081-05-02" tag="JJ" text="growing">
        <cmp x="898" y="1852" width="52" height="72" />
        <cmp x="965" y="1856" width="32" height="25" />
        <cmp x="1001" y="1856" width="38" height="30" />
        <cmp x="1054" y="1854" width="56" height="31" />
        <cmp x="1126" y="1859" width="7" height="30" />
        <cmp x="1132" y="1835" width="6" height="14" />
        <cmp x="1145" y="1860" width="34" height="32" />
        <cmp x="1191" y="1863" width="38" height="77" />
      </word>
      <word id="a04-081-05-03" tag="NN" text="concentration">
        <cmp x="1360" y="1852" width="48" height="37" />
        <cmp x="1395" y="1860" width="41" height="27" />
        <cmp x="1444" y="1859" width="39" height="31" />
        <cmp x="1480" y="1857" width="38" height="35" />
        <cmp x="1522" y="1854" width="35" height="34" />
        <cmp x="1562" y="1855" width="42" height="32" />
        <cmp x="1605" y="1805" width="28" height="87" />
        <cmp x="1637" y="1866" width="34" height="23" />
        <cmp x="1669" y="1862" width="37" height="32" />
        <cmp x="1704" y="1814" width="35" height="80" />
        <cmp x="1747" y="1864" width="12" height="27" />
        <cmp x="1757" y="1841" width="17" height="16" />
        <cmp x="1768" y="1862" width="36" height="28" />
        <cmp x="1805" y="1865" width="9" height="24" />
        <cmp x="1814" y="1865" width="24" height="29" />
      </word>
      <word id="a04-081-05-04" tag="INO" text="of">
        <cmp x="1919" y="1856" width="34" height="36" />
        <cmp x="1958" y="1812" width="51" height="82" />
      </word>
      <upper-contour>
        <point x="346" y="1716" />
        <point x="1954" y="1716" />
      </upper-contour>
      <lower-contour>
        <point x="353" y="1940" />
        <point x="1875" y="1940" />
      </lower-contour>
    </line>
    <line ass="-395" asx="0" asy="1983" character-width="999" dss="-395" dsx="0" dsy="2110" fd0="13283" fd1="3229" fd2="-395" filter-width="3" id="a04-081-06" lbs="-409" lbx="0" lby="2060" segmentation="ok" slant="90000" stroke-width="5512" threshold="172" text="capital. Mr. Cooper argued that a" ubs="-367" ubx="0" uby="2030">
      <word id="a04-081-06-00" tag="NN" text="capital">
        <cmp x="355" y="2026" width="73" height="38" />
        <cmp x="436" y="2040" width="9" height="63" />
        <cmp x="437" y="2025" width="42" height="35" />
        <cmp x="486" y="2029" width="6" height="33" />
        <cmp x="490" y="2007" width="11" height="8" />
        <cmp x="512" y="1989" width="21" height="81" />
        <cmp x="538" y="2038" width="37" height="30" />
        <cmp x="589" y="1996" width="13" height="75" />
      </word>
      <word id="a04-081-06-01" tag="." text=".">
        <cmp x="651" y="2054" width="12" height="12" />
      </word>
      <word id="a04-081-06-02" sentence-start="yes" tag="NPT" text="Mr.">
        <cmp x="745" y="1989" width="71" height="80" />
        <cmp x="751" y="2010" width="13" height="53" />
        <cmp x="802" y="2037" width="27" height="27" />
        <cmp x="839" y="2055" width="8" height="6" />
      </word>
      <word id="a04-081-06-03" tag="NP" text="Cooper">
        <cmp x="934" y="2004" width="100" height="67" />
        <cmp x="1043" y="2045" width="39" height="70" />
        <cmp x="1084" y="2040" width="37" height="31" />
        <cmp x="1126" y="2046" width="29" height="24" />
      </word>
      <word id="a04-081-06-04" tag="VBD" text="argued">
        <cmp x="1243" y="2037" width="41" height="34" />
        <cmp x="1291" y="2034" width="28" height="35" />
        <cmp x="1318" y="2036" width="42" height="84" />
        <cmp x="1380" y="2041" width="27" height="33" />
        <cmp x="1413" y="2040" width="38" height="31" />
        <cmp x="1452" y="2008" width="48" height="64" />
      </word>
      <word id="a04-081-06-05" tag="CS" text="that">
        <cmp x="1572" y="2015" width="27" height="52" />
        <cmp x="1610" y="2015" width="43" height="52" />
        <cmp x="1656" y="2041" width="31" height="30" />
        <cmp x="1690" y="2003" width="46" height="69" />
      </word>
      <word id="a04-081-06-06" tag="AT" text="a">
        <cmp x="1819" y="2040" width="55" height="35" />
      </word>
      <upper-contour>
        <point x="353" y="1940" />
        <point x="1875" y="1940" />
      </upper-contour>
      <lower-contour>
        <point x="372" y="2120" />
        <point x="1875" y="2120" />
      </lower-contour>
    </line>
    <line ass="-367" asx="0" asy="2153" character-width="999" dss="-367" dsx="0" dsy="2247" fd0="13897" fd1="3157" fd2="-650" filter-width="3" id="a04-081-07" lbs="-387" lbx="0" lby="2238" segmentation="ok" slant="90000" stroke-width="5417" threshold="172" text="common industrial contribution was" ubs="-326" ubx="0" uby="2211">
      <word id="a04-081-07-00" tag="JJ" text="common">
        <cmp x="374" y="2199" width="40" height="42" />
        <cmp x="411" y="2211" width="44" height="30" />
        <cmp x="462" y="2213" width="57" height="28" />
        <cmp x="535" y="2212" width="61" height="29" />
        <cmp x="602" y="2215" width="31" height="30" />
        <cmp x="638" y="2218" width="35" height="25" />
      </word>
      <word id="a04-081-07-01" tag="JJ" text="industrial">
        <cmp x="757" y="2218" width="7" height="26" />
        <cmp x="762" y="2196" width="8" height="10" />
        <cmp x="785" y="2213" width="37" height="28" />
        <cmp x="838" y="2173" width="49" height="73" />
        <cmp x="887" y="2216" width="34" height="33" />
        <cmp x="927" y="2214" width="23" height="34" />
        <cmp x="957" y="2163" width="28" height="82" />
        <cmp x="992" y="2213" width="29" height="34" />
        <cmp x="1032" y="2215" width="8" height="31" />
        <cmp x="1042" y="2199" width="9" height="29" />
        <cmp x="1052" y="2216" width="40" height="34" />
        <cmp x="1100" y="2178" width="11" height="77" />
      </word>
      <word id="a04-081-07-02" tag="NN" text="contribution">
        <cmp x="1228" y="2215" width="46" height="32" />
        <cmp x="1274" y="2223" width="32" height="24" />
        <cmp x="1322" y="2225" width="37" height="25" />
        <cmp x="1371" y="2169" width="30" height="85" />
        <cmp x="1403" y="2216" width="34" height="26" />
        <cmp x="1444" y="2224" width="9" height="25" />
        <cmp x="1460" y="2200" width="5" height="17" />
        <cmp x="1475" y="2170" width="39" height="79" />
        <cmp x="1516" y="2223" width="28" height="28" />
        <cmp x="1560" y="2163" width="39" height="75" />
        <cmp x="1607" y="2218" width="9" height="28" />
        <cmp x="1615" y="2200" width="9" height="8" />
        <cmp x="1637" y="2219" width="32" height="27" />
        <cmp x="1658" y="2223" width="4" height="7" />
        <cmp x="1673" y="2219" width="35" height="30" />
      </word>
      <word id="a04-081-07-03" tag="BEDZ" text="was">
        <cmp x="1778" y="2214" width="61" height="37" />
        <cmp x="1854" y="2219" width="42" height="32" />
        <cmp x="1903" y="2214" width="24" height="44" />
      </word>
      <upper-contour>
        <point x="372" y="2120" />
        <point x="1875" y="2120" />
      </upper-contour>
      <lower-contour>
        <point x="372" y="2258" />
        <point x="1928" y="2258" />
      </lower-contour>
    </line>
    <line ass="-141" asx="0" asy="2331" character-width="999" dss="-141" dsx="0" dsy="2471" fd0="13456" fd1="3406" fd2="-581" filter-width="3" id="a04-081-08" lbs="-92" lbx="0" lby="2421" segmentation="ok" slant="90000" stroke-width="5636" threshold="172" text="urgent - particularly in unions serving" ubs="-240" ubx="0" uby="2386">
      <word id="a04-081-08-00" tag="JJ" text="urgent">
        <cmp x="373" y="2386" width="12" height="34" />
        <cmp x="395" y="2385" width="12" height="34" />
        <cmp x="421" y="2387" width="33" height="34" />
        <cmp x="463" y="2386" width="101" height="79" />
        <cmp x="565" y="2389" width="30" height="35" />
        <cmp x="600" y="2334" width="37" height="87" />
      </word>
      <word id="a04-081-08-01" tag="*-" text="-">
        <cmp x="693" y="2398" width="40" height="11" />
      </word>
      <word id="a04-081-08-02" tag="RB" text="particularly">
        <cmp x="837" y="2390" width="72" height="71" />
        <cmp x="916" y="2386" width="25" height="35" />
        <cmp x="948" y="2334" width="28" height="84" />
        <cmp x="986" y="2396" width="7" height="23" />
        <cmp x="996" y="2372" width="9" height="7" />
        <cmp x="1019" y="2388" width="24" height="35" />
        <cmp x="1053" y="2394" width="29" height="33" />
        <cmp x="1093" y="2341" width="11" height="79" />
        <cmp x="1104" y="2392" width="32" height="33" />
        <cmp x="1146" y="2392" width="28" height="35" />
        <cmp x="1167" y="2390" width="50" height="84" />
      </word>
      <word id="a04-081-08-03" tag="IN" text="in">
        <cmp x="1287" y="2380" width="9" height="45" />
        <cmp x="1307" y="2397" width="36" height="33" />
      </word>
      <word id="a04-081-08-04" tag="NNS" text="unions">
        <cmp x="1448" y="2389" width="18" height="38" />
        <cmp x="1471" y="2392" width="17" height="35" />
        <cmp x="1492" y="2397" width="40" height="29" />
        <cmp x="1543" y="2401" width="7" height="28" />
        <cmp x="1548" y="2382" width="9" height="7" />
        <cmp x="1562" y="2400" width="30" height="29" />
        <cmp x="1599" y="2391" width="70" height="40" />
      </word>
      <word id="a04-081-08-05" tag="VBG" text="serving">
        <cmp x="1758" y="2391" width="33" height="38" />
        <cmp x="1796" y="2392" width="65" height="38" />
        <cmp x="1868" y="2395" width="35" height="33" />
        <cmp x="1921" y="2399" width="9" height="33" />
        <cmp x="1929" y="2377" width="5" height="25" />
        <cmp x="1942" y="2394" width="35" height="33" />
        <cmp x="1982" y="2397" width="39" height="72" />
      </word>
      <upper-contour>
        <point x="372" y="2258" />
        <point x="1928" y="2258" />
      </upper-contour>
      <lower-contour>
        <point x="375" y="2474" />
        <point x="2022" y="2474" />
      </lower-contour>
    </line>
    <line ass="-375" asx="0" asy="2516" character-width="999" dss="-375" dsx="0" dsy="2646" fd0="13231" fd1="3295" fd2="-484" filter-width="4" id="a04-081-09" lbs="-305" lbx="0" lby="2597" segmentation="ok" slant="90000" stroke-width="5772" threshold="172" text="workers in the same industry - along" ubs="-514" ubx="0" uby="2562">
      <word id="a04-081-09-00" tag="NNS" text="workers">
        <cmp x="377" y="2559" width="53" height="33" />
        <cmp x="445" y="2567" width="36" height="33" />
        <cmp x="488" y="2572" width="22" height="27" />
        <cmp x="516" y="2535" width="52" height="71" />
        <cmp x="581" y="2565" width="63" height="35" />
        <cmp x="632" y="2566" width="34" height="42" />
      </word>
      <word id="a04-081-09-01" tag="IN" text="in">
        <cmp x="781" y="2576" width="10" height="37" />
        <cmp x="782" y="2559" width="8" height="7" />
        <cmp x="805" y="2573" width="39" height="31" />
      </word>
      <word id="a04-081-09-02" tag="ATI" text="the">
        <cmp x="888" y="2529" width="27" height="71" />
        <cmp x="924" y="2536" width="36" height="63" />
        <cmp x="967" y="2569" width="34" height="35" />
      </word>
      <word id="a04-081-09-03" tag="AP" text="same">
        <cmp x="1077" y="2565" width="80" height="41" />
        <cmp x="1161" y="2578" width="55" height="26" />
        <cmp x="1228" y="2570" width="36" height="41" />
      </word>
      <word id="a04-081-09-04" tag="NN" text="industry">
        <cmp x="1413" y="2565" width="9" height="37" />
        <cmp x="1415" y="2544" width="9" height="11" />
        <cmp x="1434" y="2569" width="30" height="37" />
        <cmp x="1480" y="2536" width="48" height="66" />
        <cmp x="1530" y="2573" width="33" height="29" />
        <cmp x="1567" y="2573" width="25" height="40" />
        <cmp x="1600" y="2528" width="28" height="81" />
        <cmp x="1637" y="2584" width="21" height="24" />
        <cmp x="1660" y="2584" width="46" height="71" />
      </word>
      <word id="a04-081-09-05" tag="*-" text="-">
        <cmp x="1740" y="2588" width="42" height="9" />
      </word>
      <word id="a04-081-09-06" tag="IN" text="along">
        <cmp x="1850" y="2572" width="38" height="30" />
        <cmp x="1902" y="2529" width="9" height="75" />
        <cmp x="1917" y="2577" width="32" height="31" />
        <cmp x="1957" y="2582" width="30" height="28" />
        <cmp x="1994" y="2580" width="52" height="80" />
      </word>
      <upper-contour>
        <point x="375" y="2474" />
        <point x="2022" y="2474" />
      </upper-contour>
    </line>
  </handwritten-part>
</form>

