<?xml version="1.0" encoding="ISO-8859-1"?>

<!DOCTYPE form SYSTEM 'http://www.iam.unibe.ch/~fki/iamdb/form-metadata.dtd'>

<form created="2002-01-16" height="3542" id="a04-089" last-modified="2002-07-17" skew="-63" status="final" version="3.0_beta" width="2479" writer-id="063">
  <machine-printed-part>
    <machine-print-line text="Earl Russell, President of the Committee of 100, told Kennedy that he should take" />
    <machine-print-line text="notice of &amp;quot;that very large and growing section which is opposed to the establishment" />
    <machine-print-line text="of a Polaris base, whether at Holy Loch or elsewhere on British territory.&amp;quot; He pointed" />
    <machine-print-line text="out that already there have been protests but that &amp;quot;very much larger protests are to" />
    <machine-print-line text="be expected and are being planned.&amp;quot;" />
  </machine-printed-part>
  <handwritten-part>
    <line ass="-201" asx="0" asy="890" character-width="999" dss="-201" dsx="0" dsy="1015" fd0="12906" fd1="2846" fd2="-1099" filter-width="3" id="a04-089-00" lbs="-239" lbx="0" lby="980" segmentation="ok" slant="89000" stroke-width="5447" threshold="172" text="Earl Russell, President of the Committee" ubs="-124" ubx="0" uby="954">
      <word id="a04-089-00-00" sentence-start="yes" tag="NPT" text="Earl">
        <cmp x="378" y="896" width="90" height="12" />
        <cmp x="382" y="907" width="56" height="74" />
        <cmp x="448" y="960" width="35" height="27" />
        <cmp x="498" y="954" width="30" height="35" />
        <cmp x="551" y="907" width="8" height="83" />
      </word>
      <word id="a04-089-00-01" tag="NP" text="Russell">
        <cmp x="644" y="901" width="61" height="83" />
        <cmp x="664" y="925" width="18" height="58" />
        <cmp x="707" y="946" width="32" height="39" />
        <cmp x="740" y="948" width="33" height="37" />
        <cmp x="773" y="949" width="29" height="42" />
        <cmp x="810" y="950" width="37" height="44" />
        <cmp x="860" y="914" width="12" height="77" />
        <cmp x="883" y="920" width="9" height="70" />
      </word>
      <word id="a04-089-00-02" tag="," text=",">
        <cmp x="901" y="989" width="27" height="30" />
      </word>
      <word id="a04-089-00-03" tag="NPT" text="President">
        <cmp x="1000" y="909" width="63" height="42" />
        <cmp x="1013" y="941" width="17" height="54" />
        <cmp x="1060" y="958" width="22" height="32" />
        <cmp x="1095" y="957" width="37" height="30" />
        <cmp x="1122" y="951" width="28" height="40" />
        <cmp x="1160" y="961" width="9" height="29" />
        <cmp x="1167" y="938" width="9" height="7" />
        <cmp x="1181" y="913" width="49" height="78" />
        <cmp x="1229" y="952" width="49" height="37" />
        <cmp x="1249" y="980" width="3" height="3" />
        <cmp x="1279" y="957" width="17" height="32" />
        <cmp x="1296" y="896" width="42" height="90" />
      </word>
      <word id="a04-089-00-04" tag="INO" text="of">
        <cmp x="1413" y="905" width="76" height="89" />
      </word>
      <word id="a04-089-00-05" tag="ATI" text="the">
        <cmp x="1523" y="921" width="37" height="60" />
        <cmp x="1566" y="929" width="38" height="51" />
        <cmp x="1608" y="951" width="38" height="34" />
      </word>
      <word id="a04-089-00-06" tag="NN" text="Committee">
        <cmp x="1750" y="926" width="81" height="67" />
        <cmp x="1827" y="966" width="46" height="23" />
        <cmp x="1875" y="966" width="47" height="21" />
        <cmp x="1922" y="966" width="7" height="30" />
        <cmp x="1942" y="965" width="7" height="38" />
        <cmp x="1951" y="949" width="8" height="8" />
        <cmp x="1969" y="904" width="49" height="97" />
        <cmp x="2022" y="959" width="35" height="31" />
        <cmp x="2061" y="958" width="38" height="31" />
      </word>
      <lower-contour>
        <point x="376" y="1019" />
        <point x="2015" y="1019" />
      </lower-contour>
    </line>
    <line ass="-193" asx="0" asy="1081" character-width="999" dss="-193" dsx="0" dsy="1208" fd0="12884" fd1="3280" fd2="-462" filter-width="3" id="a04-089-01" lbs="-206" lbx="0" lby="1162" segmentation="ok" slant="90000" stroke-width="5496" threshold="172" text="of 100, told Kennedy that he should" ubs="-167" ubx="0" uby="1129">
      <word id="a04-089-01-00" tag="INO" text="of">
        <cmp x="344" y="1129" width="33" height="32" />
        <cmp x="391" y="1085" width="43" height="80" />
      </word>
      <word id="a04-089-01-01" tag="CD" text="100">
        <cmp x="495" y="1097" width="56" height="65" />
        <cmp x="553" y="1135" width="49" height="31" />
        <cmp x="602" y="1135" width="45" height="31" />
      </word>
      <word id="a04-089-01-02" tag="," text=",">
        <cmp x="656" y="1166" width="26" height="22" />
      </word>
      <word id="a04-089-01-03" tag="VBD" text="told">
        <cmp x="765" y="1101" width="34" height="61" />
        <cmp x="800" y="1137" width="32" height="25" />
        <cmp x="840" y="1091" width="10" height="75" />
        <cmp x="860" y="1088" width="46" height="82" />
      </word>
      <word id="a04-089-01-04" tag="NP" text="Kennedy">
        <cmp x="1016" y="1113" width="51" height="59" />
        <cmp x="1064" y="1134" width="39" height="32" />
        <cmp x="1110" y="1138" width="35" height="28" />
        <cmp x="1154" y="1138" width="31" height="30" />
        <cmp x="1196" y="1135" width="36" height="34" />
        <cmp x="1237" y="1100" width="44" height="67" />
        <cmp x="1273" y="1143" width="53" height="71" />
      </word>
      <word id="a04-089-01-05" tag="CS" text="that">
        <cmp x="1386" y="1100" width="42" height="61" />
        <cmp x="1436" y="1107" width="42" height="54" />
        <cmp x="1479" y="1130" width="39" height="35" />
        <cmp x="1521" y="1099" width="46" height="66" />
      </word>
      <word id="a04-089-01-06" tag="PP3A" text="he">
        <cmp x="1612" y="1110" width="4" height="3" />
        <cmp x="1613" y="1113" width="36" height="56" />
        <cmp x="1662" y="1139" width="40" height="33" />
      </word>
      <word id="a04-089-01-07" tag="MD" text="should">
        <cmp x="1791" y="1133" width="34" height="39" />
        <cmp x="1828" y="1106" width="41" height="59" />
        <cmp x="1870" y="1137" width="39" height="29" />
        <cmp x="1913" y="1139" width="31" height="31" />
        <cmp x="1956" y="1088" width="11" height="80" />
        <cmp x="1975" y="1102" width="39" height="69" />
      </word>
      <upper-contour>
        <point x="376" y="1019" />
        <point x="2015" y="1019" />
      </upper-contour>
      <lower-contour>
        <point x="342" y="1215" />
        <point x="2015" y="1215" />
      </lower-contour>
    </line>
    <line ass="-224" asx="0" asy="1258" character-width="999" dss="-224" dsx="0" dsy="1388" fd0="13253" fd1="3244" fd2="-190" filter-width="3" id="a04-089-02" lbs="-199" lbx="0" lby="1339" segmentation="ok" slant="96000" stroke-width="5497" threshold="172" text="take notice of &amp;quot;that very large and" ubs="-273" ubx="0" uby="1307">
      <word id="a04-089-02-00" tag="VB" text="take">
        <cmp x="341" y="1268" width="50" height="65" />
        <cmp x="394" y="1304" width="34" height="34" />
        <cmp x="437" y="1261" width="40" height="78" />
        <cmp x="488" y="1306" width="42" height="38" />
      </word>
      <word id="a04-089-02-01" tag="NN" text="notice">
        <cmp x="646" y="1313" width="47" height="30" />
        <cmp x="699" y="1317" width="36" height="28" />
        <cmp x="742" y="1271" width="37" height="76" />
        <cmp x="787" y="1317" width="7" height="27" />
        <cmp x="798" y="1301" width="10" height="9" />
        <cmp x="806" y="1314" width="35" height="35" />
        <cmp x="846" y="1319" width="37" height="31" />
      </word>
      <word id="a04-089-02-02" tag="INO" text="of">
        <cmp x="1024" y="1266" width="89" height="85" />
      </word>
      <word id="a04-089-02-03" tag="*&apos;" text="&quot;">
        <cmp x="1146" y="1349" width="17" height="22" />
      </word>
      <word id="a04-089-02-04" tag="DT" text="that">
        <cmp x="1199" y="1277" width="43" height="63" />
        <cmp x="1249" y="1280" width="38" height="63" />
        <cmp x="1292" y="1314" width="32" height="34" />
        <cmp x="1328" y="1275" width="31" height="74" />
      </word>
      <word id="a04-089-02-05" tag="QL" text="very">
        <cmp x="1418" y="1312" width="39" height="32" />
        <cmp x="1455" y="1310" width="37" height="35" />
        <cmp x="1497" y="1314" width="24" height="33" />
        <cmp x="1522" y="1313" width="57" height="82" />
      </word>
      <word id="a04-089-02-06" tag="JJ" text="large">
        <cmp x="1638" y="1273" width="14" height="67" />
        <cmp x="1655" y="1313" width="33" height="29" />
        <cmp x="1699" y="1315" width="23" height="28" />
        <cmp x="1722" y="1315" width="41" height="79" />
        <cmp x="1747" y="1317" width="3" height="3" />
        <cmp x="1777" y="1315" width="36" height="37" />
      </word>
      <word id="a04-089-02-07" tag="CC" text="and">
        <cmp x="1879" y="1312" width="52" height="32" />
        <cmp x="1942" y="1319" width="35" height="25" />
        <cmp x="1981" y="1279" width="51" height="77" />
        <cmp x="2000" y="1315" width="12" height="5" />
      </word>
      <upper-contour>
        <point x="342" y="1215" />
        <point x="2015" y="1215" />
      </upper-contour>
      <lower-contour>
        <point x="347" y="1395" />
        <point x="1936" y="1395" />
      </lower-contour>
    </line>
    <line ass="-200" asx="0" asy="1442" character-width="999" dss="-200" dsx="0" dsy="1568" fd0="13604" fd1="3353" fd2="-843" filter-width="3" id="a04-089-03" lbs="-323" lbx="0" lby="1515" segmentation="ok" slant="96000" stroke-width="5450" threshold="172" text="growing section which is opposed to" ubs="46" ubx="0" uby="1493">
      <word id="a04-089-03-00" tag="JJ" text="growing">
        <cmp x="349" y="1490" width="52" height="78" />
        <cmp x="413" y="1490" width="37" height="36" />
        <cmp x="453" y="1492" width="41" height="29" />
        <cmp x="500" y="1493" width="54" height="28" />
        <cmp x="568" y="1498" width="7" height="25" />
        <cmp x="580" y="1472" width="5" height="12" />
        <cmp x="592" y="1492" width="29" height="34" />
        <cmp x="625" y="1496" width="31" height="33" />
        <cmp x="628" y="1497" width="41" height="68" />
      </word>
      <word id="a04-089-03-01" tag="NN" text="section">
        <cmp x="767" y="1483" width="31" height="43" />
        <cmp x="802" y="1488" width="39" height="37" />
        <cmp x="840" y="1494" width="36" height="34" />
        <cmp x="883" y="1448" width="32" height="82" />
        <cmp x="929" y="1499" width="6" height="31" />
        <cmp x="939" y="1490" width="6" height="8" />
        <cmp x="945" y="1501" width="28" height="29" />
        <cmp x="977" y="1501" width="37" height="26" />
      </word>
      <word id="a04-089-03-02" tag="WDT" text="which">
        <cmp x="1101" y="1486" width="58" height="34" />
        <cmp x="1165" y="1448" width="34" height="75" />
        <cmp x="1205" y="1494" width="9" height="34" />
        <cmp x="1209" y="1477" width="13" height="10" />
        <cmp x="1230" y="1490" width="35" height="33" />
        <cmp x="1271" y="1455" width="38" height="74" />
      </word>
      <word id="a04-089-03-03" tag="BEZ" text="is">
        <cmp x="1379" y="1492" width="9" height="30" />
        <cmp x="1384" y="1473" width="10" height="8" />
        <cmp x="1400" y="1484" width="37" height="40" />
      </word>
      <word id="a04-089-03-04" tag="VBN" text="opposed">
        <cmp x="1521" y="1491" width="86" height="83" />
        <cmp x="1609" y="1492" width="27" height="82" />
        <cmp x="1643" y="1494" width="36" height="32" />
        <cmp x="1677" y="1493" width="25" height="36" />
        <cmp x="1712" y="1496" width="34" height="33" />
        <cmp x="1750" y="1464" width="50" height="62" />
      </word>
      <word id="a04-089-03-05" tag="IN" text="to">
        <cmp x="1855" y="1464" width="42" height="59" />
        <cmp x="1904" y="1500" width="31" height="27" />
      </word>
      <upper-contour>
        <point x="347" y="1395" />
        <point x="1936" y="1395" />
      </upper-contour>
      <lower-contour>
        <point x="347" y="1574" />
        <point x="1903" y="1574" />
      </lower-contour>
    </line>
    <line ass="-228" asx="0" asy="1611" character-width="999" dss="-228" dsx="0" dsy="1723" fd0="13102" fd1="2774" fd2="-980" filter-width="3" id="a04-089-04" lbs="-217" lbx="0" lby="1697" segmentation="ok" slant="98000" stroke-width="5448" threshold="172" text="the establishment of a Polaris base," ubs="-252" ubx="0" uby="1663">
      <word id="a04-089-04-00" tag="ATI" text="the">
        <cmp x="344" y="1624" width="32" height="71" />
        <cmp x="384" y="1634" width="29" height="63" />
        <cmp x="413" y="1670" width="39" height="32" />
      </word>
      <word id="a04-089-04-01" tag="NN" text="establishment">
        <cmp x="536" y="1661" width="68" height="42" />
        <cmp x="613" y="1619" width="44" height="83" />
        <cmp x="658" y="1671" width="42" height="31" />
        <cmp x="696" y="1619" width="42" height="81" />
        <cmp x="741" y="1615" width="16" height="78" />
        <cmp x="777" y="1668" width="7" height="31" />
        <cmp x="783" y="1648" width="9" height="7" />
        <cmp x="797" y="1662" width="29" height="41" />
        <cmp x="828" y="1617" width="46" height="85" />
        <cmp x="887" y="1668" width="39" height="28" />
        <cmp x="925" y="1670" width="21" height="27" />
        <cmp x="950" y="1665" width="35" height="38" />
        <cmp x="988" y="1669" width="39" height="35" />
        <cmp x="1028" y="1620" width="33" height="79" />
      </word>
      <word id="a04-089-04-02" tag="INO" text="of">
        <cmp x="1141" y="1669" width="39" height="32" />
        <cmp x="1187" y="1626" width="42" height="78" />
      </word>
      <word id="a04-089-04-03" tag="AT" text="a">
        <cmp x="1277" y="1676" width="37" height="34" />
      </word>
      <word id="a04-089-04-04" tag="NP" text="Polaris">
        <cmp x="1378" y="1625" width="70" height="42" />
        <cmp x="1389" y="1653" width="26" height="53" />
        <cmp x="1442" y="1675" width="33" height="24" />
        <cmp x="1478" y="1628" width="22" height="73" />
        <cmp x="1506" y="1671" width="21" height="26" />
        <cmp x="1527" y="1672" width="11" height="27" />
        <cmp x="1546" y="1667" width="27" height="33" />
        <cmp x="1584" y="1674" width="7" height="32" />
        <cmp x="1592" y="1657" width="5" height="7" />
        <cmp x="1601" y="1664" width="26" height="43" />
      </word>
      <word id="a04-089-04-05" tag="NN" text="base">
        <cmp x="1708" y="1637" width="49" height="66" />
        <cmp x="1760" y="1670" width="71" height="35" />
        <cmp x="1838" y="1671" width="41" height="36" />
      </word>
      <word id="a04-089-04-06" tag="," text=",">
        <cmp x="1876" y="1706" width="26" height="25" />
      </word>
      <upper-contour>
        <point x="347" y="1574" />
        <point x="1903" y="1574" />
      </upper-contour>
      <lower-contour>
        <point x="345" y="1731" />
        <point x="1903" y="1731" />
      </lower-contour>
    </line>
    <line ass="-358" asx="0" asy="1788" character-width="999" dss="-358" dsx="0" dsy="1914" fd0="13034" fd1="3188" fd2="-614" filter-width="3" id="a04-089-05" lbs="-405" lbx="0" lby="1871" segmentation="ok" slant="90000" stroke-width="5687" threshold="172" text="whether at Holy Loch or elsewhere on" ubs="-264" ubx="0" uby="1839">
      <word id="a04-089-05-00" tag="CS" text="whether">
        <cmp x="347" y="1833" width="44" height="40" />
        <cmp x="392" y="1847" width="10" height="15" />
        <cmp x="427" y="1807" width="70" height="68" />
        <cmp x="502" y="1799" width="29" height="81" />
        <cmp x="531" y="1817" width="36" height="64" />
        <cmp x="570" y="1841" width="36" height="40" />
        <cmp x="604" y="1849" width="39" height="29" />
      </word>
      <word id="a04-089-05-01" tag="IN" text="at">
        <cmp x="735" y="1847" width="43" height="33" />
        <cmp x="784" y="1803" width="41" height="78" />
      </word>
      <word id="a04-089-05-02" tag="NP" text="Holy">
        <cmp x="893" y="1815" width="33" height="63" />
        <cmp x="921" y="1819" width="15" height="61" />
        <cmp x="942" y="1854" width="34" height="32" />
        <cmp x="980" y="1810" width="16" height="72" />
        <cmp x="1002" y="1850" width="34" height="71" />
      </word>
      <word id="a04-089-05-03" tag="NPL" text="Loch">
        <cmp x="1067" y="1813" width="46" height="70" />
        <cmp x="1116" y="1850" width="24" height="25" />
        <cmp x="1143" y="1851" width="35" height="27" />
        <cmp x="1189" y="1803" width="33" height="79" />
      </word>
      <word id="a04-089-05-04" tag="CC" text="or">
        <cmp x="1307" y="1845" width="36" height="37" />
        <cmp x="1353" y="1850" width="30" height="30" />
      </word>
      <word id="a04-089-05-05" tag="RB" text="elsewhere">
        <cmp x="1449" y="1840" width="48" height="41" />
        <cmp x="1505" y="1799" width="15" height="80" />
        <cmp x="1517" y="1843" width="31" height="37" />
        <cmp x="1554" y="1845" width="37" height="35" />
        <cmp x="1603" y="1844" width="56" height="39" />
        <cmp x="1675" y="1807" width="32" height="70" />
        <cmp x="1710" y="1844" width="35" height="35" />
        <cmp x="1749" y="1847" width="26" height="33" />
        <cmp x="1770" y="1849" width="45" height="41" />
      </word>
      <word id="a04-089-05-06" tag="IN" text="on">
        <cmp x="1900" y="1853" width="41" height="30" />
        <cmp x="1951" y="1852" width="35" height="40" />
      </word>
      <upper-contour>
        <point x="345" y="1731" />
        <point x="1903" y="1731" />
      </upper-contour>
      <lower-contour>
        <point x="345" y="1921" />
        <point x="1977" y="1921" />
      </lower-contour>
    </line>
    <line ass="-923" asx="0" asy="1956" character-width="999" dss="-923" dsx="0" dsy="2087" fd0="12915" fd1="3270" fd2="-397" filter-width="3" id="a04-089-06" lbs="-935" lbx="0" lby="2036" segmentation="ok" slant="94000" stroke-width="5558" threshold="172" text="British territory.&amp;quot; He pointed out that" ubs="-900" ubx="0" uby="2008">
      <word id="a04-089-06-00" tag="JNP" text="British">
        <cmp x="337" y="1983" width="72" height="73" />
        <cmp x="343" y="2003" width="11" height="50" />
        <cmp x="418" y="2023" width="26" height="28" />
        <cmp x="451" y="2028" width="9" height="30" />
        <cmp x="459" y="2004" width="9" height="10" />
        <cmp x="477" y="1976" width="28" height="75" />
        <cmp x="517" y="2027" width="8" height="28" />
        <cmp x="527" y="2012" width="16" height="10" />
        <cmp x="537" y="2020" width="31" height="40" />
        <cmp x="576" y="1985" width="33" height="68" />
      </word>
      <word id="a04-089-06-01" tag="NN" text="territory">
        <cmp x="676" y="1989" width="44" height="68" />
        <cmp x="737" y="2002" width="11" height="13" />
        <cmp x="737" y="2025" width="6" height="32" />
        <cmp x="757" y="2026" width="31" height="32" />
        <cmp x="791" y="2028" width="28" height="29" />
        <cmp x="824" y="2031" width="6" height="27" />
        <cmp x="834" y="2006" width="7" height="10" />
        <cmp x="847" y="1976" width="35" height="81" />
        <cmp x="883" y="2032" width="31" height="27" />
        <cmp x="918" y="2033" width="26" height="32" />
        <cmp x="942" y="2034" width="41" height="68" />
      </word>
      <word id="a04-089-06-02" tag="." text=".">
        <cmp x="999" y="2057" width="10" height="9" />
      </word>
      <word id="a04-089-06-03" tag="**&apos;" text="&quot;">
        <cmp x="1064" y="1988" width="13" height="32" />
        <cmp x="1074" y="1994" width="12" height="26" />
      </word>
      <word id="a04-089-06-04" sentence-start="yes" tag="PP3A" text="He">
        <cmp x="1153" y="1997" width="27" height="64" />
        <cmp x="1180" y="2000" width="18" height="65" />
        <cmp x="1193" y="2028" width="41" height="38" />
      </word>
      <word id="a04-089-06-05" tag="VBD" text="pointed">
        <cmp x="1300" y="2028" width="37" height="76" />
        <cmp x="1344" y="2036" width="34" height="26" />
        <cmp x="1390" y="2017" width="10" height="9" />
        <cmp x="1390" y="2041" width="5" height="20" />
        <cmp x="1406" y="2032" width="36" height="30" />
        <cmp x="1450" y="1983" width="38" height="78" />
        <cmp x="1491" y="2028" width="29" height="35" />
        <cmp x="1523" y="1996" width="40" height="67" />
      </word>
      <word id="a04-089-06-06" tag="RP" text="out">
        <cmp x="1629" y="2035" width="45" height="31" />
        <cmp x="1678" y="2036" width="37" height="30" />
        <cmp x="1720" y="1984" width="44" height="82" />
      </word>
      <word id="a04-089-06-07" tag="CS" text="that">
        <cmp x="1817" y="1996" width="42" height="65" />
        <cmp x="1856" y="1996" width="40" height="65" />
        <cmp x="1900" y="2030" width="30" height="33" />
        <cmp x="1932" y="1989" width="44" height="87" />
      </word>
      <upper-contour>
        <point x="345" y="1921" />
        <point x="1977" y="1921" />
      </upper-contour>
      <lower-contour>
        <point x="358" y="2104" />
        <point x="1977" y="2104" />
      </lower-contour>
    </line>
    <line ass="-118" asx="0" asy="2158" character-width="999" dss="-118" dsx="0" dsy="2282" fd0="12767" fd1="2870" fd2="-899" filter-width="3" id="a04-089-07" lbs="-121" lbx="0" lby="2237" segmentation="ok" slant="90000" stroke-width="5633" threshold="172" text="already there have been protests but" ubs="-113" ubx="0" uby="2202">
      <word id="a04-089-07-00" tag="RB" text="already">
        <cmp x="360" y="2200" width="44" height="36" />
        <cmp x="411" y="2160" width="12" height="73" />
        <cmp x="439" y="2204" width="29" height="35" />
        <cmp x="477" y="2203" width="44" height="34" />
        <cmp x="515" y="2170" width="86" height="79" />
        <cmp x="612" y="2210" width="35" height="74" />
      </word>
      <word id="a04-089-07-01" tag="EX" text="there">
        <cmp x="752" y="2169" width="36" height="72" />
        <cmp x="798" y="2173" width="37" height="70" />
        <cmp x="844" y="2206" width="36" height="35" />
        <cmp x="885" y="2205" width="24" height="29" />
        <cmp x="912" y="2200" width="39" height="37" />
      </word>
      <word id="a04-089-07-02" tag="HV" text="have">
        <cmp x="1085" y="2162" width="37" height="68" />
        <cmp x="1132" y="2204" width="39" height="32" />
        <cmp x="1176" y="2211" width="34" height="28" />
        <cmp x="1212" y="2205" width="39" height="39" />
      </word>
      <word id="a04-089-07-03" tag="BEN" text="been">
        <cmp x="1360" y="2166" width="123" height="79" />
        <cmp x="1496" y="2207" width="35" height="37" />
      </word>
      <word id="a04-089-07-04" tag="NNS" text="protests">
        <cmp x="1634" y="2205" width="70" height="78" />
        <cmp x="1705" y="2208" width="29" height="32" />
        <cmp x="1736" y="2163" width="72" height="81" />
        <cmp x="1810" y="2201" width="26" height="35" />
        <cmp x="1835" y="2168" width="35" height="69" />
        <cmp x="1862" y="2201" width="37" height="39" />
      </word>
      <word id="a04-089-07-05" tag="CC" text="but">
        <cmp x="1963" y="2178" width="37" height="65" />
        <cmp x="2002" y="2212" width="34" height="32" />
        <cmp x="2040" y="2172" width="32" height="73" />
      </word>
      <upper-contour>
        <point x="358" y="2104" />
        <point x="1977" y="2104" />
      </upper-contour>
      <lower-contour>
        <point x="358" y="2284" />
        <point x="1992" y="2284" />
      </lower-contour>
    </line>
    <line ass="-126" asx="0" asy="2330" character-width="999" dss="-126" dsx="0" dsy="2466" fd0="13465" fd1="2891" fd2="-653" filter-width="3" id="a04-089-08" lbs="-84" lbx="0" lby="2414" segmentation="ok" slant="87999" stroke-width="5604" threshold="172" text="that &amp;quot;very much larger protests are to" ubs="-209" ubx="0" uby="2380">
      <word id="a04-089-08-00" tag="CS" text="that">
        <cmp x="350" y="2339" width="39" height="70" />
        <cmp x="389" y="2350" width="33" height="65" />
        <cmp x="422" y="2386" width="32" height="28" />
        <cmp x="458" y="2340" width="30" height="74" />
      </word>
      <word id="a04-089-08-01" tag="*&apos;" text="&quot;">
        <cmp x="552" y="2415" width="26" height="31" />
      </word>
      <word id="a04-089-08-02" tag="QL" text="very">
        <cmp x="629" y="2376" width="38" height="41" />
        <cmp x="657" y="2373" width="40" height="42" />
        <cmp x="694" y="2377" width="29" height="32" />
        <cmp x="715" y="2379" width="45" height="69" />
      </word>
      <word id="a04-089-08-03" tag="RB" text="much">
        <cmp x="818" y="2383" width="67" height="33" />
        <cmp x="888" y="2388" width="35" height="26" />
        <cmp x="927" y="2385" width="30" height="35" />
        <cmp x="962" y="2344" width="39" height="82" />
      </word>
      <word id="a04-089-08-04" tag="JJR" text="larger">
        <cmp x="1068" y="2351" width="30" height="66" />
        <cmp x="1094" y="2390" width="37" height="29" />
        <cmp x="1143" y="2390" width="31" height="26" />
        <cmp x="1167" y="2389" width="90" height="72" />
        <cmp x="1194" y="2385" width="12" height="8" />
        <cmp x="1254" y="2393" width="35" height="30" />
      </word>
      <word id="a04-089-08-05" tag="NNS" text="protests">
        <cmp x="1372" y="2393" width="38" height="77" />
        <cmp x="1409" y="2386" width="43" height="38" />
        <cmp x="1451" y="2335" width="65" height="84" />
        <cmp x="1520" y="2385" width="35" height="38" />
        <cmp x="1549" y="2385" width="29" height="35" />
        <cmp x="1580" y="2335" width="27" height="78" />
        <cmp x="1594" y="2377" width="39" height="42" />
      </word>
      <word id="a04-089-08-06" tag="BER" text="are">
        <cmp x="1741" y="2388" width="45" height="30" />
        <cmp x="1782" y="2396" width="3" height="3" />
        <cmp x="1796" y="2388" width="30" height="31" />
        <cmp x="1828" y="2385" width="37" height="35" />
      </word>
      <word id="a04-089-08-07" tag="TO" text="to">
        <cmp x="1922" y="2349" width="69" height="65" />
      </word>
      <upper-contour>
        <point x="358" y="2284" />
        <point x="1992" y="2284" />
      </upper-contour>
      <lower-contour>
        <point x="348" y="2470" />
        <point x="1844" y="2470" />
      </lower-contour>
    </line>
    <line ass="-176" asx="0" asy="2513" character-width="999" dss="-176" dsx="0" dsy="2648" fd0="13175" fd1="2933" fd2="-789" filter-width="3" id="a04-089-09" lbs="-34" lbx="0" lby="2596" segmentation="ok" slant="80000" stroke-width="5508" threshold="172" text="be expected and are being planned.&amp;quot;" ubs="-458" ubx="0" uby="2557">
      <word id="a04-089-09-00" tag="BE" text="be">
        <cmp x="342" y="2522" width="37" height="67" />
        <cmp x="381" y="2557" width="34" height="33" />
      </word>
      <word id="a04-089-09-01" tag="VBN" text="expected">
        <cmp x="471" y="2558" width="47" height="37" />
        <cmp x="510" y="2562" width="39" height="38" />
        <cmp x="562" y="2563" width="33" height="87" />
        <cmp x="599" y="2561" width="61" height="38" />
        <cmp x="665" y="2518" width="30" height="80" />
        <cmp x="702" y="2567" width="33" height="33" />
        <cmp x="736" y="2523" width="50" height="77" />
      </word>
      <word id="a04-089-09-02" tag="CC" text="and">
        <cmp x="850" y="2564" width="45" height="33" />
        <cmp x="898" y="2571" width="27" height="27" />
        <cmp x="939" y="2519" width="55" height="77" />
      </word>
      <word id="a04-089-09-03" tag="BER" text="are">
        <cmp x="1062" y="2562" width="40" height="33" />
        <cmp x="1110" y="2564" width="28" height="30" />
        <cmp x="1136" y="2562" width="38" height="35" />
      </word>
      <word id="a04-089-09-04" tag="BEG" text="being">
        <cmp x="1224" y="2529" width="70" height="73" />
        <cmp x="1296" y="2571" width="15" height="32" />
        <cmp x="1314" y="2544" width="8" height="12" />
        <cmp x="1317" y="2572" width="35" height="32" />
        <cmp x="1350" y="2574" width="49" height="70" />
      </word>
      <word id="a04-089-09-05" tag="VBN" text="planned">
        <cmp x="1473" y="2568" width="36" height="78" />
        <cmp x="1524" y="2518" width="16" height="80" />
        <cmp x="1537" y="2564" width="25" height="30" />
        <cmp x="1563" y="2565" width="6" height="30" />
        <cmp x="1578" y="2567" width="30" height="34" />
        <cmp x="1611" y="2569" width="40" height="30" />
        <cmp x="1656" y="2564" width="42" height="40" />
        <cmp x="1693" y="2531" width="56" height="73" />
      </word>
      <word id="a04-089-09-06" tag="." text=".">
        <cmp x="1764" y="2589" width="11" height="13" />
      </word>
      <word id="a04-089-09-07" tag="**&apos;" text="&quot;">
        <cmp x="1819" y="2537" width="11" height="26" />
        <cmp x="1831" y="2538" width="12" height="26" />
      </word>
      <upper-contour>
        <point x="348" y="2470" />
        <point x="1844" y="2470" />
      </upper-contour>
    </line>
  </handwritten-part>
</form>

