<?xml version="1.0" encoding="ISO-8859-1"?>

<!DOCTYPE form SYSTEM 'http://www.iam.unibe.ch/~fki/iamdb/form-metadata.dtd'>

<form created="2002-03-16" height="3542" id="a05-013" last-modified="2002-07-17" skew="254" status="final" version="3.0_beta" width="2479" writer-id="000">
  <machine-printed-part>
    <machine-print-line text="The scheme will be subject to Cabinet approval. Mr. Watkinson remains convinced" />
    <machine-print-line text="that the policy initiated in 1957, in Mr. Sandys&apos;s time as Minister of Defence, is still" />
    <machine-print-line text="correct. This was to return to the tradition of all-Regular voluntary forces, with the" />
    <machine-print-line text="last National Serviceman out of uniform by the end of 1962." />
  </machine-printed-part>
  <handwritten-part>
    <line ass="-452" asx="0" asy="750" character-width="999" dss="-452" dsx="0" dsy="818" fd0="13611" fd1="3165" fd2="86" filter-width="4" id="a05-013-00" lbs="-445" lbx="0" lby="798" segmentation="err" slant="114000" stroke-width="6497" threshold="176" text="The scheme will be subject to Cabinet" ubs="-467" ubx="0" uby="775">
      <word id="a05-013-00-00" sentence-start="yes" tag="ATI" text="The">
        <cmp x="363" y="757" width="158" height="55" />
      </word>
      <word id="a05-013-00-01" tag="NN" text="scheme">
        <cmp x="588" y="782" width="40" height="26" />
        <cmp x="635" y="777" width="257" height="29" />
      </word>
      <word id="a05-013-00-02" tag="MD" text="will">
        <cmp x="988" y="782" width="46" height="24" />
        <cmp x="1046" y="759" width="18" height="16" />
        <cmp x="1046" y="784" width="29" height="19" />
      </word>
      <word id="a05-013-00-03" tag="BE" text="be">
        <cmp x="1079" y="767" width="54" height="38" />
      </word>
      <word id="a05-013-00-04" tag="JJ" text="subject">
        <cmp x="1200" y="785" width="22" height="22" />
        <cmp x="1229" y="760" width="82" height="51" />
        <cmp x="1318" y="786" width="55" height="44" />
        <cmp x="1326" y="763" width="22" height="18" />
        <cmp x="1379" y="770" width="64" height="43" />
      </word>
      <word id="a05-013-00-05" tag="IN" text="to">
        <cmp x="1522" y="773" width="25" height="38" />
        <cmp x="1551" y="791" width="37" height="24" />
      </word>
      <word id="a05-013-00-06" tag="NN" text="Cabinet">
        <cmp x="1676" y="769" width="35" height="48" />
        <cmp x="1720" y="765" width="89" height="50" />
        <cmp x="1820" y="769" width="10" height="14" />
        <cmp x="1822" y="795" width="16" height="17" />
        <cmp x="1846" y="768" width="117" height="46" />
      </word>
      <lower-contour>
        <point x="364" y="830" />
        <point x="1964" y="830" />
      </lower-contour>
    </line>
    <line ass="146" asx="0" asy="940" character-width="999" dss="146" dsx="0" dsy="1005" fd0="13991" fd1="3750" fd2="668" filter-width="4" id="a05-013-01" lbs="186" lbx="0" lby="995" segmentation="ok" slant="112000" stroke-width="6462" threshold="176" text="approval. Mr. Watkinson remains con-" ubs="65" ubx="0" uby="975">
      <word id="a05-013-01-00" tag="NN" text="approval">
        <cmp x="366" y="968" width="42" height="32" />
        <cmp x="411" y="967" width="46" height="35" />
        <cmp x="471" y="968" width="36" height="30" />
        <cmp x="519" y="965" width="26" height="19" />
        <cmp x="549" y="963" width="38" height="31" />
        <cmp x="595" y="961" width="34" height="35" />
        <cmp x="638" y="965" width="65" height="24" />
        <cmp x="691" y="951" width="28" height="35" />
      </word>
      <word id="a05-013-01-01" tag="." text=".">
        <cmp x="742" y="993" width="12" height="7" />
      </word>
      <word id="a05-013-01-02" sentence-start="yes" tag="NPT" text="Mr.">
        <cmp x="882" y="951" width="111" height="51" />
        <cmp x="1012" y="988" width="8" height="7" />
      </word>
      <word id="a05-013-01-03" tag="NP" text="Watkinson">
        <cmp x="1091" y="953" width="54" height="43" />
        <cmp x="1150" y="967" width="51" height="25" />
        <cmp x="1199" y="951" width="31" height="37" />
        <cmp x="1239" y="956" width="100" height="30" />
        <cmp x="1288" y="938" width="7" height="7" />
        <cmp x="1350" y="967" width="19" height="19" />
        <cmp x="1379" y="970" width="93" height="20" />
      </word>
      <word id="a05-013-01-04" tag="VBZ" text="remains">
        <cmp x="1532" y="970" width="65" height="24" />
        <cmp x="1603" y="973" width="69" height="23" />
        <cmp x="1677" y="971" width="125" height="23" />
        <cmp x="1733" y="948" width="15" height="10" />
        <cmp x="1820" y="977" width="21" height="16" />
      </word>
      <word id="a05-013-01-05" tag="VBN-" text="con-">
        <cmp x="1914" y="963" width="32" height="33" />
        <cmp x="1950" y="969" width="73" height="20" />
        <cmp x="2046" y="977" width="33" height="8" />
      </word>
      <upper-contour>
        <point x="364" y="830" />
        <point x="1964" y="830" />
      </upper-contour>
      <lower-contour>
        <point x="364" y="1001" />
        <point x="2038" y="1001" />
      </lower-contour>
    </line>
    <line ass="-198" asx="0" asy="1112" character-width="999" dss="-198" dsx="0" dsy="1189" fd0="14160" fd1="3686" fd2="689" filter-width="4" id="a05-013-02" lbs="-230" lbx="0" lby="1165" segmentation="ok" slant="116000" stroke-width="6528" threshold="175" text="vinced that the policy initiated in" ubs="-133" ubx="0" uby="1145">
      <word id="a05-013-02-00" tag="-VBN" text="vinced">
        <cmp x="358" y="1147" width="26" height="28" />
        <cmp x="383" y="1129" width="13" height="13" />
        <cmp x="391" y="1156" width="21" height="17" />
        <cmp x="418" y="1153" width="52" height="19" />
        <cmp x="477" y="1149" width="81" height="28" />
        <cmp x="556" y="1142" width="65" height="31" />
      </word>
      <word id="a05-013-02-01" tag="CS" text="that">
        <cmp x="706" y="1135" width="43" height="33" />
        <cmp x="746" y="1136" width="52" height="30" />
        <cmp x="798" y="1131" width="103" height="36" />
      </word>
      <word id="a05-013-02-02" tag="ATI" text="the">
        <cmp x="997" y="1140" width="33" height="29" />
        <cmp x="1030" y="1134" width="111" height="34" />
      </word>
      <word id="a05-013-02-03" tag="NN" text="policy">
        <cmp x="1238" y="1152" width="38" height="37" />
        <cmp x="1280" y="1146" width="35" height="27" />
        <cmp x="1325" y="1130" width="51" height="30" />
        <cmp x="1357" y="1121" width="11" height="13" />
        <cmp x="1391" y="1140" width="117" height="56" />
      </word>
      <word id="a05-013-02-04" tag="VBN" text="initiated">
        <cmp x="1553" y="1119" width="11" height="10" />
        <cmp x="1557" y="1154" width="93" height="20" />
        <cmp x="1637" y="1129" width="9" height="13" />
        <cmp x="1673" y="1133" width="42" height="43" />
        <cmp x="1701" y="1129" width="10" height="14" />
        <cmp x="1727" y="1140" width="108" height="37" />
        <cmp x="1833" y="1141" width="59" height="36" />
      </word>
      <word id="a05-013-02-05" tag="IN" text="in">
        <cmp x="1957" y="1119" width="13" height="10" />
        <cmp x="1963" y="1152" width="74" height="15" />
      </word>
      <upper-contour>
        <point x="364" y="1001" />
        <point x="2038" y="1001" />
      </upper-contour>
      <lower-contour>
        <point x="362" y="1197" />
        <point x="2038" y="1197" />
      </lower-contour>
    </line>
    <line ass="-82" asx="0" asy="1293" character-width="999" dss="-82" dsx="0" dsy="1381" fd0="13794" fd1="3485" fd2="1068" filter-width="4" id="a05-013-03" lbs="-104" lbx="0" lby="1346" segmentation="err" slant="108999" stroke-width="6719" threshold="176" text="1957, in Mr. Sandys&apos;s time as Minister" ubs="-37" ubx="0" uby="1327">
      <word id="a05-013-03-00" tag="CD" text="1957">
        <cmp x="364" y="1308" width="39" height="38" />
        <cmp x="412" y="1308" width="76" height="47" />
        <cmp x="461" y="1312" width="36" height="9" />
        <cmp x="502" y="1311" width="42" height="38" />
      </word>
      <word id="a05-013-03-01" tag="," text=",">
        <cmp x="571" y="1347" width="22" height="34" />
      </word>
      <word id="a05-013-03-02" tag="IN" text="in">
        <cmp x="674" y="1303" width="16" height="9" />
        <cmp x="674" y="1331" width="73" height="16" />
      </word>
      <word id="a05-013-03-03" tag="NPT" text="Mr.">
        <cmp x="839" y="1307" width="113" height="49" />
        <cmp x="966" y="1348" width="8" height="7" />
      </word>
      <word id="a05-013-03-04" tag="NP$" text="Sandys&apos;s">
        <cmp x="1068" y="1301" width="41" height="49" />
        <cmp x="1116" y="1326" width="78" height="19" />
        <cmp x="1198" y="1314" width="93" height="58" />
        <cmp x="1287" y="1328" width="22" height="20" />
        <cmp x="1344" y="1296" width="10" height="23" />
        <cmp x="1367" y="1337" width="32" height="22" />
        <cmp x="1486" y="1311" width="44" height="40" />
      </word>
      <word id="a05-013-03-05" tag="NN" text="time">
        <cmp x="1524" y="1308" width="13" height="16" />
        <cmp x="1549" y="1331" width="101" height="29" />
      </word>
      <word id="a05-013-03-06" tag="IN" text="as">
        <cmp x="1745" y="1334" width="72" height="23" />
      </word>
      <word id="a05-013-03-07" tag="NPT" text="Minister">
        <cmp x="1926" y="1307" width="151" height="44" />
        <cmp x="1988" y="1299" width="15" height="11" />
        <cmp x="2065" y="1306" width="8" height="10" />
        <cmp x="2090" y="1312" width="105" height="41" />
      </word>
      <upper-contour>
        <point x="362" y="1197" />
        <point x="2038" y="1197" />
      </upper-contour>
      <lower-contour>
        <point x="362" y="1380" />
        <point x="2168" y="1380" />
      </lower-contour>
    </line>
    <line ass="217" asx="0" asy="1475" character-width="999" dss="217" dsx="0" dsy="1554" fd0="13797" fd1="3222" fd2="626" filter-width="4" id="a05-013-04" lbs="175" lbx="0" lby="1532" segmentation="err" slant="114999" stroke-width="6739" threshold="175" text="of Defence, is still correct. This was to" ubs="301" ubx="0" uby="1510">
      <word id="a05-013-04-00" tag="INO" text="of">
        <cmp x="360" y="1513" width="37" height="30" />
        <cmp x="399" y="1475" width="36" height="70" />
      </word>
      <word id="a05-013-04-01" tag="NN" text="Defence">
        <cmp x="468" y="1478" width="77" height="51" />
        <cmp x="550" y="1473" width="177" height="59" />
        <cmp x="741" y="1501" width="81" height="28" />
        <cmp x="824" y="1518" width="21" height="33" />
      </word>
      <word id="a05-013-04-02" tag="," text=",">
        <cmp x="940" y="1482" width="10" height="11" />
        <cmp x="942" y="1511" width="44" height="17" />
      </word>
      <word id="a05-013-04-03" tag="BEZ" text="is">
        <cmp x="1041" y="1515" width="22" height="19" />
      </word>
      <word id="a05-013-04-04" tag="RB" text="still">
        <cmp x="1077" y="1488" width="31" height="37" />
        <cmp x="1095" y="1488" width="8" height="8" />
        <cmp x="1123" y="1491" width="41" height="36" />
      </word>
      <word id="a05-013-04-05" tag="JJ" text="correct">
        <cmp x="1228" y="1498" width="26" height="27" />
        <cmp x="1259" y="1502" width="75" height="24" />
        <cmp x="1338" y="1497" width="86" height="32" />
        <cmp x="1430" y="1485" width="66" height="41" />
      </word>
      <word id="a05-013-04-06" tag="." text=".">
        <cmp x="1529" y="1524" width="8" height="7" />
      </word>
      <word id="a05-013-04-07" sentence-start="yes" tag="DT" text="This">
        <cmp x="1621" y="1470" width="125" height="53" />
        <cmp x="1642" y="1486" width="11" height="36" />
        <cmp x="1732" y="1470" width="11" height="13" />
        <cmp x="1760" y="1503" width="35" height="24" />
      </word>
      <word id="a05-013-04-08" tag="BEDZ" text="was">
        <cmp x="1886" y="1505" width="44" height="30" />
        <cmp x="1942" y="1504" width="84" height="30" />
      </word>
      <word id="a05-013-04-09" tag="TO" text="to">
        <cmp x="2104" y="1485" width="22" height="41" />
        <cmp x="2129" y="1503" width="38" height="30" />
      </word>
      <upper-contour>
        <point x="362" y="1380" />
        <point x="2168" y="1380" />
      </upper-contour>
      <lower-contour>
        <point x="365" y="1550" />
        <point x="2168" y="1550" />
      </lower-contour>
    </line>
    <line ass="138" asx="0" asy="1651" character-width="999" dss="138" dsx="0" dsy="1725" fd0="13713" fd1="3366" fd2="737" filter-width="4" id="a05-013-05" lbs="165" lbx="0" lby="1708" segmentation="ok" slant="108000" stroke-width="6779" threshold="173" text="return to the tradition of all-Regular" ubs="85" ubx="0" uby="1685">
      <word id="a05-013-05-00" tag="VB" text="return">
        <cmp x="367" y="1688" width="97" height="26" />
        <cmp x="455" y="1666" width="153" height="40" />
        <cmp x="614" y="1688" width="36" height="19" />
      </word>
      <word id="a05-013-05-01" tag="IN" text="to">
        <cmp x="720" y="1673" width="36" height="30" />
        <cmp x="758" y="1685" width="38" height="24" />
      </word>
      <word id="a05-013-05-02" tag="ATI" text="the">
        <cmp x="863" y="1668" width="164" height="44" />
      </word>
      <word id="a05-013-05-03" tag="NN" text="tradition">
        <cmp x="1103" y="1665" width="48" height="42" />
        <cmp x="1164" y="1683" width="37" height="26" />
        <cmp x="1215" y="1671" width="78" height="33" />
        <cmp x="1282" y="1658" width="12" height="18" />
        <cmp x="1314" y="1670" width="37" height="39" />
        <cmp x="1335" y="1663" width="15" height="23" />
        <cmp x="1367" y="1689" width="78" height="23" />
      </word>
      <word id="a05-013-05-04" tag="INO" text="of">
        <cmp x="1512" y="1675" width="38" height="30" />
        <cmp x="1558" y="1649" width="36" height="58" />
      </word>
      <word id="a05-013-05-05" tag="JJB" text="all-Regular">
        <cmp x="1680" y="1667" width="81" height="32" />
        <cmp x="1785" y="1687" width="35" height="9" />
        <cmp x="1852" y="1653" width="98" height="55" />
        <cmp x="1952" y="1680" width="43" height="41" />
        <cmp x="1997" y="1682" width="42" height="23" />
        <cmp x="2045" y="1668" width="21" height="33" />
        <cmp x="2072" y="1676" width="98" height="26" />
      </word>
      <upper-contour>
        <point x="365" y="1550" />
        <point x="2168" y="1550" />
      </upper-contour>
      <lower-contour>
        <point x="368" y="1724" />
        <point x="2171" y="1724" />
      </lower-contour>
    </line>
    <line ass="177" asx="0" asy="1835" character-width="999" dss="177" dsx="0" dsy="1908" fd0="14211" fd1="3591" fd2="563" filter-width="4" id="a05-013-06" lbs="171" lbx="0" lby="1886" segmentation="ok" slant="108999" stroke-width="6831" threshold="172" text="voluntary forces, with the last National" ubs="190" ubx="0" uby="1864">
      <word id="a05-013-06-00" tag="JJ" text="voluntary">
        <cmp x="370" y="1864" width="29" height="29" />
        <cmp x="408" y="1859" width="30" height="29" />
        <cmp x="443" y="1848" width="112" height="36" />
        <cmp x="558" y="1839" width="32" height="36" />
        <cmp x="599" y="1857" width="70" height="26" />
        <cmp x="680" y="1865" width="50" height="38" />
      </word>
      <word id="a05-013-06-01" tag="NNS" text="forces">
        <cmp x="808" y="1840" width="29" height="54" />
        <cmp x="848" y="1859" width="55" height="24" />
        <cmp x="916" y="1857" width="125" height="29" />
      </word>
      <word id="a05-013-06-02" tag="," text=",">
        <cmp x="1067" y="1881" width="13" height="24" />
      </word>
      <word id="a05-013-06-03" tag="IN" text="with">
        <cmp x="1182" y="1861" width="56" height="28" />
        <cmp x="1243" y="1833" width="18" height="13" />
        <cmp x="1249" y="1861" width="19" height="18" />
        <cmp x="1278" y="1839" width="39" height="36" />
        <cmp x="1316" y="1845" width="43" height="36" />
      </word>
      <word id="a05-013-06-04" tag="ATI" text="the">
        <cmp x="1425" y="1856" width="47" height="25" />
        <cmp x="1474" y="1845" width="37" height="40" />
      </word>
      <word id="a05-013-06-05" tag="AP" text="last">
        <cmp x="1628" y="1846" width="19" height="32" />
        <cmp x="1656" y="1863" width="87" height="28" />
        <cmp x="1758" y="1845" width="29" height="43" />
      </word>
      <word id="a05-013-06-06" tag="JJ" text="National">
        <cmp x="1920" y="1841" width="49" height="47" />
        <cmp x="1980" y="1848" width="100" height="33" />
        <cmp x="2065" y="1839" width="19" height="28" />
        <cmp x="2101" y="1855" width="68" height="24" />
        <cmp x="2173" y="1845" width="62" height="35" />
      </word>
      <upper-contour>
        <point x="368" y="1724" />
        <point x="2171" y="1724" />
      </upper-contour>
      <lower-contour>
        <point x="384" y="1905" />
        <point x="2236" y="1905" />
      </lower-contour>
    </line>
    <line ass="104" asx="0" asy="2011" character-width="999" dss="104" dsx="0" dsy="2090" fd0="13682" fd1="3173" fd2="758" filter-width="4" id="a05-013-07" lbs="73" lbx="0" lby="2066" segmentation="ok" slant="108999" stroke-width="6543" threshold="176" text="Serviceman out of uniform by the end" ubs="166" ubx="0" uby="2047">
      <word id="a05-013-07-00" tag="NN" text="Serviceman">
        <cmp x="386" y="2029" width="40" height="39" />
        <cmp x="428" y="2040" width="63" height="29" />
        <cmp x="503" y="2039" width="38" height="26" />
        <cmp x="555" y="2020" width="14" height="15" />
        <cmp x="557" y="2044" width="17" height="22" />
        <cmp x="592" y="2039" width="95" height="29" />
        <cmp x="691" y="2053" width="73" height="19" />
        <cmp x="774" y="2044" width="113" height="18" />
      </word>
      <word id="a05-013-07-01" tag="RP" text="out">
        <cmp x="1005" y="2015" width="130" height="50" />
      </word>
      <word id="a05-013-07-02" tag="INO" text="of">
        <cmp x="1195" y="2029" width="36" height="34" />
        <cmp x="1232" y="2010" width="42" height="56" />
      </word>
      <word id="a05-013-07-03" tag="NN" text="uniform">
        <cmp x="1359" y="2042" width="132" height="24" />
        <cmp x="1457" y="2018" width="15" height="11" />
        <cmp x="1508" y="2018" width="28" height="55" />
        <cmp x="1550" y="2040" width="80" height="25" />
        <cmp x="1636" y="2048" width="44" height="19" />
      </word>
      <word id="a05-013-07-04" tag="IN" text="by">
        <cmp x="1759" y="2043" width="32" height="33" />
        <cmp x="1798" y="2052" width="50" height="35" />
      </word>
      <word id="a05-013-07-05" tag="ATI" text="the">
        <cmp x="1918" y="2020" width="144" height="47" />
      </word>
      <word id="a05-013-07-06" tag="NN" text="end">
        <cmp x="2122" y="2037" width="80" height="27" />
        <cmp x="2212" y="2030" width="55" height="33" />
      </word>
      <upper-contour>
        <point x="384" y="1905" />
        <point x="2236" y="1905" />
      </upper-contour>
      <lower-contour>
        <point x="391" y="2071" />
        <point x="768" y="2071" />
      </lower-contour>
    </line>
    <line ass="2444" asx="0" asy="2205" character-width="999" dss="2444" dsx="0" dsy="2282" fd0="13184" fd1="2917" fd2="1135" filter-width="5" id="a05-013-08" lbs="1719" lbx="0" lby="2260" segmentation="ok" slant="114000" stroke-width="7175" threshold="171" text="of 1962." ubs="3894" ubx="0" uby="2251">
      <word id="a05-013-08-00" tag="INO" text="of">
        <cmp x="393" y="2222" width="30" height="30" />
        <cmp x="436" y="2189" width="38" height="66" />
      </word>
      <word id="a05-013-08-01" tag="CD" text="1962">
        <cmp x="543" y="2205" width="36" height="36" />
        <cmp x="581" y="2205" width="45" height="40" />
        <cmp x="643" y="2206" width="23" height="27" />
        <cmp x="680" y="2207" width="49" height="36" />
      </word>
      <word id="a05-013-08-02" tag="." text=".">
        <cmp x="760" y="2245" width="8" height="8" />
      </word>
      <upper-contour>
        <point x="391" y="2071" />
        <point x="768" y="2071" />
      </upper-contour>
    </line>
  </handwritten-part>
</form>

