<?xml version="1.0" encoding="ISO-8859-1"?>

<!DOCTYPE form SYSTEM 'http://www.iam.unibe.ch/~fki/iamdb/form-metadata.dtd'>

<form created="2002-03-16" height="3542" id="a05-104" last-modified="2002-07-17" skew="95" status="final" version="3.0_beta" width="2479" writer-id="000">
  <machine-printed-part>
    <machine-print-line text="Mr. Healey denounced the Government for using double standards. Ministers had" />
    <machine-print-line text="rebuked the unaligned nations for not condemning the new Russian tests, but they" />
    <machine-print-line text="themselves had no condemnation for events in Angola or Algeria. It was not for the" />
    <machine-print-line text="Government, said Mr. Healey, to take up moral attitudes, &amp;quot;especially when the temple" />
    <machine-print-line text="of their religion is the bingo-parlour.&amp;quot;" />
  </machine-printed-part>
  <handwritten-part>
    <line ass="-26" asx="0" asy="736" character-width="999" dss="-26" dsx="0" dsy="819" fd0="12968" fd1="3096" fd2="230" filter-width="4" id="a05-104-00" lbs="23" lbx="0" lby="802" segmentation="ok" slant="108999" stroke-width="5839" threshold="187" text="Mr. Healey denounced the Government for" ubs="-126" ubx="0" uby="774">
      <word id="a05-104-00-00" sentence-start="yes" tag="NPT" text="Mr.">
        <cmp x="350" y="740" width="129" height="61" />
        <cmp x="494" y="797" width="7" height="9" />
      </word>
      <word id="a05-104-00-01" tag="NP" text="Healey">
        <cmp x="604" y="761" width="119" height="44" />
        <cmp x="728" y="766" width="106" height="56" />
      </word>
      <word id="a05-104-00-02" tag="VBD" text="denounced">
        <cmp x="906" y="770" width="146" height="41" />
        <cmp x="1051" y="778" width="114" height="24" />
        <cmp x="1177" y="766" width="109" height="37" />
      </word>
      <word id="a05-104-00-03" tag="ATI" text="the">
        <cmp x="1411" y="766" width="138" height="48" />
      </word>
      <word id="a05-104-00-04" tag="NN" text="Government">
        <cmp x="1633" y="760" width="37" height="42" />
        <cmp x="1672" y="780" width="45" height="26" />
        <cmp x="1729" y="774" width="28" height="28" />
        <cmp x="1764" y="768" width="51" height="38" />
        <cmp x="1824" y="765" width="237" height="37" />
      </word>
      <word id="a05-104-00-05" tag="IN" text="for">
        <cmp x="2121" y="737" width="131" height="74" />
      </word>
      <lower-contour>
        <point x="361" y="822" />
        <point x="2071" y="822" />
      </lower-contour>
    </line>
    <line ass="-44" asx="0" asy="930" character-width="999" dss="-44" dsx="0" dsy="999" fd0="14027" fd1="3046" fd2="60" filter-width="4" id="a05-104-01" lbs="-97" lbx="0" lby="982" segmentation="ok" slant="117000" stroke-width="6313" threshold="187" text="using double standards. Ministers had" ubs="61" ubx="0" uby="963">
      <word id="a05-104-01-00" tag="VBG" text="using">
        <cmp x="363" y="963" width="132" height="32" />
        <cmp x="438" y="937" width="14" height="12" />
        <cmp x="500" y="958" width="47" height="42" />
      </word>
      <word id="a05-104-01-01" tag="JJ" text="double">
        <cmp x="654" y="935" width="224" height="55" />
        <cmp x="882" y="950" width="62" height="37" />
      </word>
      <word id="a05-104-01-02" tag="NNS" text="standards">
        <cmp x="1008" y="944" width="67" height="46" />
        <cmp x="1082" y="960" width="83" height="24" />
        <cmp x="1162" y="944" width="63" height="39" />
        <cmp x="1222" y="957" width="71" height="27" />
        <cmp x="1304" y="950" width="85" height="33" />
      </word>
      <word id="a05-104-01-03" tag="." text=".">
        <cmp x="1407" y="984" width="9" height="8" />
      </word>
      <word id="a05-104-01-04" sentence-start="yes" tag="NPTS" text="Ministers">
        <cmp x="1552" y="945" width="167" height="46" />
        <cmp x="1618" y="933" width="10" height="8" />
        <cmp x="1704" y="936" width="9" height="11" />
        <cmp x="1739" y="950" width="114" height="38" />
        <cmp x="1852" y="960" width="28" height="25" />
      </word>
      <word id="a05-104-01-05" tag="HVD" text="had">
        <cmp x="1934" y="944" width="34" height="44" />
        <cmp x="1970" y="966" width="52" height="25" />
        <cmp x="2024" y="956" width="46" height="34" />
      </word>
      <upper-contour>
        <point x="361" y="822" />
        <point x="2071" y="822" />
      </upper-contour>
      <lower-contour>
        <point x="361" y="999" />
        <point x="2071" y="999" />
      </lower-contour>
    </line>
    <line ass="-11" asx="0" asy="1117" character-width="999" dss="-11" dsx="0" dsy="1179" fd0="14216" fd1="3059" fd2="466" filter-width="4" id="a05-104-02" lbs="-35" lbx="0" lby="1163" segmentation="ok" slant="117000" stroke-width="6508" threshold="188" text="rebuked the unaligned nations for not" ubs="37" ubx="0" uby="1145">
      <word id="a05-104-02-00" tag="VBN" text="rebuked">
        <cmp x="361" y="1136" width="79" height="28" />
        <cmp x="448" y="1118" width="50" height="51" />
        <cmp x="508" y="1142" width="47" height="24" />
        <cmp x="564" y="1126" width="140" height="41" />
      </word>
      <word id="a05-104-02-01" tag="ATI" text="the">
        <cmp x="786" y="1120" width="38" height="38" />
        <cmp x="816" y="1130" width="124" height="40" />
      </word>
      <word id="a05-104-02-02" tag="JJ" text="unaligned">
        <cmp x="1010" y="1148" width="69" height="14" />
        <cmp x="1102" y="1143" width="55" height="21" />
        <cmp x="1158" y="1133" width="55" height="35" />
        <cmp x="1192" y="1122" width="10" height="11" />
        <cmp x="1219" y="1145" width="38" height="35" />
        <cmp x="1263" y="1143" width="85" height="30" />
        <cmp x="1346" y="1136" width="50" height="33" />
      </word>
      <word id="a05-104-02-03" tag="NNS" text="nations">
        <cmp x="1476" y="1145" width="37" height="21" />
        <cmp x="1527" y="1126" width="102" height="39" />
        <cmp x="1613" y="1119" width="12" height="17" />
        <cmp x="1639" y="1140" width="111" height="32" />
      </word>
      <word id="a05-104-02-04" tag="IN" text="for">
        <cmp x="1855" y="1121" width="29" height="50" />
        <cmp x="1888" y="1134" width="93" height="28" />
      </word>
      <word id="a05-104-02-05" tag="XNOT" text="not">
        <cmp x="2040" y="1138" width="35" height="22" />
        <cmp x="2080" y="1118" width="98" height="47" />
      </word>
      <upper-contour>
        <point x="361" y="999" />
        <point x="2071" y="999" />
      </upper-contour>
      <lower-contour>
        <point x="361" y="1180" />
        <point x="2133" y="1180" />
      </lower-contour>
    </line>
    <line ass="-38" asx="0" asy="1274" character-width="999" dss="-38" dsx="0" dsy="1377" fd0="13765" fd1="3023" fd2="355" filter-width="4" id="a05-104-03" lbs="-56" lbx="0" lby="1342" segmentation="err" slant="108999" stroke-width="6471" threshold="188" text="condemning the new Russian tests, but" ubs="-1" ubx="0" uby="1321">
      <word id="a05-104-03-00" tag="VBG" text="condemning">
        <cmp x="363" y="1322" width="30" height="30" />
        <cmp x="393" y="1321" width="83" height="28" />
        <cmp x="483" y="1307" width="101" height="36" />
        <cmp x="587" y="1319" width="159" height="21" />
        <cmp x="730" y="1287" width="11" height="9" />
        <cmp x="756" y="1319" width="50" height="42" />
      </word>
      <word id="a05-104-03-01" tag="ATI" text="the">
        <cmp x="903" y="1313" width="49" height="32" />
        <cmp x="950" y="1314" width="117" height="31" />
      </word>
      <word id="a05-104-03-02" tag="JJ" text="new">
        <cmp x="1148" y="1317" width="128" height="33" />
      </word>
      <word id="a05-104-03-03" tag="JNP" text="Russian">
        <cmp x="1330" y="1275" width="100" height="71" />
        <cmp x="1437" y="1317" width="129" height="28" />
        <cmp x="1544" y="1300" width="13" height="12" />
        <cmp x="1577" y="1324" width="81" height="20" />
      </word>
      <word id="a05-104-03-04" tag="NNS" text="tests">
        <cmp x="1767" y="1299" width="131" height="49" />
        <cmp x="1904" y="1347" width="19" height="32" />
      </word>
      <word id="a05-104-03-05" tag="," text=",">
        <cmp x="2010" y="1306" width="36" height="43" />
      </word>
      <word id="a05-104-03-06" tag="CC" text="but">
        <cmp x="2057" y="1306" width="75" height="39" />
      </word>
      <upper-contour>
        <point x="361" y="1180" />
        <point x="2133" y="1180" />
      </upper-contour>
      <lower-contour>
        <point x="361" y="1380" />
        <point x="2133" y="1380" />
      </lower-contour>
    </line>
    <line ass="171" asx="0" asy="1468" character-width="999" dss="171" dsx="0" dsy="1540" fd0="13927" fd1="3148" fd2="203" filter-width="4" id="a05-104-04" lbs="136" lbx="0" lby="1523" segmentation="ok" slant="105000" stroke-width="6466" threshold="185" text="they themselves had no condemnation for" ubs="242" ubx="0" uby="1504">
      <word id="a05-104-04-00" tag="PP3AS" text="they">
        <cmp x="349" y="1485" width="165" height="55" />
      </word>
      <word id="a05-104-04-01" tag="PPLS" text="themselves">
        <cmp x="620" y="1478" width="208" height="48" />
        <cmp x="850" y="1500" width="71" height="21" />
        <cmp x="915" y="1489" width="28" height="31" />
        <cmp x="953" y="1497" width="92" height="28" />
      </word>
      <word id="a05-104-04-02" tag="HVD" text="had">
        <cmp x="1136" y="1485" width="36" height="35" />
        <cmp x="1172" y="1497" width="42" height="25" />
        <cmp x="1213" y="1487" width="55" height="31" />
      </word>
      <word id="a05-104-04-03" tag="ATI" text="no">
        <cmp x="1323" y="1500" width="45" height="20" />
        <cmp x="1367" y="1494" width="31" height="25" />
      </word>
      <word id="a05-104-04-04" tag="NN" text="condemnation">
        <cmp x="1467" y="1491" width="29" height="26" />
        <cmp x="1496" y="1495" width="77" height="23" />
        <cmp x="1576" y="1481" width="159" height="40" />
        <cmp x="1744" y="1484" width="155" height="40" />
        <cmp x="1870" y="1476" width="10" height="11" />
        <cmp x="1902" y="1496" width="81" height="24" />
      </word>
      <word id="a05-104-04-05" tag="IN" text="for">
        <cmp x="2046" y="1463" width="27" height="65" />
        <cmp x="2082" y="1489" width="83" height="26" />
      </word>
      <upper-contour>
        <point x="361" y="1380" />
        <point x="2133" y="1380" />
      </upper-contour>
      <lower-contour>
        <point x="366" y="1539" />
        <point x="2166" y="1539" />
      </lower-contour>
    </line>
    <line ass="30" asx="0" asy="1652" character-width="999" dss="30" dsx="0" dsy="1718" fd0="13583" fd1="3668" fd2="769" filter-width="4" id="a05-104-05" lbs="18" lbx="0" lby="1701" segmentation="ok" slant="114999" stroke-width="6641" threshold="180" text="events in Angola or Algeria. It was not for" ubs="53" ubx="0" uby="1680">
      <word id="a05-104-05-00" tag="NNS" text="events">
        <cmp x="368" y="1675" width="51" height="27" />
        <cmp x="426" y="1663" width="131" height="37" />
      </word>
      <word id="a05-104-05-01" tag="IN" text="in">
        <cmp x="634" y="1689" width="73" height="17" />
        <cmp x="637" y="1667" width="18" height="9" />
      </word>
      <word id="a05-104-05-02" tag="NP" text="Angola">
        <cmp x="782" y="1659" width="71" height="48" />
        <cmp x="859" y="1678" width="41" height="38" />
        <cmp x="896" y="1678" width="30" height="23" />
        <cmp x="936" y="1666" width="26" height="35" />
        <cmp x="963" y="1679" width="43" height="19" />
      </word>
      <word id="a05-104-05-03" tag="CC" text="or">
        <cmp x="1104" y="1672" width="74" height="24" />
      </word>
      <word id="a05-104-05-04" tag="NP" text="Algeria">
        <cmp x="1239" y="1652" width="36" height="49" />
        <cmp x="1287" y="1660" width="24" height="41" />
        <cmp x="1313" y="1675" width="124" height="44" />
        <cmp x="1422" y="1656" width="10" height="11" />
        <cmp x="1446" y="1681" width="44" height="20" />
      </word>
      <word id="a05-104-05-05" tag="." text=".">
        <cmp x="1528" y="1697" width="10" height="9" />
      </word>
      <word id="a05-104-05-06" sentence-start="yes" tag="PP3" text="It">
        <cmp x="1627" y="1652" width="46" height="52" />
      </word>
      <word id="a05-104-05-07" tag="BEDZ" text="was">
        <cmp x="1718" y="1672" width="50" height="28" />
        <cmp x="1770" y="1675" width="75" height="26" />
      </word>
      <word id="a05-104-05-08" tag="XNOT" text="not">
        <cmp x="1897" y="1683" width="43" height="22" />
        <cmp x="1938" y="1657" width="60" height="45" />
      </word>
      <word id="a05-104-05-09" tag="IN" text="for">
        <cmp x="2071" y="1652" width="23" height="57" />
        <cmp x="2108" y="1667" width="83" height="31" />
      </word>
      <upper-contour>
        <point x="366" y="1539" />
        <point x="2166" y="1539" />
      </upper-contour>
      <lower-contour>
        <point x="366" y="1719" />
        <point x="2115" y="1719" />
      </lower-contour>
    </line>
    <line ass="125" asx="0" asy="1833" character-width="999" dss="125" dsx="0" dsy="1909" fd0="13820" fd1="3069" fd2="448" filter-width="4" id="a05-104-06" lbs="156" lbx="0" lby="1881" segmentation="ok" slant="110000" stroke-width="6546" threshold="181" text="the Government, said Mr. Healey, to" ubs="62" ubx="0" uby="1856">
      <word id="a05-104-06-00" tag="ATI" text="the">
        <cmp x="359" y="1841" width="143" height="38" />
      </word>
      <word id="a05-104-06-01" tag="NN" text="Government">
        <cmp x="648" y="1832" width="51" height="46" />
        <cmp x="702" y="1857" width="50" height="28" />
        <cmp x="758" y="1855" width="34" height="31" />
        <cmp x="792" y="1848" width="104" height="37" />
        <cmp x="915" y="1838" width="204" height="43" />
      </word>
      <word id="a05-104-06-02" tag="," text=",">
        <cmp x="1169" y="1871" width="8" height="29" />
      </word>
      <word id="a05-104-06-03" tag="VBD" text="said">
        <cmp x="1224" y="1856" width="28" height="23" />
        <cmp x="1253" y="1856" width="86" height="23" />
        <cmp x="1315" y="1831" width="14" height="14" />
        <cmp x="1350" y="1846" width="61" height="29" />
      </word>
      <word id="a05-104-06-04" tag="NPT" text="Mr.">
        <cmp x="1470" y="1831" width="136" height="48" />
        <cmp x="1618" y="1875" width="8" height="8" />
      </word>
      <word id="a05-104-06-05" tag="NP" text="Healey">
        <cmp x="1688" y="1833" width="97" height="50" />
        <cmp x="1786" y="1855" width="44" height="30" />
        <cmp x="1836" y="1841" width="100" height="59" />
      </word>
      <word id="a05-104-06-06" tag="," text=",">
        <cmp x="1957" y="1879" width="13" height="27" />
      </word>
      <word id="a05-104-06-07" tag="TO" text="to">
        <cmp x="2035" y="1831" width="28" height="43" />
        <cmp x="2072" y="1848" width="42" height="28" />
      </word>
      <upper-contour>
        <point x="366" y="1719" />
        <point x="2115" y="1719" />
      </upper-contour>
      <lower-contour>
        <point x="357" y="1907" />
        <point x="2115" y="1907" />
      </lower-contour>
    </line>
    <line ass="141" asx="0" asy="2012" character-width="999" dss="141" dsx="0" dsy="2092" fd0="13848" fd1="3175" fd2="356" filter-width="4" id="a05-104-07" lbs="117" lbx="0" lby="2061" segmentation="ok" slant="108000" stroke-width="6596" threshold="178" text="take up moral attitudes, &amp;quot;especially when" ubs="187" ubx="0" uby="2041">
      <word id="a05-104-07-00" tag="VB" text="take">
        <cmp x="354" y="2012" width="168" height="52" />
      </word>
      <word id="a05-104-07-01" tag="RP" text="up">
        <cmp x="588" y="2046" width="53" height="20" />
        <cmp x="643" y="2033" width="36" height="43" />
      </word>
      <word id="a05-104-07-02" tag="JJ" text="moral">
        <cmp x="730" y="2038" width="64" height="20" />
        <cmp x="800" y="2037" width="67" height="23" />
        <cmp x="875" y="2038" width="52" height="19" />
        <cmp x="923" y="2021" width="22" height="32" />
      </word>
      <word id="a05-104-07-03" tag="NNS" text="attitudes">
        <cmp x="1029" y="2031" width="53" height="24" />
        <cmp x="1071" y="2011" width="98" height="43" />
        <cmp x="1149" y="2011" width="11" height="10" />
        <cmp x="1178" y="2018" width="82" height="52" />
        <cmp x="1275" y="2029" width="115" height="37" />
      </word>
      <word id="a05-104-07-04" tag="," text=",">
        <cmp x="1425" y="2059" width="10" height="30" />
      </word>
      <word id="a05-104-07-05" tag="*&apos;" text="&quot;">
        <cmp x="1530" y="2053" width="28" height="27" />
      </word>
      <word id="a05-104-07-06" tag="RB" text="especially">
        <cmp x="1604" y="2032" width="66" height="25" />
        <cmp x="1681" y="2031" width="84" height="36" />
        <cmp x="1769" y="2032" width="54" height="26" />
        <cmp x="1807" y="2013" width="13" height="14" />
        <cmp x="1828" y="2034" width="58" height="26" />
        <cmp x="1882" y="2025" width="88" height="46" />
      </word>
      <word id="a05-104-07-07" tag="WRB" text="when">
        <cmp x="2012" y="2023" width="51" height="37" />
        <cmp x="2072" y="2020" width="135" height="36" />
      </word>
      <upper-contour>
        <point x="357" y="1907" />
        <point x="2115" y="1907" />
      </upper-contour>
      <lower-contour>
        <point x="358" y="2089" />
        <point x="2048" y="2089" />
      </lower-contour>
    </line>
    <line ass="109" asx="0" asy="2180" character-width="999" dss="109" dsx="0" dsy="2263" fd0="13752" fd1="3095" fd2="817" filter-width="4" id="a05-104-08" lbs="156" lbx="0" lby="2239" segmentation="ok" slant="112000" stroke-width="6538" threshold="181" text="the temple of their religion is the" ubs="15" ubx="0" uby="2214">
      <word id="a05-104-08-00" tag="ATI" text="the">
        <cmp x="360" y="2199" width="152" height="42" />
      </word>
      <word id="a05-104-08-01" tag="NN" text="temple">
        <cmp x="572" y="2203" width="146" height="38" />
        <cmp x="736" y="2216" width="27" height="28" />
        <cmp x="770" y="2212" width="87" height="31" />
      </word>
      <word id="a05-104-08-02" tag="INO" text="of">
        <cmp x="946" y="2209" width="43" height="34" />
        <cmp x="997" y="2180" width="33" height="60" />
      </word>
      <word id="a05-104-08-03" tag="PP$" text="their">
        <cmp x="1123" y="2194" width="43" height="37" />
        <cmp x="1160" y="2201" width="177" height="40" />
        <cmp x="1220" y="2181" width="8" height="9" />
      </word>
      <word id="a05-104-08-04" tag="NN" text="religion">
        <cmp x="1419" y="2209" width="78" height="27" />
        <cmp x="1491" y="2201" width="64" height="37" />
        <cmp x="1530" y="2189" width="15" height="19" />
        <cmp x="1563" y="2215" width="34" height="46" />
        <cmp x="1589" y="2193" width="10" height="14" />
        <cmp x="1594" y="2221" width="20" height="22" />
        <cmp x="1625" y="2219" width="74" height="21" />
      </word>
      <word id="a05-104-08-05" tag="BEZ" text="is">
        <cmp x="1773" y="2185" width="11" height="10" />
        <cmp x="1783" y="2221" width="41" height="26" />
      </word>
      <word id="a05-104-08-06" tag="ATI" text="the">
        <cmp x="1894" y="2199" width="153" height="40" />
      </word>
      <upper-contour>
        <point x="358" y="2089" />
        <point x="2048" y="2089" />
      </upper-contour>
      <lower-contour>
        <point x="367" y="2244" />
        <point x="1078" y="2244" />
      </lower-contour>
    </line>
    <line ass="616" asx="0" asy="2378" character-width="999" dss="616" dsx="0" dsy="2447" fd0="14009" fd1="3737" fd2="1113" filter-width="4" id="a05-104-09" lbs="236" lbx="0" lby="2421" segmentation="ok" slant="117000" stroke-width="6229" threshold="179" text="bingo-parlour.&amp;quot;" ubs="1375" ubx="0" uby="2416">
      <word id="a05-104-09-00" tag="NN" text="bingo-parlour">
        <cmp x="369" y="2397" width="102" height="26" />
        <cmp x="421" y="2379" width="16" height="13" />
        <cmp x="491" y="2398" width="40" height="45" />
        <cmp x="522" y="2399" width="39" height="26" />
        <cmp x="586" y="2402" width="41" height="10" />
        <cmp x="683" y="2394" width="37" height="35" />
        <cmp x="729" y="2390" width="84" height="28" />
        <cmp x="829" y="2382" width="20" height="35" />
        <cmp x="862" y="2390" width="132" height="27" />
      </word>
      <word id="a05-104-09-01" tag="." text=".">
        <cmp x="1005" y="2417" width="9" height="7" />
      </word>
      <word id="a05-104-09-02" tag="**&apos;" text="&quot;">
        <cmp x="1055" y="2368" width="23" height="18" />
      </word>
      <upper-contour>
        <point x="367" y="2244" />
        <point x="1078" y="2244" />
      </upper-contour>
    </line>
  </handwritten-part>
</form>

