<?xml version="1.0" encoding="ISO-8859-1"?>

<!DOCTYPE form SYSTEM 'http://www.iam.unibe.ch/~fki/iamdb/form-metadata.dtd'>

<form created="2002-03-16" height="3542" id="a05-113" last-modified="2002-07-17" skew="222" status="final" version="3.0_beta" width="2479" writer-id="000">
  <machine-printed-part>
    <machine-print-line text="True, he did tell the House that the Government had asked the Medical Research" />
    <machine-print-line text="Council to reassess the fall-out position in view of the Russian tests, and said that" />
    <machine-print-line text="the council&apos;s findings would be published. He was not so happy in his defence of the" />
    <machine-print-line text="Government&apos;s failure to condemn France for her nuclear tests in the Sahara on the" />
    <machine-print-line text="grounds that they were only little ones." />
  </machine-printed-part>
  <handwritten-part>
    <line ass="80" asx="0" asy="751" character-width="999" dss="80" dsx="0" dsy="830" fd0="14016" fd1="4082" fd2="1159" filter-width="4" id="a05-113-00" lbs="54" lbx="0" lby="808" segmentation="ok" slant="108999" stroke-width="6365" threshold="184" text="True, he did tell the House that the" ubs="134" ubx="0" uby="784">
      <word id="a05-113-00-00" sentence-start="yes" tag="JJ" text="True">
        <cmp x="330" y="752" width="49" height="6" />
        <cmp x="352" y="767" width="10" height="43" />
        <cmp x="389" y="785" width="17" height="22" />
        <cmp x="412" y="774" width="85" height="26" />
      </word>
      <word id="a05-113-00-01" tag="," text=",">
        <cmp x="525" y="801" width="10" height="28" />
      </word>
      <word id="a05-113-00-02" tag="PP3A" text="he">
        <cmp x="657" y="783" width="92" height="33" />
      </word>
      <word id="a05-113-00-03" tag="DOD" text="did">
        <cmp x="823" y="782" width="84" height="31" />
        <cmp x="877" y="762" width="13" height="12" />
        <cmp x="920" y="772" width="53" height="35" />
      </word>
      <word id="a05-113-00-04" tag="VB" text="tell">
        <cmp x="1088" y="776" width="73" height="33" />
        <cmp x="1154" y="770" width="45" height="40" />
      </word>
      <word id="a05-113-00-05" tag="ATI" text="the">
        <cmp x="1284" y="767" width="40" height="39" />
        <cmp x="1325" y="780" width="103" height="37" />
      </word>
      <word id="a05-113-00-06" tag="NPL" text="House">
        <cmp x="1482" y="770" width="69" height="36" />
        <cmp x="1555" y="785" width="101" height="23" />
        <cmp x="1660" y="784" width="45" height="29" />
      </word>
      <word id="a05-113-00-07" tag="CS" text="that">
        <cmp x="1802" y="763" width="84" height="44" />
        <cmp x="1890" y="764" width="74" height="42" />
      </word>
      <word id="a05-113-00-08" tag="ATI" text="the">
        <cmp x="1998" y="761" width="35" height="35" />
        <cmp x="2032" y="766" width="90" height="48" />
      </word>
      <lower-contour>
        <point x="342" y="828" />
        <point x="2123" y="828" />
      </lower-contour>
    </line>
    <line ass="207" asx="0" asy="941" character-width="999" dss="207" dsx="0" dsy="994" fd0="13779" fd1="3017" fd2="12" filter-width="4" id="a05-113-01" lbs="191" lbx="0" lby="988" segmentation="ok" slant="114000" stroke-width="6265" threshold="186" text="Government had asked the Medical Research" ubs="238" ubx="0" uby="968">
      <word id="a05-113-01-00" tag="NN" text="Government">
        <cmp x="344" y="950" width="40" height="37" />
        <cmp x="387" y="963" width="36" height="26" />
        <cmp x="433" y="964" width="27" height="27" />
        <cmp x="468" y="963" width="97" height="29" />
        <cmp x="575" y="954" width="196" height="38" />
      </word>
      <word id="a05-113-01-01" tag="HVD" text="had">
        <cmp x="850" y="960" width="44" height="28" />
        <cmp x="891" y="965" width="37" height="22" />
        <cmp x="928" y="958" width="76" height="27" />
      </word>
      <word id="a05-113-01-02" tag="VBN" text="asked">
        <cmp x="1079" y="949" width="150" height="40" />
        <cmp x="1228" y="957" width="55" height="30" />
      </word>
      <word id="a05-113-01-03" tag="ATI" text="the">
        <cmp x="1377" y="952" width="151" height="37" />
      </word>
      <word id="a05-113-01-04" tag="JJ" text="Medical">
        <cmp x="1628" y="945" width="80" height="39" />
        <cmp x="1713" y="952" width="87" height="33" />
        <cmp x="1785" y="935" width="7" height="13" />
        <cmp x="1815" y="961" width="32" height="27" />
        <cmp x="1850" y="963" width="54" height="21" />
        <cmp x="1901" y="949" width="19" height="31" />
      </word>
      <word id="a05-113-01-05" tag="NN" text="Research">
        <cmp x="1972" y="934" width="78" height="49" />
        <cmp x="2052" y="960" width="23" height="22" />
        <cmp x="2080" y="956" width="35" height="26" />
        <cmp x="2113" y="957" width="65" height="25" />
        <cmp x="2188" y="957" width="77" height="24" />
      </word>
      <upper-contour>
        <point x="342" y="828" />
        <point x="2123" y="828" />
      </upper-contour>
      <lower-contour>
        <point x="345" y="991" />
        <point x="2236" y="991" />
      </lower-contour>
    </line>
    <line ass="-20" asx="0" asy="1113" character-width="999" dss="-20" dsx="0" dsy="1184" fd0="13568" fd1="3173" fd2="991" filter-width="4" id="a05-113-02" lbs="40" lbx="0" lby="1166" segmentation="ok" slant="101000" stroke-width="6328" threshold="186" text="Council to reassess the fall-out position in" ubs="-141" ubx="0" uby="1145">
      <word id="a05-113-02-00" tag="NN" text="Council">
        <cmp x="347" y="1124" width="38" height="48" />
        <cmp x="384" y="1144" width="120" height="24" />
        <cmp x="513" y="1143" width="67" height="26" />
        <cmp x="561" y="1120" width="9" height="10" />
        <cmp x="596" y="1129" width="24" height="34" />
      </word>
      <word id="a05-113-02-01" tag="TO" text="to">
        <cmp x="726" y="1131" width="33" height="37" />
        <cmp x="764" y="1143" width="31" height="24" />
      </word>
      <word id="a05-113-02-02" tag="VB" text="reassess">
        <cmp x="838" y="1141" width="70" height="23" />
        <cmp x="906" y="1143" width="49" height="25" />
        <cmp x="963" y="1145" width="170" height="23" />
      </word>
      <word id="a05-113-02-03" tag="ATI" text="the">
        <cmp x="1228" y="1127" width="156" height="45" />
      </word>
      <word id="a05-113-02-04" tag="NN" text="fall-out">
        <cmp x="1466" y="1115" width="18" height="55" />
        <cmp x="1498" y="1129" width="91" height="34" />
        <cmp x="1612" y="1146" width="24" height="7" />
        <cmp x="1674" y="1127" width="131" height="38" />
      </word>
      <word id="a05-113-02-05" tag="NN" text="position">
        <cmp x="1870" y="1147" width="117" height="39" />
        <cmp x="1968" y="1125" width="9" height="10" />
        <cmp x="1986" y="1133" width="44" height="44" />
        <cmp x="2022" y="1129" width="8" height="18" />
        <cmp x="2048" y="1151" width="67" height="18" />
      </word>
      <word id="a05-113-02-06" tag="IN" text="in">
        <cmp x="2169" y="1145" width="67" height="21" />
        <cmp x="2179" y="1115" width="8" height="9" />
      </word>
      <upper-contour>
        <point x="345" y="991" />
        <point x="2236" y="991" />
      </upper-contour>
      <lower-contour>
        <point x="359" y="1188" />
        <point x="2231" y="1188" />
      </lower-contour>
    </line>
    <line ass="158" asx="0" asy="1296" character-width="999" dss="158" dsx="0" dsy="1381" fd0="14190" fd1="3249" fd2="886" filter-width="4" id="a05-113-03" lbs="186" lbx="0" lby="1350" segmentation="err" slant="119000" stroke-width="6492" threshold="185" text="view of the Russian tests, and said that" ubs="102" ubx="0" uby="1327">
      <word id="a05-113-03-00" tag="NN" text="view">
        <cmp x="361" y="1324" width="30" height="27" />
        <cmp x="394" y="1321" width="69" height="28" />
        <cmp x="402" y="1301" width="13" height="9" />
        <cmp x="463" y="1321" width="58" height="31" />
      </word>
      <word id="a05-113-03-01" tag="INO" text="of">
        <cmp x="598" y="1324" width="38" height="26" />
        <cmp x="640" y="1294" width="38" height="53" />
      </word>
      <word id="a05-113-03-02" tag="ATI" text="the">
        <cmp x="726" y="1306" width="162" height="40" />
      </word>
      <word id="a05-113-03-03" tag="JNP" text="Russian">
        <cmp x="954" y="1294" width="194" height="56" />
        <cmp x="1132" y="1303" width="12" height="11" />
        <cmp x="1168" y="1325" width="68" height="23" />
      </word>
      <word id="a05-113-03-04" tag="NNS" text="tests">
        <cmp x="1338" y="1311" width="90" height="35" />
        <cmp x="1429" y="1301" width="33" height="49" />
        <cmp x="1465" y="1327" width="28" height="18" />
        <cmp x="1467" y="1294" width="10" height="15" />
        <cmp x="1511" y="1347" width="16" height="30" />
      </word>
      <word id="a05-113-03-05" tag="," text=",">
        <cmp x="1612" y="1331" width="70" height="23" />
      </word>
      <word id="a05-113-03-06" tag="CC" text="and">
        <cmp x="1690" y="1323" width="49" height="29" />
      </word>
      <word id="a05-113-03-07" tag="VBD" text="said">
        <cmp x="1822" y="1333" width="15" height="14" />
        <cmp x="1851" y="1328" width="89" height="21" />
        <cmp x="1906" y="1306" width="11" height="15" />
        <cmp x="1945" y="1314" width="56" height="33" />
      </word>
      <word id="a05-113-03-08" tag="CS" text="that">
        <cmp x="2071" y="1304" width="32" height="40" />
        <cmp x="2101" y="1304" width="129" height="40" />
      </word>
      <upper-contour>
        <point x="359" y="1188" />
        <point x="2231" y="1188" />
      </upper-contour>
      <lower-contour>
        <point x="360" y="1378" />
        <point x="2231" y="1378" />
      </lower-contour>
    </line>
    <line ass="-21" asx="0" asy="1475" character-width="999" dss="-21" dsx="0" dsy="1547" fd0="14144" fd1="3518" fd2="681" filter-width="4" id="a05-113-04" lbs="-18" lbx="0" lby="1529" segmentation="ok" slant="105000" stroke-width="6322" threshold="184" text="the council&apos;s findings would be published." ubs="-27" ubx="0" uby="1508">
      <word id="a05-113-04-00" tag="ATI" text="the">
        <cmp x="362" y="1487" width="148" height="45" />
      </word>
      <word id="a05-113-04-01" tag="NN$" text="council&apos;s">
        <cmp x="598" y="1499" width="35" height="36" />
        <cmp x="634" y="1501" width="117" height="31" />
        <cmp x="755" y="1510" width="35" height="19" />
        <cmp x="795" y="1507" width="56" height="25" />
        <cmp x="831" y="1483" width="12" height="11" />
        <cmp x="866" y="1494" width="17" height="33" />
        <cmp x="895" y="1477" width="13" height="22" />
        <cmp x="932" y="1514" width="25" height="17" />
      </word>
      <word id="a05-113-04-02" tag="NNS" text="findings">
        <cmp x="1038" y="1478" width="48" height="55" />
        <cmp x="1069" y="1491" width="8" height="12" />
        <cmp x="1090" y="1512" width="49" height="17" />
        <cmp x="1152" y="1499" width="90" height="30" />
        <cmp x="1216" y="1478" width="16" height="10" />
        <cmp x="1255" y="1507" width="35" height="16" />
        <cmp x="1299" y="1506" width="50" height="43" />
        <cmp x="1359" y="1507" width="27" height="24" />
      </word>
      <word id="a05-113-04-03" tag="MD" text="would">
        <cmp x="1492" y="1505" width="49" height="25" />
        <cmp x="1553" y="1502" width="112" height="25" />
        <cmp x="1657" y="1496" width="28" height="33" />
        <cmp x="1687" y="1499" width="64" height="30" />
      </word>
      <word id="a05-113-04-04" tag="BE" text="be">
        <cmp x="1797" y="1502" width="99" height="34" />
      </word>
      <word id="a05-113-04-05" tag="VBN" text="published">
        <cmp x="1955" y="1506" width="37" height="31" />
        <cmp x="1994" y="1507" width="121" height="23" />
        <cmp x="2087" y="1484" width="10" height="10" />
        <cmp x="2126" y="1506" width="16" height="14" />
        <cmp x="2147" y="1494" width="121" height="41" />
      </word>
      <word id="a05-113-04-06" tag="." text=".">
        <cmp x="2304" y="1520" width="9" height="8" />
      </word>
      <upper-contour>
        <point x="360" y="1378" />
        <point x="2231" y="1378" />
      </upper-contour>
      <lower-contour>
        <point x="368" y="1549" />
        <point x="2188" y="1549" />
      </lower-contour>
    </line>
    <line ass="36" asx="0" asy="1653" character-width="999" dss="36" dsx="0" dsy="1721" fd0="13304" fd1="3602" fd2="665" filter-width="4" id="a05-113-05" lbs="13" lbx="0" lby="1707" segmentation="ok" slant="108999" stroke-width="6620" threshold="182" text="He was not so happy in his defence of" ubs="83" ubx="0" uby="1686">
      <word id="a05-113-05-00" sentence-start="yes" tag="PP3A" text="He">
        <cmp x="370" y="1671" width="125" height="40" />
      </word>
      <word id="a05-113-05-01" tag="BEDZ" text="was">
        <cmp x="560" y="1682" width="52" height="26" />
        <cmp x="614" y="1687" width="92" height="23" />
      </word>
      <word id="a05-113-05-02" tag="XNOT" text="not">
        <cmp x="787" y="1692" width="48" height="16" />
        <cmp x="836" y="1667" width="78" height="38" />
      </word>
      <word id="a05-113-05-03" tag="QL" text="so">
        <cmp x="968" y="1680" width="61" height="25" />
      </word>
      <word id="a05-113-05-04" tag="JJ" text="happy">
        <cmp x="1108" y="1666" width="99" height="45" />
        <cmp x="1210" y="1681" width="33" height="40" />
        <cmp x="1252" y="1676" width="35" height="38" />
        <cmp x="1292" y="1681" width="49" height="37" />
      </word>
      <word id="a05-113-05-05" tag="IN" text="in">
        <cmp x="1393" y="1687" width="67" height="21" />
        <cmp x="1405" y="1661" width="12" height="10" />
      </word>
      <word id="a05-113-05-06" tag="PP$" text="his">
        <cmp x="1560" y="1665" width="60" height="36" />
        <cmp x="1595" y="1662" width="13" height="8" />
        <cmp x="1630" y="1682" width="24" height="21" />
      </word>
      <word id="a05-113-05-07" tag="NN" text="defence">
        <cmp x="1749" y="1680" width="95" height="29" />
        <cmp x="1847" y="1657" width="60" height="58" />
        <cmp x="1915" y="1683" width="26" height="23" />
        <cmp x="1945" y="1677" width="96" height="33" />
      </word>
      <word id="a05-113-05-08" tag="INO" text="of">
        <cmp x="2103" y="1679" width="44" height="26" />
        <cmp x="2151" y="1653" width="37" height="53" />
      </word>
      <upper-contour>
        <point x="368" y="1549" />
        <point x="2188" y="1549" />
      </upper-contour>
      <lower-contour>
        <point x="368" y="1721" />
        <point x="2091" y="1721" />
      </lower-contour>
    </line>
    <line ass="168" asx="0" asy="1833" character-width="999" dss="168" dsx="0" dsy="1894" fd0="13567" fd1="3227" fd2="520" filter-width="4" id="a05-113-06" lbs="175" lbx="0" lby="1886" segmentation="ok" slant="108000" stroke-width="6210" threshold="185" text="the Government&apos;s failure to condemn" ubs="153" ubx="0" uby="1865">
      <word id="a05-113-06-00" tag="ATI" text="the">
        <cmp x="360" y="1850" width="147" height="32" />
      </word>
      <word id="a05-113-06-01" tag="NN$" text="Government&apos;s">
        <cmp x="629" y="1844" width="39" height="43" />
        <cmp x="684" y="1864" width="42" height="26" />
        <cmp x="733" y="1862" width="35" height="30" />
        <cmp x="769" y="1857" width="114" height="31" />
        <cmp x="890" y="1845" width="199" height="40" />
        <cmp x="1092" y="1833" width="14" height="22" />
        <cmp x="1139" y="1865" width="24" height="20" />
      </word>
      <word id="a05-113-06-02" tag="NN" text="failure">
        <cmp x="1290" y="1831" width="35" height="57" />
        <cmp x="1330" y="1856" width="84" height="20" />
        <cmp x="1390" y="1831" width="12" height="14" />
        <cmp x="1428" y="1844" width="118" height="38" />
      </word>
      <word id="a05-113-06-03" tag="TO" text="to">
        <cmp x="1642" y="1844" width="66" height="40" />
      </word>
      <word id="a05-113-06-04" tag="VB" text="condemn">
        <cmp x="1782" y="1858" width="31" height="29" />
        <cmp x="1820" y="1859" width="73" height="24" />
        <cmp x="1902" y="1852" width="138" height="29" />
        <cmp x="2049" y="1862" width="41" height="21" />
      </word>
      <upper-contour>
        <point x="368" y="1721" />
        <point x="2091" y="1721" />
      </upper-contour>
      <lower-contour>
        <point x="358" y="1891" />
        <point x="2091" y="1891" />
      </lower-contour>
    </line>
    <line ass="405" asx="0" asy="2018" character-width="999" dss="405" dsx="0" dsy="2078" fd0="12960" fd1="3224" fd2="818" filter-width="4" id="a05-113-07" lbs="424" lbx="0" lby="2069" segmentation="ok" slant="102000" stroke-width="6298" threshold="184" text="France for her nuclear tests in the" ubs="367" ubx="0" uby="2050">
      <word id="a05-113-07-00" tag="NP" text="France">
        <cmp x="317" y="2014" width="98" height="18" />
        <cmp x="362" y="2022" width="58" height="49" />
        <cmp x="428" y="2045" width="80" height="22" />
        <cmp x="522" y="2046" width="105" height="26" />
      </word>
      <word id="a05-113-07-01" tag="IN" text="for">
        <cmp x="753" y="2013" width="22" height="60" />
        <cmp x="790" y="2039" width="92" height="24" />
      </word>
      <word id="a05-113-07-02" tag="PP$" text="her">
        <cmp x="964" y="2024" width="127" height="41" />
      </word>
      <word id="a05-113-07-03" tag="JJ" text="nuclear">
        <cmp x="1170" y="2041" width="101" height="18" />
        <cmp x="1276" y="2039" width="37" height="26" />
        <cmp x="1317" y="2025" width="60" height="40" />
        <cmp x="1383" y="2040" width="92" height="24" />
      </word>
      <word id="a05-113-07-04" tag="NNS" text="tests">
        <cmp x="1566" y="2019" width="99" height="43" />
        <cmp x="1670" y="2018" width="65" height="44" />
      </word>
      <word id="a05-113-07-05" tag="IN" text="in">
        <cmp x="1816" y="2013" width="13" height="10" />
        <cmp x="1817" y="2042" width="57" height="17" />
      </word>
      <word id="a05-113-07-06" tag="ATI" text="the">
        <cmp x="1940" y="2015" width="159" height="50" />
      </word>
      <upper-contour>
        <point x="358" y="1891" />
        <point x="2091" y="1891" />
      </upper-contour>
      <lower-contour>
        <point x="379" y="2072" />
        <point x="2100" y="2072" />
      </lower-contour>
    </line>
    <line ass="-142" asx="0" asy="2192" character-width="999" dss="-142" dsx="0" dsy="2256" fd0="13295" fd1="3604" fd2="666" filter-width="4" id="a05-113-08" lbs="-186" lbx="0" lby="2236" segmentation="ok" slant="117000" stroke-width="6316" threshold="185" text="Sahara on the grounds that they were" ubs="-54" ubx="0" uby="2219">
      <word id="a05-113-08-00" tag="NP" text="Sahara">
        <cmp x="381" y="2194" width="33" height="46" />
        <cmp x="417" y="2209" width="198" height="34" />
        <cmp x="628" y="2218" width="56" height="26" />
      </word>
      <word id="a05-113-08-01" tag="IN" text="on">
        <cmp x="800" y="2226" width="91" height="17" />
      </word>
      <word id="a05-113-08-02" tag="ATI" text="the">
        <cmp x="968" y="2201" width="163" height="42" />
      </word>
      <word id="a05-113-08-03" tag="NNS" text="grounds">
        <cmp x="1229" y="2219" width="77" height="42" />
        <cmp x="1318" y="2219" width="105" height="22" />
        <cmp x="1425" y="2212" width="87" height="29" />
      </word>
      <word id="a05-113-08-04" tag="CS" text="that">
        <cmp x="1602" y="2207" width="77" height="34" />
        <cmp x="1681" y="2205" width="86" height="34" />
      </word>
      <word id="a05-113-08-05" tag="PP3AS" text="they">
        <cmp x="1839" y="2204" width="138" height="48" />
      </word>
      <word id="a05-113-08-06" tag="BED" text="were">
        <cmp x="2025" y="2215" width="110" height="30" />
        <cmp x="2141" y="2211" width="67" height="45" />
      </word>
      <upper-contour>
        <point x="379" y="2072" />
        <point x="2100" y="2072" />
      </upper-contour>
      <lower-contour>
        <point x="382" y="2243" />
        <point x="1232" y="2243" />
      </lower-contour>
    </line>
    <line ass="-182" asx="0" asy="2378" character-width="999" dss="-182" dsx="0" dsy="2443" fd0="14123" fd1="3526" fd2="1005" filter-width="4" id="a05-113-09" lbs="-62" lbx="0" lby="2420" segmentation="ok" slant="124999" stroke-width="6492" threshold="184" text="only little ones." ubs="-421" ubx="0" uby="2396">
      <word id="a05-113-09-00" tag="RB" text="only">
        <cmp x="384" y="2402" width="98" height="27" />
        <cmp x="490" y="2390" width="69" height="57" />
      </word>
      <word id="a05-113-09-01" tag="JJ" text="little">
        <cmp x="675" y="2397" width="42" height="29" />
        <cmp x="697" y="2382" width="15" height="13" />
        <cmp x="723" y="2394" width="74" height="28" />
        <cmp x="805" y="2396" width="89" height="32" />
      </word>
      <word id="a05-113-09-02" tag="CD1S" text="ones">
        <cmp x="984" y="2394" width="202" height="31" />
      </word>
      <word id="a05-113-09-03" tag="." text=".">
        <cmp x="1223" y="2419" width="8" height="9" />
      </word>
      <upper-contour>
        <point x="382" y="2243" />
        <point x="1232" y="2243" />
      </upper-contour>
    </line>
  </handwritten-part>
</form>

