<?xml version="1.0" encoding="ISO-8859-1"?>

<!DOCTYPE form SYSTEM 'http://www.iam.unibe.ch/~fki/iamdb/form-metadata.dtd'>

<form created="2002-03-16" height="3542" id="a05-125" last-modified="2002-07-17" skew="286" status="final" version="3.0_beta" width="2479" writer-id="000">
  <machine-printed-part>
    <machine-print-line text="A POLITICAL CORRESPONDENT writes: Ban-the-bomb demonstrators thronged" />
    <machine-print-line text="the Central Lobby of the House of Commons last night and formed a queue stretching" />
    <machine-print-line text="for more than 200 yards outside in Old Palace Yard. About 2,000 lobbied M.P.s and" />
    <machine-print-line text="harangued them on disarmament." />
  </machine-printed-part>
  <handwritten-part>
    <line ass="588" asx="0" asy="755" character-width="999" dss="588" dsx="0" dsy="836" fd0="13374" fd1="3339" fd2="653" filter-width="4" id="a05-125-00" lbs="660" lbx="0" lby="823" segmentation="ok" slant="104000" stroke-width="6645" threshold="169" text="A POLITICAL CORRESPONDENT writes: Ban-the-" ubs="444" ubx="0" uby="799">
      <word id="a05-125-00-00" sentence-start="yes" tag="AT" text="A">
        <cmp x="352" y="769" width="36" height="62" />
      </word>
      <word id="a05-125-00-01" tag="JJ" text="POLITICAL">
        <cmp x="435" y="752" width="67" height="65" />
        <cmp x="495" y="787" width="39" height="31" />
        <cmp x="547" y="771" width="47" height="44" />
        <cmp x="581" y="759" width="10" height="8" />
        <cmp x="603" y="770" width="40" height="43" />
        <cmp x="635" y="766" width="9" height="9" />
        <cmp x="662" y="785" width="27" height="30" />
        <cmp x="693" y="769" width="85" height="49" />
      </word>
      <word id="a05-125-00-02" tag="NN" text="CORRESPONDENT">
        <cmp x="872" y="764" width="61" height="52" />
        <cmp x="927" y="781" width="74" height="32" />
        <cmp x="1019" y="776" width="105" height="36" />
        <cmp x="1128" y="787" width="35" height="36" />
        <cmp x="1174" y="788" width="79" height="22" />
        <cmp x="1270" y="765" width="188" height="54" />
      </word>
      <word id="a05-125-00-03" tag="VBZ" text="writes">
        <cmp x="1555" y="782" width="55" height="32" />
        <cmp x="1629" y="791" width="39" height="18" />
        <cmp x="1665" y="758" width="15" height="14" />
        <cmp x="1688" y="764" width="94" height="45" />
      </word>
      <word id="a05-125-00-04" tag=":" text=":">
        <cmp x="1821" y="795" width="8" height="6" />
        <cmp x="1824" y="781" width="8" height="10" />
      </word>
      <word id="a05-125-00-05" sentence-start="yes" tag="JJB--" text="Ban-the-">
        <cmp x="1869" y="736" width="88" height="64" />
        <cmp x="1957" y="778" width="83" height="22" />
        <cmp x="2079" y="786" width="24" height="9" />
        <cmp x="2120" y="749" width="30" height="53" />
        <cmp x="2159" y="762" width="74" height="40" />
        <cmp x="2262" y="791" width="16" height="8" />
      </word>
      <lower-contour>
        <point x="350" y="830" />
        <point x="2190" y="830" />
      </lower-contour>
    </line>
    <line ass="479" asx="0" asy="959" character-width="999" dss="479" dsx="0" dsy="1030" fd0="13499" fd1="2667" fd2="249" filter-width="4" id="a05-125-01" lbs="472" lbx="0" lby="1006" segmentation="ok" slant="116000" stroke-width="6584" threshold="171" text="bomb demonstrators thronged the Central" ubs="492" ubx="0" uby="986">
      <word id="a05-125-01-00" tag="-JJB" text="bomb">
        <cmp x="349" y="961" width="176" height="43" />
      </word>
      <word id="a05-125-01-01" tag="NNS" text="demonstrators">
        <cmp x="640" y="964" width="177" height="35" />
        <cmp x="830" y="962" width="155" height="41" />
        <cmp x="995" y="949" width="92" height="50" />
        <cmp x="1101" y="975" width="90" height="28" />
      </word>
      <word id="a05-125-01-02" tag="VBD" text="thronged">
        <cmp x="1270" y="959" width="38" height="39" />
        <cmp x="1303" y="964" width="67" height="33" />
        <cmp x="1375" y="975" width="71" height="27" />
        <cmp x="1457" y="976" width="77" height="43" />
        <cmp x="1538" y="973" width="53" height="29" />
      </word>
      <word id="a05-125-01-03" tag="ATI" text="the">
        <cmp x="1680" y="948" width="160" height="40" />
      </word>
      <word id="a05-125-01-04" tag="JJ" text="Central">
        <cmp x="1942" y="947" width="168" height="44" />
        <cmp x="2120" y="972" width="37" height="18" />
        <cmp x="2168" y="961" width="21" height="32" />
      </word>
      <upper-contour>
        <point x="350" y="830" />
        <point x="2190" y="830" />
      </upper-contour>
      <lower-contour>
        <point x="361" y="1020" />
        <point x="2086" y="1020" />
      </lower-contour>
    </line>
    <line ass="657" asx="0" asy="1126" character-width="999" dss="657" dsx="0" dsy="1208" fd0="13019" fd1="2888" fd2="303" filter-width="4" id="a05-125-02" lbs="724" lbx="0" lby="1189" segmentation="ok" slant="108999" stroke-width="6707" threshold="171" text="Lobby of the House of Commons last" ubs="524" ubx="0" uby="1162">
      <word id="a05-125-02-00" tag="NN" text="Lobby">
        <cmp x="363" y="1143" width="31" height="40" />
        <cmp x="399" y="1155" width="41" height="29" />
        <cmp x="439" y="1132" width="56" height="49" />
        <cmp x="494" y="1130" width="48" height="49" />
        <cmp x="550" y="1159" width="48" height="41" />
      </word>
      <word id="a05-125-02-01" tag="INO" text="of">
        <cmp x="668" y="1121" width="89" height="73" />
      </word>
      <word id="a05-125-02-02" tag="ATI" text="the">
        <cmp x="805" y="1133" width="147" height="46" />
      </word>
      <word id="a05-125-02-03" tag="NPL" text="House">
        <cmp x="1016" y="1143" width="64" height="34" />
        <cmp x="1092" y="1150" width="120" height="28" />
        <cmp x="1222" y="1157" width="50" height="31" />
      </word>
      <word id="a05-125-02-04" tag="INO" text="of">
        <cmp x="1352" y="1154" width="32" height="22" />
        <cmp x="1392" y="1112" width="34" height="64" />
      </word>
      <word id="a05-125-02-05" tag="NP" text="Commons">
        <cmp x="1532" y="1130" width="40" height="41" />
        <cmp x="1573" y="1143" width="171" height="27" />
        <cmp x="1756" y="1148" width="110" height="20" />
      </word>
      <word id="a05-125-02-06" tag="AP" text="last">
        <cmp x="1941" y="1120" width="15" height="36" />
        <cmp x="1961" y="1116" width="124" height="47" />
      </word>
      <upper-contour>
        <point x="361" y="1020" />
        <point x="2086" y="1020" />
      </upper-contour>
      <lower-contour>
        <point x="361" y="1199" />
        <point x="2041" y="1199" />
      </lower-contour>
    </line>
    <line ass="46" asx="0" asy="1307" character-width="999" dss="46" dsx="0" dsy="1383" fd0="13644" fd1="3080" fd2="663" filter-width="4" id="a05-125-03" lbs="5" lbx="0" lby="1353" segmentation="ok" slant="100000" stroke-width="6645" threshold="170" text="night and formed a queue stretching" ubs="129" ubx="0" uby="1336">
      <word id="a05-125-03-00" tag="NN" text="night">
        <cmp x="363" y="1337" width="66" height="17" />
        <cmp x="406" y="1309" width="14" height="12" />
        <cmp x="443" y="1330" width="37" height="43" />
        <cmp x="486" y="1317" width="92" height="43" />
      </word>
      <word id="a05-125-03-01" tag="CC" text="and">
        <cmp x="690" y="1328" width="75" height="21" />
        <cmp x="774" y="1317" width="63" height="38" />
      </word>
      <word id="a05-125-03-02" tag="VBD" text="formed">
        <cmp x="955" y="1309" width="45" height="68" />
        <cmp x="999" y="1334" width="69" height="24" />
        <cmp x="1076" y="1328" width="96" height="29" />
        <cmp x="1170" y="1326" width="52" height="29" />
      </word>
      <word id="a05-125-03-03" tag="AT" text="a">
        <cmp x="1304" y="1331" width="47" height="25" />
      </word>
      <word id="a05-125-03-04" tag="NN" text="queue">
        <cmp x="1417" y="1327" width="147" height="56" />
        <cmp x="1571" y="1330" width="97" height="34" />
      </word>
      <word id="a05-125-03-05" tag="NN" text="stretching">
        <cmp x="1728" y="1336" width="22" height="15" />
        <cmp x="1762" y="1306" width="73" height="49" />
        <cmp x="1847" y="1311" width="27" height="37" />
        <cmp x="1875" y="1326" width="126" height="24" />
        <cmp x="1956" y="1309" width="11" height="10" />
        <cmp x="2015" y="1326" width="25" height="41" />
      </word>
      <upper-contour>
        <point x="361" y="1199" />
        <point x="2041" y="1199" />
      </upper-contour>
      <lower-contour>
        <point x="377" y="1384" />
        <point x="2041" y="1384" />
      </lower-contour>
    </line>
    <line ass="74" asx="0" asy="1487" character-width="999" dss="74" dsx="0" dsy="1562" fd0="13367" fd1="3757" fd2="709" filter-width="4" id="a05-125-04" lbs="23" lbx="0" lby="1536" segmentation="ok" slant="113000" stroke-width="6264" threshold="172" text="for more than 200 yards outside" ubs="177" ubx="0" uby="1521">
      <word id="a05-125-04-00" tag="IN" text="for">
        <cmp x="379" y="1490" width="41" height="71" />
        <cmp x="423" y="1515" width="107" height="26" />
      </word>
      <word id="a05-125-04-01" tag="AP" text="more">
        <cmp x="619" y="1521" width="68" height="15" />
        <cmp x="696" y="1515" width="141" height="28" />
      </word>
      <word id="a05-125-04-02" tag="IN" text="than">
        <cmp x="929" y="1503" width="116" height="36" />
        <cmp x="1045" y="1514" width="117" height="23" />
      </word>
      <word id="a05-125-04-03" tag="CD" text="200">
        <cmp x="1288" y="1504" width="34" height="29" />
        <cmp x="1332" y="1510" width="36" height="23" />
        <cmp x="1375" y="1507" width="35" height="24" />
      </word>
      <word id="a05-125-04-04" tag="NNS" text="yards">
        <cmp x="1521" y="1520" width="41" height="41" />
        <cmp x="1568" y="1520" width="75" height="21" />
        <cmp x="1652" y="1522" width="97" height="21" />
      </word>
      <word id="a05-125-04-05" tag="RP" text="outside">
        <cmp x="1881" y="1493" width="187" height="46" />
        <cmp x="2057" y="1486" width="9" height="21" />
        <cmp x="2083" y="1500" width="89" height="43" />
      </word>
      <upper-contour>
        <point x="377" y="1384" />
        <point x="2041" y="1384" />
      </upper-contour>
      <lower-contour>
        <point x="393" y="1562" />
        <point x="2110" y="1562" />
      </lower-contour>
    </line>
    <line ass="730" asx="0" asy="1673" character-width="999" dss="730" dsx="0" dsy="1740" fd0="13743" fd1="3220" fd2="202" filter-width="4" id="a05-125-05" lbs="692" lbx="0" lby="1727" segmentation="ok" slant="108999" stroke-width="6431" threshold="166" text="in Old Palace Yard. About 2,000" ubs="806" ubx="0" uby="1705">
      <word id="a05-125-05-00" tag="IN" text="in">
        <cmp x="395" y="1708" width="64" height="16" />
        <cmp x="414" y="1673" width="11" height="10" />
      </word>
      <word id="a05-125-05-01" tag="NP" text="Old">
        <cmp x="621" y="1681" width="48" height="40" />
        <cmp x="675" y="1685" width="24" height="32" />
        <cmp x="701" y="1674" width="69" height="40" />
      </word>
      <word id="a05-125-05-02" tag="NPL" text="Palace">
        <cmp x="833" y="1662" width="60" height="48" />
        <cmp x="896" y="1691" width="37" height="25" />
        <cmp x="913" y="1669" width="8" height="8" />
        <cmp x="938" y="1674" width="27" height="39" />
        <cmp x="966" y="1686" width="49" height="28" />
        <cmp x="1026" y="1688" width="93" height="38" />
      </word>
      <word id="a05-125-05-03" tag="NPL" text="Yard">
        <cmp x="1202" y="1669" width="47" height="49" />
        <cmp x="1241" y="1689" width="99" height="27" />
        <cmp x="1342" y="1676" width="69" height="34" />
      </word>
      <word id="a05-125-05-04" tag="." text=".">
        <cmp x="1443" y="1712" width="7" height="7" />
      </word>
      <word id="a05-125-05-05" sentence-start="yes" tag="RB" text="About">
        <cmp x="1570" y="1658" width="110" height="63" />
        <cmp x="1690" y="1663" width="155" height="41" />
      </word>
      <word id="a05-125-05-06" tag="CD" text="2,000">
        <cmp x="1914" y="1675" width="38" height="28" />
        <cmp x="1969" y="1651" width="8" height="13" />
        <cmp x="1978" y="1672" width="46" height="29" />
        <cmp x="2028" y="1674" width="36" height="27" />
        <cmp x="2075" y="1678" width="34" height="25" />
      </word>
      <upper-contour>
        <point x="393" y="1562" />
        <point x="2110" y="1562" />
      </upper-contour>
      <lower-contour>
        <point x="393" y="1726" />
        <point x="2110" y="1726" />
      </lower-contour>
    </line>
    <line ass="403" asx="0" asy="1851" character-width="999" dss="403" dsx="0" dsy="1911" fd0="13727" fd1="3031" fd2="336" filter-width="4" id="a05-125-06" lbs="421" lbx="0" lby="1900" segmentation="ok" slant="105000" stroke-width="6613" threshold="167" text="lobbied M.P.s and harangued them" ubs="366" ubx="0" uby="1874">
      <word id="a05-125-06-00" tag="VBD" text="lobbied">
        <cmp x="388" y="1862" width="18" height="38" />
        <cmp x="407" y="1851" width="85" height="49" />
        <cmp x="496" y="1850" width="53" height="46" />
        <cmp x="551" y="1849" width="20" height="10" />
        <cmp x="558" y="1870" width="47" height="26" />
        <cmp x="607" y="1851" width="45" height="43" />
      </word>
      <word id="a05-125-06-01" tag="NPTS" text="M.P.s">
        <cmp x="802" y="1851" width="52" height="45" />
        <cmp x="867" y="1886" width="8" height="7" />
        <cmp x="896" y="1846" width="44" height="45" />
        <cmp x="943" y="1891" width="8" height="6" />
        <cmp x="978" y="1870" width="37" height="30" />
      </word>
      <word id="a05-125-06-02" tag="CC" text="and">
        <cmp x="1162" y="1869" width="74" height="21" />
        <cmp x="1254" y="1851" width="60" height="34" />
      </word>
      <word id="a05-125-06-03" tag="VBD" text="harangued">
        <cmp x="1418" y="1851" width="37" height="40" />
        <cmp x="1461" y="1852" width="157" height="40" />
        <cmp x="1620" y="1862" width="36" height="22" />
        <cmp x="1671" y="1855" width="138" height="46" />
        <cmp x="1809" y="1846" width="66" height="39" />
      </word>
      <word id="a05-125-06-04" tag="PP3OS" text="them">
        <cmp x="1985" y="1852" width="202" height="38" />
      </word>
      <upper-contour>
        <point x="393" y="1726" />
        <point x="2110" y="1726" />
      </upper-contour>
      <lower-contour>
        <point x="405" y="1899" />
        <point x="1219" y="1899" />
      </lower-contour>
    </line>
    <line ass="292" asx="0" asy="2022" character-width="999" dss="292" dsx="0" dsy="2079" fd0="13355" fd1="3731" fd2="1230" filter-width="4" id="a05-125-07" lbs="320" lbx="0" lby="2075" segmentation="ok" slant="105000" stroke-width="6283" threshold="173" text="on disarmament." ubs="236" ubx="0" uby="2057">
      <word id="a05-125-07-00" tag="IN" text="on">
        <cmp x="407" y="2063" width="90" height="15" />
      </word>
      <word id="a05-125-07-01" tag="NN" text="disarmament">
        <cmp x="599" y="2045" width="122" height="30" />
        <cmp x="661" y="2020" width="8" height="13" />
        <cmp x="747" y="2048" width="109" height="27" />
        <cmp x="866" y="2047" width="68" height="22" />
        <cmp x="951" y="2037" width="247" height="35" />
      </word>
      <word id="a05-125-07-02" tag="." text=".">
        <cmp x="1212" y="2067" width="7" height="8" />
      </word>
      <upper-contour>
        <point x="405" y="1899" />
        <point x="1219" y="1899" />
      </upper-contour>
    </line>
  </handwritten-part>
</form>

