<?xml version="1.0" encoding="ISO-8859-1"?>

<!DOCTYPE form SYSTEM 'http://www.iam.unibe.ch/~fki/iamdb/form-metadata.dtd'>

<form created="2002-03-16" height="3542" id="a05-022" last-modified="2002-07-17" skew="159" status="final" version="3.0_beta" width="2479" writer-id="000">
  <machine-printed-part>
    <machine-print-line text="It is thought this would be the minimum necessary for the extended training modern" />
    <machine-print-line text="arms require and to enable each man to serve at least a year overseas. There is no" />
    <machine-print-line text="truth in suggestions that Mr. Watkinson is at odds with the Service chiefs over the" />
    <machine-print-line text="decision to dispense with National Service, or over any other aspect of defence policy." />
  </machine-printed-part>
  <handwritten-part>
    <line ass="302" asx="0" asy="725" character-width="999" dss="302" dsx="0" dsy="784" fd0="13650" fd1="3570" fd2="1241" filter-width="4" id="a05-022-00" lbs="355" lbx="0" lby="776" segmentation="ok" slant="101000" stroke-width="6500" threshold="174" text="It is thought this would be the minimum" ubs="195" ubx="0" uby="755">
      <word id="a05-022-00-00" sentence-start="yes" tag="PP3" text="It">
        <cmp x="404" y="734" width="36" height="47" />
      </word>
      <word id="a05-022-00-01" tag="BEZ" text="is">
        <cmp x="473" y="758" width="39" height="18" />
        <cmp x="479" y="724" width="9" height="10" />
      </word>
      <word id="a05-022-00-02" tag="VBN" text="thought">
        <cmp x="633" y="727" width="30" height="40" />
        <cmp x="668" y="735" width="36" height="31" />
        <cmp x="712" y="749" width="84" height="21" />
        <cmp x="806" y="746" width="34" height="31" />
        <cmp x="840" y="735" width="74" height="38" />
      </word>
      <word id="a05-022-00-03" tag="DT" text="this">
        <cmp x="989" y="733" width="37" height="34" />
        <cmp x="1026" y="740" width="69" height="27" />
        <cmp x="1064" y="724" width="16" height="10" />
        <cmp x="1102" y="747" width="18" height="18" />
      </word>
      <word id="a05-022-00-04" tag="MD" text="would">
        <cmp x="1191" y="747" width="45" height="27" />
        <cmp x="1247" y="747" width="96" height="21" />
        <cmp x="1338" y="734" width="23" height="34" />
        <cmp x="1366" y="738" width="61" height="34" />
      </word>
      <word id="a05-022-00-05" tag="BE" text="be">
        <cmp x="1465" y="732" width="46" height="39" />
        <cmp x="1516" y="741" width="44" height="35" />
      </word>
      <word id="a05-022-00-06" tag="ATI" text="the">
        <cmp x="1639" y="726" width="131" height="44" />
      </word>
      <word id="a05-022-00-07" tag="NN" text="minimum">
        <cmp x="1814" y="749" width="94" height="18" />
        <cmp x="1873" y="717" width="7" height="9" />
        <cmp x="1914" y="749" width="69" height="18" />
        <cmp x="1953" y="717" width="8" height="7" />
        <cmp x="1991" y="747" width="130" height="17" />
      </word>
      <lower-contour>
        <point x="407" y="780" />
        <point x="2122" y="780" />
      </lower-contour>
    </line>
    <line ass="613" asx="0" asy="907" character-width="999" dss="613" dsx="0" dsy="975" fd0="13326" fd1="3717" fd2="735" filter-width="4" id="a05-022-01" lbs="659" lbx="0" lby="957" segmentation="ok" slant="108999" stroke-width="6466" threshold="177" text="necessary for the extended training modern" ubs="522" ubx="0" uby="935">
      <word id="a05-022-01-00" tag="JJ" text="necessary">
        <cmp x="409" y="925" width="73" height="27" />
        <cmp x="483" y="925" width="128" height="28" />
        <cmp x="615" y="930" width="87" height="22" />
        <cmp x="715" y="935" width="42" height="33" />
      </word>
      <word id="a05-022-01-01" tag="IN" text="for">
        <cmp x="811" y="912" width="27" height="45" />
        <cmp x="850" y="929" width="71" height="20" />
      </word>
      <word id="a05-022-01-02" tag="ATI" text="the">
        <cmp x="1000" y="911" width="152" height="42" />
      </word>
      <word id="a05-022-01-03" tag="JJ" text="extended">
        <cmp x="1250" y="924" width="32" height="22" />
        <cmp x="1289" y="905" width="145" height="38" />
        <cmp x="1438" y="915" width="86" height="25" />
        <cmp x="1523" y="911" width="54" height="29" />
      </word>
      <word id="a05-022-01-04" tag="NN" text="training">
        <cmp x="1684" y="901" width="45" height="34" />
        <cmp x="1732" y="915" width="98" height="20" />
        <cmp x="1792" y="889" width="9" height="8" />
        <cmp x="1833" y="922" width="100" height="15" />
        <cmp x="1881" y="895" width="12" height="11" />
        <cmp x="1939" y="914" width="47" height="38" />
      </word>
      <word id="a05-022-01-05" tag="JJ" text="modern">
        <cmp x="2048" y="915" width="56" height="19" />
        <cmp x="2114" y="912" width="27" height="21" />
        <cmp x="2146" y="907" width="140" height="32" />
      </word>
      <upper-contour>
        <point x="407" y="780" />
        <point x="2122" y="780" />
      </upper-contour>
      <lower-contour>
        <point x="407" y="967" />
        <point x="2210" y="967" />
      </lower-contour>
    </line>
    <line ass="360" asx="0" asy="1089" character-width="999" dss="360" dsx="0" dsy="1144" fd0="13705" fd1="3933" fd2="984" filter-width="4" id="a05-022-02" lbs="382" lbx="0" lby="1133" segmentation="ok" slant="105000" stroke-width="6260" threshold="176" text="arms require and to enable each man to" ubs="315" ubx="0" uby="1113">
      <word id="a05-022-02-00" tag="NNS" text="arms">
        <cmp x="398" y="1106" width="84" height="26" />
        <cmp x="489" y="1110" width="54" height="18" />
      </word>
      <word id="a05-022-02-01" tag="VB" text="require">
        <cmp x="612" y="1105" width="64" height="26" />
        <cmp x="676" y="1106" width="106" height="35" />
        <cmp x="754" y="1086" width="8" height="10" />
        <cmp x="783" y="1103" width="104" height="27" />
      </word>
      <word id="a05-022-02-02" tag="CC" text="and">
        <cmp x="963" y="1108" width="77" height="18" />
        <cmp x="1053" y="1098" width="47" height="26" />
      </word>
      <word id="a05-022-02-03" tag="TO" text="to">
        <cmp x="1205" y="1086" width="27" height="30" />
        <cmp x="1238" y="1102" width="31" height="21" />
      </word>
      <word id="a05-022-02-04" tag="VB" text="enable">
        <cmp x="1316" y="1100" width="92" height="24" />
        <cmp x="1419" y="1086" width="94" height="39" />
        <cmp x="1520" y="1096" width="64" height="28" />
      </word>
      <word id="a05-022-02-05" tag="DT" text="each">
        <cmp x="1654" y="1097" width="41" height="27" />
        <cmp x="1699" y="1100" width="46" height="18" />
        <cmp x="1748" y="1100" width="89" height="23" />
      </word>
      <word id="a05-022-02-06" tag="NN" text="man">
        <cmp x="1911" y="1108" width="74" height="14" />
        <cmp x="1990" y="1102" width="120" height="19" />
      </word>
      <word id="a05-022-02-07" tag="TO" text="to">
        <cmp x="2141" y="1086" width="24" height="33" />
        <cmp x="2172" y="1097" width="37" height="27" />
      </word>
      <upper-contour>
        <point x="407" y="967" />
        <point x="2210" y="967" />
      </upper-contour>
      <lower-contour>
        <point x="396" y="1140" />
        <point x="2163" y="1140" />
      </lower-contour>
    </line>
    <line ass="455" asx="0" asy="1267" character-width="999" dss="455" dsx="0" dsy="1332" fd0="13455" fd1="3830" fd2="815" filter-width="4" id="a05-022-03" lbs="415" lbx="0" lby="1314" segmentation="ok" slant="114999" stroke-width="6291" threshold="176" text="serve at least a year overseas. There is" ubs="534" ubx="0" uby="1295">
      <word id="a05-022-03-00" tag="VB" text="serve">
        <cmp x="384" y="1292" width="35" height="22" />
        <cmp x="419" y="1289" width="48" height="26" />
        <cmp x="481" y="1285" width="36" height="28" />
        <cmp x="523" y="1285" width="66" height="30" />
      </word>
      <word id="a05-022-03-01" tag="RB21" text="at">
        <cmp x="655" y="1289" width="45" height="23" />
        <cmp x="702" y="1271" width="27" height="32" />
      </word>
      <word id="a05-022-03-02" tag="RB22" text="least">
        <cmp x="784" y="1278" width="65" height="32" />
        <cmp x="844" y="1271" width="128" height="36" />
      </word>
      <word id="a05-022-03-03" tag="AT" text="a">
        <cmp x="1064" y="1283" width="38" height="27" />
      </word>
      <word id="a05-022-03-04" tag="NN" text="year">
        <cmp x="1159" y="1283" width="71" height="41" />
        <cmp x="1236" y="1280" width="96" height="23" />
      </word>
      <word id="a05-022-03-05" tag="RB" text="overseas">
        <cmp x="1415" y="1282" width="23" height="28" />
        <cmp x="1444" y="1278" width="30" height="26" />
        <cmp x="1487" y="1275" width="68" height="29" />
        <cmp x="1560" y="1278" width="79" height="25" />
        <cmp x="1645" y="1280" width="74" height="24" />
      </word>
      <word id="a05-022-03-06" tag="." text=".">
        <cmp x="1743" y="1302" width="9" height="7" />
      </word>
      <word id="a05-022-03-07" sentence-start="yes" tag="EX" text="There">
        <cmp x="1838" y="1253" width="152" height="49" />
        <cmp x="1861" y="1266" width="11" height="33" />
        <cmp x="2000" y="1276" width="57" height="32" />
      </word>
      <word id="a05-022-03-08" tag="BEZ" text="is">
        <cmp x="2116" y="1287" width="46" height="16" />
        <cmp x="2124" y="1253" width="8" height="9" />
      </word>
      <upper-contour>
        <point x="396" y="1140" />
        <point x="2163" y="1140" />
      </upper-contour>
      <lower-contour>
        <point x="384" y="1324" />
        <point x="2163" y="1324" />
      </lower-contour>
    </line>
    <line ass="261" asx="0" asy="1442" character-width="999" dss="261" dsx="0" dsy="1512" fd0="14071" fd1="3537" fd2="990" filter-width="4" id="a05-022-04" lbs="253" lbx="0" lby="1491" segmentation="ok" slant="106000" stroke-width="6615" threshold="174" text="no truth in suggestions that Mr. Watkinson" ubs="276" ubx="0" uby="1472">
      <word id="a05-022-04-00" tag="ATI" text="no">
        <cmp x="386" y="1477" width="48" height="18" />
        <cmp x="433" y="1469" width="30" height="28" />
      </word>
      <word id="a05-022-04-01" tag="NN" text="truth">
        <cmp x="572" y="1446" width="53" height="44" />
        <cmp x="640" y="1469" width="49" height="19" />
        <cmp x="687" y="1452" width="85" height="34" />
      </word>
      <word id="a05-022-04-02" tag="IN" text="in">
        <cmp x="827" y="1469" width="69" height="16" />
        <cmp x="832" y="1439" width="9" height="13" />
      </word>
      <word id="a05-022-04-03" tag="NNS" text="suggestions">
        <cmp x="982" y="1469" width="27" height="14" />
        <cmp x="1023" y="1466" width="42" height="18" />
        <cmp x="1074" y="1465" width="41" height="43" />
        <cmp x="1116" y="1442" width="150" height="59" />
        <cmp x="1241" y="1444" width="12" height="13" />
        <cmp x="1272" y="1466" width="85" height="18" />
      </word>
      <word id="a05-022-04-04" tag="CS" text="that">
        <cmp x="1408" y="1439" width="98" height="45" />
        <cmp x="1505" y="1446" width="77" height="36" />
      </word>
      <word id="a05-022-04-05" tag="NPT" text="Mr.">
        <cmp x="1700" y="1444" width="103" height="43" />
        <cmp x="1825" y="1483" width="8" height="8" />
      </word>
      <word id="a05-022-04-06" tag="NP" text="Watkinson">
        <cmp x="1931" y="1448" width="53" height="37" />
        <cmp x="1988" y="1449" width="65" height="36" />
        <cmp x="2064" y="1445" width="92" height="35" />
        <cmp x="2093" y="1434" width="9" height="6" />
        <cmp x="2164" y="1469" width="19" height="11" />
        <cmp x="2191" y="1466" width="72" height="21" />
      </word>
      <upper-contour>
        <point x="384" y="1324" />
        <point x="2163" y="1324" />
      </upper-contour>
      <lower-contour>
        <point x="384" y="1508" />
        <point x="2231" y="1508" />
      </lower-contour>
    </line>
    <line ass="437" asx="0" asy="1624" character-width="999" dss="437" dsx="0" dsy="1682" fd0="13647" fd1="3244" fd2="469" filter-width="4" id="a05-022-05" lbs="450" lbx="0" lby="1673" segmentation="ok" slant="106000" stroke-width="6471" threshold="174" text="is at odds with the Service chiefs over" ubs="412" ubx="0" uby="1649">
      <word id="a05-022-05-00" tag="BEZ" text="is">
        <cmp x="377" y="1635" width="10" height="8" />
        <cmp x="383" y="1657" width="44" height="18" />
      </word>
      <word id="a05-022-05-01" tag="IN" text="at">
        <cmp x="522" y="1630" width="72" height="37" />
      </word>
      <word id="a05-022-05-02" tag="NNS" text="odds">
        <cmp x="694" y="1648" width="32" height="24" />
        <cmp x="730" y="1625" width="34" height="42" />
        <cmp x="768" y="1633" width="42" height="36" />
        <cmp x="814" y="1651" width="24" height="18" />
      </word>
      <word id="a05-022-05-03" tag="IN" text="with">
        <cmp x="936" y="1650" width="37" height="25" />
        <cmp x="981" y="1626" width="14" height="16" />
        <cmp x="987" y="1650" width="16" height="20" />
        <cmp x="1016" y="1627" width="98" height="36" />
      </word>
      <word id="a05-022-05-04" tag="ATI" text="the">
        <cmp x="1213" y="1621" width="114" height="42" />
      </word>
      <word id="a05-022-05-05" tag="NN" text="Service">
        <cmp x="1451" y="1619" width="34" height="43" />
        <cmp x="1496" y="1635" width="44" height="27" />
        <cmp x="1552" y="1631" width="32" height="29" />
        <cmp x="1594" y="1620" width="11" height="11" />
        <cmp x="1600" y="1638" width="19" height="21" />
        <cmp x="1627" y="1636" width="82" height="31" />
      </word>
      <word id="a05-022-05-06" tag="NNS" text="chiefs">
        <cmp x="1780" y="1634" width="31" height="24" />
        <cmp x="1818" y="1629" width="112" height="31" />
        <cmp x="1857" y="1611" width="14" height="9" />
        <cmp x="1931" y="1615" width="64" height="52" />
      </word>
      <word id="a05-022-05-07" tag="IN" text="over">
        <cmp x="2052" y="1635" width="31" height="28" />
        <cmp x="2096" y="1636" width="32" height="26" />
        <cmp x="2136" y="1623" width="94" height="41" />
      </word>
      <upper-contour>
        <point x="384" y="1508" />
        <point x="2231" y="1508" />
      </upper-contour>
      <lower-contour>
        <point x="375" y="1675" />
        <point x="2193" y="1675" />
      </lower-contour>
    </line>
    <line ass="229" asx="0" asy="1802" character-width="999" dss="229" dsx="0" dsy="1858" fd0="13829" fd1="3499" fd2="572" filter-width="4" id="a05-022-06" lbs="216" lbx="0" lby="1845" segmentation="ok" slant="108000" stroke-width="6445" threshold="177" text="the decision to dispense with National" ubs="253" ubx="0" uby="1828">
      <word id="a05-022-06-00" tag="ATI" text="the">
        <cmp x="377" y="1806" width="155" height="41" />
      </word>
      <word id="a05-022-06-01" tag="NN" text="decision">
        <cmp x="638" y="1820" width="150" height="35" />
        <cmp x="770" y="1813" width="9" height="9" />
        <cmp x="800" y="1826" width="53" height="19" />
        <cmp x="832" y="1802" width="13" height="12" />
        <cmp x="860" y="1823" width="58" height="17" />
      </word>
      <word id="a05-022-06-02" tag="TO" text="to">
        <cmp x="996" y="1800" width="29" height="31" />
        <cmp x="1036" y="1816" width="32" height="22" />
      </word>
      <word id="a05-022-06-03" tag="VB" text="dispense">
        <cmp x="1182" y="1809" width="77" height="31" />
        <cmp x="1248" y="1802" width="13" height="12" />
        <cmp x="1264" y="1818" width="25" height="20" />
        <cmp x="1298" y="1818" width="114" height="36" />
        <cmp x="1424" y="1812" width="102" height="33" />
      </word>
      <word id="a05-022-06-04" tag="IN" text="with">
        <cmp x="1610" y="1817" width="53" height="29" />
        <cmp x="1669" y="1797" width="8" height="11" />
        <cmp x="1674" y="1819" width="19" height="23" />
        <cmp x="1700" y="1800" width="78" height="41" />
      </word>
      <word id="a05-022-06-05" tag="JJ" text="National">
        <cmp x="1893" y="1797" width="46" height="42" />
        <cmp x="1953" y="1812" width="48" height="26" />
        <cmp x="2004" y="1804" width="39" height="33" />
        <cmp x="2030" y="1800" width="9" height="11" />
        <cmp x="2053" y="1818" width="66" height="21" />
        <cmp x="2126" y="1820" width="39" height="18" />
        <cmp x="2172" y="1806" width="20" height="28" />
      </word>
      <upper-contour>
        <point x="375" y="1675" />
        <point x="2193" y="1675" />
      </upper-contour>
      <lower-contour>
        <point x="384" y="1854" />
        <point x="2005" y="1854" />
      </lower-contour>
    </line>
    <line ass="325" asx="0" asy="1976" character-width="999" dss="325" dsx="0" dsy="2055" fd0="13513" fd1="3100" fd2="210" filter-width="4" id="a05-022-07" lbs="357" lbx="0" lby="2026" segmentation="ok" slant="107000" stroke-width="6302" threshold="176" text="Service, or over any other aspect of" ubs="261" ubx="0" uby="2002">
      <word id="a05-022-07-00" tag="NN" text="Service">
        <cmp x="386" y="1983" width="35" height="41" />
        <cmp x="421" y="1999" width="60" height="28" />
        <cmp x="487" y="1995" width="35" height="29" />
        <cmp x="531" y="1981" width="8" height="9" />
        <cmp x="532" y="2003" width="16" height="17" />
        <cmp x="559" y="1995" width="91" height="27" />
      </word>
      <word id="a05-022-07-01" tag="," text=",">
        <cmp x="675" y="2017" width="15" height="35" />
      </word>
      <word id="a05-022-07-02" tag="CC" text="or">
        <cmp x="771" y="2004" width="74" height="24" />
      </word>
      <word id="a05-022-07-03" tag="IN" text="over">
        <cmp x="917" y="2002" width="33" height="26" />
        <cmp x="960" y="1996" width="29" height="29" />
        <cmp x="990" y="1991" width="96" height="31" />
      </word>
      <word id="a05-022-07-04" tag="DTI" text="any">
        <cmp x="1150" y="2002" width="140" height="38" />
      </word>
      <word id="a05-022-07-05" tag="AP" text="other">
        <cmp x="1351" y="1996" width="30" height="25" />
        <cmp x="1389" y="1979" width="175" height="42" />
      </word>
      <word id="a05-022-07-06" tag="NN" text="aspect">
        <cmp x="1615" y="1997" width="75" height="24" />
        <cmp x="1699" y="1998" width="30" height="34" />
        <cmp x="1743" y="1992" width="39" height="30" />
        <cmp x="1785" y="1973" width="66" height="46" />
      </word>
      <word id="a05-022-07-07" tag="INO" text="of">
        <cmp x="1938" y="1986" width="27" height="26" />
        <cmp x="1978" y="1966" width="26" height="51" />
      </word>
      <upper-contour>
        <point x="384" y="1854" />
        <point x="2005" y="1854" />
      </upper-contour>
      <lower-contour>
        <point x="386" y="2051" />
        <point x="1060" y="2051" />
      </lower-contour>
    </line>
    <line ass="-528" asx="0" asy="2152" character-width="999" dss="-528" dsx="0" dsy="2210" fd0="13500" fd1="3023" fd2="-273" filter-width="4" id="a05-022-08" lbs="-413" lbx="0" lby="2200" segmentation="ok" slant="114999" stroke-width="6384" threshold="176" text="defence policy." ubs="-758" ubx="0" uby="2177">
      <word id="a05-022-08-00" tag="NN" text="defence">
        <cmp x="388" y="2177" width="84" height="33" />
        <cmp x="473" y="2158" width="120" height="52" />
        <cmp x="599" y="2180" width="116" height="26" />
      </word>
      <word id="a05-022-08-01" tag="NN" text="policy">
        <cmp x="809" y="2184" width="25" height="32" />
        <cmp x="837" y="2180" width="35" height="26" />
        <cmp x="884" y="2169" width="44" height="31" />
        <cmp x="902" y="2161" width="12" height="11" />
        <cmp x="934" y="2179" width="100" height="42" />
      </word>
      <word id="a05-022-08-02" tag="." text=".">
        <cmp x="1050" y="2203" width="9" height="9" />
      </word>
      <upper-contour>
        <point x="386" y="2051" />
        <point x="1060" y="2051" />
      </upper-contour>
    </line>
  </handwritten-part>
</form>

