<?xml version="1.0" encoding="ISO-8859-1"?>

<!DOCTYPE form SYSTEM 'http://www.iam.unibe.ch/~fki/iamdb/form-metadata.dtd'>

<form created="2002-03-16" height="3542" id="a05-084" last-modified="2002-07-17" skew="95" status="final" version="3.0_beta" width="2479" writer-id="000">
  <machine-printed-part>
    <machine-print-line text="The Russians now realised its seriousness. The French doubts were more about pro-" />
    <machine-print-line text="cedure than about substance. The Prime Minister&apos;s attitude of studied calm brought" />
    <machine-print-line text="down the temperature of the debate, which never at any time rose to fever pitch, to" />
    <machine-print-line text="a remarkable degree of sub-normality. Throughout Mr. Macmillan&apos;s speech the Earl" />
    <machine-print-line text="of Home, Foreign Secretary, was listening in the Peers&apos; Gallery." />
  </machine-printed-part>
  <handwritten-part>
    <line ass="269" asx="0" asy="759" character-width="999" dss="269" dsx="0" dsy="829" fd0="13184" fd1="2835" fd2="364" filter-width="4" id="a05-084-00" lbs="282" lbx="0" lby="819" segmentation="ok" slant="108999" stroke-width="6469" threshold="182" text="The Russians now realised its seriousness. The" ubs="243" ubx="0" uby="797">
      <word id="a05-084-00-00" sentence-start="yes" tag="ATI" text="The">
        <cmp x="340" y="765" width="145" height="51" />
      </word>
      <word id="a05-084-00-01" tag="NNPS" text="Russians">
        <cmp x="560" y="760" width="148" height="56" />
        <cmp x="692" y="777" width="11" height="12" />
        <cmp x="723" y="797" width="99" height="26" />
      </word>
      <word id="a05-084-00-02" tag="RN" text="now">
        <cmp x="910" y="792" width="153" height="30" />
      </word>
      <word id="a05-084-00-03" tag="VBD" text="realised">
        <cmp x="1119" y="785" width="66" height="27" />
        <cmp x="1182" y="786" width="46" height="27" />
        <cmp x="1225" y="776" width="45" height="35" />
        <cmp x="1250" y="763" width="9" height="12" />
        <cmp x="1285" y="789" width="63" height="26" />
        <cmp x="1351" y="775" width="50" height="39" />
      </word>
      <word id="a05-084-00-04" tag="PP$" text="its">
        <cmp x="1498" y="752" width="12" height="19" />
        <cmp x="1503" y="791" width="16" height="23" />
        <cmp x="1528" y="768" width="40" height="47" />
      </word>
      <word id="a05-084-00-05" tag="NN" text="seriousness">
        <cmp x="1625" y="785" width="107" height="30" />
        <cmp x="1718" y="763" width="9" height="12" />
        <cmp x="1743" y="793" width="117" height="28" />
        <cmp x="1866" y="788" width="147" height="25" />
      </word>
      <word id="a05-084-00-06" tag="." text=".">
        <cmp x="2036" y="803" width="12" height="7" />
      </word>
      <word id="a05-084-00-07" sentence-start="yes" tag="ATI" text="The">
        <cmp x="2104" y="750" width="151" height="63" />
        <cmp x="2127" y="762" width="11" height="48" />
      </word>
      <lower-contour>
        <point x="338" y="823" />
        <point x="2222" y="823" />
      </lower-contour>
    </line>
    <line ass="107" asx="0" asy="947" character-width="999" dss="107" dsx="0" dsy="1008" fd0="13505" fd1="2773" fd2="-184" filter-width="4" id="a05-084-01" lbs="91" lbx="0" lby="994" segmentation="ok" slant="110000" stroke-width="6443" threshold="184" text="French doubts were more about procedure" ubs="138" ubx="0" uby="972">
      <word id="a05-084-01-00" tag="JNP" text="French">
        <cmp x="316" y="946" width="78" height="12" />
        <cmp x="348" y="961" width="66" height="42" />
        <cmp x="415" y="969" width="89" height="24" />
        <cmp x="523" y="965" width="102" height="29" />
      </word>
      <word id="a05-084-01-01" tag="NNS" text="doubts">
        <cmp x="735" y="949" width="202" height="48" />
        <cmp x="939" y="950" width="69" height="47" />
      </word>
      <word id="a05-084-01-02" tag="BED" text="were">
        <cmp x="1066" y="966" width="49" height="27" />
        <cmp x="1120" y="966" width="47" height="29" />
        <cmp x="1175" y="965" width="51" height="35" />
      </word>
      <word id="a05-084-01-03" tag="RBR" text="more">
        <cmp x="1315" y="973" width="53" height="18" />
        <cmp x="1376" y="962" width="134" height="33" />
      </word>
      <word id="a05-084-01-04" tag="IN" text="about">
        <cmp x="1604" y="946" width="223" height="48" />
      </word>
      <word id="a05-084-01-05" tag="NN" text="procedure">
        <cmp x="1885" y="972" width="33" height="33" />
        <cmp x="1926" y="967" width="20" height="22" />
        <cmp x="1950" y="965" width="35" height="30" />
        <cmp x="1990" y="961" width="78" height="33" />
        <cmp x="2072" y="956" width="149" height="40" />
      </word>
      <upper-contour>
        <point x="338" y="823" />
        <point x="2222" y="823" />
      </upper-contour>
      <lower-contour>
        <point x="335" y="1006" />
        <point x="2222" y="1006" />
      </lower-contour>
    </line>
    <line ass="239" asx="0" asy="1114" character-width="999" dss="239" dsx="0" dsy="1188" fd0="13837" fd1="3228" fd2="586" filter-width="4" id="a05-084-02" lbs="244" lbx="0" lby="1178" segmentation="ok" slant="108999" stroke-width="6484" threshold="184" text="than about substance. The Prime Minister&apos;s" ubs="229" ubx="0" uby="1157">
      <word id="a05-084-02-00" tag="CS" text="than">
        <cmp x="337" y="1133" width="87" height="41" />
        <cmp x="427" y="1153" width="103" height="26" />
      </word>
      <word id="a05-084-02-01" tag="IN" text="about">
        <cmp x="631" y="1132" width="220" height="46" />
      </word>
      <word id="a05-084-02-02" tag="NN" text="substance">
        <cmp x="930" y="1148" width="20" height="24" />
        <cmp x="951" y="1122" width="93" height="55" />
        <cmp x="1056" y="1149" width="23" height="27" />
        <cmp x="1077" y="1127" width="27" height="45" />
        <cmp x="1114" y="1150" width="79" height="23" />
        <cmp x="1202" y="1148" width="79" height="31" />
      </word>
      <word id="a05-084-02-03" tag="." text=".">
        <cmp x="1305" y="1176" width="8" height="7" />
      </word>
      <word id="a05-084-02-04" sentence-start="yes" tag="ATI" text="The">
        <cmp x="1377" y="1118" width="164" height="59" />
      </word>
      <word id="a05-084-02-05" tag="NPT" text="Prime">
        <cmp x="1578" y="1108" width="70" height="58" />
        <cmp x="1650" y="1149" width="40" height="28" />
        <cmp x="1680" y="1119" width="10" height="12" />
        <cmp x="1702" y="1148" width="117" height="30" />
      </word>
      <word id="a05-084-02-06" tag="NPT$" text="Minister&apos;s">
        <cmp x="1896" y="1126" width="179" height="47" />
        <cmp x="1977" y="1112" width="9" height="8" />
        <cmp x="2055" y="1120" width="10" height="10" />
        <cmp x="2095" y="1138" width="107" height="41" />
        <cmp x="2209" y="1121" width="11" height="22" />
        <cmp x="2236" y="1160" width="19" height="13" />
      </word>
      <upper-contour>
        <point x="335" y="1006" />
        <point x="2222" y="1006" />
      </upper-contour>
      <lower-contour>
        <point x="335" y="1183" />
        <point x="2234" y="1183" />
      </lower-contour>
    </line>
    <line ass="94" asx="0" asy="1300" character-width="999" dss="94" dsx="0" dsy="1370" fd0="13579" fd1="2954" fd2="-2" filter-width="4" id="a05-084-03" lbs="79" lbx="0" lby="1356" segmentation="ok" slant="105000" stroke-width="6674" threshold="182" text="attitude of studied calm brought down the" ubs="124" ubx="0" uby="1331">
      <word id="a05-084-03-00" tag="NN" text="attitude">
        <cmp x="336" y="1309" width="133" height="45" />
        <cmp x="448" y="1303" width="16" height="14" />
        <cmp x="473" y="1319" width="60" height="45" />
        <cmp x="539" y="1326" width="131" height="37" />
      </word>
      <word id="a05-084-03-01" tag="INO" text="of">
        <cmp x="747" y="1299" width="71" height="58" />
      </word>
      <word id="a05-084-03-02" tag="JJ" text="studied">
        <cmp x="889" y="1333" width="30" height="20" />
        <cmp x="918" y="1310" width="228" height="46" />
        <cmp x="1033" y="1305" width="11" height="9" />
      </word>
      <word id="a05-084-03-03" tag="NN" text="calm">
        <cmp x="1223" y="1328" width="33" height="29" />
        <cmp x="1257" y="1329" width="53" height="24" />
        <cmp x="1316" y="1326" width="89" height="26" />
      </word>
      <word id="a05-084-03-04" tag="VBD" text="brought">
        <cmp x="1492" y="1318" width="43" height="44" />
        <cmp x="1544" y="1333" width="21" height="23" />
        <cmp x="1571" y="1330" width="88" height="24" />
        <cmp x="1679" y="1318" width="67" height="51" />
        <cmp x="1754" y="1306" width="26" height="45" />
      </word>
      <word id="a05-084-03-05" tag="RP" text="down">
        <cmp x="1851" y="1322" width="50" height="35" />
        <cmp x="1903" y="1323" width="93" height="30" />
        <cmp x="2006" y="1332" width="29" height="19" />
      </word>
      <word id="a05-084-03-06" tag="ATI" text="the">
        <cmp x="2113" y="1303" width="120" height="59" />
      </word>
      <upper-contour>
        <point x="335" y="1183" />
        <point x="2234" y="1183" />
      </upper-contour>
      <lower-contour>
        <point x="341" y="1369" />
        <point x="2164" y="1369" />
      </lower-contour>
    </line>
    <line ass="59" asx="0" asy="1482" character-width="999" dss="59" dsx="0" dsy="1554" fd0="13518" fd1="2807" fd2="-95" filter-width="4" id="a05-084-04" lbs="62" lbx="0" lby="1536" segmentation="ok" slant="114000" stroke-width="6418" threshold="184" text="temperature of the debate, which never" ubs="53" ubx="0" uby="1510">
      <word id="a05-084-04-00" tag="NN" text="temperature">
        <cmp x="343" y="1496" width="288" height="53" />
        <cmp x="632" y="1497" width="135" height="37" />
        <cmp x="773" y="1505" width="59" height="33" />
      </word>
      <word id="a05-084-04-01" tag="INO" text="of">
        <cmp x="920" y="1512" width="36" height="27" />
        <cmp x="963" y="1483" width="48" height="59" />
      </word>
      <word id="a05-084-04-02" tag="ATI" text="the">
        <cmp x="1073" y="1492" width="130" height="42" />
      </word>
      <word id="a05-084-04-03" tag="NN" text="debate">
        <cmp x="1250" y="1485" width="156" height="51" />
        <cmp x="1409" y="1486" width="139" height="54" />
      </word>
      <word id="a05-084-04-04" tag="," text=",">
        <cmp x="1585" y="1529" width="11" height="24" />
      </word>
      <word id="a05-084-04-05" tag="WDT" text="which">
        <cmp x="1654" y="1501" width="65" height="36" />
        <cmp x="1734" y="1500" width="69" height="37" />
        <cmp x="1779" y="1484" width="8" height="12" />
        <cmp x="1815" y="1509" width="85" height="25" />
      </word>
      <word id="a05-084-04-06" tag="RB" text="never">
        <cmp x="1969" y="1505" width="84" height="32" />
        <cmp x="2051" y="1505" width="32" height="31" />
        <cmp x="2088" y="1500" width="75" height="42" />
      </word>
      <upper-contour>
        <point x="341" y="1369" />
        <point x="2164" y="1369" />
      </upper-contour>
      <lower-contour>
        <point x="347" y="1553" />
        <point x="2079" y="1553" />
      </lower-contour>
    </line>
    <line ass="-52" asx="0" asy="1662" character-width="999" dss="-52" dsx="0" dsy="1739" fd0="13737" fd1="3805" fd2="1016" filter-width="4" id="a05-084-05" lbs="-50" lbx="0" lby="1713" segmentation="ok" slant="106000" stroke-width="6544" threshold="179" text="at any time rose to fever pitch, to a" ubs="-57" ubx="0" uby="1692">
      <word id="a05-084-05-00" tag="IN" text="at">
        <cmp x="349" y="1672" width="83" height="45" />
      </word>
      <word id="a05-084-05-01" tag="DTI" text="any">
        <cmp x="506" y="1688" width="131" height="48" />
      </word>
      <word id="a05-084-05-02" tag="NN" text="time">
        <cmp x="688" y="1682" width="45" height="42" />
        <cmp x="720" y="1673" width="12" height="16" />
        <cmp x="741" y="1694" width="131" height="26" />
      </word>
      <word id="a05-084-05-03" tag="VBD" text="rose">
        <cmp x="939" y="1697" width="23" height="25" />
        <cmp x="970" y="1686" width="124" height="32" />
      </word>
      <word id="a05-084-05-04" tag="IN" text="to">
        <cmp x="1148" y="1672" width="73" height="42" />
      </word>
      <word id="a05-084-05-05" tag="NN" text="fever">
        <cmp x="1315" y="1667" width="79" height="52" />
        <cmp x="1394" y="1689" width="34" height="29" />
        <cmp x="1435" y="1686" width="72" height="35" />
      </word>
      <word id="a05-084-05-06" tag="NN" text="pitch">
        <cmp x="1595" y="1692" width="30" height="35" />
        <cmp x="1636" y="1665" width="12" height="16" />
        <cmp x="1641" y="1696" width="12" height="14" />
        <cmp x="1667" y="1678" width="70" height="41" />
        <cmp x="1734" y="1678" width="41" height="41" />
      </word>
      <word id="a05-084-05-07" tag="," text=",">
        <cmp x="1821" y="1720" width="10" height="22" />
      </word>
      <word id="a05-084-05-08" tag="IN" text="to">
        <cmp x="1883" y="1675" width="27" height="42" />
        <cmp x="1918" y="1691" width="35" height="28" />
      </word>
      <word id="a05-084-05-09" tag="AT" text="a">
        <cmp x="2025" y="1685" width="53" height="25" />
      </word>
      <upper-contour>
        <point x="347" y="1553" />
        <point x="2079" y="1553" />
      </upper-contour>
      <lower-contour>
        <point x="347" y="1742" />
        <point x="1990" y="1742" />
      </lower-contour>
    </line>
    <line ass="-125" asx="0" asy="1827" character-width="999" dss="-125" dsx="0" dsy="1904" fd0="13815" fd1="2833" fd2="-291" filter-width="4" id="a05-084-06" lbs="-92" lbx="0" lby="1888" segmentation="ok" slant="108999" stroke-width="6435" threshold="181" text="remarkable degree of sub-normality." ubs="-191" ubx="0" uby="1865">
      <word id="a05-084-06-00" tag="JJ" text="remarkable">
        <cmp x="348" y="1860" width="164" height="31" />
        <cmp x="520" y="1860" width="90" height="27" />
        <cmp x="621" y="1855" width="34" height="36" />
        <cmp x="659" y="1853" width="102" height="44" />
        <cmp x="766" y="1860" width="76" height="36" />
      </word>
      <word id="a05-084-06-01" tag="NN" text="degree">
        <cmp x="932" y="1860" width="79" height="34" />
        <cmp x="1015" y="1859" width="164" height="49" />
      </word>
      <word id="a05-084-06-02" tag="INO" text="of">
        <cmp x="1253" y="1861" width="26" height="26" />
        <cmp x="1287" y="1831" width="32" height="64" />
      </word>
      <word id="a05-084-06-03" tag="NN" text="sub-normality">
        <cmp x="1405" y="1872" width="21" height="18" />
        <cmp x="1429" y="1837" width="89" height="58" />
        <cmp x="1538" y="1872" width="31" height="8" />
        <cmp x="1586" y="1867" width="38" height="23" />
        <cmp x="1629" y="1868" width="74" height="26" />
        <cmp x="1709" y="1870" width="69" height="21" />
        <cmp x="1777" y="1863" width="107" height="27" />
        <cmp x="1850" y="1839" width="15" height="15" />
        <cmp x="1880" y="1850" width="84" height="57" />
      </word>
      <word id="a05-084-06-04" tag="." text=".">
        <cmp x="1982" y="1887" width="8" height="8" />
      </word>
      <upper-contour>
        <point x="347" y="1742" />
        <point x="1990" y="1742" />
      </upper-contour>
      <lower-contour>
        <point x="346" y="1908" />
        <point x="1990" y="1908" />
      </lower-contour>
    </line>
    <line ass="131" asx="0" asy="2009" character-width="999" dss="131" dsx="0" dsy="2093" fd0="13910" fd1="3381" fd2="395" filter-width="4" id="a05-084-07" lbs="123" lbx="0" lby="2071" segmentation="ok" slant="108000" stroke-width="6669" threshold="180" text="Throughout Mr. Macmillan&apos;s speech the Earl" ubs="146" ubx="0" uby="2048">
      <word id="a05-084-07-00" sentence-start="yes" tag="IN" text="Throughout">
        <cmp x="294" y="2025" width="110" height="46" />
        <cmp x="394" y="2041" width="99" height="31" />
        <cmp x="505" y="2050" width="44" height="42" />
        <cmp x="561" y="2036" width="40" height="37" />
        <cmp x="602" y="2028" width="148" height="46" />
      </word>
      <word id="a05-084-07-01" tag="NPT" text="Mr.">
        <cmp x="838" y="2034" width="122" height="42" />
        <cmp x="975" y="2067" width="9" height="8" />
      </word>
      <word id="a05-084-07-02" tag="NP$" text="Macmillan&apos;s">
        <cmp x="1070" y="2021" width="58" height="46" />
        <cmp x="1130" y="2041" width="45" height="26" />
        <cmp x="1174" y="2039" width="38" height="26" />
        <cmp x="1222" y="2045" width="84" height="22" />
        <cmp x="1292" y="2022" width="11" height="13" />
        <cmp x="1319" y="2037" width="43" height="31" />
        <cmp x="1367" y="2047" width="77" height="23" />
        <cmp x="1453" y="2007" width="13" height="24" />
        <cmp x="1485" y="2045" width="26" height="21" />
      </word>
      <word id="a05-084-07-03" tag="NN" text="speech">
        <cmp x="1585" y="2044" width="18" height="25" />
        <cmp x="1612" y="2040" width="134" height="37" />
        <cmp x="1750" y="2041" width="85" height="26" />
      </word>
      <word id="a05-084-07-04" tag="ATI" text="the">
        <cmp x="1901" y="2033" width="40" height="32" />
        <cmp x="1940" y="2038" width="100" height="35" />
      </word>
      <word id="a05-084-07-05" tag="NPT" text="Earl">
        <cmp x="2087" y="2019" width="39" height="50" />
        <cmp x="2125" y="2041" width="64" height="26" />
        <cmp x="2195" y="2034" width="17" height="34" />
      </word>
      <upper-contour>
        <point x="346" y="1908" />
        <point x="1990" y="1908" />
      </upper-contour>
      <lower-contour>
        <point x="332" y="2091" />
        <point x="2199" y="2091" />
      </lower-contour>
    </line>
    <line ass="100" asx="0" asy="2194" character-width="999" dss="100" dsx="0" dsy="2276" fd0="13632" fd1="3289" fd2="200" filter-width="4" id="a05-084-08" lbs="82" lbx="0" lby="2252" segmentation="ok" slant="113000" stroke-width="6523" threshold="179" text="of Home, Foreign Secretary, was listening" ubs="137" ubx="0" uby="2231">
      <word id="a05-084-08-00" tag="INO" text="of">
        <cmp x="334" y="2194" width="77" height="62" />
      </word>
      <word id="a05-084-08-01" tag="NP" text="Home">
        <cmp x="470" y="2208" width="63" height="39" />
        <cmp x="534" y="2224" width="166" height="31" />
      </word>
      <word id="a05-084-08-02" tag="," text=",">
        <cmp x="723" y="2249" width="9" height="21" />
      </word>
      <word id="a05-084-08-03" tag="JJ" text="Foreign">
        <cmp x="857" y="2197" width="73" height="14" />
        <cmp x="882" y="2210" width="113" height="51" />
        <cmp x="1006" y="2223" width="63" height="26" />
        <cmp x="1038" y="2196" width="10" height="17" />
        <cmp x="1085" y="2228" width="20" height="31" />
        <cmp x="1107" y="2233" width="62" height="17" />
      </word>
      <word id="a05-084-08-04" tag="NPT" text="Secretary">
        <cmp x="1270" y="2200" width="71" height="49" />
        <cmp x="1343" y="2220" width="38" height="31" />
        <cmp x="1385" y="2224" width="19" height="28" />
        <cmp x="1413" y="2221" width="43" height="28" />
        <cmp x="1468" y="2205" width="18" height="40" />
        <cmp x="1489" y="2219" width="85" height="28" />
        <cmp x="1588" y="2224" width="54" height="45" />
      </word>
      <word id="a05-084-08-05" tag="," text=",">
        <cmp x="1655" y="2244" width="16" height="26" />
      </word>
      <word id="a05-084-08-06" tag="BEDZ" text="was">
        <cmp x="1720" y="2227" width="52" height="28" />
        <cmp x="1779" y="2225" width="86" height="25" />
      </word>
      <word id="a05-084-08-07" tag="VBG" text="listening">
        <cmp x="1938" y="2212" width="38" height="35" />
        <cmp x="1958" y="2206" width="6" height="7" />
        <cmp x="1985" y="2220" width="18" height="23" />
        <cmp x="2005" y="2203" width="141" height="37" />
        <cmp x="2101" y="2196" width="6" height="7" />
        <cmp x="2153" y="2225" width="45" height="48" />
      </word>
      <upper-contour>
        <point x="332" y="2091" />
        <point x="2199" y="2091" />
      </upper-contour>
      <lower-contour>
        <point x="347" y="2270" />
        <point x="1446" y="2270" />
      </lower-contour>
    </line>
    <line ass="79" asx="0" asy="2370" character-width="999" dss="79" dsx="0" dsy="2447" fd0="13052" fd1="3337" fd2="613" filter-width="4" id="a05-084-09" lbs="-246" lbx="0" lby="2425" segmentation="ok" slant="95000" stroke-width="6350" threshold="178" text="in the Peers&apos; Gallery." ubs="732" ubx="0" uby="2416">
      <word id="a05-084-09-00" tag="IN" text="in">
        <cmp x="349" y="2418" width="80" height="16" />
        <cmp x="354" y="2389" width="11" height="8" />
      </word>
      <word id="a05-084-09-01" tag="ATI" text="the">
        <cmp x="560" y="2395" width="143" height="34" />
      </word>
      <word id="a05-084-09-02" tag="NNS$" text="Peers&apos;">
        <cmp x="772" y="2371" width="73" height="58" />
        <cmp x="858" y="2396" width="128" height="36" />
        <cmp x="984" y="2403" width="31" height="20" />
        <cmp x="1045" y="2370" width="8" height="20" />
      </word>
      <word id="a05-084-09-03" tag="NPL" text="Gallery">
        <cmp x="1155" y="2383" width="47" height="44" />
        <cmp x="1223" y="2405" width="48" height="22" />
        <cmp x="1269" y="2397" width="116" height="32" />
        <cmp x="1382" y="2407" width="40" height="39" />
      </word>
      <word id="a05-084-09-04" tag="." text=".">
        <cmp x="1438" y="2428" width="7" height="10" />
      </word>
      <upper-contour>
        <point x="347" y="2270" />
        <point x="1446" y="2270" />
      </upper-contour>
    </line>
  </handwritten-part>
</form>

