<?xml version="1.0" encoding="ISO-8859-1"?>

<!DOCTYPE form SYSTEM 'http://www.iam.unibe.ch/~fki/iamdb/form-metadata.dtd'>

<form created="2002-03-16" height="3542" id="a05-099" last-modified="2002-07-17" skew="63" status="final" version="3.0_beta" width="2479" writer-id="000">
  <machine-printed-part>
    <machine-print-line text="A reference to the reunification of Germany brought a bark of &amp;quot;Start another war!&amp;quot;" />
    <machine-print-line text="from Mr. Ellis Smith (Lab., Stoke on Trent S.). Then Mr. Healey launched out on" />
    <machine-print-line text="his pet theme of limitation of armaments in Europe. This could, he suggested, be" />
    <machine-print-line text="linked with prohibition of the production of atomic weapons in any part of Europe." />
    <machine-print-line text="Inspection and control would be much easier to establish in these territories." />
  </machine-printed-part>
  <handwritten-part>
    <line ass="226" asx="0" asy="755" character-width="999" dss="226" dsx="0" dsy="833" fd0="13648" fd1="2844" fd2="4" filter-width="4" id="a05-099-00" lbs="241" lbx="0" lby="812" segmentation="ok" slant="112000" stroke-width="6467" threshold="187" text="A reference to the reunification of Germany" ubs="196" ubx="0" uby="789">
      <word id="a05-099-00-00" sentence-start="yes" tag="AT" text="A">
        <cmp x="352" y="754" width="36" height="56" />
      </word>
      <word id="a05-099-00-01" tag="NN" text="reference">
        <cmp x="453" y="760" width="139" height="57" />
        <cmp x="593" y="786" width="87" height="22" />
        <cmp x="697" y="786" width="88" height="24" />
      </word>
      <word id="a05-099-00-02" tag="IN" text="to">
        <cmp x="888" y="762" width="64" height="45" />
      </word>
      <word id="a05-099-00-03" tag="ATI" text="the">
        <cmp x="995" y="775" width="114" height="38" />
      </word>
      <word id="a05-099-00-04" tag="NN" text="reunification">
        <cmp x="1222" y="781" width="71" height="30" />
        <cmp x="1290" y="787" width="114" height="20" />
        <cmp x="1364" y="757" width="17" height="13" />
        <cmp x="1414" y="757" width="41" height="53" />
        <cmp x="1438" y="762" width="10" height="10" />
        <cmp x="1469" y="778" width="33" height="34" />
        <cmp x="1510" y="773" width="92" height="38" />
        <cmp x="1573" y="761" width="10" height="8" />
        <cmp x="1622" y="782" width="76" height="27" />
      </word>
      <word id="a05-099-00-05" tag="INO" text="of">
        <cmp x="1779" y="780" width="34" height="27" />
        <cmp x="1819" y="750" width="33" height="63" />
      </word>
      <word id="a05-099-00-06" tag="NP" text="Germany">
        <cmp x="1930" y="764" width="39" height="40" />
        <cmp x="1974" y="777" width="62" height="26" />
        <cmp x="2041" y="781" width="45" height="18" />
        <cmp x="2088" y="778" width="116" height="47" />
      </word>
      <lower-contour>
        <point x="352" y="826" />
        <point x="2205" y="826" />
      </lower-contour>
    </line>
    <line ass="27" asx="0" asy="920" character-width="999" dss="27" dsx="0" dsy="1003" fd0="13937" fd1="3622" fd2="607" filter-width="4" id="a05-099-01" lbs="-30" lbx="0" lby="984" segmentation="ok" slant="117000" stroke-width="6426" threshold="188" text="brought a bark of &amp;quot;Start another war!&amp;quot;" ubs="145" ubx="0" uby="965">
      <word id="a05-099-01-00" tag="VBD" text="brought">
        <cmp x="354" y="957" width="37" height="34" />
        <cmp x="396" y="965" width="117" height="24" />
        <cmp x="518" y="963" width="45" height="40" />
        <cmp x="559" y="948" width="87" height="38" />
      </word>
      <word id="a05-099-01-01" tag="AT" text="a">
        <cmp x="750" y="968" width="44" height="20" />
      </word>
      <word id="a05-099-01-02" tag="NN" text="bark">
        <cmp x="835" y="946" width="121" height="40" />
        <cmp x="970" y="951" width="30" height="32" />
      </word>
      <word id="a05-099-01-03" tag="INO" text="of">
        <cmp x="1105" y="929" width="69" height="67" />
      </word>
      <word id="a05-099-01-04" tag="*&apos;" text="&quot;">
        <cmp x="1303" y="971" width="27" height="21" />
      </word>
      <word id="a05-099-01-05" tag="VB" text="Start">
        <cmp x="1360" y="933" width="44" height="49" />
        <cmp x="1403" y="940" width="40" height="37" />
        <cmp x="1451" y="953" width="62" height="28" />
        <cmp x="1532" y="942" width="33" height="37" />
      </word>
      <word id="a05-099-01-06" tag="DT" text="another">
        <cmp x="1659" y="962" width="73" height="22" />
        <cmp x="1741" y="964" width="45" height="21" />
        <cmp x="1778" y="946" width="165" height="44" />
      </word>
      <word id="a05-099-01-07" tag="NN" text="war">
        <cmp x="2012" y="964" width="61" height="27" />
        <cmp x="2078" y="958" width="68" height="29" />
      </word>
      <word id="a05-099-01-08" tag="!" text="!">
        <cmp x="2176" y="941" width="12" height="26" />
        <cmp x="2189" y="982" width="8" height="8" />
      </word>
      <word id="a05-099-01-09" tag="**&apos;" text="&quot;">
        <cmp x="2241" y="920" width="21" height="21" />
      </word>
      <upper-contour>
        <point x="352" y="826" />
        <point x="2205" y="826" />
      </upper-contour>
      <lower-contour>
        <point x="363" y="1003" />
        <point x="2263" y="1003" />
      </lower-contour>
    </line>
    <line ass="327" asx="0" asy="1108" character-width="999" dss="327" dsx="0" dsy="1197" fd0="13951" fd1="3667" fd2="1226" filter-width="4" id="a05-099-02" lbs="299" lbx="0" lby="1172" segmentation="ok" slant="102000" stroke-width="6397" threshold="185" text="from Mr. Ellis Smith (Lab., Stoke on Trent S.)." ubs="385" ubx="0" uby="1153">
      <word id="a05-099-02-00" tag="IN" text="from">
        <cmp x="365" y="1123" width="45" height="59" />
        <cmp x="416" y="1147" width="103" height="25" />
      </word>
      <word id="a05-099-02-01" tag="NPT" text="Mr.">
        <cmp x="673" y="1132" width="118" height="41" />
        <cmp x="809" y="1161" width="11" height="7" />
      </word>
      <word id="a05-099-02-02" tag="NP" text="Ellis">
        <cmp x="908" y="1117" width="42" height="51" />
        <cmp x="964" y="1128" width="71" height="41" />
        <cmp x="1019" y="1131" width="11" height="6" />
        <cmp x="1046" y="1144" width="27" height="17" />
      </word>
      <word id="a05-099-02-03" tag="NP" text="Smith">
        <cmp x="1156" y="1116" width="40" height="43" />
        <cmp x="1203" y="1142" width="90" height="21" />
        <cmp x="1272" y="1111" width="9" height="10" />
        <cmp x="1304" y="1125" width="85" height="39" />
      </word>
      <word id="a05-099-02-04" tag="(" text="(">
        <cmp x="1460" y="1104" width="25" height="83" />
      </word>
      <word id="a05-099-02-05" tag="NN" text="Lab.">
        <cmp x="1523" y="1129" width="28" height="35" />
        <cmp x="1560" y="1125" width="89" height="43" />
        <cmp x="1660" y="1163" width="8" height="8" />
      </word>
      <word id="a05-099-02-06" tag="," text=",">
        <cmp x="1710" y="1165" width="10" height="23" />
      </word>
      <word id="a05-099-02-07" tag="NP" text="Stoke">
        <cmp x="1789" y="1116" width="28" height="48" />
        <cmp x="1829" y="1118" width="24" height="44" />
        <cmp x="1855" y="1138" width="32" height="25" />
        <cmp x="1898" y="1124" width="86" height="37" />
      </word>
      <word id="a05-099-02-08" tag="IN" text="on">
        <cmp x="2026" y="1128" width="70" height="30" />
      </word>
      <word id="a05-099-02-09" tag="NP" text="Trent">
        <cmp x="2098" y="1104" width="64" height="9" />
        <cmp x="2144" y="1119" width="11" height="37" />
        <cmp x="2171" y="1119" width="107" height="41" />
      </word>
      <word id="a05-099-02-10" tag="NP" text="S.">
        <cmp x="2322" y="1110" width="24" height="48" />
        <cmp x="2364" y="1155" width="8" height="8" />
      </word>
      <word id="a05-099-02-11" tag=")" text=")">
        <cmp x="2400" y="1096" width="22" height="86" />
      </word>
      <word id="a05-099-02-12" tag="." text=".">
        <cmp x="2426" y="1170" width="10" height="11" />
      </word>
      <upper-contour>
        <point x="363" y="1003" />
        <point x="2263" y="1003" />
      </upper-contour>
      <lower-contour>
        <point x="363" y="1188" />
        <point x="2238" y="1188" />
      </lower-contour>
    </line>
    <line ass="-19" asx="0" asy="1293" character-width="999" dss="-19" dsx="0" dsy="1381" fd0="13555" fd1="3785" fd2="1006" filter-width="4" id="a05-099-03" lbs="-3" lbx="0" lby="1341" segmentation="ok" slant="117000" stroke-width="6497" threshold="187" text="Then Mr. Healey launched out on his pet" ubs="-52" ubx="0" uby="1319">
      <word id="a05-099-03-00" sentence-start="yes" tag="RN" text="Then">
        <cmp x="349" y="1298" width="222" height="54" />
      </word>
      <word id="a05-099-03-01" tag="NPT" text="Mr.">
        <cmp x="661" y="1301" width="142" height="45" />
        <cmp x="829" y="1337" width="8" height="6" />
      </word>
      <word id="a05-099-03-02" tag="NP" text="Healey">
        <cmp x="899" y="1298" width="71" height="37" />
        <cmp x="976" y="1313" width="39" height="32" />
        <cmp x="1014" y="1320" width="52" height="24" />
        <cmp x="1061" y="1308" width="85" height="76" />
      </word>
      <word id="a05-099-03-03" tag="VBD" text="launched">
        <cmp x="1180" y="1303" width="27" height="43" />
        <cmp x="1217" y="1313" width="109" height="29" />
        <cmp x="1332" y="1311" width="112" height="34" />
        <cmp x="1447" y="1311" width="60" height="34" />
      </word>
      <word id="a05-099-03-04" tag="RP" text="out">
        <cmp x="1592" y="1302" width="123" height="43" />
      </word>
      <word id="a05-099-03-05" tag="IN" text="on">
        <cmp x="1764" y="1324" width="78" height="20" />
      </word>
      <word id="a05-099-03-06" tag="PP$" text="his">
        <cmp x="1929" y="1295" width="67" height="40" />
        <cmp x="1983" y="1295" width="10" height="9" />
        <cmp x="2017" y="1321" width="23" height="16" />
      </word>
      <word id="a05-099-03-07" tag="NN" text="pet">
        <cmp x="2110" y="1295" width="127" height="60" />
      </word>
      <upper-contour>
        <point x="363" y="1188" />
        <point x="2238" y="1188" />
      </upper-contour>
      <lower-contour>
        <point x="356" y="1384" />
        <point x="2238" y="1384" />
      </lower-contour>
    </line>
    <line ass="246" asx="0" asy="1471" character-width="999" dss="246" dsx="0" dsy="1543" fd0="13690" fd1="3206" fd2="793" filter-width="4" id="a05-099-04" lbs="246" lbx="0" lby="1530" segmentation="ok" slant="114999" stroke-width="6299" threshold="187" text="theme of limitation of armaments in Europe." ubs="245" ubx="0" uby="1512">
      <word id="a05-099-04-00" tag="NN" text="theme">
        <cmp x="358" y="1497" width="254" height="40" />
      </word>
      <word id="a05-099-04-01" tag="INO" text="of">
        <cmp x="696" y="1507" width="45" height="22" />
        <cmp x="730" y="1474" width="38" height="57" />
      </word>
      <word id="a05-099-04-02" tag="NN" text="limitation">
        <cmp x="828" y="1495" width="154" height="32" />
        <cmp x="849" y="1477" width="9" height="10" />
        <cmp x="944" y="1477" width="12" height="8" />
        <cmp x="989" y="1485" width="25" height="35" />
        <cmp x="1026" y="1503" width="44" height="22" />
        <cmp x="1067" y="1483" width="44" height="42" />
        <cmp x="1095" y="1482" width="9" height="12" />
        <cmp x="1126" y="1504" width="63" height="17" />
      </word>
      <word id="a05-099-04-03" tag="INO" text="of">
        <cmp x="1291" y="1496" width="34" height="25" />
        <cmp x="1325" y="1467" width="35" height="64" />
      </word>
      <word id="a05-099-04-04" tag="NNS" text="armaments">
        <cmp x="1435" y="1493" width="82" height="34" />
        <cmp x="1528" y="1501" width="50" height="21" />
        <cmp x="1591" y="1502" width="55" height="27" />
        <cmp x="1655" y="1485" width="200" height="42" />
      </word>
      <word id="a05-099-04-05" tag="IN" text="in">
        <cmp x="1929" y="1504" width="63" height="17" />
        <cmp x="1930" y="1467" width="10" height="11" />
      </word>
      <word id="a05-099-04-06" tag="NP" text="Europe">
        <cmp x="2063" y="1469" width="36" height="47" />
        <cmp x="2097" y="1492" width="59" height="27" />
        <cmp x="2159" y="1494" width="32" height="26" />
        <cmp x="2195" y="1485" width="91" height="49" />
      </word>
      <word id="a05-099-04-07" tag="." text=".">
        <cmp x="2319" y="1513" width="8" height="7" />
      </word>
      <upper-contour>
        <point x="356" y="1384" />
        <point x="2238" y="1384" />
      </upper-contour>
      <lower-contour>
        <point x="356" y="1537" />
        <point x="2102" y="1537" />
      </lower-contour>
    </line>
    <line ass="311" asx="0" asy="1659" character-width="999" dss="311" dsx="0" dsy="1731" fd0="14321" fd1="3229" fd2="554" filter-width="4" id="a05-099-05" lbs="308" lbx="0" lby="1706" segmentation="ok" slant="118000" stroke-width="6327" threshold="183" text="This could, he suggested, be linked with" ubs="317" ubx="0" uby="1684">
      <word id="a05-099-05-00" sentence-start="yes" tag="DT" text="This">
        <cmp x="351" y="1661" width="122" height="45" />
        <cmp x="448" y="1660" width="21" height="6" />
        <cmp x="493" y="1683" width="21" height="20" />
      </word>
      <word id="a05-099-05-01" tag="MD" text="could">
        <cmp x="593" y="1673" width="32" height="25" />
        <cmp x="626" y="1674" width="73" height="28" />
        <cmp x="701" y="1668" width="25" height="36" />
        <cmp x="727" y="1673" width="57" height="32" />
      </word>
      <word id="a05-099-05-02" tag="," text=",">
        <cmp x="806" y="1694" width="12" height="25" />
      </word>
      <word id="a05-099-05-03" tag="PP3A" text="he">
        <cmp x="883" y="1667" width="114" height="40" />
      </word>
      <word id="a05-099-05-04" tag="VBD" text="suggested">
        <cmp x="1041" y="1680" width="21" height="22" />
        <cmp x="1069" y="1682" width="47" height="21" />
        <cmp x="1124" y="1678" width="49" height="42" />
        <cmp x="1181" y="1660" width="120" height="60" />
        <cmp x="1311" y="1670" width="36" height="25" />
        <cmp x="1348" y="1663" width="51" height="31" />
      </word>
      <word id="a05-099-05-05" tag="," text=",">
        <cmp x="1441" y="1704" width="9" height="20" />
      </word>
      <word id="a05-099-05-06" tag="BE" text="be">
        <cmp x="1506" y="1664" width="47" height="42" />
        <cmp x="1558" y="1673" width="51" height="36" />
      </word>
      <word id="a05-099-05-07" tag="VBN" text="linked">
        <cmp x="1649" y="1670" width="81" height="26" />
        <cmp x="1673" y="1651" width="10" height="6" />
        <cmp x="1733" y="1665" width="76" height="33" />
        <cmp x="1809" y="1661" width="65" height="36" />
      </word>
      <word id="a05-099-05-08" tag="IN" text="with">
        <cmp x="1938" y="1671" width="56" height="30" />
        <cmp x="1996" y="1651" width="13" height="13" />
        <cmp x="2003" y="1674" width="16" height="20" />
        <cmp x="2031" y="1659" width="70" height="38" />
      </word>
      <upper-contour>
        <point x="356" y="1537" />
        <point x="2102" y="1537" />
      </upper-contour>
      <lower-contour>
        <point x="368" y="1724" />
        <point x="2100" y="1724" />
      </lower-contour>
    </line>
    <line ass="75" asx="0" asy="1825" character-width="999" dss="75" dsx="0" dsy="1896" fd0="14199" fd1="3234" fd2="564" filter-width="4" id="a05-099-06" lbs="52" lbx="0" lby="1880" segmentation="ok" slant="113000" stroke-width="6401" threshold="183" text="prohibition of the production of atomic" ubs="121" ubx="0" uby="1859">
      <word id="a05-099-06-00" tag="NN" text="prohibition">
        <cmp x="370" y="1862" width="29" height="35" />
        <cmp x="400" y="1863" width="20" height="17" />
        <cmp x="424" y="1857" width="42" height="26" />
        <cmp x="471" y="1846" width="69" height="31" />
        <cmp x="506" y="1826" width="11" height="8" />
        <cmp x="552" y="1847" width="36" height="31" />
        <cmp x="604" y="1831" width="15" height="13" />
        <cmp x="605" y="1861" width="19" height="18" />
        <cmp x="644" y="1836" width="38" height="37" />
        <cmp x="651" y="1831" width="14" height="10" />
        <cmp x="687" y="1853" width="88" height="25" />
      </word>
      <word id="a05-099-06-01" tag="INO" text="of">
        <cmp x="900" y="1854" width="45" height="22" />
        <cmp x="938" y="1826" width="31" height="57" />
      </word>
      <word id="a05-099-06-02" tag="ATI" text="the">
        <cmp x="1033" y="1838" width="149" height="44" />
      </word>
      <word id="a05-099-06-03" tag="NN" text="production">
        <cmp x="1270" y="1855" width="25" height="35" />
        <cmp x="1307" y="1858" width="21" height="17" />
        <cmp x="1337" y="1855" width="36" height="24" />
        <cmp x="1375" y="1843" width="198" height="40" />
        <cmp x="1569" y="1835" width="8" height="16" />
        <cmp x="1585" y="1859" width="75" height="22" />
      </word>
      <word id="a05-099-06-04" tag="INO" text="of">
        <cmp x="1711" y="1827" width="57" height="59" />
      </word>
      <word id="a05-099-06-05" tag="JJ" text="atomic">
        <cmp x="1843" y="1854" width="49" height="24" />
        <cmp x="1885" y="1836" width="30" height="39" />
        <cmp x="1919" y="1849" width="133" height="30" />
        <cmp x="2034" y="1826" width="10" height="18" />
        <cmp x="2063" y="1848" width="36" height="31" />
      </word>
      <upper-contour>
        <point x="368" y="1724" />
        <point x="2100" y="1724" />
      </upper-contour>
      <lower-contour>
        <point x="368" y="1897" />
        <point x="2100" y="1897" />
      </lower-contour>
    </line>
    <line ass="169" asx="0" asy="2008" character-width="999" dss="169" dsx="0" dsy="2079" fd0="13454" fd1="3177" fd2="297" filter-width="4" id="a05-099-07" lbs="158" lbx="0" lby="2062" segmentation="ok" slant="107000" stroke-width="6466" threshold="182" text="weapons in any part of Europe. Inspection" ubs="191" ubx="0" uby="2043">
      <word id="a05-099-07-00" tag="NNS" text="weapons">
        <cmp x="362" y="2037" width="55" height="31" />
        <cmp x="421" y="2034" width="43" height="27" />
        <cmp x="461" y="2033" width="54" height="29" />
        <cmp x="520" y="2034" width="35" height="36" />
        <cmp x="558" y="2035" width="105" height="20" />
      </word>
      <word id="a05-099-07-01" tag="IN" text="in">
        <cmp x="757" y="2040" width="79" height="18" />
        <cmp x="763" y="2012" width="13" height="10" />
      </word>
      <word id="a05-099-07-02" tag="DTI" text="any">
        <cmp x="924" y="2036" width="115" height="42" />
      </word>
      <word id="a05-099-07-03" tag="NN" text="part">
        <cmp x="1099" y="2034" width="32" height="37" />
        <cmp x="1135" y="2034" width="63" height="27" />
        <cmp x="1206" y="2017" width="37" height="33" />
      </word>
      <word id="a05-099-07-04" tag="INO" text="of">
        <cmp x="1302" y="2031" width="31" height="24" />
        <cmp x="1347" y="2006" width="26" height="58" />
      </word>
      <word id="a05-099-07-05" tag="NP" text="Europe">
        <cmp x="1441" y="2015" width="43" height="48" />
        <cmp x="1484" y="2037" width="99" height="27" />
        <cmp x="1585" y="2035" width="41" height="28" />
        <cmp x="1634" y="2031" width="81" height="45" />
      </word>
      <word id="a05-099-07-06" tag="." text=".">
        <cmp x="1729" y="2059" width="8" height="9" />
      </word>
      <word id="a05-099-07-07" sentence-start="yes" tag="NN" text="Inspection">
        <cmp x="1818" y="2014" width="65" height="37" />
        <cmp x="1890" y="2034" width="23" height="19" />
        <cmp x="1928" y="2031" width="85" height="36" />
        <cmp x="2019" y="2036" width="39" height="23" />
        <cmp x="2053" y="2016" width="45" height="40" />
        <cmp x="2088" y="2009" width="9" height="17" />
        <cmp x="2109" y="2032" width="102" height="22" />
      </word>
      <upper-contour>
        <point x="368" y="1897" />
        <point x="2100" y="1897" />
      </upper-contour>
      <lower-contour>
        <point x="367" y="2078" />
        <point x="2032" y="2078" />
      </lower-contour>
    </line>
    <line ass="321" asx="0" asy="2184" character-width="999" dss="321" dsx="0" dsy="2251" fd0="13684" fd1="3580" fd2="417" filter-width="4" id="a05-099-08" lbs="299" lbx="0" lby="2245" segmentation="ok" slant="119000" stroke-width="6261" threshold="183" text="and control would be much easier to" ubs="364" ubx="0" uby="2225">
      <word id="a05-099-08-00" tag="CC" text="and">
        <cmp x="369" y="2233" width="73" height="13" />
        <cmp x="444" y="2210" width="77" height="34" />
      </word>
      <word id="a05-099-08-01" tag="NN" text="control">
        <cmp x="630" y="2219" width="25" height="26" />
        <cmp x="662" y="2209" width="137" height="33" />
        <cmp x="805" y="2208" width="64" height="35" />
      </word>
      <word id="a05-099-08-02" tag="MD" text="would">
        <cmp x="954" y="2214" width="71" height="33" />
        <cmp x="1025" y="2201" width="122" height="39" />
        <cmp x="1148" y="2202" width="58" height="31" />
      </word>
      <word id="a05-099-08-03" tag="BE" text="be">
        <cmp x="1274" y="2200" width="94" height="40" />
      </word>
      <word id="a05-099-08-04" tag="RB" text="much">
        <cmp x="1427" y="2218" width="115" height="22" />
        <cmp x="1552" y="2208" width="96" height="31" />
      </word>
      <word id="a05-099-08-05" tag="JJR" text="easier">
        <cmp x="1714" y="2210" width="121" height="29" />
        <cmp x="1824" y="2175" width="13" height="4" />
        <cmp x="1843" y="2204" width="76" height="37" />
      </word>
      <word id="a05-099-08-06" tag="TO" text="to">
        <cmp x="1964" y="2195" width="26" height="44" />
        <cmp x="1994" y="2212" width="37" height="28" />
      </word>
      <upper-contour>
        <point x="367" y="2078" />
        <point x="2032" y="2078" />
      </upper-contour>
      <lower-contour>
        <point x="367" y="2247" />
        <point x="1616" y="2247" />
      </lower-contour>
    </line>
    <line ass="144" asx="0" asy="2366" character-width="999" dss="144" dsx="0" dsy="2427" fd0="13181" fd1="3101" fd2="367" filter-width="4" id="a05-099-09" lbs="139" lbx="0" lby="2422" segmentation="err" slant="102000" stroke-width="6419" threshold="179" text="establish in these territories." ubs="154" ubx="0" uby="2399">
      <word id="a05-099-09-00" tag="VB" text="establish">
        <cmp x="353" y="2394" width="55" height="28" />
        <cmp x="410" y="2379" width="26" height="39" />
        <cmp x="445" y="2384" width="90" height="38" />
        <cmp x="545" y="2392" width="53" height="27" />
        <cmp x="569" y="2381" width="12" height="7" />
        <cmp x="608" y="2396" width="62" height="31" />
      </word>
      <word id="a05-099-09-01" tag="IN" text="in">
        <cmp x="767" y="2371" width="11" height="10" />
        <cmp x="784" y="2405" width="67" height="17" />
      </word>
      <word id="a05-099-09-02" tag="DTS" text="these">
        <cmp x="920" y="2379" width="230" height="47" />
      </word>
      <word id="a05-099-09-03" tag="NNS" text="territories">
        <cmp x="1240" y="2383" width="117" height="39" />
        <cmp x="1365" y="2396" width="14" height="28" />
        <cmp x="1368" y="2365" width="8" height="12" />
        <cmp x="1389" y="2374" width="21" height="43" />
        <cmp x="1419" y="2391" width="74" height="26" />
        <cmp x="1501" y="2389" width="114" height="34" />
      </word>
      <word id="a05-099-09-04" tag="." text=".">
        <cmp x="1505" y="2364" width="7" height="8" />
      </word>
      <upper-contour>
        <point x="367" y="2247" />
        <point x="1616" y="2247" />
      </upper-contour>
    </line>
  </handwritten-part>
</form>

