<?xml version="1.0" encoding="ISO-8859-1"?>

<!DOCTYPE form SYSTEM 'http://www.iam.unibe.ch/~fki/iamdb/form-metadata.dtd'>

<form created="2002-01-16" height="3542" id="a06-039" last-modified="2002-07-17" skew="-30" status="final" version="3.0_beta" width="2479" writer-id="072">
  <machine-printed-part>
    <machine-print-line text="&amp;quot;The whole naval might of the Soviet Union can be seen here - a truly inspiring" />
    <machine-print-line text="and proud sight,&amp;quot; said Moscow radio&apos;s commentator. The parade was reviewed by" />
    <machine-print-line text="Marshal Andrei Grechko, commanding the forces of the Warsaw Pact countries -" />
    <machine-print-line text="the Communist &amp;quot;Nato.&amp;quot; He said rocket-carrying atomic submarines now formed the" />
    <machine-print-line text="basis of the Soviet Navy. MR. MACMILLAN&apos;S announcement in the Commons of" />
    <machine-print-line text="his momentous decision to apply for membership of the Common Market provoked a" />
    <machine-print-line text="violent personal attack by one - just one - of his backbenchers." />
  </machine-printed-part>
  <handwritten-part>
    <line ass="426" asx="0" asy="872" character-width="999" dss="426" dsx="0" dsy="1021" fd0="15014" fd1="2293" fd2="-1076" filter-width="3" id="a06-039-00" lbs="365" lbx="0" lby="956" segmentation="ok" slant="55000" stroke-width="4758" threshold="191" text="&amp;quot;The whole naval might of the Soviet" ubs="547" ubx="0" uby="933">
      <word id="a06-039-00-00" sentence-start="yes" tag="*&apos;" text="&quot;">
        <cmp x="368" y="870" width="13" height="19" />
        <cmp x="372" y="876" width="12" height="15" />
      </word>
      <word id="a06-039-00-01" tag="ATI" text="The">
        <cmp x="391" y="892" width="128" height="64" />
      </word>
      <word id="a06-039-00-02" tag="JJ" text="whole">
        <cmp x="557" y="923" width="46" height="40" />
        <cmp x="576" y="917" width="5" height="4" />
        <cmp x="603" y="937" width="3" height="4" />
        <cmp x="606" y="928" width="9" height="10" />
        <cmp x="620" y="879" width="40" height="78" />
        <cmp x="658" y="893" width="120" height="66" />
      </word>
      <word id="a06-039-00-03" tag="JJ" text="naval">
        <cmp x="833" y="920" width="84" height="47" />
        <cmp x="925" y="914" width="91" height="47" />
        <cmp x="1009" y="879" width="102" height="83" />
      </word>
      <word id="a06-039-00-04" tag="NN" text="might">
        <cmp x="1136" y="908" width="131" height="47" />
        <cmp x="1277" y="888" width="25" height="60" />
        <cmp x="1277" y="921" width="58" height="92" />
        <cmp x="1322" y="949" width="3" height="3" />
        <cmp x="1352" y="890" width="40" height="63" />
        <cmp x="1401" y="892" width="40" height="63" />
      </word>
      <word id="a06-039-00-05" tag="INO" text="of">
        <cmp x="1490" y="869" width="100" height="132" />
      </word>
      <word id="a06-039-00-06" tag="ATI" text="the">
        <cmp x="1597" y="874" width="99" height="84" />
      </word>
      <word id="a06-039-00-07" tag="NP" text="Soviet">
        <cmp x="1769" y="883" width="53" height="71" />
        <cmp x="1800" y="918" width="49" height="34" />
        <cmp x="1856" y="921" width="44" height="31" />
        <cmp x="1878" y="929" width="24" height="24" />
        <cmp x="1902" y="923" width="35" height="31" />
        <cmp x="1917" y="894" width="9" height="11" />
        <cmp x="1959" y="889" width="50" height="65" />
      </word>
      <lower-contour>
        <point x="366" y="1013" />
        <point x="2009" y="1013" />
      </lower-contour>
    </line>
    <line ass="621" asx="0" asy="1080" character-width="999" dss="621" dsx="0" dsy="1213" fd0="15102" fd1="2732" fd2="-384" filter-width="3" id="a06-039-01" lbs="537" lbx="0" lby="1137" segmentation="ok" slant="57000" stroke-width="4702" threshold="188" text="Union can be seen here - a truly inspiring" ubs="789" ubx="0" uby="1122">
      <word id="a06-039-01-00" tag="NP" text="Union">
        <cmp x="363" y="1117" width="19" height="34" />
        <cmp x="376" y="1105" width="10" height="12" />
        <cmp x="383" y="1132" width="3" height="3" />
        <cmp x="386" y="1100" width="3" height="4" />
        <cmp x="389" y="1083" width="15" height="16" />
        <cmp x="389" y="1122" width="6" height="7" />
        <cmp x="396" y="1119" width="3" height="3" />
        <cmp x="397" y="1079" width="39" height="68" />
        <cmp x="420" y="1111" width="24" height="37" />
        <cmp x="443" y="1114" width="25" height="29" />
        <cmp x="471" y="1117" width="15" height="21" />
        <cmp x="496" y="1114" width="70" height="23" />
        <cmp x="502" y="1085" width="4" height="10" />
      </word>
      <word id="a06-039-01-01" tag="MD" text="can">
        <cmp x="643" y="1106" width="37" height="35" />
        <cmp x="661" y="1135" width="6" height="4" />
        <cmp x="684" y="1113" width="101" height="29" />
      </word>
      <word id="a06-039-01-02" tag="BE" text="be">
        <cmp x="842" y="1070" width="81" height="71" />
      </word>
      <word id="a06-039-01-03" tag="VBN" text="seen">
        <cmp x="1002" y="1097" width="106" height="41" />
        <cmp x="1111" y="1102" width="36" height="31" />
      </word>
      <word id="a06-039-01-04" tag="RN" text="here">
        <cmp x="1198" y="1078" width="33" height="54" />
        <cmp x="1220" y="1096" width="126" height="39" />
      </word>
      <word id="a06-039-01-05" tag="*-" text="-">
        <cmp x="1408" y="1106" width="32" height="5" />
      </word>
      <word id="a06-039-01-06" tag="AT" text="a">
        <cmp x="1500" y="1096" width="50" height="34" />
      </word>
      <word id="a06-039-01-07" tag="RB" text="truly">
        <cmp x="1600" y="1066" width="110" height="57" />
        <cmp x="1711" y="1065" width="51" height="61" />
        <cmp x="1722" y="1095" width="60" height="83" />
      </word>
      <word id="a06-039-01-08" tag="JJ" text="inspiring">
        <cmp x="1836" y="1092" width="21" height="31" />
        <cmp x="1863" y="1100" width="42" height="26" />
        <cmp x="1874" y="1071" width="3" height="8" />
        <cmp x="1902" y="1103" width="64" height="58" />
        <cmp x="1910" y="1097" width="20" height="24" />
        <cmp x="1967" y="1107" width="17" height="24" />
        <cmp x="2002" y="1077" width="3" height="6" />
        <cmp x="2002" y="1102" width="31" height="24" />
        <cmp x="2049" y="1107" width="34" height="19" />
        <cmp x="2055" y="1080" width="4" height="6" />
        <cmp x="2063" y="1109" width="53" height="83" />
      </word>
      <upper-contour>
        <point x="366" y="1013" />
        <point x="2009" y="1013" />
      </upper-contour>
      <lower-contour>
        <point x="382" y="1192" />
        <point x="2117" y="1192" />
      </lower-contour>
    </line>
    <line ass="192" asx="0" asy="1236" character-width="999" dss="192" dsx="0" dsy="1361" fd0="15375" fd1="2930" fd2="-425" filter-width="3" id="a06-039-02" lbs="275" lbx="0" lby="1325" segmentation="ok" slant="51000" stroke-width="4789" threshold="188" text="and proud sight,&amp;quot; said Moscow radio&apos;s" ubs="27" ubx="0" uby="1292">
      <word id="a06-039-02-00" tag="CC" text="and">
        <cmp x="384" y="1283" width="106" height="35" />
        <cmp x="501" y="1251" width="68" height="60" />
      </word>
      <word id="a06-039-02-01" tag="JJ" text="proud">
        <cmp x="592" y="1280" width="59" height="78" />
        <cmp x="657" y="1289" width="61" height="28" />
        <cmp x="723" y="1290" width="44" height="27" />
        <cmp x="773" y="1289" width="31" height="31" />
        <cmp x="795" y="1257" width="53" height="61" />
      </word>
      <word id="a06-039-02-02" tag="NN" text="sight">
        <cmp x="894" y="1282" width="51" height="43" />
        <cmp x="947" y="1286" width="60" height="74" />
        <cmp x="969" y="1261" width="4" height="11" />
        <cmp x="1008" y="1258" width="39" height="59" />
        <cmp x="1037" y="1286" width="24" height="31" />
        <cmp x="1080" y="1250" width="54" height="72" />
      </word>
      <word id="a06-039-02-03" tag="," text=",">
        <cmp x="1119" y="1310" width="27" height="32" />
      </word>
      <word id="a06-039-02-04" tag="**&apos;" text="&quot;">
        <cmp x="1208" y="1233" width="17" height="23" />
        <cmp x="1219" y="1238" width="12" height="18" />
      </word>
      <word id="a06-039-02-05" tag="VBD" text="said">
        <cmp x="1247" y="1279" width="42" height="51" />
        <cmp x="1290" y="1293" width="82" height="34" />
        <cmp x="1385" y="1298" width="29" height="26" />
        <cmp x="1393" y="1264" width="6" height="11" />
        <cmp x="1405" y="1263" width="51" height="63" />
      </word>
      <word id="a06-039-02-06" tag="NP" text="Moscow">
        <cmp x="1513" y="1285" width="33" height="42" />
        <cmp x="1532" y="1312" width="4" height="3" />
        <cmp x="1543" y="1303" width="3" height="4" />
        <cmp x="1547" y="1243" width="60" height="72" />
        <cmp x="1586" y="1253" width="46" height="67" />
        <cmp x="1604" y="1289" width="39" height="32" />
        <cmp x="1635" y="1286" width="35" height="37" />
        <cmp x="1683" y="1286" width="43" height="38" />
        <cmp x="1726" y="1295" width="44" height="27" />
        <cmp x="1769" y="1290" width="80" height="37" />
        <cmp x="1844" y="1289" width="41" height="41" />
      </word>
      <word id="a06-039-02-07" tag="NN$" text="radio&apos;s">
        <cmp x="1928" y="1297" width="26" height="28" />
        <cmp x="1961" y="1297" width="47" height="30" />
        <cmp x="2016" y="1275" width="79" height="50" />
        <cmp x="2103" y="1297" width="40" height="33" />
        <cmp x="2116" y="1271" width="4" height="6" />
        <cmp x="2169" y="1258" width="22" height="27" />
        <cmp x="2170" y="1290" width="39" height="36" />
      </word>
      <upper-contour>
        <point x="382" y="1192" />
        <point x="2117" y="1192" />
      </upper-contour>
      <lower-contour>
        <point x="382" y="1360" />
        <point x="2198" y="1360" />
      </lower-contour>
    </line>
    <line ass="-284" asx="0" asy="1421" character-width="999" dss="-284" dsx="0" dsy="1554" fd0="14851" fd1="2325" fd2="-977" filter-width="3" id="a06-039-03" lbs="-323" lbx="0" lby="1488" segmentation="ok" slant="59000" stroke-width="4784" threshold="186" text="commentator. The parade was reviewed by" ubs="-208" ubx="0" uby="1464">
      <word id="a06-039-03-00" tag="NN" text="commentator">
        <cmp x="372" y="1463" width="36" height="39" />
        <cmp x="419" y="1465" width="39" height="35" />
        <cmp x="472" y="1466" width="27" height="33" />
        <cmp x="501" y="1469" width="41" height="31" />
        <cmp x="545" y="1466" width="43" height="30" />
        <cmp x="587" y="1471" width="97" height="27" />
        <cmp x="710" y="1436" width="75" height="52" />
        <cmp x="788" y="1429" width="74" height="63" />
        <cmp x="836" y="1427" width="4" height="4" />
        <cmp x="876" y="1459" width="28" height="28" />
      </word>
      <word id="a06-039-03-01" tag="." text=".">
        <cmp x="916" y="1484" width="12" height="12" />
      </word>
      <word id="a06-039-03-02" sentence-start="yes" tag="ATI" text="The">
        <cmp x="1017" y="1447" width="36" height="48" />
        <cmp x="1044" y="1428" width="98" height="67" />
        <cmp x="1133" y="1488" width="13" height="5" />
      </word>
      <word id="a06-039-03-03" tag="NN" text="parade">
        <cmp x="1183" y="1464" width="54" height="67" />
        <cmp x="1241" y="1465" width="43" height="37" />
        <cmp x="1263" y="1465" width="110" height="35" />
        <cmp x="1381" y="1442" width="85" height="54" />
      </word>
      <word id="a06-039-03-04" tag="BEDZ" text="was">
        <cmp x="1525" y="1464" width="85" height="41" />
        <cmp x="1600" y="1470" width="77" height="29" />
      </word>
      <word id="a06-039-03-05" tag="VBN" text="reviewed">
        <cmp x="1732" y="1467" width="61" height="34" />
        <cmp x="1800" y="1474" width="39" height="27" />
        <cmp x="1832" y="1484" width="16" height="19" />
        <cmp x="1868" y="1464" width="106" height="38" />
        <cmp x="1870" y="1450" width="4" height="8" />
        <cmp x="1970" y="1444" width="100" height="63" />
      </word>
      <word id="a06-039-03-06" tag="IN" text="by">
        <cmp x="2104" y="1444" width="33" height="58" />
        <cmp x="2138" y="1479" width="59" height="87" />
        <cmp x="2143" y="1478" width="28" height="29" />
      </word>
      <upper-contour>
        <point x="382" y="1360" />
        <point x="2198" y="1360" />
      </upper-contour>
      <lower-contour>
        <point x="370" y="1566" />
        <point x="2198" y="1566" />
      </lower-contour>
    </line>
    <line ass="-148" asx="0" asy="1592" character-width="999" dss="-148" dsx="0" dsy="1735" fd0="14763" fd1="2629" fd2="-769" filter-width="3" id="a06-039-04" lbs="-170" lbx="0" lby="1669" segmentation="ok" slant="55000" stroke-width="4874" threshold="183" text="Marshal Andrei Grechko, commanding the" ubs="-103" ubx="0" uby="1646">
      <word id="a06-039-04-00" tag="NPT" text="Marshal">
        <cmp x="349" y="1649" width="22" height="33" />
        <cmp x="363" y="1642" width="10" height="7" />
        <cmp x="374" y="1664" width="4" height="4" />
        <cmp x="392" y="1647" width="5" height="5" />
        <cmp x="398" y="1595" width="48" height="76" />
        <cmp x="424" y="1605" width="41" height="67" />
        <cmp x="455" y="1637" width="71" height="35" />
        <cmp x="554" y="1638" width="41" height="41" />
        <cmp x="590" y="1616" width="37" height="60" />
        <cmp x="618" y="1648" width="23" height="30" />
        <cmp x="648" y="1611" width="92" height="64" />
      </word>
      <word id="a06-039-04-01" tag="NP" text="Andrei">
        <cmp x="791" y="1601" width="83" height="84" />
        <cmp x="874" y="1613" width="61" height="67" />
        <cmp x="933" y="1646" width="91" height="30" />
        <cmp x="1042" y="1606" width="7" height="12" />
      </word>
      <word id="a06-039-04-02" tag="NP" text="Grechko">
        <cmp x="1123" y="1608" width="61" height="66" />
        <cmp x="1148" y="1640" width="11" height="31" />
        <cmp x="1181" y="1644" width="54" height="31" />
        <cmp x="1264" y="1640" width="43" height="39" />
        <cmp x="1313" y="1612" width="46" height="61" />
        <cmp x="1342" y="1606" width="10" height="5" />
        <cmp x="1381" y="1609" width="54" height="55" />
        <cmp x="1395" y="1647" width="17" height="23" />
        <cmp x="1418" y="1633" width="42" height="34" />
      </word>
      <word id="a06-039-04-03" tag="," text=",">
        <cmp x="1441" y="1664" width="26" height="26" />
      </word>
      <word id="a06-039-04-04" tag="VBG" text="commanding">
        <cmp x="1532" y="1642" width="40" height="33" />
        <cmp x="1566" y="1653" width="42" height="29" />
        <cmp x="1644" y="1648" width="75" height="33" />
        <cmp x="1710" y="1648" width="68" height="35" />
        <cmp x="1780" y="1653" width="92" height="29" />
        <cmp x="1869" y="1636" width="67" height="47" />
        <cmp x="1961" y="1634" width="12" height="10" />
        <cmp x="1963" y="1658" width="42" height="22" />
        <cmp x="1986" y="1662" width="60" height="80" />
      </word>
      <word id="a06-039-04-05" tag="ATI" text="the">
        <cmp x="2102" y="1622" width="69" height="58" />
        <cmp x="2154" y="1640" width="68" height="42" />
      </word>
      <upper-contour>
        <point x="370" y="1566" />
        <point x="2198" y="1566" />
      </upper-contour>
      <lower-contour>
        <point x="366" y="1742" />
        <point x="2149" y="1742" />
      </lower-contour>
    </line>
    <line ass="-102" asx="0" asy="1769" character-width="999" dss="-102" dsx="0" dsy="1896" fd0="14406" fd1="2726" fd2="-655" filter-width="3" id="a06-039-05" lbs="-100" lbx="0" lby="1856" segmentation="ok" slant="59999" stroke-width="4815" threshold="185" text="forces of the Warsaw Pact countries -" ubs="-106" ubx="0" uby="1827">
      <word id="a06-039-05-00" tag="NNS" text="forces">
        <cmp x="368" y="1772" width="87" height="108" />
        <cmp x="467" y="1825" width="88" height="35" />
        <cmp x="549" y="1828" width="37" height="25" />
      </word>
      <word id="a06-039-05-01" tag="INO" text="of">
        <cmp x="658" y="1774" width="103" height="125" />
      </word>
      <word id="a06-039-05-02" tag="ATI" text="the">
        <cmp x="790" y="1784" width="135" height="78" />
      </word>
      <word id="a06-039-05-03" tag="NP" text="Warsaw">
        <cmp x="994" y="1796" width="97" height="66" />
        <cmp x="1068" y="1821" width="84" height="39" />
        <cmp x="1175" y="1822" width="32" height="37" />
        <cmp x="1209" y="1827" width="53" height="33" />
        <cmp x="1269" y="1827" width="70" height="32" />
      </word>
      <word id="a06-039-05-04" tag="NN" text="Pact">
        <cmp x="1431" y="1772" width="68" height="85" />
        <cmp x="1447" y="1776" width="6" height="9" />
        <cmp x="1481" y="1826" width="51" height="29" />
        <cmp x="1540" y="1824" width="39" height="37" />
        <cmp x="1602" y="1800" width="44" height="59" />
      </word>
      <word id="a06-039-05-05" tag="NNS" text="countries">
        <cmp x="1702" y="1833" width="35" height="35" />
        <cmp x="1748" y="1838" width="40" height="27" />
        <cmp x="1794" y="1836" width="57" height="26" />
        <cmp x="1857" y="1832" width="42" height="32" />
        <cmp x="1917" y="1808" width="70" height="52" />
        <cmp x="1996" y="1837" width="35" height="33" />
        <cmp x="2012" y="1805" width="4" height="9" />
        <cmp x="2038" y="1835" width="40" height="36" />
      </word>
      <word id="a06-039-05-06" tag="*-" text="-">
        <cmp x="2113" y="1841" width="35" height="8" />
      </word>
      <upper-contour>
        <point x="366" y="1742" />
        <point x="2149" y="1742" />
      </upper-contour>
      <lower-contour>
        <point x="366" y="1899" />
        <point x="2149" y="1899" />
      </lower-contour>
    </line>
    <line ass="66" asx="0" asy="1958" character-width="999" dss="66" dsx="0" dsy="2050" fd0="15511" fd1="2844" fd2="-496" filter-width="3" id="a06-039-06" lbs="127" lbx="0" lby="2033" segmentation="err" slant="53000" stroke-width="4862" threshold="184" text="the Communist &amp;quot;Nato.&amp;quot; He said rocket-" ubs="-56" ubx="0" uby="2007">
      <word id="a06-039-06-00" tag="ATI" text="the">
        <cmp x="361" y="1958" width="110" height="84" />
      </word>
      <word id="a06-039-06-01" tag="JJ" text="Communist">
        <cmp x="539" y="1961" width="56" height="73" />
        <cmp x="572" y="2002" width="48" height="41" />
        <cmp x="635" y="2002" width="26" height="38" />
        <cmp x="658" y="2007" width="44" height="29" />
        <cmp x="715" y="2005" width="24" height="30" />
        <cmp x="734" y="1999" width="34" height="36" />
        <cmp x="768" y="2002" width="23" height="31" />
        <cmp x="810" y="2003" width="58" height="34" />
        <cmp x="870" y="2022" width="3" height="3" />
        <cmp x="876" y="2004" width="50" height="28" />
        <cmp x="936" y="2005" width="11" height="17" />
        <cmp x="955" y="2000" width="21" height="26" />
        <cmp x="959" y="1983" width="3" height="6" />
        <cmp x="984" y="1971" width="38" height="54" />
      </word>
      <word id="a06-039-06-02" tag="*&apos;" text="&quot;">
        <cmp x="1091" y="1975" width="15" height="21" />
        <cmp x="1105" y="1972" width="4" height="3" />
        <cmp x="1120" y="1975" width="8" height="15" />
      </word>
      <word id="a06-039-06-03" tag="NP" text="Nato">
        <cmp x="1129" y="1977" width="76" height="55" />
        <cmp x="1193" y="2006" width="42" height="28" />
        <cmp x="1215" y="2001" width="14" height="8" />
        <cmp x="1254" y="1968" width="58" height="70" />
        <cmp x="1340" y="1964" width="25" height="27" />
      </word>
      <word id="a06-039-06-04" tag="." text=".">
        <cmp x="1356" y="1968" width="17" height="21" />
      </word>
      <word id="a06-039-06-05" tag="**&apos;" text="&quot;">
        <cmp x="1368" y="2030" width="11" height="11" />
      </word>
      <word id="a06-039-06-06" sentence-start="yes" tag="PP3A" text="He">
        <cmp x="1446" y="1976" width="114" height="63" />
      </word>
      <word id="a06-039-06-07" tag="VBD" text="said">
        <cmp x="1627" y="2002" width="43" height="39" />
        <cmp x="1661" y="2012" width="79" height="38" />
        <cmp x="1753" y="1986" width="69" height="53" />
        <cmp x="1759" y="1996" width="5" height="13" />
      </word>
      <word id="a06-039-06-08" tag="JJ--" text="rocket-">
        <cmp x="1863" y="2007" width="66" height="26" />
        <cmp x="1931" y="2011" width="32" height="27" />
        <cmp x="1954" y="2029" width="3" height="3" />
        <cmp x="1973" y="1982" width="38" height="43" />
        <cmp x="1983" y="2018" width="15" height="18" />
        <cmp x="2005" y="2009" width="36" height="30" />
        <cmp x="2008" y="1982" width="5" height="3" />
        <cmp x="2043" y="1990" width="49" height="52" />
        <cmp x="2090" y="1985" width="6" height="4" />
        <cmp x="2107" y="2024" width="48" height="8" />
      </word>
      <upper-contour>
        <point x="366" y="1899" />
        <point x="2149" y="1899" />
      </upper-contour>
      <lower-contour>
        <point x="359" y="2050" />
        <point x="2155" y="2050" />
      </lower-contour>
    </line>
    <line ass="-732" asx="0" asy="2110" character-width="999" dss="-732" dsx="0" dsy="2268" fd0="15075" fd1="2747" fd2="-755" filter-width="3" id="a06-039-07" lbs="-840" lbx="0" lby="2195" segmentation="ok" slant="57000" stroke-width="4817" threshold="183" text="carrying atomic submarines now formed" ubs="-517" ubx="0" uby="2174">
      <word id="a06-039-07-00" tag="-JJ" text="carrying">
        <cmp x="356" y="2174" width="34" height="41" />
        <cmp x="394" y="2177" width="52" height="36" />
        <cmp x="462" y="2178" width="40" height="30" />
        <cmp x="497" y="2178" width="37" height="25" />
        <cmp x="515" y="2181" width="59" height="95" />
        <cmp x="606" y="2172" width="24" height="36" />
        <cmp x="637" y="2150" width="8" height="17" />
        <cmp x="640" y="2182" width="39" height="28" />
        <cmp x="672" y="2183" width="51" height="88" />
      </word>
      <word id="a06-039-07-01" tag="JJ" text="atomic">
        <cmp x="790" y="2178" width="48" height="33" />
        <cmp x="842" y="2199" width="4" height="3" />
        <cmp x="856" y="2142" width="68" height="68" />
        <cmp x="946" y="2183" width="92" height="30" />
        <cmp x="1048" y="2178" width="28" height="30" />
        <cmp x="1050" y="2163" width="4" height="16" />
      </word>
      <word id="a06-039-07-02" tag="NNS" text="submarines">
        <cmp x="1114" y="2176" width="39" height="37" />
        <cmp x="1150" y="2192" width="39" height="25" />
        <cmp x="1209" y="2148" width="46" height="65" />
        <cmp x="1267" y="2184" width="67" height="29" />
        <cmp x="1332" y="2188" width="41" height="28" />
        <cmp x="1379" y="2187" width="46" height="30" />
        <cmp x="1440" y="2185" width="97" height="31" />
        <cmp x="1448" y="2159" width="6" height="11" />
      </word>
      <word id="a06-039-07-03" tag="RN" text="now">
        <cmp x="1603" y="2189" width="60" height="39" />
        <cmp x="1672" y="2191" width="25" height="30" />
        <cmp x="1692" y="2190" width="42" height="30" />
        <cmp x="1743" y="2192" width="26" height="26" />
        <cmp x="1764" y="2191" width="57" height="32" />
      </word>
      <word id="a06-039-07-04" tag="VBD" text="formed">
        <cmp x="1885" y="2135" width="109" height="133" />
        <cmp x="1987" y="2195" width="89" height="29" />
        <cmp x="2081" y="2162" width="108" height="61" />
      </word>
      <upper-contour>
        <point x="359" y="2050" />
        <point x="2155" y="2050" />
      </upper-contour>
      <lower-contour>
        <point x="354" y="2276" />
        <point x="1824" y="2276" />
      </lower-contour>
    </line>
    <line ass="-190" asx="0" asy="2322" character-width="999" dss="-190" dsx="0" dsy="2456" fd0="14840" fd1="2619" fd2="-557" filter-width="3" id="a06-039-08" lbs="-141" lbx="0" lby="2391" segmentation="err" slant="58000" stroke-width="5039" threshold="176" text="the basis of the Soviet Navy. MR." ubs="-288" ubx="0" uby="2356">
      <word id="a06-039-08-00" tag="ATI" text="the">
        <cmp x="351" y="2332" width="106" height="70" />
      </word>
      <word id="a06-039-08-01" tag="NN" text="basis">
        <cmp x="517" y="2328" width="39" height="61" />
        <cmp x="558" y="2360" width="104" height="34" />
        <cmp x="667" y="2356" width="37" height="36" />
        <cmp x="677" y="2331" width="5" height="14" />
      </word>
      <word id="a06-039-08-02" tag="INO" text="of">
        <cmp x="744" y="2326" width="96" height="109" />
      </word>
      <word id="a06-039-08-03" tag="ATI" text="the">
        <cmp x="874" y="2326" width="104" height="69" />
      </word>
      <word id="a06-039-08-04" tag="NP" text="Soviet">
        <cmp x="1060" y="2326" width="61" height="58" />
        <cmp x="1094" y="2362" width="46" height="36" />
        <cmp x="1161" y="2364" width="48" height="28" />
        <cmp x="1219" y="2332" width="9" height="19" />
        <cmp x="1219" y="2366" width="26" height="30" />
        <cmp x="1264" y="2337" width="41" height="59" />
        <cmp x="1303" y="2331" width="5" height="4" />
      </word>
      <word id="a06-039-08-05" tag="NN" text="Navy">
        <cmp x="1341" y="2331" width="92" height="75" />
        <cmp x="1423" y="2367" width="54" height="31" />
        <cmp x="1480" y="2361" width="39" height="31" />
        <cmp x="1499" y="2367" width="65" height="96" />
      </word>
      <word id="a06-039-08-06" tag="." text=".">
        <cmp x="1594" y="2390" width="7" height="10" />
      </word>
      <word id="a06-039-08-07" sentence-start="yes" tag="NPT" text="MR.">
        <cmp x="1691" y="2340" width="90" height="60" />
        <cmp x="1759" y="2331" width="64" height="76" />
      </word>
      <upper-contour>
        <point x="354" y="2276" />
        <point x="1824" y="2276" />
      </upper-contour>
      <lower-contour>
        <point x="368" y="2463" />
        <point x="1824" y="2463" />
      </lower-contour>
    </line>
    <line ass="-359" asx="0" asy="2501" character-width="999" dss="-359" dsx="0" dsy="2577" fd0="14997" fd1="2377" fd2="-682" filter-width="3" id="a06-039-09" lbs="-307" lbx="0" lby="2567" segmentation="ok" slant="49000" stroke-width="4928" threshold="176" text="MACMILLAN&apos;S announcement in the" ubs="-465" ubx="0" uby="2534">
      <word id="a06-039-09-00" tag="NP$" text="MACMILLAN&apos;S">
        <cmp x="370" y="2505" width="78" height="66" />
        <cmp x="436" y="2511" width="46" height="60" />
        <cmp x="483" y="2515" width="48" height="56" />
        <cmp x="566" y="2510" width="78" height="66" />
        <cmp x="640" y="2519" width="29" height="48" />
        <cmp x="679" y="2518" width="32" height="50" />
        <cmp x="739" y="2519" width="34" height="53" />
        <cmp x="780" y="2516" width="49" height="56" />
        <cmp x="832" y="2510" width="78" height="61" />
        <cmp x="928" y="2507" width="20" height="28" />
        <cmp x="929" y="2517" width="52" height="54" />
      </word>
      <word id="a06-039-09-01" tag="NN" text="announcement">
        <cmp x="1046" y="2546" width="40" height="37" />
        <cmp x="1117" y="2543" width="50" height="30" />
        <cmp x="1166" y="2543" width="43" height="27" />
        <cmp x="1238" y="2541" width="33" height="33" />
        <cmp x="1280" y="2549" width="47" height="26" />
        <cmp x="1341" y="2550" width="35" height="29" />
        <cmp x="1389" y="2552" width="65" height="35" />
        <cmp x="1476" y="2541" width="114" height="38" />
        <cmp x="1579" y="2545" width="35" height="29" />
        <cmp x="1618" y="2546" width="24" height="25" />
        <cmp x="1651" y="2525" width="45" height="49" />
      </word>
      <word id="a06-039-09-02" tag="IN" text="in">
        <cmp x="1730" y="2559" width="20" height="21" />
        <cmp x="1764" y="2555" width="33" height="23" />
        <cmp x="1766" y="2525" width="8" height="12" />
      </word>
      <word id="a06-039-09-03" tag="ATI" text="the">
        <cmp x="1848" y="2514" width="124" height="70" />
      </word>
      <upper-contour>
        <point x="368" y="2463" />
        <point x="1824" y="2463" />
      </upper-contour>
      <lower-contour>
        <point x="373" y="2587" />
        <point x="1801" y="2587" />
      </lower-contour>
    </line>
    <line ass="-276" asx="0" asy="2668" character-width="999" dss="-276" dsx="0" dsy="2789" fd0="14934" fd1="3181" fd2="-273" filter-width="3" id="a06-039-10" lbs="-250" lbx="0" lby="2751" segmentation="err" slant="54000" stroke-width="4670" threshold="180" text="Commons of his momentous" ubs="-329" ubx="0" uby="2723">
      <word id="a06-039-10-00" tag="NP" text="Commons">
        <cmp x="375" y="2684" width="58" height="64" />
        <cmp x="404" y="2720" width="62" height="37" />
      </word>
      <word id="a06-039-10-01" tag="INO" text="of">
        <cmp x="513" y="2715" width="78" height="38" />
      </word>
      <word id="a06-039-10-02" tag="PP$" text="his">
        <cmp x="593" y="2722" width="49" height="32" />
        <cmp x="645" y="2729" width="21" height="26" />
      </word>
      <word id="a06-039-10-03" tag="JJ" text="momentous">
        <cmp x="375" y="2673" width="839" height="123" />
        <cmp x="678" y="2727" width="87" height="35" />
        <cmp x="785" y="2729" width="28" height="33" />
        <cmp x="1069" y="2686" width="97" height="83" />
        <cmp x="1159" y="2722" width="28" height="33" />
        <cmp x="1202" y="2699" width="3" height="3" />
        <cmp x="1203" y="2719" width="39" height="41" />
        <cmp x="1296" y="2722" width="126" height="44" />
        <cmp x="1423" y="2728" width="37" height="32" />
        <cmp x="1477" y="2730" width="151" height="32" />
        <cmp x="1643" y="2695" width="123" height="67" />
        <cmp x="1762" y="2727" width="38" height="34" />
      </word>
      <upper-contour>
        <point x="373" y="2587" />
        <point x="1801" y="2587" />
      </upper-contour>
    </line>
  </handwritten-part>
</form>

