<?xml version="1.0" encoding="ISO-8859-1"?>

<!DOCTYPE form SYSTEM 'http://www.iam.unibe.ch/~fki/iamdb/form-metadata.dtd'>

<form created="2002-01-16" height="3542" id="a06-020" last-modified="2002-07-17" skew="-95" status="final" version="3.0_beta" width="2479" writer-id="069">
  <machine-printed-part>
    <machine-print-line text="He was announcing his executive&apos;s rejection of the ultimatum to the ETU. In reply to" />
    <machine-print-line text="the call for his resignation he said: &amp;quot;Our rules say that if an official resigns he is not" />
    <machine-print-line text="allowed to run again for three years. &amp;quot;I have only 2 1/2 years to go before I retire, so" />
    <machine-print-line text="this is an invitation from my good friends of the TUC that I should commit hara-kiri." />
  </machine-printed-part>
  <handwritten-part>
    <line ass="65" asx="0" asy="765" character-width="999" dss="65" dsx="0" dsy="841" fd0="14078" fd1="3274" fd2="-594" filter-width="3" id="a06-020-00" lbs="102" lbx="0" lby="807" segmentation="ok" slant="99000" stroke-width="5458" threshold="182" text="He was announcing his executive&apos;s rejection of the ultimatum to the" ubs="-8" ubx="0" uby="786">
      <word id="a06-020-00-00" sentence-start="yes" tag="PP3A" text="He">
        <cmp x="380" y="766" width="23" height="39" />
        <cmp x="407" y="784" width="24" height="22" />
      </word>
      <word id="a06-020-00-01" tag="BEDZ" text="was">
        <cmp x="465" y="786" width="33" height="26" />
        <cmp x="502" y="787" width="24" height="23" />
        <cmp x="526" y="791" width="24" height="21" />
      </word>
      <word id="a06-020-00-02" tag="VBG" text="announcing">
        <cmp x="593" y="785" width="25" height="20" />
        <cmp x="621" y="788" width="22" height="20" />
        <cmp x="644" y="788" width="21" height="21" />
        <cmp x="666" y="788" width="27" height="18" />
        <cmp x="701" y="787" width="22" height="20" />
        <cmp x="730" y="788" width="24" height="19" />
        <cmp x="760" y="787" width="31" height="19" />
        <cmp x="775" y="773" width="18" height="14" />
        <cmp x="800" y="786" width="21" height="23" />
        <cmp x="826" y="789" width="24" height="52" />
      </word>
      <word id="a06-020-00-03" tag="PP$" text="his">
        <cmp x="865" y="766" width="45" height="40" />
        <cmp x="893" y="765" width="17" height="15" />
        <cmp x="907" y="789" width="23" height="21" />
      </word>
      <word id="a06-020-00-04" tag="NN$" text="executive&apos;s">
        <cmp x="962" y="784" width="51" height="28" />
        <cmp x="1015" y="787" width="27" height="24" />
        <cmp x="1048" y="791" width="54" height="19" />
        <cmp x="1105" y="771" width="29" height="37" />
        <cmp x="1125" y="776" width="17" height="11" />
        <cmp x="1145" y="787" width="20" height="21" />
        <cmp x="1167" y="788" width="23" height="21" />
        <cmp x="1195" y="778" width="10" height="14" />
        <cmp x="1211" y="785" width="24" height="25" />
      </word>
      <word id="a06-020-00-05" tag="NN" text="rejection">
        <cmp x="1268" y="786" width="21" height="22" />
        <cmp x="1294" y="788" width="23" height="22" />
        <cmp x="1309" y="789" width="30" height="45" />
        <cmp x="1318" y="769" width="18" height="13" />
        <cmp x="1338" y="787" width="22" height="22" />
        <cmp x="1361" y="790" width="25" height="18" />
        <cmp x="1387" y="771" width="20" height="36" />
        <cmp x="1412" y="769" width="13" height="10" />
        <cmp x="1413" y="787" width="11" height="17" />
        <cmp x="1425" y="789" width="27" height="16" />
        <cmp x="1453" y="785" width="24" height="23" />
      </word>
      <word id="a06-020-00-06" tag="INO" text="of">
        <cmp x="1500" y="789" width="29" height="13" />
        <cmp x="1510" y="790" width="3" height="5" />
        <cmp x="1535" y="772" width="25" height="58" />
      </word>
      <word id="a06-020-00-07" tag="ATI" text="the">
        <cmp x="1581" y="771" width="64" height="35" />
      </word>
      <word id="a06-020-00-08" tag="NN" text="ultimatum">
        <cmp x="1674" y="790" width="25" height="18" />
        <cmp x="1692" y="765" width="27" height="43" />
        <cmp x="1725" y="773" width="22" height="37" />
        <cmp x="1742" y="773" width="9" height="8" />
        <cmp x="1749" y="792" width="7" height="19" />
        <cmp x="1750" y="773" width="13" height="12" />
        <cmp x="1764" y="791" width="31" height="19" />
        <cmp x="1800" y="789" width="20" height="22" />
        <cmp x="1822" y="777" width="9" height="34" />
        <cmp x="1829" y="791" width="15" height="7" />
        <cmp x="1848" y="787" width="19" height="25" />
        <cmp x="1872" y="790" width="31" height="20" />
      </word>
      <word id="a06-020-00-09" tag="IN" text="to">
        <cmp x="1937" y="770" width="24" height="40" />
        <cmp x="1963" y="791" width="25" height="15" />
      </word>
      <word id="a06-020-00-10" tag="ATI" text="the">
        <cmp x="2036" y="769" width="67" height="36" />
      </word>
      <lower-contour>
        <point x="383" y="842" />
        <point x="2103" y="842" />
      </lower-contour>
    </line>
    <line ass="34" asx="0" asy="942" character-width="999" dss="34" dsx="0" dsy="1027" fd0="13330" fd1="3092" fd2="-507" filter-width="3" id="a06-020-01" lbs="95" lbx="0" lby="989" segmentation="ok" slant="101000" stroke-width="5530" threshold="182" text="ETU. In reply to the call for his resignation he said: &amp;quot;Our rules" ubs="-87" ubx="0" uby="962">
      <word id="a06-020-01-00" tag="NP" text="ETU.">
        <cmp x="385" y="942" width="29" height="35" />
        <cmp x="413" y="947" width="37" height="34" />
        <cmp x="454" y="949" width="30" height="34" />
        <cmp x="498" y="975" width="16" height="13" />
      </word>
      <word id="a06-020-01-01" sentence-start="yes" tag="IN" text="In">
        <cmp x="548" y="944" width="37" height="44" />
        <cmp x="591" y="964" width="23" height="20" />
      </word>
      <word id="a06-020-01-02" tag="NN" text="reply">
        <cmp x="647" y="962" width="24" height="25" />
        <cmp x="662" y="968" width="29" height="21" />
        <cmp x="699" y="969" width="22" height="51" />
        <cmp x="730" y="950" width="28" height="39" />
        <cmp x="756" y="970" width="38" height="43" />
      </word>
      <word id="a06-020-01-03" tag="IN" text="to">
        <cmp x="829" y="947" width="46" height="42" />
      </word>
      <word id="a06-020-01-04" tag="ATI" text="the">
        <cmp x="913" y="946" width="67" height="40" />
      </word>
      <word id="a06-020-01-05" tag="NN" text="call">
        <cmp x="1017" y="960" width="55" height="25" />
        <cmp x="1074" y="950" width="18" height="39" />
        <cmp x="1089" y="954" width="29" height="35" />
      </word>
      <word id="a06-020-01-06" tag="IN" text="for">
        <cmp x="1149" y="951" width="49" height="61" />
        <cmp x="1199" y="975" width="31" height="17" />
      </word>
      <word id="a06-020-01-07" tag="PP$" text="his">
        <cmp x="1252" y="947" width="51" height="45" />
        <cmp x="1283" y="951" width="22" height="17" />
        <cmp x="1305" y="974" width="21" height="21" />
      </word>
      <word id="a06-020-01-08" tag="NN" text="resignation">
        <cmp x="1355" y="967" width="25" height="23" />
        <cmp x="1379" y="966" width="23" height="21" />
        <cmp x="1406" y="965" width="31" height="25" />
        <cmp x="1431" y="945" width="17" height="44" />
        <cmp x="1457" y="970" width="29" height="57" />
        <cmp x="1480" y="966" width="22" height="21" />
        <cmp x="1508" y="963" width="24" height="24" />
        <cmp x="1532" y="948" width="96" height="59" />
        <cmp x="1549" y="945" width="17" height="15" />
      </word>
      <word id="a06-020-01-09" tag="PP3A" text="he">
        <cmp x="1655" y="954" width="30" height="36" />
        <cmp x="1690" y="968" width="24" height="18" />
      </word>
      <word id="a06-020-01-10" tag="VBD" text="said">
        <cmp x="1734" y="963" width="31" height="22" />
        <cmp x="1772" y="961" width="29" height="24" />
        <cmp x="1795" y="946" width="20" height="14" />
        <cmp x="1803" y="967" width="12" height="18" />
        <cmp x="1818" y="947" width="22" height="42" />
      </word>
      <word id="a06-020-01-11" tag=":" text=":">
        <cmp x="1852" y="965" width="18" height="11" />
        <cmp x="1859" y="980" width="15" height="11" />
      </word>
      <word id="a06-020-01-12" sentence-start="yes" tag="*&apos;" text="&quot;">
        <cmp x="1898" y="942" width="17" height="18" />
        <cmp x="1921" y="942" width="12" height="14" />
      </word>
      <word id="a06-020-01-13" tag="PP$" text="Our">
        <cmp x="1955" y="942" width="40" height="40" />
        <cmp x="2001" y="960" width="18" height="26" />
        <cmp x="2025" y="964" width="21" height="23" />
      </word>
      <word id="a06-020-01-14" tag="NNS" text="rules">
        <cmp x="2064" y="961" width="26" height="28" />
        <cmp x="2093" y="968" width="25" height="20" />
        <cmp x="2114" y="942" width="47" height="51" />
        <cmp x="2163" y="972" width="25" height="21" />
      </word>
      <upper-contour>
        <point x="383" y="842" />
        <point x="2103" y="842" />
      </upper-contour>
      <lower-contour>
        <point x="394" y="1027" />
        <point x="2152" y="1027" />
      </lower-contour>
    </line>
    <line ass="191" asx="0" asy="1124" character-width="999" dss="191" dsx="0" dsy="1212" fd0="13385" fd1="3540" fd2="-507" filter-width="3" id="a06-020-02" lbs="218" lbx="0" lby="1167" segmentation="ok" slant="100000" stroke-width="5461" threshold="182" text="say that if an official resigns he is not allowed to run again" ubs="136" ubx="0" uby="1146">
      <word id="a06-020-02-00" tag="VB" text="say">
        <cmp x="396" y="1137" width="25" height="24" />
        <cmp x="425" y="1145" width="27" height="20" />
        <cmp x="455" y="1146" width="21" height="52" />
      </word>
      <word id="a06-020-02-01" tag="CS" text="that">
        <cmp x="505" y="1123" width="65" height="45" />
        <cmp x="572" y="1130" width="29" height="38" />
      </word>
      <word id="a06-020-02-02" tag="CS" text="if">
        <cmp x="629" y="1126" width="16" height="19" />
        <cmp x="637" y="1148" width="8" height="21" />
        <cmp x="662" y="1128" width="33" height="66" />
      </word>
      <word id="a06-020-02-03" tag="AT" text="an">
        <cmp x="731" y="1149" width="27" height="21" />
        <cmp x="763" y="1147" width="28" height="21" />
      </word>
      <word id="a06-020-02-04" tag="NN" text="official">
        <cmp x="829" y="1143" width="38" height="19" />
        <cmp x="872" y="1130" width="69" height="67" />
        <cmp x="927" y="1127" width="17" height="14" />
        <cmp x="945" y="1142" width="69" height="27" />
        <cmp x="965" y="1127" width="24" height="14" />
        <cmp x="1014" y="1122" width="29" height="48" />
      </word>
      <word id="a06-020-02-05" tag="VBZ" text="resigns">
        <cmp x="1083" y="1144" width="23" height="26" />
        <cmp x="1102" y="1147" width="28" height="22" />
        <cmp x="1130" y="1146" width="31" height="26" />
        <cmp x="1162" y="1125" width="18" height="15" />
        <cmp x="1167" y="1150" width="8" height="17" />
        <cmp x="1186" y="1147" width="29" height="62" />
        <cmp x="1220" y="1144" width="51" height="28" />
      </word>
      <word id="a06-020-02-06" tag="PP3A" text="he">
        <cmp x="1299" y="1123" width="32" height="44" />
        <cmp x="1334" y="1145" width="28" height="20" />
      </word>
      <word id="a06-020-02-07" tag="BEZ" text="is">
        <cmp x="1390" y="1124" width="18" height="16" />
        <cmp x="1399" y="1147" width="8" height="16" />
        <cmp x="1423" y="1141" width="24" height="23" />
      </word>
      <word id="a06-020-02-08" tag="XNOT" text="not">
        <cmp x="1470" y="1139" width="27" height="23" />
        <cmp x="1503" y="1145" width="26" height="20" />
        <cmp x="1531" y="1124" width="27" height="40" />
      </word>
      <word id="a06-020-02-09" tag="VBN" text="allowed">
        <cmp x="1589" y="1149" width="30" height="18" />
        <cmp x="1621" y="1133" width="17" height="33" />
        <cmp x="1636" y="1133" width="41" height="37" />
        <cmp x="1686" y="1146" width="34" height="20" />
        <cmp x="1723" y="1125" width="58" height="41" />
      </word>
      <word id="a06-020-02-10" tag="TO" text="to">
        <cmp x="1815" y="1124" width="25" height="38" />
        <cmp x="1842" y="1147" width="28" height="16" />
      </word>
      <word id="a06-020-02-11" tag="VB" text="run">
        <cmp x="1895" y="1141" width="6" height="6" />
        <cmp x="1896" y="1140" width="26" height="24" />
        <cmp x="1925" y="1143" width="33" height="21" />
        <cmp x="1956" y="1141" width="27" height="24" />
      </word>
      <word id="a06-020-02-12" tag="RB" text="again">
        <cmp x="2011" y="1143" width="29" height="19" />
        <cmp x="2042" y="1145" width="26" height="19" />
        <cmp x="2054" y="1163" width="21" height="39" />
        <cmp x="2060" y="1132" width="3" height="4" />
        <cmp x="2079" y="1141" width="30" height="28" />
        <cmp x="2106" y="1122" width="19" height="14" />
        <cmp x="2108" y="1146" width="11" height="20" />
        <cmp x="2121" y="1146" width="30" height="25" />
      </word>
      <upper-contour>
        <point x="394" y="1027" />
        <point x="2152" y="1027" />
      </upper-contour>
      <lower-contour>
        <point x="394" y="1209" />
        <point x="2152" y="1209" />
      </lower-contour>
    </line>
    <line ass="62" asx="0" asy="1290" character-width="999" dss="62" dsx="0" dsy="1386" fd0="13233" fd1="2987" fd2="-431" filter-width="3" id="a06-020-03" lbs="52" lbx="0" lby="1344" segmentation="ok" slant="102000" stroke-width="5645" threshold="182" text="for three years. &amp;quot;I have only 2 1/2 years to go before I retire," ubs="81" ubx="0" uby="1322">
      <word id="a06-020-03-00" tag="IN" text="for">
        <cmp x="375" y="1296" width="28" height="71" />
        <cmp x="404" y="1321" width="21" height="22" />
        <cmp x="431" y="1316" width="30" height="26" />
      </word>
      <word id="a06-020-03-01" tag="CD" text="three">
        <cmp x="504" y="1291" width="46" height="50" />
        <cmp x="556" y="1314" width="22" height="25" />
        <cmp x="578" y="1320" width="54" height="20" />
      </word>
      <word id="a06-020-03-02" tag="NNS" text="years">
        <cmp x="678" y="1315" width="33" height="49" />
        <cmp x="683" y="1318" width="16" height="19" />
        <cmp x="714" y="1315" width="49" height="29" />
        <cmp x="765" y="1313" width="28" height="28" />
        <cmp x="789" y="1319" width="26" height="25" />
      </word>
      <word id="a06-020-03-03" tag="." text=".">
        <cmp x="833" y="1337" width="20" height="13" />
      </word>
      <word id="a06-020-03-04" sentence-start="yes" tag="*&apos;" text="&quot;">
        <cmp x="887" y="1303" width="14" height="18" />
        <cmp x="915" y="1301" width="12" height="19" />
      </word>
      <word id="a06-020-03-05" tag="PP1A" text="I">
        <cmp x="956" y="1302" width="34" height="38" />
      </word>
      <word id="a06-020-03-06" tag="HV" text="have">
        <cmp x="1014" y="1303" width="57" height="43" />
        <cmp x="1073" y="1320" width="52" height="26" />
      </word>
      <word id="a06-020-03-07" tag="RB" text="only">
        <cmp x="1154" y="1324" width="32" height="19" />
        <cmp x="1186" y="1323" width="24" height="22" />
        <cmp x="1204" y="1291" width="61" height="96" />
      </word>
      <word id="a06-020-03-08" tag="CD" text="2">
        <cmp x="1292" y="1312" width="34" height="30" />
      </word>
      <word id="a06-020-03-09" tag="CD" text="1/2">
        <cmp x="1367" y="1311" width="26" height="31" />
        <cmp x="1401" y="1306" width="10" height="57" />
        <cmp x="1420" y="1318" width="40" height="31" />
      </word>
      <word id="a06-020-03-10" tag="NNS" text="years">
        <cmp x="1489" y="1323" width="32" height="55" />
        <cmp x="1525" y="1321" width="84" height="27" />
        <cmp x="1604" y="1326" width="22" height="22" />
      </word>
      <word id="a06-020-03-11" tag="TO" text="to">
        <cmp x="1672" y="1299" width="26" height="42" />
        <cmp x="1700" y="1324" width="22" height="16" />
      </word>
      <word id="a06-020-03-12" tag="VB" text="go">
        <cmp x="1753" y="1321" width="32" height="61" />
        <cmp x="1790" y="1328" width="24" height="21" />
      </word>
      <word id="a06-020-03-13" tag="CS" text="before">
        <cmp x="1841" y="1300" width="28" height="40" />
        <cmp x="1874" y="1321" width="25" height="18" />
        <cmp x="1904" y="1305" width="62" height="75" />
        <cmp x="1969" y="1318" width="27" height="24" />
        <cmp x="1997" y="1318" width="30" height="22" />
      </word>
      <word id="a06-020-03-14" tag="PP1A" text="I">
        <cmp x="2056" y="1301" width="41" height="42" />
      </word>
      <word id="a06-020-03-15" tag="VB" text="retire">
        <cmp x="2123" y="1317" width="20" height="27" />
        <cmp x="2143" y="1320" width="26" height="22" />
        <cmp x="2175" y="1304" width="19" height="38" />
        <cmp x="2191" y="1302" width="21" height="16" />
        <cmp x="2195" y="1323" width="9" height="21" />
        <cmp x="2210" y="1319" width="21" height="23" />
        <cmp x="2233" y="1319" width="20" height="23" />
      </word>
      <word id="a06-020-03-16" tag="," text=",">
        <cmp x="2253" y="1336" width="19" height="26" />
      </word>
      <upper-contour>
        <point x="394" y="1209" />
        <point x="2152" y="1209" />
      </upper-contour>
      <lower-contour>
        <point x="374" y="1387" />
        <point x="2240" y="1387" />
      </lower-contour>
    </line>
    <line ass="-32" asx="0" asy="1473" character-width="999" dss="-32" dsx="0" dsy="1566" fd0="13113" fd1="2776" fd2="-669" filter-width="3" id="a06-020-04" lbs="-7" lbx="0" lby="1517" segmentation="ok" slant="103000" stroke-width="5559" threshold="182" text="so this is an invitation from my good friends of the TUC that" ubs="-83" ubx="0" uby="1493">
      <word id="a06-020-04-00" tag="CS" text="so">
        <cmp x="376" y="1475" width="41" height="35" />
        <cmp x="424" y="1495" width="31" height="22" />
      </word>
      <word id="a06-020-04-01" tag="DT" text="this">
        <cmp x="501" y="1482" width="69" height="45" />
        <cmp x="546" y="1477" width="22" height="9" />
        <cmp x="567" y="1502" width="15" height="25" />
      </word>
      <word id="a06-020-04-02" tag="BEZ" text="is">
        <cmp x="616" y="1477" width="21" height="14" />
        <cmp x="622" y="1499" width="10" height="23" />
        <cmp x="636" y="1493" width="34" height="28" />
      </word>
      <word id="a06-020-04-03" tag="AT" text="an">
        <cmp x="706" y="1497" width="42" height="22" />
        <cmp x="757" y="1497" width="31" height="24" />
      </word>
      <word id="a06-020-04-04" tag="NN" text="invitation">
        <cmp x="838" y="1482" width="37" height="37" />
        <cmp x="840" y="1499" width="9" height="24" />
        <cmp x="881" y="1499" width="22" height="26" />
        <cmp x="903" y="1481" width="20" height="14" />
        <cmp x="914" y="1507" width="7" height="17" />
        <cmp x="930" y="1476" width="33" height="46" />
        <cmp x="968" y="1495" width="32" height="27" />
        <cmp x="1008" y="1482" width="26" height="40" />
        <cmp x="1028" y="1476" width="22" height="13" />
        <cmp x="1033" y="1498" width="77" height="46" />
      </word>
      <word id="a06-020-04-05" tag="IN" text="from">
        <cmp x="1145" y="1479" width="31" height="80" />
        <cmp x="1181" y="1496" width="41" height="28" />
        <cmp x="1226" y="1497" width="48" height="25" />
      </word>
      <word id="a06-020-04-06" tag="PP$" text="my">
        <cmp x="1309" y="1499" width="39" height="24" />
        <cmp x="1352" y="1499" width="25" height="68" />
      </word>
      <word id="a06-020-04-07" tag="JJ" text="good">
        <cmp x="1405" y="1501" width="33" height="65" />
        <cmp x="1440" y="1502" width="38" height="24" />
        <cmp x="1479" y="1483" width="25" height="42" />
      </word>
      <word id="a06-020-04-08" tag="NNS" text="friends">
        <cmp x="1538" y="1479" width="36" height="73" />
        <cmp x="1572" y="1498" width="26" height="27" />
        <cmp x="1604" y="1501" width="63" height="24" />
        <cmp x="1609" y="1476" width="19" height="13" />
        <cmp x="1674" y="1477" width="27" height="47" />
        <cmp x="1712" y="1500" width="27" height="23" />
      </word>
      <word id="a06-020-04-09" tag="INO" text="of">
        <cmp x="1770" y="1484" width="70" height="78" />
      </word>
      <word id="a06-020-04-10" tag="ATI" text="the">
        <cmp x="1868" y="1476" width="77" height="50" />
      </word>
      <word id="a06-020-04-11" tag="NP" text="TUC">
        <cmp x="1956" y="1479" width="53" height="9" />
        <cmp x="1986" y="1488" width="11" height="36" />
        <cmp x="2018" y="1483" width="31" height="40" />
        <cmp x="2058" y="1489" width="42" height="36" />
      </word>
      <word id="a06-020-04-12" tag="CS" text="that">
        <cmp x="2130" y="1479" width="47" height="42" />
        <cmp x="2182" y="1480" width="57" height="43" />
        <cmp x="2219" y="1492" width="20" height="7" />
      </word>
      <upper-contour>
        <point x="374" y="1387" />
        <point x="2240" y="1387" />
      </upper-contour>
      <lower-contour>
        <point x="374" y="1559" />
        <point x="1334" y="1559" />
      </lower-contour>
    </line>
    <line ass="-104" asx="0" asy="1640" character-width="999" dss="-104" dsx="0" dsy="1705" fd0="13459" fd1="3186" fd2="-234" filter-width="3" id="a06-020-05" lbs="5" lbx="0" lby="1700" segmentation="ok" slant="105000" stroke-width="5602" threshold="179" text="I should commit hara-kiri." ubs="-324" ubx="0" uby="1674">
      <word id="a06-020-05-00" tag="PP1A" text="I">
        <cmp x="370" y="1643" width="38" height="62" />
      </word>
      <word id="a06-020-05-01" tag="MD" text="should">
        <cmp x="448" y="1673" width="40" height="29" />
        <cmp x="498" y="1652" width="62" height="49" />
        <cmp x="571" y="1676" width="25" height="24" />
        <cmp x="607" y="1649" width="32" height="50" />
        <cmp x="646" y="1648" width="28" height="52" />
      </word>
      <word id="a06-020-05-02" tag="VB" text="commit">
        <cmp x="736" y="1675" width="79" height="25" />
        <cmp x="821" y="1678" width="40" height="25" />
        <cmp x="865" y="1679" width="39" height="21" />
        <cmp x="906" y="1652" width="17" height="16" />
        <cmp x="916" y="1681" width="9" height="17" />
        <cmp x="936" y="1651" width="29" height="47" />
      </word>
      <word id="a06-020-05-03" tag="NN" text="hara-kiri">
        <cmp x="1008" y="1643" width="33" height="54" />
        <cmp x="1044" y="1670" width="55" height="34" />
        <cmp x="1099" y="1674" width="26" height="26" />
        <cmp x="1142" y="1691" width="26" height="7" />
        <cmp x="1189" y="1664" width="38" height="38" />
        <cmp x="1229" y="1682" width="12" height="19" />
        <cmp x="1234" y="1663" width="15" height="14" />
        <cmp x="1251" y="1678" width="27" height="22" />
        <cmp x="1276" y="1661" width="21" height="16" />
        <cmp x="1280" y="1685" width="8" height="20" />
      </word>
      <word id="a06-020-05-04" tag="." text=".">
        <cmp x="1317" y="1690" width="16" height="15" />
      </word>
      <upper-contour>
        <point x="374" y="1559" />
        <point x="1334" y="1559" />
      </upper-contour>
    </line>
  </handwritten-part>
</form>

