<?xml version="1.0" encoding="ISO-8859-1"?>

<!DOCTYPE form SYSTEM 'http://www.iam.unibe.ch/~fki/iamdb/form-metadata.dtd'>

<form created="2002-01-16" height="3542" id="a06-008" last-modified="2002-07-17" skew="-159" status="final" version="3.0_beta" width="2479" writer-id="067">
  <machine-printed-part>
    <machine-print-line text="Mr. Harold Wilson, Shadow Chancellor, jumped up to offer the Government an" />
    <machine-print-line text="easy passage for such legislation. &amp;quot;Why don&apos;t you make proposals to legislate in" />
    <machine-print-line text="the autumn?&amp;quot; Mr. Wilson asked. &amp;quot;We wouldn&apos;t call it an Autumn Budget. You can call" />
    <machine-print-line text="it a Taxation Management Bill, if you like.&amp;quot; While Mr. Wilson was speaking, the" />
    <machine-print-line text="Prime Minister and Mr. Lloyd had a whispered conversation." />
  </machine-printed-part>
  <handwritten-part>
    <line ass="-623" asx="0" asy="735" character-width="999" dss="-623" dsx="0" dsy="841" fd0="13165" fd1="2722" fd2="-1250" filter-width="3" id="a06-008-00" lbs="-472" lbx="0" lby="810" segmentation="err" slant="99000" stroke-width="5397" threshold="182" text="Mr. Harold Wilson, Shadow Chancellor, jumped up to" ubs="-925" ubx="0" uby="769">
      <word id="a06-008-00-00" sentence-start="yes" tag="NPT" text="Mr.">
        <cmp x="352" y="745" width="37" height="68" />
        <cmp x="384" y="749" width="4" height="6" />
        <cmp x="390" y="773" width="22" height="43" />
        <cmp x="416" y="808" width="9" height="8" />
        <cmp x="487" y="750" width="27" height="60" />
      </word>
      <word id="a06-008-00-01" tag="NP" text="Harold">
        <cmp x="514" y="749" width="53" height="69" />
        <cmp x="567" y="784" width="14" height="36" />
        <cmp x="588" y="784" width="36" height="32" />
        <cmp x="621" y="755" width="18" height="56" />
        <cmp x="649" y="749" width="41" height="70" />
      </word>
      <word id="a06-008-00-02" tag="NP" text="Wilson">
        <cmp x="735" y="750" width="63" height="69" />
        <cmp x="795" y="754" width="3" height="9" />
        <cmp x="802" y="786" width="12" height="30" />
        <cmp x="812" y="760" width="16" height="55" />
        <cmp x="837" y="778" width="28" height="38" />
        <cmp x="862" y="780" width="46" height="41" />
        <cmp x="905" y="785" width="34" height="35" />
      </word>
      <word id="a06-008-00-03" tag="," text=",">
        <cmp x="955" y="825" width="6" height="21" />
      </word>
      <word id="a06-008-00-04" tag="NN" text="Shadow">
        <cmp x="1005" y="762" width="39" height="55" />
        <cmp x="1041" y="761" width="79" height="62" />
        <cmp x="1127" y="768" width="39" height="53" />
        <cmp x="1172" y="787" width="84" height="44" />
      </word>
      <word id="a06-008-00-05" tag="NPT" text="Chancellor">
        <cmp x="1311" y="762" width="47" height="61" />
        <cmp x="1352" y="767" width="88" height="58" />
        <cmp x="1353" y="762" width="3" height="3" />
        <cmp x="1440" y="768" width="127" height="64" />
        <cmp x="1565" y="769" width="81" height="62" />
      </word>
      <word id="a06-008-00-06" tag="," text=",">
        <cmp x="1658" y="821" width="6" height="10" />
      </word>
      <word id="a06-008-00-07" tag="VBD" text="jumped">
        <cmp x="1709" y="795" width="25" height="65" />
        <cmp x="1710" y="762" width="5" height="11" />
        <cmp x="1729" y="791" width="26" height="37" />
        <cmp x="1754" y="800" width="13" height="30" />
        <cmp x="1766" y="798" width="48" height="31" />
        <cmp x="1821" y="771" width="117" height="88" />
      </word>
      <word id="a06-008-00-08" tag="RP" text="up">
        <cmp x="1996" y="790" width="33" height="34" />
        <cmp x="2034" y="801" width="7" height="28" />
        <cmp x="2043" y="791" width="35" height="65" />
      </word>
      <word id="a06-008-00-09" tag="TO" text="to">
        <cmp x="2114" y="757" width="55" height="69" />
        <cmp x="2145" y="793" width="7" height="4" />
      </word>
      <lower-contour>
        <point x="350" y="859" />
        <point x="2120" y="859" />
      </lower-contour>
    </line>
    <line ass="-851" asx="0" asy="911" character-width="999" dss="-851" dsx="0" dsy="1029" fd0="13017" fd1="2293" fd2="-1876" filter-width="3" id="a06-008-01" lbs="-858" lbx="0" lby="978" segmentation="ok" slant="102000" stroke-width="5266" threshold="182" text="offer the Government an easy passage for such" ubs="-838" ubx="0" uby="948">
      <word id="a06-008-01-00" tag="VB" text="offer">
        <cmp x="337" y="953" width="42" height="40" />
        <cmp x="376" y="922" width="95" height="108" />
      </word>
      <word id="a06-008-01-01" tag="ATI" text="the">
        <cmp x="553" y="934" width="3" height="3" />
        <cmp x="555" y="931" width="95" height="63" />
      </word>
      <word id="a06-008-01-02" tag="NN" text="Government">
        <cmp x="716" y="928" width="50" height="63" />
        <cmp x="742" y="957" width="30" height="7" />
        <cmp x="764" y="966" width="7" height="28" />
        <cmp x="773" y="958" width="143" height="43" />
        <cmp x="918" y="963" width="45" height="31" />
        <cmp x="964" y="963" width="141" height="37" />
        <cmp x="1105" y="928" width="12" height="67" />
      </word>
      <word id="a06-008-01-03" tag="AT" text="an">
        <cmp x="1173" y="959" width="43" height="34" />
        <cmp x="1218" y="965" width="30" height="36" />
      </word>
      <word id="a06-008-01-04" tag="JJ" text="easy">
        <cmp x="1305" y="964" width="83" height="39" />
        <cmp x="1386" y="967" width="54" height="39" />
        <cmp x="1423" y="988" width="40" height="63" />
        <cmp x="1439" y="981" width="5" height="6" />
      </word>
      <word id="a06-008-01-05" tag="NN" text="passage">
        <cmp x="1517" y="971" width="183" height="77" />
        <cmp x="1706" y="976" width="67" height="76" />
      </word>
      <word id="a06-008-01-06" tag="IN" text="for">
        <cmp x="1839" y="944" width="84" height="85" />
      </word>
      <word id="a06-008-01-07" tag="ABL" text="such">
        <cmp x="1972" y="962" width="37" height="39" />
        <cmp x="2011" y="970" width="35" height="34" />
        <cmp x="2049" y="974" width="40" height="35" />
        <cmp x="2077" y="946" width="42" height="58" />
      </word>
      <upper-contour>
        <point x="350" y="859" />
        <point x="2120" y="859" />
      </upper-contour>
      <lower-contour>
        <point x="335" y="1051" />
        <point x="2120" y="1051" />
      </lower-contour>
    </line>
    <line ass="-475" asx="0" asy="1093" character-width="999" dss="-475" dsx="0" dsy="1221" fd0="13558" fd1="2684" fd2="-1651" filter-width="3" id="a06-008-02" lbs="-430" lbx="0" lby="1164" segmentation="ok" slant="97000" stroke-width="5147" threshold="183" text="legislation. &amp;quot;Why don&apos;t you make proposals to legislate" ubs="-563" ubx="0" uby="1133">
      <word id="a06-008-02-00" tag="NN" text="legislation">
        <cmp x="313" y="1102" width="13" height="66" />
        <cmp x="327" y="1129" width="75" height="85" />
        <cmp x="398" y="1113" width="7" height="12" />
        <cmp x="407" y="1144" width="12" height="34" />
        <cmp x="418" y="1132" width="29" height="45" />
        <cmp x="442" y="1107" width="20" height="72" />
        <cmp x="460" y="1134" width="45" height="43" />
        <cmp x="502" y="1109" width="17" height="69" />
        <cmp x="519" y="1121" width="10" height="15" />
        <cmp x="528" y="1149" width="12" height="29" />
        <cmp x="541" y="1137" width="44" height="39" />
        <cmp x="582" y="1138" width="43" height="35" />
      </word>
      <word id="a06-008-02-01" tag="." text=".">
        <cmp x="638" y="1166" width="7" height="6" />
      </word>
      <word id="a06-008-02-02" sentence-start="yes" tag="*&apos;" text="&quot;">
        <cmp x="666" y="1114" width="7" height="12" />
        <cmp x="675" y="1116" width="6" height="13" />
      </word>
      <word id="a06-008-02-03" tag="WRB" text="Why">
        <cmp x="719" y="1111" width="62" height="63" />
        <cmp x="781" y="1121" width="61" height="52" />
        <cmp x="834" y="1156" width="32" height="72" />
      </word>
      <word id="a06-008-02-04" tag="DOX" text="don&apos;t">
        <cmp x="922" y="1124" width="46" height="50" />
        <cmp x="969" y="1143" width="73" height="35" />
        <cmp x="1037" y="1124" width="9" height="13" />
        <cmp x="1055" y="1120" width="14" height="63" />
      </word>
      <word id="a06-008-02-05" tag="PP2" text="you">
        <cmp x="1123" y="1144" width="47" height="71" />
        <cmp x="1127" y="1139" width="8" height="7" />
        <cmp x="1167" y="1147" width="79" height="38" />
      </word>
      <word id="a06-008-02-06" tag="VB" text="make">
        <cmp x="1302" y="1148" width="63" height="30" />
        <cmp x="1364" y="1142" width="43" height="37" />
        <cmp x="1404" y="1125" width="80" height="54" />
      </word>
      <word id="a06-008-02-07" tag="NNS" text="proposals">
        <cmp x="1528" y="1137" width="53" height="72" />
        <cmp x="1582" y="1148" width="58" height="68" />
        <cmp x="1633" y="1140" width="151" height="45" />
        <cmp x="1776" y="1114" width="19" height="62" />
        <cmp x="1796" y="1139" width="34" height="40" />
      </word>
      <word id="a06-008-02-08" tag="TO" text="to">
        <cmp x="1884" y="1111" width="53" height="72" />
        <cmp x="1902" y="1153" width="6" height="3" />
      </word>
      <word id="a06-008-02-09" tag="VB" text="legislate">
        <cmp x="1964" y="1111" width="11" height="69" />
        <cmp x="1982" y="1144" width="73" height="86" />
        <cmp x="2044" y="1159" width="9" height="5" />
        <cmp x="2051" y="1117" width="6" height="15" />
        <cmp x="2056" y="1154" width="10" height="25" />
        <cmp x="2070" y="1142" width="27" height="44" />
        <cmp x="2102" y="1113" width="13" height="63" />
        <cmp x="2114" y="1137" width="40" height="41" />
        <cmp x="2159" y="1111" width="50" height="74" />
      </word>
      <upper-contour>
        <point x="335" y="1051" />
        <point x="2120" y="1051" />
      </upper-contour>
      <lower-contour>
        <point x="311" y="1229" />
        <point x="2197" y="1229" />
      </lower-contour>
    </line>
    <line ass="-77" asx="0" asy="1277" character-width="999" dss="-77" dsx="0" dsy="1364" fd0="13163" fd1="2908" fd2="-799" filter-width="3" id="a06-008-03" lbs="13" lbx="0" lby="1352" segmentation="err" slant="98000" stroke-width="5170" threshold="182" text="in the autumn?&amp;quot; Mr. Wilson asked. &amp;quot;We wouldn&apos;t call" ubs="-258" ubx="0" uby="1318">
      <word id="a06-008-03-00" tag="IN" text="in">
        <cmp x="314" y="1317" width="8" height="29" />
        <cmp x="320" y="1311" width="36" height="38" />
      </word>
      <word id="a06-008-03-01" tag="ATI" text="the">
        <cmp x="393" y="1283" width="22" height="65" />
        <cmp x="410" y="1286" width="78" height="72" />
      </word>
      <word id="a06-008-03-02" tag="NN" text="autumn">
        <cmp x="549" y="1315" width="83" height="44" />
        <cmp x="637" y="1285" width="63" height="72" />
        <cmp x="698" y="1321" width="60" height="34" />
        <cmp x="760" y="1324" width="35" height="31" />
      </word>
      <word id="a06-008-03-03" tag="?" text="?">
        <cmp x="807" y="1281" width="36" height="46" />
        <cmp x="820" y="1343" width="14" height="10" />
      </word>
      <word id="a06-008-03-04" tag="**&apos;" text="&quot;">
        <cmp x="857" y="1284" width="9" height="14" />
        <cmp x="870" y="1288" width="7" height="12" />
      </word>
      <word id="a06-008-03-05" tag="NPT" text="Mr.">
        <cmp x="910" y="1288" width="37" height="60" />
        <cmp x="951" y="1307" width="20" height="38" />
        <cmp x="975" y="1343" width="6" height="6" />
        <cmp x="1046" y="1288" width="5" height="9" />
      </word>
      <word id="a06-008-03-06" tag="NP" text="Wilson">
        <cmp x="1047" y="1298" width="61" height="54" />
        <cmp x="1104" y="1290" width="4" height="9" />
        <cmp x="1110" y="1324" width="10" height="32" />
        <cmp x="1122" y="1295" width="14" height="60" />
        <cmp x="1141" y="1318" width="36" height="42" />
        <cmp x="1174" y="1324" width="83" height="37" />
      </word>
      <word id="a06-008-03-07" tag="VBD" text="asked">
        <cmp x="1315" y="1314" width="44" height="42" />
        <cmp x="1357" y="1318" width="30" height="44" />
        <cmp x="1387" y="1295" width="127" height="72" />
      </word>
      <word id="a06-008-03-08" tag="." text=".">
        <cmp x="1530" y="1355" width="11" height="6" />
      </word>
      <word id="a06-008-03-09" sentence-start="yes" tag="*&apos;" text="&quot;">
        <cmp x="1575" y="1299" width="6" height="16" />
        <cmp x="1584" y="1302" width="7" height="15" />
      </word>
      <word id="a06-008-03-10" tag="PP1AS" text="We">
        <cmp x="1626" y="1298" width="106" height="65" />
      </word>
      <word id="a06-008-03-11" tag="MDX" text="wouldn&apos;t">
        <cmp x="1777" y="1318" width="64" height="42" />
        <cmp x="1842" y="1323" width="85" height="44" />
        <cmp x="1928" y="1299" width="64" height="62" />
        <cmp x="1993" y="1326" width="41" height="33" />
        <cmp x="2041" y="1302" width="9" height="9" />
        <cmp x="2057" y="1296" width="16" height="65" />
      </word>
      <word id="a06-008-03-12" tag="VB" text="call">
        <cmp x="2104" y="1321" width="66" height="34" />
        <cmp x="2167" y="1302" width="16" height="58" />
        <cmp x="2181" y="1306" width="15" height="53" />
      </word>
      <upper-contour>
        <point x="311" y="1229" />
        <point x="2197" y="1229" />
      </upper-contour>
      <lower-contour>
        <point x="311" y="1368" />
        <point x="2064" y="1368" />
      </lower-contour>
    </line>
    <line ass="-507" asx="0" asy="1451" character-width="999" dss="-507" dsx="0" dsy="1566" fd0="13249" fd1="2915" fd2="-871" filter-width="3" id="a06-008-04" lbs="-401" lbx="0" lby="1522" segmentation="ok" slant="95000" stroke-width="5141" threshold="182" text="it an Autumn Budget. You can call it a Taxation" ubs="-719" ubx="0" uby="1485">
      <word id="a06-008-04-00" tag="PP3" text="it">
        <cmp x="313" y="1459" width="4" height="11" />
        <cmp x="317" y="1499" width="5" height="26" />
        <cmp x="330" y="1460" width="14" height="58" />
      </word>
      <word id="a06-008-04-01" tag="AT" text="an">
        <cmp x="403" y="1488" width="75" height="37" />
      </word>
      <word id="a06-008-04-02" tag="NN" text="Autumn">
        <cmp x="533" y="1459" width="35" height="67" />
        <cmp x="572" y="1494" width="30" height="35" />
        <cmp x="604" y="1498" width="6" height="28" />
        <cmp x="616" y="1459" width="66" height="69" />
        <cmp x="680" y="1487" width="61" height="40" />
        <cmp x="743" y="1497" width="41" height="38" />
      </word>
      <word id="a06-008-04-03" tag="NN" text="Budget">
        <cmp x="840" y="1459" width="99" height="78" />
        <cmp x="847" y="1475" width="12" height="44" />
        <cmp x="941" y="1459" width="132" height="117" />
        <cmp x="976" y="1464" width="3" height="4" />
      </word>
      <word id="a06-008-04-04" tag="." text=".">
        <cmp x="1089" y="1522" width="11" height="6" />
      </word>
      <word id="a06-008-04-05" sentence-start="yes" tag="PP2" text="You">
        <cmp x="1148" y="1464" width="47" height="47" />
        <cmp x="1167" y="1512" width="7" height="24" />
        <cmp x="1187" y="1500" width="75" height="40" />
      </word>
      <word id="a06-008-04-06" tag="MD" text="can">
        <cmp x="1315" y="1501" width="35" height="37" />
        <cmp x="1351" y="1504" width="44" height="31" />
        <cmp x="1395" y="1502" width="37" height="30" />
      </word>
      <word id="a06-008-04-07" tag="VB" text="call">
        <cmp x="1481" y="1496" width="76" height="41" />
        <cmp x="1554" y="1475" width="11" height="64" />
        <cmp x="1564" y="1476" width="9" height="63" />
      </word>
      <word id="a06-008-04-08" tag="PP3" text="it">
        <cmp x="1631" y="1470" width="3" height="6" />
        <cmp x="1636" y="1508" width="7" height="21" />
        <cmp x="1651" y="1468" width="18" height="61" />
      </word>
      <word id="a06-008-04-09" tag="AT" text="a">
        <cmp x="1720" y="1490" width="35" height="41" />
        <cmp x="1755" y="1507" width="8" height="24" />
      </word>
      <word id="a06-008-04-10" tag="NN" text="Taxation">
        <cmp x="1803" y="1471" width="74" height="70" />
        <cmp x="1876" y="1500" width="80" height="44" />
        <cmp x="1956" y="1473" width="16" height="64" />
        <cmp x="1977" y="1470" width="4" height="14" />
        <cmp x="1980" y="1506" width="8" height="33" />
        <cmp x="1986" y="1501" width="77" height="43" />
      </word>
      <upper-contour>
        <point x="311" y="1368" />
        <point x="2064" y="1368" />
      </upper-contour>
      <lower-contour>
        <point x="311" y="1576" />
        <point x="2064" y="1576" />
      </lower-contour>
    </line>
    <line ass="-323" asx="0" asy="1621" character-width="999" dss="-323" dsx="0" dsy="1747" fd0="12942" fd1="3213" fd2="-1172" filter-width="3" id="a06-008-05" lbs="-324" lbx="0" lby="1707" segmentation="ok" slant="92999" stroke-width="5096" threshold="182" text="Management Bill, if you like.&amp;quot; While Mr. Wilson" ubs="-320" ubx="0" uby="1666">
      <word id="a06-008-05-00" tag="NN" text="Management">
        <cmp x="306" y="1624" width="39" height="79" />
        <cmp x="347" y="1648" width="43" height="56" />
        <cmp x="391" y="1662" width="41" height="42" />
        <cmp x="435" y="1662" width="178" height="89" />
        <cmp x="617" y="1668" width="81" height="39" />
        <cmp x="708" y="1636" width="14" height="72" />
      </word>
      <word id="a06-008-05-01" tag="NN" text="Bill">
        <cmp x="782" y="1645" width="61" height="68" />
        <cmp x="839" y="1651" width="6" height="8" />
        <cmp x="844" y="1682" width="10" height="31" />
        <cmp x="856" y="1652" width="14" height="62" />
        <cmp x="869" y="1651" width="14" height="62" />
      </word>
      <word id="a06-008-05-02" tag="," text=",">
        <cmp x="906" y="1710" width="6" height="20" />
      </word>
      <word id="a06-008-05-03" tag="CS" text="if">
        <cmp x="984" y="1650" width="4" height="8" />
        <cmp x="984" y="1679" width="6" height="30" />
        <cmp x="997" y="1642" width="29" height="104" />
      </word>
      <word id="a06-008-05-04" tag="PP2" text="you">
        <cmp x="1081" y="1673" width="54" height="73" />
        <cmp x="1128" y="1686" width="83" height="36" />
      </word>
      <word id="a06-008-05-05" tag="VB" text="like">
        <cmp x="1279" y="1647" width="18" height="68" />
        <cmp x="1296" y="1652" width="6" height="14" />
        <cmp x="1305" y="1690" width="11" height="25" />
        <cmp x="1317" y="1651" width="50" height="65" />
        <cmp x="1370" y="1683" width="49" height="40" />
      </word>
      <word id="a06-008-05-06" tag="." text=".">
        <cmp x="1438" y="1710" width="7" height="7" />
      </word>
      <word id="a06-008-05-07" tag="**&apos;" text="&quot;">
        <cmp x="1462" y="1653" width="14" height="20" />
      </word>
      <word id="a06-008-05-08" sentence-start="yes" tag="CS" text="While">
        <cmp x="1527" y="1634" width="51" height="81" />
        <cmp x="1579" y="1654" width="43" height="64" />
        <cmp x="1623" y="1662" width="5" height="8" />
        <cmp x="1626" y="1690" width="11" height="27" />
        <cmp x="1640" y="1652" width="13" height="62" />
        <cmp x="1655" y="1680" width="49" height="43" />
      </word>
      <word id="a06-008-05-09" tag="NPT" text="Mr.">
        <cmp x="1766" y="1647" width="39" height="71" />
        <cmp x="1807" y="1672" width="24" height="44" />
        <cmp x="1837" y="1707" width="9" height="9" />
      </word>
      <word id="a06-008-05-10" tag="NP" text="Wilson">
        <cmp x="1910" y="1639" width="68" height="74" />
        <cmp x="1985" y="1644" width="4" height="7" />
        <cmp x="1985" y="1679" width="11" height="31" />
        <cmp x="2003" y="1648" width="10" height="68" />
        <cmp x="2024" y="1674" width="30" height="46" />
        <cmp x="2057" y="1681" width="40" height="42" />
        <cmp x="2097" y="1682" width="43" height="42" />
      </word>
      <upper-contour>
        <point x="311" y="1576" />
        <point x="2064" y="1576" />
      </upper-contour>
      <lower-contour>
        <point x="304" y="1753" />
        <point x="2105" y="1753" />
      </lower-contour>
    </line>
    <line ass="-162" asx="0" asy="1810" character-width="999" dss="-162" dsx="0" dsy="1942" fd0="12828" fd1="2703" fd2="-1334" filter-width="3" id="a06-008-06" lbs="-209" lbx="0" lby="1884" segmentation="ok" slant="95000" stroke-width="5059" threshold="182" text="was speaking, the Prime Minister and Mr. Lloyd" ubs="-68" ubx="0" uby="1852">
      <word id="a06-008-06-00" tag="BEDZ" text="was">
        <cmp x="304" y="1835" width="86" height="52" />
        <cmp x="390" y="1845" width="36" height="48" />
      </word>
      <word id="a06-008-06-01" tag="VBG" text="speaking">
        <cmp x="501" y="1843" width="42" height="48" />
        <cmp x="545" y="1849" width="119" height="76" />
        <cmp x="667" y="1824" width="44" height="69" />
        <cmp x="676" y="1864" width="37" height="19" />
        <cmp x="714" y="1831" width="5" height="13" />
        <cmp x="716" y="1868" width="8" height="26" />
        <cmp x="724" y="1855" width="81" height="82" />
      </word>
      <word id="a06-008-06-02" tag="," text=",">
        <cmp x="830" y="1891" width="5" height="15" />
      </word>
      <word id="a06-008-06-03" tag="ATI" text="the">
        <cmp x="886" y="1824" width="24" height="65" />
        <cmp x="904" y="1819" width="81" height="71" />
      </word>
      <word id="a06-008-06-04" tag="NPT" text="Prime">
        <cmp x="1056" y="1820" width="47" height="66" />
        <cmp x="1099" y="1848" width="17" height="42" />
        <cmp x="1117" y="1826" width="6" height="11" />
        <cmp x="1124" y="1856" width="10" height="31" />
        <cmp x="1132" y="1852" width="101" height="46" />
      </word>
      <word id="a06-008-06-05" tag="NPT" text="Minister">
        <cmp x="1291" y="1818" width="44" height="72" />
        <cmp x="1333" y="1818" width="7" height="10" />
        <cmp x="1341" y="1855" width="9" height="33" />
        <cmp x="1351" y="1863" width="12" height="26" />
        <cmp x="1364" y="1854" width="34" height="36" />
        <cmp x="1388" y="1827" width="5" height="7" />
        <cmp x="1404" y="1859" width="32" height="38" />
        <cmp x="1439" y="1817" width="84" height="87" />
      </word>
      <word id="a06-008-06-06" tag="CC" text="and">
        <cmp x="1606" y="1851" width="87" height="37" />
        <cmp x="1692" y="1828" width="39" height="61" />
      </word>
      <word id="a06-008-06-07" tag="NPT" text="Mr.">
        <cmp x="1790" y="1817" width="36" height="67" />
        <cmp x="1828" y="1842" width="19" height="46" />
        <cmp x="1856" y="1881" width="5" height="5" />
      </word>
      <word id="a06-008-06-08" tag="NP" text="Lloyd">
        <cmp x="1908" y="1826" width="47" height="64" />
        <cmp x="1961" y="1824" width="5" height="60" />
        <cmp x="1970" y="1859" width="83" height="90" />
        <cmp x="2059" y="1823" width="45" height="77" />
      </word>
      <upper-contour>
        <point x="304" y="1753" />
        <point x="2105" y="1753" />
      </upper-contour>
      <lower-contour>
        <point x="302" y="1938" />
        <point x="1480" y="1938" />
      </lower-contour>
    </line>
    <line ass="-658" asx="0" asy="1977" character-width="999" dss="-658" dsx="0" dsy="2088" fd0="12992" fd1="2709" fd2="-1562" filter-width="3" id="a06-008-07" lbs="-593" lbx="0" lby="2057" segmentation="ok" slant="100000" stroke-width="5010" threshold="182" text="had a whispered conversation." ubs="-787" ubx="0" uby="2020">
      <word id="a06-008-07-00" tag="HVD" text="had">
        <cmp x="296" y="1982" width="42" height="74" />
        <cmp x="340" y="1999" width="79" height="64" />
      </word>
      <word id="a06-008-07-01" tag="AT" text="a">
        <cmp x="481" y="2024" width="47" height="40" />
      </word>
      <word id="a06-008-07-02" tag="JJ" text="whispered">
        <cmp x="598" y="2018" width="59" height="48" />
        <cmp x="650" y="1990" width="50" height="72" />
        <cmp x="699" y="1994" width="4" height="10" />
        <cmp x="705" y="2033" width="9" height="27" />
        <cmp x="716" y="2027" width="35" height="39" />
        <cmp x="753" y="2025" width="96" height="72" />
        <cmp x="852" y="2033" width="43" height="33" />
        <cmp x="894" y="2005" width="44" height="67" />
      </word>
      <word id="a06-008-07-03" tag="NN" text="conversation">
        <cmp x="1016" y="2029" width="46" height="39" />
        <cmp x="1061" y="2035" width="78" height="37" />
        <cmp x="1140" y="2027" width="154" height="48" />
        <cmp x="1294" y="2032" width="44" height="37" />
        <cmp x="1336" y="2001" width="17" height="78" />
        <cmp x="1355" y="2007" width="8" height="13" />
        <cmp x="1361" y="2040" width="7" height="27" />
        <cmp x="1369" y="2035" width="42" height="35" />
        <cmp x="1410" y="2034" width="42" height="37" />
      </word>
      <word id="a06-008-07-04" tag="." text=".">
        <cmp x="1469" y="2062" width="10" height="12" />
      </word>
      <upper-contour>
        <point x="302" y="1938" />
        <point x="1480" y="1938" />
      </upper-contour>
    </line>
  </handwritten-part>
</form>

