<?xml version="1.0" encoding="ISO-8859-1"?>

<!DOCTYPE form SYSTEM 'http://www.iam.unibe.ch/~fki/iamdb/form-metadata.dtd'>

<form created="2002-01-16" height="3542" id="a06-000" last-modified="2002-07-24" skew="-30" status="final" version="3.0_beta" width="2479" writer-id="066">
  <machine-printed-part>
    <machine-print-line text="MR SELWYN LLOYD may speed up his plans to catch speculators in shares and" />
    <machine-print-line text="property. The first hint of the Chancellor bowing to public opinion over his &quot;July" />
    <machine-print-line text="Budget&quot; came dramatically in the Commons yesterday. Mr. Lloyd said on Tuesday" />
    <machine-print-line text="that he proposed to deal in his next regular Budget with some profits which now" />
    <machine-print-line text="escape tax." />
  </machine-printed-part>
  <handwritten-part>
    <line ass="-77" asx="0" asy="679" character-width="999" dss="-77" dsx="0" dsy="856" fd0="13653" fd1="2923" fd2="-1123" filter-width="3" id="a06-000-00" lbs="-254" lbx="0" lby="785" segmentation="ok" slant="68999" stroke-width="5663" threshold="187" text="MR SELWYN LLOYD may speed up his plans" ubs="275" ubx="0" uby="764">
      <word id="a06-000-00-00" sentence-start="yes" tag="NPT" text="MR">
        <cmp x="366" y="680" width="104" height="122" />
        <cmp x="457" y="749" width="25" height="37" />
      </word>
      <word id="a06-000-00-01" tag="NP" text="SELWYN">
        <cmp x="590" y="716" width="79" height="81" />
        <cmp x="647" y="715" width="116" height="77" />
        <cmp x="761" y="756" width="81" height="73" />
        <cmp x="779" y="753" width="4" height="5" />
      </word>
      <word id="a06-000-00-02" tag="NP" text="LLOYD">
        <cmp x="923" y="690" width="97" height="106" />
        <cmp x="1003" y="749" width="46" height="68" />
        <cmp x="1052" y="696" width="56" height="82" />
      </word>
      <word id="a06-000-00-03" tag="MD" text="may">
        <cmp x="1217" y="754" width="45" height="37" />
        <cmp x="1268" y="755" width="67" height="105" />
      </word>
      <word id="a06-000-00-04" tag="VB" text="speed">
        <cmp x="1409" y="748" width="36" height="34" />
        <cmp x="1416" y="745" width="56" height="83" />
        <cmp x="1470" y="753" width="32" height="32" />
        <cmp x="1501" y="755" width="28" height="31" />
        <cmp x="1528" y="711" width="58" height="73" />
      </word>
      <word id="a06-000-00-05" tag="RP" text="up">
        <cmp x="1656" y="756" width="31" height="31" />
        <cmp x="1667" y="750" width="51" height="93" />
      </word>
      <word id="a06-000-00-06" tag="PP$" text="his">
        <cmp x="1777" y="699" width="85" height="94" />
        <cmp x="1845" y="736" width="5" height="8" />
      </word>
      <word id="a06-000-00-07" tag="NNS" text="plans">
        <cmp x="1901" y="751" width="49" height="85" />
        <cmp x="1949" y="705" width="46" height="87" />
        <cmp x="1978" y="756" width="107" height="37" />
      </word>
      <lower-contour>
        <point x="372" y="860" />
        <point x="2086" y="860" />
      </lower-contour>
    </line>
    <line ass="-551" asx="0" asy="864" character-width="999" dss="-551" dsx="0" dsy="1006" fd0="13076" fd1="2121" fd2="-1159" filter-width="3" id="a06-000-01" lbs="-466" lbx="0" lby="960" segmentation="ok" slant="68999" stroke-width="5701" threshold="186" text="to catch speculators in shares and property." ubs="-721" ubx="0" uby="925">
      <word id="a06-000-01-00" tag="TO" text="to">
        <cmp x="374" y="880" width="51" height="94" />
      </word>
      <word id="a06-000-01-01" tag="VB" text="catch">
        <cmp x="522" y="889" width="162" height="85" />
      </word>
      <word id="a06-000-01-02" tag="NNS" text="speculators">
        <cmp x="781" y="940" width="30" height="34" />
        <cmp x="791" y="933" width="51" height="82" />
        <cmp x="810" y="938" width="10" height="7" />
        <cmp x="851" y="890" width="173" height="81" />
        <cmp x="1028" y="889" width="121" height="79" />
        <cmp x="1152" y="930" width="24" height="33" />
        <cmp x="1163" y="934" width="31" height="29" />
      </word>
      <word id="a06-000-01-03" tag="IN" text="in">
        <cmp x="1293" y="933" width="14" height="36" />
        <cmp x="1306" y="910" width="4" height="20" />
        <cmp x="1310" y="940" width="28" height="32" />
      </word>
      <word id="a06-000-01-04" tag="NNS" text="shares">
        <cmp x="1441" y="933" width="36" height="37" />
        <cmp x="1472" y="880" width="32" height="91" />
        <cmp x="1506" y="938" width="122" height="34" />
        <cmp x="1551" y="943" width="4" height="9" />
      </word>
      <word id="a06-000-01-05" tag="CC" text="and">
        <cmp x="1731" y="933" width="82" height="33" />
        <cmp x="1816" y="886" width="59" height="79" />
      </word>
      <word id="a06-000-01-06" tag="NN" text="property">
        <cmp x="1929" y="938" width="42" height="74" />
        <cmp x="1966" y="945" width="56" height="35" />
        <cmp x="2018" y="941" width="34" height="68" />
        <cmp x="2052" y="935" width="52" height="40" />
        <cmp x="2087" y="895" width="57" height="125" />
      </word>
      <word id="a06-000-01-07" tag="." text=".">
        <cmp x="2159" y="975" width="7" height="9" />
      </word>
      <upper-contour>
        <point x="372" y="860" />
        <point x="2086" y="860" />
      </upper-contour>
      <lower-contour>
        <point x="372" y="1020" />
        <point x="2138" y="1020" />
      </lower-contour>
    </line>
    <line ass="-566" asx="0" asy="1018" character-width="999" dss="-566" dsx="0" dsy="1195" fd0="13308" fd1="2147" fd2="-1531" filter-width="3" id="a06-000-02" lbs="-438" lbx="0" lby="1127" segmentation="ok" slant="70000" stroke-width="5529" threshold="187" text="The first hint of the Chancellor bowing to" ubs="-823" ubx="0" uby="1087">
      <word id="a06-000-02-00" sentence-start="yes" tag="ATI" text="The">
        <cmp x="358" y="1023" width="121" height="118" />
      </word>
      <word id="a06-000-02-01" tag="OD" text="first">
        <cmp x="571" y="1023" width="51" height="120" />
        <cmp x="624" y="1104" width="39" height="38" />
        <cmp x="668" y="1049" width="30" height="95" />
      </word>
      <word id="a06-000-02-02" tag="NN" text="hint">
        <cmp x="771" y="1031" width="59" height="109" />
        <cmp x="834" y="1109" width="26" height="29" />
        <cmp x="835" y="1072" width="5" height="16" />
        <cmp x="863" y="1047" width="40" height="90" />
      </word>
      <word id="a06-000-02-03" tag="INO" text="of">
        <cmp x="981" y="1106" width="30" height="32" />
        <cmp x="1016" y="1047" width="44" height="91" />
      </word>
      <word id="a06-000-02-04" tag="ATI" text="the">
        <cmp x="1144" y="1048" width="98" height="104" />
      </word>
      <word id="a06-000-02-05" tag="NPT" text="Chancellor">
        <cmp x="1363" y="1043" width="162" height="110" />
        <cmp x="1528" y="1062" width="153" height="87" />
        <cmp x="1679" y="1110" width="37" height="36" />
      </word>
      <word id="a06-000-02-06" tag="VBG" text="bowing">
        <cmp x="1792" y="1068" width="66" height="74" />
        <cmp x="1847" y="1114" width="29" height="29" />
        <cmp x="1858" y="1120" width="3" height="3" />
        <cmp x="1886" y="1113" width="38" height="34" />
        <cmp x="1928" y="1118" width="84" height="98" />
        <cmp x="1930" y="1122" width="14" height="27" />
        <cmp x="1947" y="1093" width="6" height="14" />
      </word>
      <word id="a06-000-02-07" tag="IN" text="to">
        <cmp x="2071" y="1071" width="66" height="86" />
        <cmp x="2107" y="1120" width="5" height="3" />
      </word>
      <upper-contour>
        <point x="372" y="1020" />
        <point x="2138" y="1020" />
      </upper-contour>
      <lower-contour>
        <point x="356" y="1216" />
        <point x="2058" y="1216" />
      </lower-contour>
    </line>
    <line ass="68" asx="0" asy="1233" character-width="999" dss="68" dsx="0" dsy="1400" fd0="13785" fd1="2224" fd2="-1310" filter-width="3" id="a06-000-03" lbs="175" lbx="0" lby="1323" segmentation="ok" slant="71000" stroke-width="5632" threshold="188" text="public opinion over his &quot;July Budget&quot; came" ubs="-145" ubx="0" uby="1290">
      <word id="a06-000-03-00" tag="JJ" text="public">
        <cmp x="356" y="1283" width="30" height="86" />
        <cmp x="394" y="1294" width="24" height="35" />
        <cmp x="425" y="1249" width="32" height="78" />
        <cmp x="454" y="1244" width="42" height="85" />
        <cmp x="501" y="1304" width="26" height="27" />
        <cmp x="503" y="1269" width="7" height="8" />
        <cmp x="513" y="1298" width="5" height="5" />
      </word>
      <word id="a06-000-03-01" tag="NN" text="opinion">
        <cmp x="632" y="1285" width="27" height="38" />
        <cmp x="652" y="1287" width="33" height="77" />
        <cmp x="691" y="1286" width="14" height="32" />
        <cmp x="707" y="1291" width="27" height="31" />
        <cmp x="710" y="1250" width="5" height="6" />
        <cmp x="745" y="1286" width="13" height="29" />
        <cmp x="766" y="1286" width="23" height="32" />
        <cmp x="794" y="1284" width="29" height="34" />
      </word>
      <word id="a06-000-03-02" tag="IN" text="over">
        <cmp x="922" y="1283" width="26" height="37" />
        <cmp x="947" y="1288" width="79" height="40" />
      </word>
      <word id="a06-000-03-03" tag="PP$" text="his">
        <cmp x="1131" y="1232" width="103" height="93" />
        <cmp x="1205" y="1272" width="4" height="6" />
      </word>
      <word id="a06-000-03-04" tag="*&apos;" text="&quot;">
        <cmp x="1385" y="1263" width="5" height="6" />
        <cmp x="1389" y="1257" width="4" height="6" />
        <cmp x="1399" y="1254" width="11" height="16" />
      </word>
      <word id="a06-000-03-05" tag="NR" text="July">
        <cmp x="1395" y="1245" width="72" height="89" />
        <cmp x="1440" y="1306" width="25" height="22" />
        <cmp x="1456" y="1255" width="67" height="145" />
      </word>
      <word id="a06-000-03-06" tag="NN" text="Budget">
        <cmp x="1595" y="1256" width="54" height="80" />
        <cmp x="1643" y="1308" width="27" height="23" />
        <cmp x="1649" y="1309" width="3" height="4" />
        <cmp x="1674" y="1248" width="57" height="86" />
        <cmp x="1675" y="1251" width="129" height="145" />
      </word>
      <word id="a06-000-03-07" tag="**&apos;" text="&quot;">
        <cmp x="1822" y="1254" width="21" height="23" />
      </word>
      <word id="a06-000-03-08" tag="VBD" text="came">
        <cmp x="1871" y="1297" width="186" height="41" />
      </word>
      <upper-contour>
        <point x="356" y="1216" />
        <point x="2058" y="1216" />
      </upper-contour>
      <lower-contour>
        <point x="378" y="1400" />
        <point x="2058" y="1400" />
      </lower-contour>
    </line>
    <line ass="-724" asx="0" asy="1393" character-width="999" dss="-724" dsx="0" dsy="1549" fd0="13910" fd1="2223" fd2="-1521" filter-width="4" id="a06-000-04" lbs="-726" lbx="0" lby="1489" segmentation="ok" slant="65000" stroke-width="5905" threshold="185" text="dramatically in the Commons yesterday. Mr" ubs="-721" ubx="0" uby="1458">
      <word id="a06-000-04-00" tag="RB" text="dramatically">
        <cmp x="380" y="1410" width="163" height="99" />
        <cmp x="552" y="1429" width="72" height="74" />
        <cmp x="618" y="1474" width="13" height="28" />
        <cmp x="633" y="1449" width="5" height="9" />
        <cmp x="645" y="1423" width="145" height="133" />
      </word>
      <word id="a06-000-04-01" tag="IN" text="in">
        <cmp x="908" y="1471" width="17" height="35" />
        <cmp x="927" y="1479" width="22" height="22" />
        <cmp x="929" y="1441" width="8" height="25" />
      </word>
      <word id="a06-000-04-02" tag="ATI" text="the">
        <cmp x="1051" y="1410" width="44" height="91" />
        <cmp x="1076" y="1415" width="43" height="92" />
        <cmp x="1112" y="1469" width="27" height="37" />
      </word>
      <word id="a06-000-04-03" tag="NP" text="Commons">
        <cmp x="1289" y="1410" width="77" height="93" />
        <cmp x="1357" y="1473" width="96" height="30" />
        <cmp x="1455" y="1470" width="25" height="31" />
        <cmp x="1482" y="1470" width="62" height="35" />
      </word>
      <word id="a06-000-04-04" tag="NR" text="yesterday">
        <cmp x="1620" y="1472" width="96" height="100" />
        <cmp x="1727" y="1423" width="53" height="84" />
        <cmp x="1776" y="1480" width="67" height="32" />
        <cmp x="1835" y="1424" width="70" height="89" />
        <cmp x="1881" y="1475" width="79" height="90" />
      </word>
      <word id="a06-000-04-05" tag="." text=".">
        <cmp x="1997" y="1499" width="6" height="5" />
      </word>
      <word id="a06-000-04-06" sentence-start="yes" tag="NPT" text="Mr">
        <cmp x="2039" y="1449" width="72" height="80" />
        <cmp x="2106" y="1445" width="59" height="84" />
      </word>
      <upper-contour>
        <point x="378" y="1400" />
        <point x="2058" y="1400" />
      </upper-contour>
      <lower-contour>
        <point x="378" y="1572" />
        <point x="2166" y="1572" />
      </lower-contour>
    </line>
    <line ass="-715" asx="0" asy="1562" character-width="999" dss="-715" dsx="0" dsy="1728" fd0="12876" fd1="2087" fd2="-1312" filter-width="4" id="a06-000-05" lbs="-515" lbx="0" lby="1681" segmentation="ok" slant="72000" stroke-width="5832" threshold="187" text="Lloyd said on # Tuesday that he proposed" ubs="-1113" ubx="0" uby="1630">
      <word id="a06-000-05-00" tag="NP" text="Lloyd">
        <cmp x="375" y="1578" width="35" height="115" />
        <cmp x="417" y="1586" width="38" height="94" />
        <cmp x="448" y="1648" width="26" height="34" />
        <cmp x="464" y="1652" width="52" height="83" />
        <cmp x="520" y="1602" width="38" height="75" />
      </word>
      <word id="a06-000-05-01" tag="VBD" text="said">
        <cmp x="661" y="1636" width="33" height="44" />
        <cmp x="696" y="1642" width="48" height="33" />
        <cmp x="745" y="1615" width="6" height="8" />
        <cmp x="750" y="1583" width="61" height="98" />
      </word>
      <word id="a06-000-05-02" tag="IN" text="on">
        <cmp x="912" y="1648" width="25" height="39" />
        <cmp x="945" y="1652" width="23" height="32" />
      </word>
      <word id="a06-000-05-03" tag="&amp;GA" text="#">
        <cmp x="1080" y="1577" width="119" height="104" />
      </word>
      <word id="a06-000-05-04" tag="NR" text="Tuesday">
        <cmp x="1290" y="1581" width="69" height="99" />
        <cmp x="1368" y="1646" width="49" height="31" />
        <cmp x="1422" y="1592" width="53" height="87" />
        <cmp x="1466" y="1648" width="64" height="90" />
      </word>
      <word id="a06-000-05-05" tag="CS" text="that">
        <cmp x="1661" y="1593" width="80" height="113" />
        <cmp x="1738" y="1602" width="78" height="96" />
      </word>
      <word id="a06-000-05-06" tag="PP3A" text="he">
        <cmp x="1868" y="1595" width="75" height="100" />
      </word>
      <word id="a06-000-05-07" tag="VBD" text="proposed">
        <cmp x="1963" y="1656" width="50" height="93" />
        <cmp x="2016" y="1662" width="52" height="30" />
        <cmp x="2052" y="1656" width="54" height="88" />
        <cmp x="2108" y="1663" width="29" height="31" />
        <cmp x="2133" y="1665" width="17" height="30" />
        <cmp x="2163" y="1606" width="86" height="90" />
      </word>
      <upper-contour>
        <point x="378" y="1572" />
        <point x="2166" y="1572" />
      </upper-contour>
      <lower-contour>
        <point x="373" y="1749" />
        <point x="2223" y="1749" />
      </lower-contour>
    </line>
    <line ass="-413" asx="0" asy="1744" character-width="999" dss="-413" dsx="0" dsy="1914" fd0="13420" fd1="2081" fd2="-1256" filter-width="4" id="a06-000-06" lbs="-488" lbx="0" lby="1850" segmentation="ok" slant="70000" stroke-width="5790" threshold="186" text="to deal in his next regular Budget with" ubs="-262" ubx="0" uby="1823">
      <word id="a06-000-06-00" tag="TO" text="to">
        <cmp x="367" y="1764" width="54" height="94" />
      </word>
      <word id="a06-000-06-01" tag="VB" text="deal">
        <cmp x="510" y="1780" width="54" height="88" />
        <cmp x="557" y="1783" width="103" height="81" />
      </word>
      <word id="a06-000-06-02" tag="IN" text="in">
        <cmp x="804" y="1839" width="16" height="31" />
        <cmp x="824" y="1808" width="7" height="11" />
        <cmp x="826" y="1834" width="30" height="35" />
      </word>
      <word id="a06-000-06-03" tag="PP$" text="his">
        <cmp x="967" y="1762" width="42" height="98" />
        <cmp x="987" y="1824" width="66" height="36" />
        <cmp x="1031" y="1798" width="4" height="10" />
      </word>
      <word id="a06-000-06-04" tag="AP" text="next">
        <cmp x="1165" y="1823" width="31" height="38" />
        <cmp x="1205" y="1825" width="61" height="33" />
        <cmp x="1262" y="1773" width="46" height="88" />
      </word>
      <word id="a06-000-06-05" tag="JJ" text="regular">
        <cmp x="1396" y="1788" width="183" height="138" />
        <cmp x="1566" y="1835" width="73" height="35" />
      </word>
      <word id="a06-000-06-06" tag="NN" text="Budget">
        <cmp x="1769" y="1777" width="58" height="94" />
        <cmp x="1827" y="1838" width="28" height="24" />
        <cmp x="1861" y="1785" width="56" height="77" />
        <cmp x="1878" y="1784" width="142" height="133" />
      </word>
      <word id="a06-000-06-07" tag="IN" text="with">
        <cmp x="2077" y="1830" width="50" height="36" />
        <cmp x="2125" y="1833" width="19" height="41" />
        <cmp x="2145" y="1789" width="8" height="21" />
        <cmp x="2151" y="1760" width="71" height="113" />
      </word>
      <upper-contour>
        <point x="373" y="1749" />
        <point x="2223" y="1749" />
      </upper-contour>
      <lower-contour>
        <point x="365" y="1926" />
        <point x="1713" y="1926" />
      </lower-contour>
    </line>
    <line ass="-350" asx="0" asy="1923" character-width="999" dss="-350" dsx="0" dsy="2078" fd0="13252" fd1="2295" fd2="-1280" filter-width="3" id="a06-000-07" lbs="-274" lbx="0" lby="2033" segmentation="ok" slant="71000" stroke-width="5634" threshold="185" text="some profits which now escape tax." ubs="-502" ubx="0" uby="1995">
      <word id="a06-000-07-00" tag="DTI" text="some">
        <cmp x="356" y="1992" width="26" height="55" />
        <cmp x="383" y="2006" width="27" height="32" />
        <cmp x="416" y="2003" width="40" height="36" />
        <cmp x="459" y="2002" width="29" height="38" />
      </word>
      <word id="a06-000-07-01" tag="NNS" text="profits">
        <cmp x="586" y="1995" width="32" height="80" />
        <cmp x="624" y="1997" width="71" height="37" />
        <cmp x="700" y="1934" width="37" height="101" />
        <cmp x="735" y="1971" width="5" height="8" />
        <cmp x="747" y="1929" width="45" height="99" />
      </word>
      <word id="a06-000-07-02" tag="WDT" text="which">
        <cmp x="881" y="1990" width="49" height="48" />
        <cmp x="889" y="1997" width="6" height="7" />
        <cmp x="932" y="1934" width="44" height="108" />
        <cmp x="978" y="1978" width="5" height="19" />
        <cmp x="983" y="1939" width="54" height="109" />
      </word>
      <word id="a06-000-07-03" tag="RN" text="now">
        <cmp x="1109" y="2000" width="28" height="42" />
        <cmp x="1142" y="2007" width="26" height="37" />
        <cmp x="1167" y="2008" width="36" height="36" />
      </word>
      <word id="a06-000-07-04" tag="VB" text="escape">
        <cmp x="1300" y="2005" width="51" height="39" />
        <cmp x="1359" y="1998" width="148" height="90" />
      </word>
      <word id="a06-000-07-05" tag="NN" text="tax">
        <cmp x="1582" y="1939" width="78" height="110" />
        <cmp x="1650" y="2007" width="54" height="56" />
      </word>
      <word id="a06-000-07-06" tag="." text=".">
        <cmp x="1704" y="2045" width="9" height="8" />
      </word>
      <upper-contour>
        <point x="365" y="1926" />
        <point x="1713" y="1926" />
      </upper-contour>
    </line>
  </handwritten-part>
</form>

