<?xml version="1.0" encoding="ISO-8859-1"?>

<!DOCTYPE form SYSTEM 'http://www.iam.unibe.ch/~fki/iamdb/form-metadata.dtd'>

<form created="2002-01-16" height="3542" id="a06-119" last-modified="2002-07-17" skew="-223" status="final" version="3.0_beta" width="2479" writer-id="084">
  <machine-printed-part>
    <machine-print-line text="Note circulation soared for the sixth successive week - this time by more than 15,000,000" />
    <machine-print-line text="last week. And that brought the figure to a record 2,415,000,000. This was 100,000,000" />
    <machine-print-line text="more than the corresponding week last year and 37,000,000 up on the 1960 record set" />
    <machine-print-line text="last Christmas. Now look at the other side of all these coins." />
  </machine-printed-part>
  <handwritten-part>
    <line ass="-484" asx="0" asy="719" character-width="999" dss="-484" dsx="0" dsy="847" fd0="12743" fd1="2302" fd2="-977" filter-width="3" id="a06-119-00" lbs="-489" lbx="0" lby="818" segmentation="ok" slant="82000" stroke-width="5307" threshold="182" text="Note circulation soared for the" ubs="-472" ubx="0" uby="777">
      <word id="a06-119-00-00" sentence-start="yes" tag="NN" text="Note">
        <cmp x="368" y="742" width="68" height="83" />
        <cmp x="432" y="780" width="46" height="47" />
        <cmp x="498" y="733" width="87" height="90" />
      </word>
      <word id="a06-119-00-01" tag="NN" text="circulation">
        <cmp x="668" y="774" width="56" height="56" />
        <cmp x="736" y="795" width="9" height="30" />
        <cmp x="744" y="750" width="10" height="18" />
        <cmp x="767" y="773" width="40" height="42" />
        <cmp x="810" y="783" width="51" height="55" />
        <cmp x="871" y="790" width="48" height="44" />
        <cmp x="942" y="747" width="18" height="85" />
        <cmp x="972" y="782" width="58" height="48" />
        <cmp x="1042" y="753" width="62" height="77" />
        <cmp x="1110" y="749" width="7" height="22" />
        <cmp x="1115" y="781" width="48" height="46" />
        <cmp x="1182" y="792" width="48" height="32" />
      </word>
      <word id="a06-119-00-02" tag="VBD" text="soared">
        <cmp x="1311" y="780" width="56" height="54" />
        <cmp x="1374" y="788" width="48" height="51" />
        <cmp x="1433" y="790" width="54" height="45" />
        <cmp x="1515" y="777" width="69" height="58" />
        <cmp x="1599" y="745" width="85" height="94" />
      </word>
      <word id="a06-119-00-03" tag="IN" text="for">
        <cmp x="1751" y="733" width="40" height="128" />
        <cmp x="1781" y="785" width="52" height="47" />
        <cmp x="1853" y="789" width="39" height="37" />
      </word>
      <word id="a06-119-00-04" tag="ATI" text="the">
        <cmp x="1943" y="757" width="45" height="75" />
        <cmp x="2005" y="759" width="114" height="78" />
      </word>
      <lower-contour>
        <point x="371" y="860" />
        <point x="2059" y="860" />
      </lower-contour>
    </line>
    <line ass="-582" asx="0" asy="912" character-width="999" dss="-582" dsx="0" dsy="1003" fd0="13286" fd1="2884" fd2="-797" filter-width="3" id="a06-119-01" lbs="-542" lbx="0" lby="990" segmentation="ok" slant="87000" stroke-width="5390" threshold="182" text="sixth successive week - this" ubs="-662" ubx="0" uby="966">
      <word id="a06-119-01-00" tag="OD" text="sixth">
        <cmp x="373" y="941" width="56" height="62" />
        <cmp x="446" y="964" width="9" height="32" />
        <cmp x="452" y="923" width="14" height="14" />
        <cmp x="477" y="952" width="55" height="45" />
        <cmp x="540" y="924" width="38" height="63" />
        <cmp x="599" y="923" width="42" height="76" />
      </word>
      <word id="a06-119-01-01" tag="JJ" text="successive">
        <cmp x="720" y="956" width="58" height="52" />
        <cmp x="790" y="964" width="46" height="45" />
        <cmp x="850" y="956" width="58" height="51" />
        <cmp x="908" y="959" width="59" height="48" />
        <cmp x="981" y="962" width="52" height="48" />
        <cmp x="1042" y="965" width="48" height="44" />
        <cmp x="1107" y="966" width="52" height="46" />
        <cmp x="1173" y="986" width="9" height="29" />
        <cmp x="1185" y="925" width="10" height="12" />
        <cmp x="1215" y="962" width="44" height="48" />
        <cmp x="1260" y="972" width="71" height="42" />
      </word>
      <word id="a06-119-01-02" tag="NN" text="week">
        <cmp x="1423" y="954" width="83" height="55" />
        <cmp x="1522" y="966" width="66" height="46" />
        <cmp x="1600" y="965" width="55" height="43" />
        <cmp x="1669" y="934" width="62" height="75" />
      </word>
      <word id="a06-119-01-03" tag="*-" text="-">
        <cmp x="1776" y="979" width="29" height="8" />
      </word>
      <word id="a06-119-01-04" tag="DT" text="this">
        <cmp x="1864" y="943" width="49" height="72" />
        <cmp x="1925" y="946" width="48" height="70" />
        <cmp x="1993" y="980" width="11" height="37" />
        <cmp x="2011" y="943" width="6" height="30" />
        <cmp x="2022" y="978" width="36" height="38" />
      </word>
      <upper-contour>
        <point x="371" y="860" />
        <point x="2059" y="860" />
      </upper-contour>
      <lower-contour>
        <point x="371" y="1016" />
        <point x="2059" y="1016" />
      </lower-contour>
    </line>
    <line ass="-608" asx="0" asy="1095" character-width="999" dss="-608" dsx="0" dsy="1219" fd0="13240" fd1="2602" fd2="-996" filter-width="3" id="a06-119-02" lbs="-585" lbx="0" lby="1173" segmentation="ok" slant="86000" stroke-width="5289" threshold="182" text="time by more than 15,000,000 # last" ubs="-653" ubx="0" uby="1136">
      <word id="a06-119-02-00" tag="NN" text="time">
        <cmp x="352" y="1106" width="53" height="79" />
        <cmp x="408" y="1142" width="8" height="40" />
        <cmp x="413" y="1102" width="14" height="16" />
        <cmp x="431" y="1136" width="63" height="45" />
        <cmp x="509" y="1129" width="49" height="45" />
      </word>
      <word id="a06-119-02-01" tag="IN" text="by">
        <cmp x="620" y="1104" width="96" height="124" />
      </word>
      <word id="a06-119-02-02" tag="AP" text="more">
        <cmp x="770" y="1128" width="60" height="45" />
        <cmp x="837" y="1143" width="50" height="40" />
        <cmp x="898" y="1142" width="66" height="47" />
      </word>
      <word id="a06-119-02-03" tag="IN" text="than">
        <cmp x="1014" y="1118" width="41" height="72" />
        <cmp x="1069" y="1116" width="42" height="73" />
        <cmp x="1121" y="1149" width="51" height="45" />
        <cmp x="1188" y="1146" width="43" height="41" />
      </word>
      <word id="a06-119-02-04" tag="NNU" text="15,000,000">
        <cmp x="1298" y="1117" width="52" height="62" />
        <cmp x="1346" y="1123" width="66" height="57" />
        <cmp x="1410" y="1175" width="12" height="24" />
        <cmp x="1444" y="1127" width="48" height="60" />
        <cmp x="1494" y="1138" width="46" height="55" />
        <cmp x="1548" y="1137" width="50" height="50" />
        <cmp x="1610" y="1180" width="17" height="24" />
        <cmp x="1632" y="1182" width="10" height="15" />
        <cmp x="1641" y="1135" width="55" height="60" />
        <cmp x="1680" y="1167" width="3" height="6" />
        <cmp x="1698" y="1139" width="50" height="55" />
        <cmp x="1758" y="1139" width="50" height="53" />
        <cmp x="1773" y="1179" width="9" height="6" />
      </word>
      <word id="a06-119-02-05" tag="&amp;GA" text="#">
        <cmp x="1852" y="1115" width="43" height="86" />
      </word>
      <word id="a06-119-02-06" tag="AP" text="last">
        <cmp x="1947" y="1119" width="23" height="70" />
        <cmp x="1959" y="1150" width="51" height="43" />
        <cmp x="2009" y="1153" width="49" height="39" />
        <cmp x="2073" y="1125" width="44" height="72" />
      </word>
      <upper-contour>
        <point x="371" y="1016" />
        <point x="2059" y="1016" />
      </upper-contour>
      <lower-contour>
        <point x="368" y="1231" />
        <point x="2092" y="1231" />
      </lower-contour>
    </line>
    <line ass="-506" asx="0" asy="1267" character-width="999" dss="-506" dsx="0" dsy="1417" fd0="12968" fd1="2250" fd2="-1319" filter-width="3" id="a06-119-03" lbs="-446" lbx="0" lby="1355" segmentation="ok" slant="85000" stroke-width="5121" threshold="182" text="week. And that brought the figure" ubs="-627" ubx="0" uby="1316">
      <word id="a06-119-03-00" tag="NN" text="week">
        <cmp x="370" y="1305" width="78" height="55" />
        <cmp x="453" y="1323" width="54" height="46" />
        <cmp x="513" y="1317" width="63" height="48" />
        <cmp x="586" y="1286" width="54" height="77" />
      </word>
      <word id="a06-119-03-01" tag="." text=".">
        <cmp x="665" y="1349" width="6" height="5" />
      </word>
      <word id="a06-119-03-02" sentence-start="yes" tag="CC" text="And">
        <cmp x="713" y="1282" width="61" height="82" />
        <cmp x="743" y="1297" width="4" height="9" />
        <cmp x="787" y="1322" width="36" height="42" />
        <cmp x="833" y="1294" width="63" height="72" />
      </word>
      <word id="a06-119-03-03" tag="DT" text="that">
        <cmp x="959" y="1295" width="37" height="79" />
        <cmp x="1018" y="1295" width="42" height="73" />
        <cmp x="1069" y="1332" width="57" height="43" />
        <cmp x="1123" y="1306" width="34" height="59" />
      </word>
      <word id="a06-119-03-04" tag="VBD" text="brought">
        <cmp x="1210" y="1294" width="47" height="75" />
        <cmp x="1267" y="1319" width="29" height="48" />
        <cmp x="1299" y="1328" width="51" height="42" />
        <cmp x="1355" y="1334" width="41" height="39" />
        <cmp x="1398" y="1323" width="48" height="97" />
        <cmp x="1467" y="1291" width="33" height="77" />
        <cmp x="1504" y="1297" width="37" height="70" />
      </word>
      <word id="a06-119-03-05" tag="ATI" text="the">
        <cmp x="1609" y="1290" width="31" height="74" />
        <cmp x="1653" y="1303" width="86" height="65" />
      </word>
      <word id="a06-119-03-06" tag="NN" text="figure">
        <cmp x="1801" y="1282" width="45" height="124" />
        <cmp x="1851" y="1337" width="13" height="33" />
        <cmp x="1871" y="1295" width="9" height="14" />
        <cmp x="1878" y="1328" width="45" height="105" />
        <cmp x="1932" y="1342" width="42" height="35" />
        <cmp x="1993" y="1327" width="98" height="48" />
      </word>
      <upper-contour>
        <point x="368" y="1231" />
        <point x="2092" y="1231" />
      </upper-contour>
      <lower-contour>
        <point x="368" y="1432" />
        <point x="2092" y="1432" />
      </lower-contour>
    </line>
    <line ass="-495" asx="0" asy="1453" character-width="999" dss="-495" dsx="0" dsy="1555" fd0="13274" fd1="2318" fd2="-944" filter-width="3" id="a06-119-04" lbs="-541" lbx="0" lby="1535" segmentation="ok" slant="79000" stroke-width="5310" threshold="182" text="to a record 2,415,000,000. This was" ubs="-404" ubx="0" uby="1501">
      <word id="a06-119-04-00" tag="IN" text="to">
        <cmp x="354" y="1458" width="39" height="85" />
        <cmp x="400" y="1495" width="51" height="52" />
      </word>
      <word id="a06-119-04-01" tag="AT" text="a">
        <cmp x="508" y="1495" width="56" height="48" />
      </word>
      <word id="a06-119-04-02" tag="NN" text="record">
        <cmp x="647" y="1495" width="74" height="49" />
        <cmp x="732" y="1498" width="57" height="53" />
        <cmp x="789" y="1500" width="54" height="48" />
        <cmp x="859" y="1499" width="33" height="50" />
        <cmp x="895" y="1475" width="72" height="78" />
        <cmp x="959" y="1507" width="3" height="3" />
      </word>
      <word id="a06-119-04-03" tag="NNU" text="2,415,000,000">
        <cmp x="1030" y="1484" width="57" height="64" />
        <cmp x="1094" y="1540" width="13" height="25" />
        <cmp x="1147" y="1486" width="48" height="72" />
        <cmp x="1204" y="1489" width="45" height="57" />
        <cmp x="1264" y="1497" width="66" height="60" />
        <cmp x="1327" y="1533" width="13" height="27" />
        <cmp x="1365" y="1494" width="152" height="57" />
        <cmp x="1548" y="1533" width="15" height="26" />
        <cmp x="1581" y="1500" width="161" height="57" />
      </word>
      <word id="a06-119-04-04" tag="." text=".">
        <cmp x="1761" y="1557" width="5" height="7" />
      </word>
      <word id="a06-119-04-05" sentence-start="yes" tag="DT" text="This">
        <cmp x="1783" y="1478" width="119" height="75" />
        <cmp x="1921" y="1521" width="11" height="32" />
        <cmp x="1931" y="1476" width="7" height="21" />
        <cmp x="1953" y="1515" width="37" height="42" />
      </word>
      <word id="a06-119-04-06" tag="BEDZ" text="was">
        <cmp x="2033" y="1509" width="55" height="47" />
        <cmp x="2084" y="1512" width="48" height="48" />
        <cmp x="2137" y="1513" width="41" height="47" />
      </word>
      <upper-contour>
        <point x="368" y="1432" />
        <point x="2092" y="1432" />
      </upper-contour>
      <lower-contour>
        <point x="352" y="1565" />
        <point x="2179" y="1565" />
      </lower-contour>
    </line>
    <line ass="-207" asx="0" asy="1653" character-width="999" dss="-207" dsx="0" dsy="1819" fd0="13384" fd1="2676" fd2="-1223" filter-width="3" id="a06-119-05" lbs="-207" lbx="0" lby="1726" segmentation="ok" slant="79000" stroke-width="5373" threshold="182" text="100,000,000 more than the corresponding" ubs="-208" ubx="0" uby="1685">
      <word id="a06-119-05-00" tag="NNU" text="100,000,000">
        <cmp x="342" y="1660" width="62" height="64" />
        <cmp x="397" y="1669" width="50" height="55" />
        <cmp x="452" y="1664" width="48" height="58" />
        <cmp x="511" y="1707" width="10" height="28" />
        <cmp x="541" y="1672" width="87" height="67" />
        <cmp x="604" y="1723" width="5" height="4" />
        <cmp x="629" y="1684" width="44" height="44" />
        <cmp x="695" y="1712" width="8" height="27" />
        <cmp x="715" y="1678" width="51" height="52" />
        <cmp x="766" y="1684" width="49" height="48" />
        <cmp x="821" y="1681" width="49" height="50" />
      </word>
      <word id="a06-119-05-01" tag="AP" text="more">
        <cmp x="947" y="1684" width="69" height="49" />
        <cmp x="955" y="1674" width="3" height="5" />
        <cmp x="1017" y="1693" width="48" height="39" />
        <cmp x="1089" y="1683" width="71" height="49" />
      </word>
      <word id="a06-119-05-02" tag="IN" text="than">
        <cmp x="1209" y="1660" width="32" height="72" />
        <cmp x="1259" y="1660" width="44" height="73" />
        <cmp x="1311" y="1691" width="50" height="44" />
        <cmp x="1386" y="1697" width="47" height="46" />
      </word>
      <word id="a06-119-05-03" tag="ATI" text="the">
        <cmp x="1508" y="1664" width="36" height="70" />
        <cmp x="1540" y="1670" width="3" height="5" />
        <cmp x="1545" y="1669" width="87" height="67" />
      </word>
      <word id="a06-119-05-04" tag="JJ" text="corresponding">
        <cmp x="1705" y="1682" width="44" height="51" />
        <cmp x="1750" y="1691" width="46" height="45" />
        <cmp x="1805" y="1686" width="29" height="44" />
        <cmp x="1850" y="1684" width="70" height="45" />
        <cmp x="1924" y="1684" width="44" height="41" />
        <cmp x="1970" y="1692" width="47" height="64" />
        <cmp x="2022" y="1697" width="40" height="35" />
        <cmp x="2071" y="1702" width="42" height="34" />
        <cmp x="2113" y="1673" width="71" height="64" />
        <cmp x="2183" y="1699" width="16" height="41" />
        <cmp x="2210" y="1661" width="7" height="13" />
        <cmp x="2218" y="1698" width="35" height="38" />
        <cmp x="2242" y="1704" width="55" height="123" />
      </word>
      <upper-contour>
        <point x="352" y="1565" />
        <point x="2179" y="1565" />
      </upper-contour>
      <lower-contour>
        <point x="345" y="1826" />
        <point x="2274" y="1826" />
      </lower-contour>
    </line>
    <line ass="-693" asx="0" asy="1818" character-width="999" dss="-693" dsx="0" dsy="1927" fd0="13246" fd1="2852" fd2="-764" filter-width="3" id="a06-119-06" lbs="-658" lbx="0" lby="1894" segmentation="ok" slant="79000" stroke-width="5415" threshold="182" text="week last year and 37,000,000 up on" ubs="-763" ubx="0" uby="1850">
      <word id="a06-119-06-00" tag="NN" text="week">
        <cmp x="347" y="1845" width="71" height="58" />
        <cmp x="428" y="1857" width="70" height="47" />
        <cmp x="504" y="1854" width="55" height="49" />
        <cmp x="564" y="1828" width="17" height="74" />
        <cmp x="576" y="1850" width="47" height="46" />
      </word>
      <word id="a06-119-06-01" tag="AP" text="last">
        <cmp x="703" y="1828" width="12" height="75" />
        <cmp x="716" y="1855" width="52" height="55" />
        <cmp x="792" y="1858" width="43" height="42" />
        <cmp x="843" y="1833" width="34" height="82" />
      </word>
      <word id="a06-119-06-02" tag="NN" text="year">
        <cmp x="947" y="1874" width="56" height="66" />
        <cmp x="948" y="1862" width="25" height="44" />
        <cmp x="1011" y="1856" width="60" height="48" />
        <cmp x="1072" y="1867" width="56" height="37" />
        <cmp x="1151" y="1856" width="39" height="53" />
      </word>
      <word id="a06-119-06-03" tag="CC" text="and">
        <cmp x="1239" y="1862" width="53" height="52" />
        <cmp x="1298" y="1877" width="43" height="38" />
        <cmp x="1348" y="1843" width="72" height="76" />
      </word>
      <word id="a06-119-06-04" tag="NNU" text="37,000,000">
        <cmp x="1463" y="1845" width="68" height="59" />
        <cmp x="1544" y="1840" width="39" height="69" />
        <cmp x="1601" y="1898" width="8" height="20" />
        <cmp x="1624" y="1862" width="51" height="53" />
        <cmp x="1684" y="1861" width="45" height="48" />
        <cmp x="1735" y="1864" width="48" height="47" />
        <cmp x="1781" y="1910" width="8" height="15" />
        <cmp x="1808" y="1866" width="55" height="46" />
        <cmp x="1875" y="1869" width="50" height="42" />
        <cmp x="1935" y="1859" width="45" height="45" />
      </word>
      <word id="a06-119-06-05" tag="RP" text="up">
        <cmp x="2033" y="1880" width="43" height="31" />
        <cmp x="2082" y="1878" width="56" height="64" />
      </word>
      <word id="a06-119-06-06" tag="IN" text="on">
        <cmp x="2170" y="1880" width="51" height="44" />
        <cmp x="2228" y="1889" width="45" height="47" />
      </word>
      <upper-contour>
        <point x="345" y="1826" />
        <point x="2274" y="1826" />
      </upper-contour>
      <lower-contour>
        <point x="345" y="1941" />
        <point x="2065" y="1941" />
      </lower-contour>
    </line>
    <line ass="-217" asx="0" asy="2001" character-width="999" dss="-217" dsx="0" dsy="2090" fd0="13123" fd1="2776" fd2="-965" filter-width="3" id="a06-119-07" lbs="-97" lbx="0" lby="2083" segmentation="ok" slant="83000" stroke-width="5236" threshold="182" text="the 1960 record set last Christmas." ubs="-457" ubx="0" uby="2038">
      <word id="a06-119-07-00" tag="ATI" text="the">
        <cmp x="322" y="2006" width="133" height="85" />
      </word>
      <word id="a06-119-07-01" tag="CD" text="1960">
        <cmp x="533" y="2024" width="46" height="54" />
        <cmp x="581" y="2022" width="46" height="67" />
        <cmp x="646" y="2025" width="32" height="55" />
        <cmp x="689" y="2034" width="48" height="54" />
      </word>
      <word id="a06-119-07-02" tag="NN" text="record">
        <cmp x="828" y="2033" width="67" height="55" />
        <cmp x="912" y="2042" width="48" height="45" />
        <cmp x="969" y="2047" width="50" height="43" />
        <cmp x="1030" y="2048" width="29" height="46" />
        <cmp x="1063" y="2018" width="65" height="69" />
      </word>
      <word id="a06-119-07-03" tag="VBN" text="set">
        <cmp x="1179" y="2042" width="56" height="45" />
        <cmp x="1236" y="2041" width="46" height="46" />
        <cmp x="1281" y="2017" width="32" height="70" />
      </word>
      <word id="a06-119-07-04" tag="AP" text="last">
        <cmp x="1375" y="2009" width="13" height="77" />
        <cmp x="1388" y="2047" width="54" height="43" />
        <cmp x="1443" y="2019" width="107" height="69" />
      </word>
      <word id="a06-119-07-05" tag="NP" text="Christmas">
        <cmp x="1611" y="2018" width="68" height="72" />
        <cmp x="1683" y="2020" width="88" height="72" />
        <cmp x="1762" y="2007" width="8" height="19" />
        <cmp x="1786" y="2047" width="36" height="39" />
        <cmp x="1831" y="2013" width="29" height="67" />
        <cmp x="1870" y="2044" width="67" height="41" />
        <cmp x="1944" y="2052" width="39" height="44" />
        <cmp x="2008" y="2053" width="34" height="36" />
      </word>
      <word id="a06-119-07-06" tag="." text=".">
        <cmp x="2061" y="2081" width="4" height="10" />
      </word>
      <upper-contour>
        <point x="345" y="1941" />
        <point x="2065" y="1941" />
      </upper-contour>
      <lower-contour>
        <point x="324" y="2095" />
        <point x="2065" y="2095" />
      </lower-contour>
    </line>
    <line ass="-256" asx="0" asy="2172" character-width="999" dss="-256" dsx="0" dsy="2289" fd0="13120" fd1="2235" fd2="-1087" filter-width="3" id="a06-119-08" lbs="-263" lbx="0" lby="2260" segmentation="ok" slant="77000" stroke-width="5283" threshold="182" text="Now look at the other side of all" ubs="-243" ubx="0" uby="2213">
      <word id="a06-119-08-00" sentence-start="yes" tag="RN" text="Now">
        <cmp x="326" y="2181" width="67" height="81" />
        <cmp x="399" y="2218" width="44" height="50" />
        <cmp x="453" y="2207" width="67" height="57" />
      </word>
      <word id="a06-119-08-01" tag="VB" text="look">
        <cmp x="616" y="2186" width="10" height="75" />
        <cmp x="637" y="2217" width="49" height="51" />
        <cmp x="697" y="2221" width="53" height="47" />
        <cmp x="767" y="2185" width="63" height="80" />
      </word>
      <word id="a06-119-08-02" tag="IN" text="at">
        <cmp x="889" y="2220" width="53" height="44" />
        <cmp x="949" y="2189" width="38" height="74" />
      </word>
      <word id="a06-119-08-03" tag="ATI" text="the">
        <cmp x="1045" y="2193" width="44" height="69" />
        <cmp x="1103" y="2196" width="93" height="76" />
      </word>
      <word id="a06-119-08-04" tag="AP" text="other">
        <cmp x="1278" y="2214" width="61" height="52" />
        <cmp x="1355" y="2181" width="33" height="68" />
        <cmp x="1399" y="2189" width="94" height="85" />
        <cmp x="1522" y="2216" width="28" height="49" />
      </word>
      <word id="a06-119-08-05" tag="NN" text="side">
        <cmp x="1629" y="2212" width="44" height="57" />
        <cmp x="1682" y="2233" width="17" height="39" />
        <cmp x="1697" y="2230" width="3" height="3" />
        <cmp x="1698" y="2192" width="8" height="13" />
        <cmp x="1704" y="2196" width="79" height="78" />
        <cmp x="1785" y="2224" width="49" height="48" />
      </word>
      <word id="a06-119-08-06" tag="INO" text="of">
        <cmp x="1891" y="2181" width="98" height="118" />
      </word>
      <word id="a06-119-08-07" tag="ABN" text="all">
        <cmp x="2017" y="2222" width="48" height="51" />
        <cmp x="2083" y="2194" width="17" height="69" />
        <cmp x="2103" y="2206" width="22" height="63" />
      </word>
      <upper-contour>
        <point x="324" y="2095" />
        <point x="2065" y="2095" />
      </upper-contour>
      <lower-contour>
        <point x="324" y="2271" />
        <point x="1036" y="2271" />
      </lower-contour>
    </line>
    <line ass="45" asx="0" asy="2349" character-width="999" dss="45" dsx="0" dsy="2456" fd0="12788" fd1="2670" fd2="-728" filter-width="3" id="a06-119-09" lbs="-291" lbx="0" lby="2443" segmentation="err" slant="90000" stroke-width="5258" threshold="182" text="these coins." ubs="720" ubx="0" uby="2415">
      <word id="a06-119-09-00" tag="DTS" text="these">
        <cmp x="320" y="2362" width="54" height="80" />
        <cmp x="380" y="2374" width="61" height="76" />
        <cmp x="445" y="2402" width="50" height="47" />
        <cmp x="496" y="2407" width="60" height="41" />
        <cmp x="560" y="2398" width="55" height="46" />
      </word>
      <word id="a06-119-09-01" tag="NNS" text="coins">
        <cmp x="707" y="2397" width="67" height="59" />
        <cmp x="788" y="2398" width="57" height="49" />
        <cmp x="872" y="2404" width="8" height="44" />
        <cmp x="876" y="2350" width="13" height="10" />
        <cmp x="915" y="2399" width="50" height="48" />
      </word>
      <word id="a06-119-09-02" tag="." text=".">
        <cmp x="980" y="2385" width="55" height="58" />
      </word>
      <upper-contour>
        <point x="324" y="2271" />
        <point x="1036" y="2271" />
      </upper-contour>
    </line>
  </handwritten-part>
</form>

