<?xml version="1.0" encoding="ISO-8859-1"?>

<!DOCTYPE form SYSTEM 'http://www.iam.unibe.ch/~fki/iamdb/form-metadata.dtd'>

<form created="2002-01-16" height="3542" id="a06-100" last-modified="2002-07-17" skew="-159" status="final" version="3.0_beta" width="2479" writer-id="081">
  <machine-printed-part>
    <machine-print-line text="Referring to previous negotiations, Mr. Macmillan looked towards Mr. Reginald" />
    <machine-print-line text="Maudling. &amp;quot;These were negotiations in which the President of the Board of Trade" />
    <machine-print-line text="played a conspicuous part,&amp;quot; the Premier said. He dismissed the idea that Britain" />
    <machine-print-line text="would be swamped by cheap labour. Our industry, he said, would probably gain." />
    <machine-print-line text="&amp;quot;Many people feel we have had, perhaps, too much shelter,&amp;quot; he went on." />
  </machine-printed-part>
  <handwritten-part>
    <line ass="-238" asx="0" asy="722" character-width="999" dss="-238" dsx="0" dsy="837" fd0="14002" fd1="2774" fd2="-906" filter-width="4" id="a06-100-00" lbs="-177" lbx="0" lby="793" segmentation="ok" slant="56000" stroke-width="6094" threshold="182" text="Referring to previous negotiations, Mr. Macmillan looked towards" ubs="-359" ubx="0" uby="761">
      <word id="a06-100-00-00" sentence-start="yes" tag="VBG" text="Referring">
        <cmp x="358" y="725" width="93" height="89" />
        <cmp x="434" y="732" width="40" height="58" />
        <cmp x="440" y="756" width="4" height="4" />
        <cmp x="463" y="754" width="30" height="36" />
        <cmp x="486" y="752" width="29" height="39" />
        <cmp x="513" y="761" width="91" height="68" />
        <cmp x="541" y="741" width="5" height="7" />
      </word>
      <word id="a06-100-00-01" tag="IN" text="to">
        <cmp x="645" y="725" width="57" height="65" />
      </word>
      <word id="a06-100-00-02" tag="JJ" text="previous">
        <cmp x="744" y="769" width="44" height="62" />
        <cmp x="790" y="774" width="21" height="20" />
        <cmp x="816" y="764" width="80" height="36" />
        <cmp x="889" y="772" width="14" height="23" />
        <cmp x="905" y="731" width="102" height="67" />
      </word>
      <word id="a06-100-00-03" tag="NNS" text="negotiations">
        <cmp x="1035" y="771" width="77" height="25" />
        <cmp x="1123" y="772" width="37" height="70" />
        <cmp x="1166" y="778" width="34" height="23" />
        <cmp x="1214" y="745" width="41" height="57" />
        <cmp x="1251" y="746" width="76" height="52" />
        <cmp x="1276" y="750" width="5" height="6" />
        <cmp x="1319" y="776" width="60" height="22" />
        <cmp x="1346" y="749" width="6" height="6" />
        <cmp x="1395" y="777" width="15" height="21" />
      </word>
      <word id="a06-100-00-04" tag="," text=",">
        <cmp x="1418" y="811" width="13" height="16" />
        <cmp x="1429" y="803" width="4" height="5" />
      </word>
      <word id="a06-100-00-05" tag="NPT" text="Mr.">
        <cmp x="1474" y="733" width="70" height="70" />
        <cmp x="1544" y="788" width="5" height="5" />
      </word>
      <word id="a06-100-00-06" tag="NP" text="Macmillan">
        <cmp x="1593" y="739" width="57" height="60" />
        <cmp x="1623" y="774" width="44" height="28" />
        <cmp x="1672" y="774" width="47" height="28" />
        <cmp x="1715" y="742" width="84" height="63" />
        <cmp x="1732" y="757" width="6" height="7" />
      </word>
      <word id="a06-100-00-07" tag="VBD" text="looked">
        <cmp x="1830" y="741" width="52" height="61" />
        <cmp x="1880" y="748" width="138" height="55" />
      </word>
      <word id="a06-100-00-08" tag="IN" text="towards">
        <cmp x="2014" y="744" width="151" height="62" />
        <cmp x="2156" y="780" width="22" height="26" />
      </word>
      <lower-contour>
        <point x="356" y="842" />
        <point x="2035" y="842" />
      </lower-contour>
    </line>
    <line ass="-105" asx="0" asy="893" character-width="999" dss="-105" dsx="0" dsy="1014" fd0="14380" fd1="3191" fd2="-831" filter-width="4" id="a06-100-01" lbs="-173" lbx="0" lby="970" segmentation="err" slant="56000" stroke-width="5914" threshold="182" text="Mr. Reginald Maudling. &amp;quot;These were negotiations in which the" ubs="29" ubx="0" uby="952">
      <word id="a06-100-01-00" tag="NPT" text="Mr.">
        <cmp x="326" y="894" width="103" height="93" />
        <cmp x="444" y="961" width="6" height="5" />
      </word>
      <word id="a06-100-01-01" tag="NP" text="Reginald">
        <cmp x="482" y="907" width="55" height="61" />
        <cmp x="522" y="939" width="46" height="76" />
        <cmp x="564" y="952" width="65" height="25" />
        <cmp x="600" y="907" width="78" height="22" />
        <cmp x="633" y="936" width="56" height="38" />
        <cmp x="680" y="930" width="50" height="45" />
      </word>
      <word id="a06-100-01-02" tag="NP" text="Maudling">
        <cmp x="743" y="913" width="108" height="66" />
        <cmp x="856" y="932" width="45" height="40" />
        <cmp x="886" y="922" width="82" height="88" />
        <cmp x="935" y="928" width="5" height="6" />
      </word>
      <word id="a06-100-01-03" tag="." text=".">
        <cmp x="972" y="963" width="5" height="7" />
      </word>
      <word id="a06-100-01-04" sentence-start="yes" tag="*&apos;" text="&quot;">
        <cmp x="1067" y="915" width="23" height="26" />
      </word>
      <word id="a06-100-01-05" tag="DTS" text="These">
        <cmp x="1091" y="936" width="20" height="39" />
        <cmp x="1099" y="919" width="92" height="61" />
        <cmp x="1195" y="951" width="22" height="28" />
      </word>
      <word id="a06-100-01-06" tag="BED" text="were">
        <cmp x="1248" y="949" width="36" height="29" />
        <cmp x="1285" y="951" width="44" height="32" />
        <cmp x="1323" y="953" width="22" height="23" />
      </word>
      <word id="a06-100-01-07" tag="NNS" text="negotiations">
        <cmp x="1384" y="951" width="71" height="29" />
        <cmp x="1430" y="951" width="44" height="62" />
        <cmp x="1467" y="932" width="69" height="47" />
        <cmp x="1529" y="939" width="62" height="41" />
        <cmp x="1569" y="927" width="6" height="8" />
        <cmp x="1593" y="960" width="89" height="20" />
      </word>
      <word id="a06-100-01-08" tag="IN" text="in">
        <cmp x="1727" y="958" width="40" height="26" />
      </word>
      <word id="a06-100-01-09" tag="WDT" text="which">
        <cmp x="1795" y="925" width="137" height="58" />
        <cmp x="1807" y="954" width="4" height="7" />
        <cmp x="1889" y="934" width="6" height="5" />
      </word>
      <word id="a06-100-01-10" tag="ATI" text="the">
        <cmp x="1958" y="928" width="76" height="57" />
      </word>
      <upper-contour>
        <point x="356" y="842" />
        <point x="2035" y="842" />
      </upper-contour>
      <lower-contour>
        <point x="341" y="1016" />
        <point x="2035" y="1016" />
      </lower-contour>
    </line>
    <line ass="-846" asx="0" asy="1056" character-width="999" dss="-846" dsx="0" dsy="1191" fd0="14198" fd1="2154" fd2="-947" filter-width="4" id="a06-100-02" lbs="-887" lbx="0" lby="1132" segmentation="ok" slant="59999" stroke-width="5907" threshold="182" text="President of the Board of Trade played a conspicuous part,&amp;quot; the" ubs="-764" ubx="0" uby="1112">
      <word id="a06-100-02-00" tag="NPT" text="President">
        <cmp x="343" y="1062" width="97" height="89" />
        <cmp x="371" y="1117" width="32" height="36" />
        <cmp x="392" y="1122" width="51" height="29" />
        <cmp x="447" y="1131" width="11" height="20" />
        <cmp x="461" y="1111" width="103" height="43" />
        <cmp x="466" y="1096" width="6" height="10" />
      </word>
      <word id="a06-100-02-01" tag="INO" text="of">
        <cmp x="596" y="1096" width="66" height="97" />
      </word>
      <word id="a06-100-02-02" tag="ATI" text="the">
        <cmp x="656" y="1094" width="61" height="61" />
      </word>
      <word id="a06-100-02-03" tag="NN" text="Board">
        <cmp x="756" y="1098" width="144" height="57" />
      </word>
      <word id="a06-100-02-04" tag="INO" text="of">
        <cmp x="909" y="1091" width="77" height="115" />
      </word>
      <word id="a06-100-02-05" tag="NN" text="Trade">
        <cmp x="977" y="1109" width="25" height="43" />
        <cmp x="988" y="1093" width="41" height="28" />
        <cmp x="997" y="1120" width="27" height="29" />
        <cmp x="1009" y="1103" width="87" height="51" />
        <cmp x="1056" y="1127" width="7" height="11" />
      </word>
      <word id="a06-100-02-06" tag="VBD" text="played">
        <cmp x="1121" y="1092" width="78" height="87" />
        <cmp x="1186" y="1109" width="127" height="88" />
      </word>
      <word id="a06-100-02-07" tag="AT" text="a">
        <cmp x="1347" y="1128" width="38" height="30" />
      </word>
      <word id="a06-100-02-08" tag="JJ" text="conspicuous">
        <cmp x="1438" y="1122" width="93" height="38" />
        <cmp x="1528" y="1126" width="35" height="28" />
        <cmp x="1541" y="1131" width="73" height="64" />
        <cmp x="1609" y="1134" width="21" height="28" />
        <cmp x="1617" y="1107" width="7" height="9" />
        <cmp x="1633" y="1133" width="131" height="36" />
      </word>
      <word id="a06-100-02-09" tag="NN" text="part">
        <cmp x="1775" y="1125" width="112" height="82" />
        <cmp x="1890" y="1106" width="37" height="50" />
      </word>
      <word id="a06-100-02-10" tag="," text=",">
        <cmp x="1905" y="1163" width="21" height="32" />
      </word>
      <word id="a06-100-02-11" tag="**&apos;" text="&quot;">
        <cmp x="1951" y="1092" width="23" height="27" />
      </word>
      <word id="a06-100-02-12" tag="ATI" text="the">
        <cmp x="1985" y="1102" width="67" height="68" />
      </word>
      <upper-contour>
        <point x="341" y="1016" />
        <point x="2035" y="1016" />
      </upper-contour>
      <lower-contour>
        <point x="357" y="1206" />
        <point x="2043" y="1206" />
      </lower-contour>
    </line>
    <line ass="-328" asx="0" asy="1260" character-width="999" dss="-328" dsx="0" dsy="1346" fd0="14117" fd1="2788" fd2="-1152" filter-width="4" id="a06-100-03" lbs="-336" lbx="0" lby="1325" segmentation="ok" slant="59999" stroke-width="5958" threshold="182" text="Premier said. He dismissed the idea that Britain would be" ubs="-312" ubx="0" uby="1296">
      <word id="a06-100-03-00" tag="NPT" text="Premier">
        <cmp x="359" y="1264" width="49" height="66" />
        <cmp x="376" y="1293" width="26" height="33" />
        <cmp x="401" y="1290" width="67" height="37" />
        <cmp x="464" y="1298" width="50" height="32" />
        <cmp x="490" y="1271" width="4" height="4" />
        <cmp x="512" y="1298" width="11" height="5" />
      </word>
      <word id="a06-100-03-01" tag="VBD" text="said">
        <cmp x="521" y="1292" width="85" height="41" />
        <cmp x="607" y="1267" width="54" height="64" />
      </word>
      <word id="a06-100-03-02" tag="." text=".">
        <cmp x="670" y="1334" width="8" height="16" />
      </word>
      <word id="a06-100-03-03" sentence-start="yes" tag="PP3A" text="He">
        <cmp x="759" y="1277" width="40" height="50" />
      </word>
      <word id="a06-100-03-04" tag="VBD" text="dismissed">
        <cmp x="842" y="1277" width="65" height="61" />
        <cmp x="903" y="1303" width="21" height="28" />
        <cmp x="914" y="1283" width="5" height="5" />
        <cmp x="939" y="1297" width="45" height="35" />
        <cmp x="982" y="1264" width="126" height="70" />
      </word>
      <word id="a06-100-03-05" tag="ATI" text="the">
        <cmp x="1149" y="1282" width="65" height="61" />
      </word>
      <word id="a06-100-03-06" tag="NN" text="idea">
        <cmp x="1250" y="1337" width="7" height="5" />
        <cmp x="1257" y="1318" width="19" height="24" />
        <cmp x="1278" y="1289" width="91" height="54" />
        <cmp x="1303" y="1278" width="7" height="7" />
      </word>
      <word id="a06-100-03-07" tag="CS" text="that">
        <cmp x="1412" y="1281" width="60" height="60" />
        <cmp x="1472" y="1316" width="27" height="20" />
        <cmp x="1518" y="1275" width="33" height="49" />
      </word>
      <word id="a06-100-03-08" tag="NP" text="Britain">
        <cmp x="1572" y="1273" width="157" height="73" />
        <cmp x="1584" y="1317" width="12" height="8" />
        <cmp x="1697" y="1292" width="4" height="5" />
      </word>
      <word id="a06-100-03-09" tag="MD" text="would">
        <cmp x="1791" y="1284" width="149" height="47" />
      </word>
      <word id="a06-100-03-10" tag="BE" text="be">
        <cmp x="1956" y="1280" width="86" height="54" />
      </word>
      <upper-contour>
        <point x="357" y="1206" />
        <point x="2043" y="1206" />
      </upper-contour>
      <lower-contour>
        <point x="357" y="1351" />
        <point x="2043" y="1351" />
      </lower-contour>
    </line>
    <line ass="-274" asx="0" asy="1432" character-width="999" dss="-274" dsx="0" dsy="1569" fd0="13985" fd1="2822" fd2="-694" filter-width="4" id="a06-100-04" lbs="-472" lbx="0" lby="1503" segmentation="ok" slant="62000" stroke-width="6062" threshold="182" text="swamped by cheap labour. Our industry, he said, would" ubs="119" ubx="0" uby="1479">
      <word id="a06-100-04-00" tag="VBN" text="swamped">
        <cmp x="346" y="1450" width="69" height="56" />
        <cmp x="414" y="1466" width="141" height="46" />
        <cmp x="538" y="1479" width="76" height="77" />
        <cmp x="621" y="1454" width="54" height="54" />
      </word>
      <word id="a06-100-04-01" tag="IN" text="by">
        <cmp x="709" y="1442" width="63" height="132" />
      </word>
      <word id="a06-100-04-02" tag="JJ" text="cheap">
        <cmp x="786" y="1454" width="152" height="85" />
      </word>
      <word id="a06-100-04-03" tag="NN" text="labour">
        <cmp x="989" y="1455" width="48" height="59" />
        <cmp x="1018" y="1485" width="32" height="26" />
        <cmp x="1065" y="1459" width="26" height="53" />
        <cmp x="1087" y="1487" width="83" height="25" />
      </word>
      <word id="a06-100-04-04" tag="." text=".">
        <cmp x="1176" y="1509" width="10" height="6" />
      </word>
      <word id="a06-100-04-05" sentence-start="yes" tag="PP$" text="Our">
        <cmp x="1261" y="1448" width="101" height="66" />
      </word>
      <word id="a06-100-04-06" tag="NN" text="industry">
        <cmp x="1388" y="1470" width="170" height="49" />
        <cmp x="1425" y="1448" width="7" height="9" />
        <cmp x="1560" y="1452" width="64" height="105" />
      </word>
      <word id="a06-100-04-07" tag="," text=",">
        <cmp x="1644" y="1517" width="21" height="37" />
      </word>
      <word id="a06-100-04-08" tag="PP3A" text="he">
        <cmp x="1712" y="1449" width="78" height="72" />
      </word>
      <word id="a06-100-04-09" tag="VBD" text="said">
        <cmp x="1826" y="1442" width="162" height="75" />
      </word>
      <word id="a06-100-04-10" tag="," text=",">
        <cmp x="1971" y="1519" width="20" height="27" />
      </word>
      <word id="a06-100-04-11" tag="MD" text="would">
        <cmp x="2013" y="1465" width="145" height="53" />
      </word>
      <upper-contour>
        <point x="357" y="1351" />
        <point x="2043" y="1351" />
      </upper-contour>
      <lower-contour>
        <point x="360" y="1575" />
        <point x="2159" y="1575" />
      </lower-contour>
    </line>
    <line ass="-63" asx="0" asy="1604" character-width="999" dss="-63" dsx="0" dsy="1746" fd0="13949" fd1="3049" fd2="-319" filter-width="4" id="a06-100-05" lbs="33" lbx="0" lby="1700" segmentation="ok" slant="63000" stroke-width="6132" threshold="182" text="probably gain. &amp;quot;Many people feel we have had, perhaps, too" ubs="-257" ubx="0" uby="1668">
      <word id="a06-100-05-00" tag="RB" text="probably">
        <cmp x="362" y="1636" width="129" height="84" />
        <cmp x="493" y="1663" width="25" height="26" />
        <cmp x="531" y="1634" width="71" height="104" />
      </word>
      <word id="a06-100-05-01" tag="VB" text="gain">
        <cmp x="648" y="1661" width="121" height="71" />
        <cmp x="737" y="1647" width="5" height="7" />
      </word>
      <word id="a06-100-05-02" tag="." text=".">
        <cmp x="792" y="1679" width="7" height="5" />
      </word>
      <word id="a06-100-05-03" sentence-start="yes" tag="*&apos;" text="&quot;">
        <cmp x="846" y="1624" width="24" height="34" />
      </word>
      <word id="a06-100-05-04" tag="AP" text="Many">
        <cmp x="866" y="1621" width="143" height="106" />
      </word>
      <word id="a06-100-05-05" tag="NNS" text="people">
        <cmp x="1046" y="1654" width="61" height="67" />
        <cmp x="1111" y="1637" width="98" height="85" />
      </word>
      <word id="a06-100-05-06" tag="VB" text="feel">
        <cmp x="1242" y="1608" width="103" height="104" />
      </word>
      <word id="a06-100-05-07" tag="PP1AS" text="we">
        <cmp x="1374" y="1656" width="58" height="43" />
      </word>
      <word id="a06-100-05-08" tag="HV" text="have">
        <cmp x="1457" y="1636" width="53" height="64" />
        <cmp x="1511" y="1672" width="66" height="28" />
        <cmp x="1577" y="1671" width="21" height="28" />
      </word>
      <word id="a06-100-05-09" tag="HVN" text="had">
        <cmp x="1630" y="1634" width="143" height="70" />
      </word>
      <word id="a06-100-05-10" tag="," text=",">
        <cmp x="1746" y="1697" width="18" height="26" />
      </word>
      <word id="a06-100-05-11" tag="RB" text="perhaps">
        <cmp x="1787" y="1644" width="215" height="105" />
      </word>
      <word id="a06-100-05-12" tag="," text=",">
        <cmp x="2031" y="1691" width="14" height="29" />
      </word>
      <word id="a06-100-05-13" tag="QL" text="too">
        <cmp x="2081" y="1607" width="77" height="90" />
      </word>
      <upper-contour>
        <point x="360" y="1575" />
        <point x="2159" y="1575" />
      </upper-contour>
      <lower-contour>
        <point x="360" y="1739" />
        <point x="1200" y="1739" />
      </lower-contour>
    </line>
    <line ass="238" asx="0" asy="1815" character-width="999" dss="238" dsx="0" dsy="1914" fd0="14218" fd1="2974" fd2="-209" filter-width="4" id="a06-100-06" lbs="354" lbx="0" lby="1877" segmentation="ok" slant="59999" stroke-width="6015" threshold="182" text="much shelter,&amp;quot; he went on." ubs="6" ubx="0" uby="1842">
      <word id="a06-100-06-00" tag="AP" text="much">
        <cmp x="320" y="1832" width="137" height="48" />
        <cmp x="469" y="1817" width="48" height="51" />
      </word>
      <word id="a06-100-06-01" tag="NN" text="shelter">
        <cmp x="552" y="1815" width="155" height="66" />
        <cmp x="691" y="1815" width="60" height="61" />
      </word>
      <word id="a06-100-06-02" tag="," text=",">
        <cmp x="731" y="1871" width="23" height="39" />
      </word>
      <word id="a06-100-06-03" tag="**&apos;" text="&quot;">
        <cmp x="797" y="1812" width="22" height="30" />
      </word>
      <word id="a06-100-06-04" tag="PP3A" text="he">
        <cmp x="851" y="1812" width="97" height="73" />
      </word>
      <word id="a06-100-06-05" tag="VBD" text="went">
        <cmp x="976" y="1821" width="144" height="51" />
        <cmp x="1116" y="1812" width="10" height="9" />
      </word>
      <word id="a06-100-06-06" tag="RP" text="on">
        <cmp x="1127" y="1842" width="51" height="27" />
      </word>
      <word id="a06-100-06-07" tag="." text=".">
        <cmp x="1192" y="1863" width="8" height="6" />
      </word>
      <upper-contour>
        <point x="360" y="1739" />
        <point x="1200" y="1739" />
      </upper-contour>
    </line>
  </handwritten-part>
</form>

