<?xml version="1.0" encoding="ISO-8859-1"?>

<!DOCTYPE form SYSTEM 'http://www.iam.unibe.ch/~fki/iamdb/form-metadata.dtd'>

<form created="2002-01-16" height="3542" id="a06-110" last-modified="2002-07-24" skew="-30" status="final" version="3.0_beta" width="2479" writer-id="082">
  <machine-printed-part>
    <machine-print-line text="Conservatives protested when Mr. Gaitskell said he had been told in Europe last" />
    <machine-print-line text="weekend that we were looked upon as a liability. He had been told this &quot;by some" />
    <machine-print-line text="people of considerable authority,&quot; he retorted. &quot;I agree with the Prime Minister that" />
    <machine-print-line text="I do not think we are necessarily bound for federalism in Europe,&quot; he went on." />
  </machine-printed-part>
  <handwritten-part>
    <line ass="-161" asx="0" asy="727" character-width="999" dss="-161" dsx="0" dsy="852" fd0="13723" fd1="1600" fd2="-1941" filter-width="4" id="a06-110-00" lbs="-147" lbx="0" lby="823" segmentation="ok" slant="65000" stroke-width="5949" threshold="176" text="Conservatives protested when" ubs="-189" ubx="0" uby="774">
      <word id="a06-110-00-00" sentence-start="yes" tag="NNS" text="Conservatives">
        <cmp x="373" y="735" width="762" height="99" />
        <cmp x="978" y="731" width="10" height="16" />
      </word>
      <word id="a06-110-00-01" tag="VBD" text="protested">
        <cmp x="1212" y="742" width="498" height="115" />
      </word>
      <word id="a06-110-00-02" tag="WRB" text="when">
        <cmp x="1748" y="734" width="255" height="97" />
      </word>
      <lower-contour>
        <point x="371" y="857" />
        <point x="2004" y="857" />
      </lower-contour>
    </line>
    <line ass="57" asx="0" asy="905" character-width="999" dss="57" dsx="0" dsy="1072" fd0="14168" fd1="2221" fd2="-1254" filter-width="4" id="a06-110-01" lbs="87" lbx="0" lby="1000" segmentation="ok" slant="66999" stroke-width="5893" threshold="178" text="Mr. Gaitskell said he had been" ubs="-3" ubx="0" uby="957">
      <word id="a06-110-01-00" tag="NPT" text="Mr.">
        <cmp x="360" y="913" width="193" height="96" />
        <cmp x="560" y="991" width="8" height="11" />
      </word>
      <word id="a06-110-01-01" tag="NP" text="Gaitskell">
        <cmp x="625" y="906" width="488" height="167" />
        <cmp x="805" y="906" width="7" height="13" />
      </word>
      <word id="a06-110-01-02" tag="VBD" text="said">
        <cmp x="1162" y="907" width="259" height="98" />
        <cmp x="1326" y="909" width="8" height="16" />
      </word>
      <word id="a06-110-01-03" tag="PP3A" text="he">
        <cmp x="1472" y="912" width="103" height="96" />
      </word>
      <word id="a06-110-01-04" tag="HVD" text="had">
        <cmp x="1649" y="917" width="240" height="93" />
      </word>
      <word id="a06-110-01-05" tag="BEN" text="been">
        <cmp x="1924" y="920" width="212" height="94" />
      </word>
      <upper-contour>
        <point x="371" y="857" />
        <point x="2004" y="857" />
      </upper-contour>
      <lower-contour>
        <point x="362" y="1073" />
        <point x="2111" y="1073" />
      </lower-contour>
    </line>
    <line ass="-647" asx="0" asy="1075" character-width="999" dss="-647" dsx="0" dsy="1228" fd0="13846" fd1="1894" fd2="-1315" filter-width="4" id="a06-110-02" lbs="-517" lbx="0" lby="1168" segmentation="ok" slant="64000" stroke-width="5955" threshold="176" text="told this &quot;by some # people" ubs="-906" ubx="0" uby="1122">
      <word id="a06-110-02-00" tag="VBN" text="told">
        <cmp x="364" y="1087" width="215" height="93" />
      </word>
      <word id="a06-110-02-01" sentence-start="yes" tag="DT" text="this">
        <cmp x="673" y="1091" width="201" height="95" />
        <cmp x="830" y="1087" width="12" height="17" />
      </word>
      <word id="a06-110-02-02" tag="*&apos;" text="&quot;">
        <cmp x="941" y="1093" width="16" height="22" />
      </word>
      <word id="a06-110-02-03" tag="IN" text="by">
        <cmp x="986" y="1087" width="110" height="154" />
      </word>
      <word id="a06-110-02-04" tag="DTI" text="some">
        <cmp x="1148" y="1127" width="255" height="59" />
      </word>
      <word id="a06-110-02-05" tag="&amp;GA" text="#">
        <cmp x="1467" y="1136" width="252" height="85" />
      </word>
      <word id="a06-110-02-06" tag="NNS" text="people">
        <cmp x="1749" y="1099" width="361" height="124" />
      </word>
      <upper-contour>
        <point x="362" y="1073" />
        <point x="2111" y="1073" />
      </upper-contour>
      <lower-contour>
        <point x="363" y="1241" />
        <point x="2095" y="1241" />
      </lower-contour>
    </line>
    <line ass="604" asx="0" asy="1275" character-width="999" dss="604" dsx="0" dsy="1449" fd0="14022" fd1="2244" fd2="-1279" filter-width="4" id="a06-110-03" lbs="548" lbx="0" lby="1377" segmentation="ok" slant="59999" stroke-width="5938" threshold="177" text="of considerable authority,&quot; he" ubs="717" ubx="0" uby="1332">
      <word id="a06-110-03-00" tag="INO" text="of">
        <cmp x="365" y="1273" width="96" height="132" />
      </word>
      <word id="a06-110-03-01" tag="JJ" text="considerable">
        <cmp x="529" y="1275" width="666" height="97" />
        <cmp x="809" y="1268" width="8" height="18" />
      </word>
      <word id="a06-110-03-02" tag="NN" text="authority">
        <cmp x="1298" y="1282" width="568" height="150" />
        <cmp x="1752" y="1278" width="11" height="18" />
      </word>
      <word id="a06-110-03-03" tag="," text=",">
        <cmp x="1883" y="1362" width="12" height="18" />
      </word>
      <word id="a06-110-03-04" tag="**&apos;" text="&quot;">
        <cmp x="1940" y="1284" width="10" height="19" />
        <cmp x="1948" y="1287" width="10" height="18" />
      </word>
      <word id="a06-110-03-05" tag="PP3A" text="he">
        <cmp x="1988" y="1284" width="106" height="90" />
      </word>
      <upper-contour>
        <point x="363" y="1241" />
        <point x="2095" y="1241" />
      </upper-contour>
      <lower-contour>
        <point x="363" y="1432" />
        <point x="2095" y="1432" />
      </lower-contour>
    </line>
    <line ass="17" asx="0" asy="1451" character-width="999" dss="17" dsx="0" dsy="1604" fd0="14338" fd1="2222" fd2="-1270" filter-width="4" id="a06-110-04" lbs="107" lbx="0" lby="1542" segmentation="ok" slant="61000" stroke-width="5949" threshold="176" text="retorted. &quot;I agree with the Prime" ubs="-162" ubx="0" uby="1495">
      <word id="a06-110-04-00" tag="VBD" text="retorted">
        <cmp x="363" y="1454" width="418" height="97" />
      </word>
      <word id="a06-110-04-01" tag="." text=".">
        <cmp x="785" y="1537" width="6" height="6" />
      </word>
      <word id="a06-110-04-02" sentence-start="yes" tag="*&apos;" text="&quot;">
        <cmp x="853" y="1464" width="21" height="26" />
        <cmp x="857" y="1461" width="7" height="11" />
      </word>
      <word id="a06-110-04-03" tag="PP1A" text="I">
        <cmp x="897" y="1462" width="69" height="88" />
      </word>
      <word id="a06-110-04-04" tag="VB" text="agree">
        <cmp x="1007" y="1490" width="267" height="115" />
      </word>
      <word id="a06-110-04-05" tag="IN" text="with">
        <cmp x="1343" y="1454" width="245" height="94" />
        <cmp x="1469" y="1455" width="8" height="13" />
      </word>
      <word id="a06-110-04-06" tag="ATI" text="the">
        <cmp x="1671" y="1456" width="131" height="89" />
      </word>
      <word id="a06-110-04-07" tag="NPT" text="Prime">
        <cmp x="1861" y="1460" width="57" height="82" />
        <cmp x="1879" y="1488" width="276" height="57" />
        <cmp x="1884" y="1451" width="68" height="54" />
        <cmp x="2011" y="1458" width="15" height="19" />
      </word>
      <upper-contour>
        <point x="363" y="1432" />
        <point x="2095" y="1432" />
      </upper-contour>
      <lower-contour>
        <point x="361" y="1605" />
        <point x="2140" y="1605" />
      </lower-contour>
    </line>
    <line ass="-317" asx="0" asy="1614" character-width="999" dss="-317" dsx="0" dsy="1724" fd0="14074" fd1="2322" fd2="-1042" filter-width="4" id="a06-110-05" lbs="-268" lbx="0" lby="1710" segmentation="ok" slant="65000" stroke-width="5849" threshold="175" text="Minister that I do not think" ubs="-414" ubx="0" uby="1665">
      <word id="a06-110-05-00" tag="NPT" text="Minister">
        <cmp x="359" y="1621" width="512" height="100" />
        <cmp x="520" y="1618" width="7" height="14" />
        <cmp x="648" y="1624" width="8" height="15" />
      </word>
      <word id="a06-110-05-01" tag="CS" text="that">
        <cmp x="947" y="1623" width="273" height="98" />
      </word>
      <word id="a06-110-05-02" tag="PP1A" text="I">
        <cmp x="1269" y="1639" width="73" height="94" />
      </word>
      <word id="a06-110-05-03" tag="DO" text="do">
        <cmp x="1385" y="1640" width="152" height="87" />
      </word>
      <word id="a06-110-05-04" tag="XNOT" text="not">
        <cmp x="1613" y="1636" width="185" height="87" />
      </word>
      <word id="a06-110-05-05" tag="VB" text="think">
        <cmp x="1842" y="1625" width="297" height="101" />
        <cmp x="2001" y="1632" width="8" height="15" />
      </word>
      <upper-contour>
        <point x="361" y="1605" />
        <point x="2140" y="1605" />
      </upper-contour>
      <lower-contour>
        <point x="357" y="1733" />
        <point x="2105" y="1733" />
      </lower-contour>
    </line>
    <line ass="-637" asx="0" asy="1797" character-width="999" dss="-637" dsx="0" dsy="1939" fd0="14139" fd1="1793" fd2="-1544" filter-width="4" id="a06-110-06" lbs="-411" lbx="0" lby="1890" segmentation="ok" slant="61000" stroke-width="5995" threshold="175" text="we are necessarily bound for" ubs="-1088" ubx="0" uby="1834">
      <word id="a06-110-06-00" tag="PP1AS" text="we">
        <cmp x="354" y="1831" width="122" height="68" />
      </word>
      <word id="a06-110-06-01" tag="BER" text="are">
        <cmp x="547" y="1830" width="170" height="68" />
      </word>
      <word id="a06-110-06-02" tag="RB" text="necessarily">
        <cmp x="798" y="1812" width="623" height="144" />
        <cmp x="1309" y="1814" width="9" height="18" />
      </word>
      <word id="a06-110-06-03" tag="VBN" text="bound">
        <cmp x="1507" y="1817" width="364" height="91" />
      </word>
      <word id="a06-110-06-04" tag="IN" text="for">
        <cmp x="1930" y="1818" width="174" height="123" />
      </word>
      <upper-contour>
        <point x="357" y="1733" />
        <point x="2105" y="1733" />
      </upper-contour>
      <lower-contour>
        <point x="353" y="1956" />
        <point x="2105" y="1956" />
      </lower-contour>
    </line>
    <line ass="248" asx="0" asy="1973" character-width="999" dss="248" dsx="0" dsy="2115" fd0="14152" fd1="2275" fd2="-982" filter-width="4" id="a06-110-07" lbs="294" lbx="0" lby="2081" segmentation="err" slant="62000" stroke-width="5786" threshold="178" text="federalism in Europe,&quot; he went" ubs="155" ubx="0" uby="2035">
      <word id="a06-110-07-00" tag="NN" text="federalism">
        <cmp x="355" y="1972" width="565" height="143" />
        <cmp x="780" y="1973" width="11" height="21" />
      </word>
      <word id="a06-110-07-01" tag="IN" text="in">
        <cmp x="1018" y="2029" width="117" height="50" />
        <cmp x="1071" y="1975" width="11" height="17" />
      </word>
      <word id="a06-110-07-02" tag="NP" text="Europe">
        <cmp x="1195" y="1984" width="393" height="125" />
      </word>
      <word id="a06-110-07-03" tag="," text=",">
        <cmp x="1603" y="2070" width="16" height="31" />
        <cmp x="1652" y="1999" width="13" height="22" />
      </word>
      <word id="a06-110-07-04" tag="**&apos;" text="&quot;">
        <cmp x="1661" y="2004" width="12" height="21" />
      </word>
      <word id="a06-110-07-05" tag="PP3A" text="he">
        <cmp x="1705" y="1997" width="102" height="86" />
      </word>
      <word id="a06-110-07-06" tag="VBD" text="went">
        <cmp x="1886" y="2002" width="295" height="81" />
      </word>
      <upper-contour>
        <point x="353" y="1956" />
        <point x="2105" y="1956" />
      </upper-contour>
      <lower-contour>
        <point x="359" y="2114" />
        <point x="503" y="2114" />
      </lower-contour>
    </line>
    <line ass="-3738" asx="0" asy="2174" character-width="999" dss="-3738" dsx="0" dsy="2230" fd0="14094" fd1="2501" fd2="-596" filter-width="3" id="a06-110-08" lbs="1643" lbx="0" lby="2263" segmentation="ok" slant="89000" stroke-width="5580" threshold="171" text="on." ubs="-14501" ubx="0" uby="2102">
      <word id="a06-110-08-00" tag="RP" text="on">
        <cmp x="361" y="2199" width="119" height="56" />
      </word>
      <word id="a06-110-08-01" tag="." text=".">
        <cmp x="496" y="2240" width="7" height="10" />
      </word>
      <upper-contour>
        <point x="359" y="2114" />
        <point x="503" y="2114" />
      </upper-contour>
    </line>
  </handwritten-part>
</form>

