<?xml version="1.0" encoding="ISO-8859-1"?>

<!DOCTYPE form SYSTEM 'http://www.iam.unibe.ch/~fki/iamdb/form-metadata.dtd'>

<form created="2002-01-16" height="3542" id="a06-004" last-modified="2002-07-17" skew="0" status="final" version="3.0_beta" width="2479" writer-id="066">
  <machine-printed-part>
    <machine-print-line text="Sir Edward Boyle, Financial Secretary to the Treasury, said yesterday that the Gov-" />
    <machine-print-line text="ernment does not like retrospective legislation. He went on to describe the kind of" />
    <machine-print-line text="people the Chancellor hopes to tax. These are people buying and selling shares within" />
    <machine-print-line text="a short period, those &amp;quot;stagging&amp;quot; on a new issue and property dealers who form a chain" />
    <machine-print-line text="of companies and put one property deal through each." />
  </machine-printed-part>
  <handwritten-part>
    <line ass="-1280" asx="0" asy="664" character-width="999" dss="-1280" dsx="0" dsy="823" fd0="14203" fd1="2211" fd2="-1624" filter-width="4" id="a06-004-00" lbs="-1329" lbx="0" lby="750" segmentation="ok" slant="68000" stroke-width="5906" threshold="184" text="Sir Edward Boyle, Financial Secretary" ubs="-1184" ubx="0" uby="729">
      <word id="a06-004-00-00" sentence-start="yes" tag="NPT" text="Sir">
        <cmp x="359" y="696" width="85" height="89" />
        <cmp x="362" y="752" width="20" height="14" />
        <cmp x="421" y="757" width="24" height="33" />
        <cmp x="449" y="753" width="26" height="37" />
        <cmp x="453" y="736" width="6" height="6" />
      </word>
      <word id="a06-004-00-01" tag="NP" text="Edward">
        <cmp x="584" y="703" width="266" height="86" />
      </word>
      <word id="a06-004-00-02" tag="NP" text="Boyle">
        <cmp x="937" y="704" width="80" height="83" />
        <cmp x="964" y="687" width="98" height="91" />
        <cmp x="1048" y="751" width="29" height="28" />
        <cmp x="1053" y="694" width="128" height="154" />
      </word>
      <word id="a06-004-00-03" tag="," text=",">
        <cmp x="1193" y="779" width="17" height="22" />
      </word>
      <word id="a06-004-00-04" tag="JJ" text="Financial">
        <cmp x="1302" y="694" width="76" height="99" />
        <cmp x="1329" y="715" width="289" height="72" />
        <cmp x="1342" y="730" width="8" height="10" />
        <cmp x="1515" y="738" width="7" height="9" />
      </word>
      <word id="a06-004-00-05" tag="NPT" text="Secretary">
        <cmp x="1694" y="712" width="83" height="86" />
        <cmp x="1750" y="761" width="48" height="34" />
        <cmp x="1779" y="710" width="10" height="9" />
        <cmp x="1804" y="714" width="169" height="123" />
      </word>
      <lower-contour>
        <point x="357" y="848" />
        <point x="1974" y="848" />
      </lower-contour>
    </line>
    <line ass="91" asx="0" asy="877" character-width="999" dss="91" dsx="0" dsy="1026" fd0="13593" fd1="2012" fd2="-1417" filter-width="4" id="a06-004-01" lbs="114" lbx="0" lby="972" segmentation="ok" slant="64000" stroke-width="5798" threshold="187" text="to the Treasury, said yesterday that the" ubs="44" ubx="0" uby="939">
      <word id="a06-004-01-00" tag="IN" text="to">
        <cmp x="357" y="886" width="57" height="92" />
      </word>
      <word id="a06-004-01-01" tag="ATI" text="the">
        <cmp x="541" y="896" width="52" height="83" />
        <cmp x="587" y="883" width="62" height="84" />
      </word>
      <word id="a06-004-01-02" tag="NP" text="Treasury">
        <cmp x="793" y="876" width="79" height="85" />
        <cmp x="837" y="927" width="98" height="40" />
        <cmp x="945" y="934" width="80" height="88" />
        <cmp x="986" y="978" width="21" height="23" />
      </word>
      <word id="a06-004-01-03" tag="," text=",">
        <cmp x="1048" y="975" width="11" height="20" />
      </word>
      <word id="a06-004-01-04" tag="VBD" text="said">
        <cmp x="1151" y="943" width="30" height="37" />
        <cmp x="1179" y="947" width="48" height="29" />
        <cmp x="1231" y="892" width="58" height="87" />
        <cmp x="1232" y="927" width="6" height="7" />
      </word>
      <word id="a06-004-01-05" tag="NR" text="yesterday">
        <cmp x="1361" y="942" width="93" height="83" />
        <cmp x="1463" y="899" width="67" height="74" />
        <cmp x="1527" y="899" width="118" height="101" />
      </word>
      <word id="a06-004-01-06" tag="CS" text="that">
        <cmp x="1732" y="880" width="56" height="85" />
        <cmp x="1774" y="876" width="117" height="93" />
      </word>
      <word id="a06-004-01-07" tag="ATI" text="the">
        <cmp x="1927" y="888" width="59" height="87" />
        <cmp x="1972" y="890" width="67" height="81" />
      </word>
      <upper-contour>
        <point x="357" y="848" />
        <point x="1974" y="848" />
      </upper-contour>
      <lower-contour>
        <point x="358" y="1025" />
        <point x="2040" y="1025" />
      </lower-contour>
    </line>
    <line ass="253" asx="0" asy="1049" character-width="999" dss="253" dsx="0" dsy="1204" fd0="14062" fd1="2154" fd2="-1682" filter-width="4" id="a06-004-02" lbs="383" lbx="0" lby="1151" segmentation="ok" slant="66999" stroke-width="5835" threshold="185" text="Government does not like retrospective legislation." ubs="-8" ubx="0" uby="1114">
      <word id="a06-004-02-00" tag="NN" text="Government">
        <cmp x="360" y="1048" width="79" height="98" />
        <cmp x="428" y="1115" width="30" height="37" />
        <cmp x="461" y="1109" width="55" height="37" />
        <cmp x="513" y="1110" width="44" height="44" />
        <cmp x="562" y="1117" width="40" height="42" />
        <cmp x="612" y="1071" width="93" height="83" />
      </word>
      <word id="a06-004-02-01" tag="DOZ" text="does">
        <cmp x="795" y="1072" width="71" height="84" />
        <cmp x="873" y="1115" width="44" height="33" />
      </word>
      <word id="a06-004-02-02" tag="XNOT" text="not">
        <cmp x="981" y="1117" width="27" height="32" />
        <cmp x="1012" y="1120" width="24" height="28" />
        <cmp x="1047" y="1073" width="38" height="71" />
      </word>
      <word id="a06-004-02-03" tag="VB" text="like">
        <cmp x="1150" y="1055" width="69" height="92" />
        <cmp x="1213" y="1053" width="72" height="87" />
        <cmp x="1220" y="1073" width="8" height="12" />
      </word>
      <word id="a06-004-02-04" tag="JJ" text="retrospective">
        <cmp x="1386" y="1115" width="32" height="41" />
        <cmp x="1417" y="1073" width="65" height="77" />
        <cmp x="1467" y="1121" width="40" height="30" />
        <cmp x="1492" y="1115" width="53" height="77" />
        <cmp x="1529" y="1118" width="46" height="72" />
        <cmp x="1578" y="1079" width="76" height="74" />
        <cmp x="1645" y="1118" width="16" height="30" />
        <cmp x="1666" y="1116" width="24" height="32" />
        <cmp x="1690" y="1122" width="32" height="30" />
        <cmp x="1705" y="1115" width="12" height="15" />
      </word>
      <word id="a06-004-02-05" tag="NN" text="legislation">
        <cmp x="1793" y="1069" width="57" height="82" />
        <cmp x="1834" y="1114" width="78" height="83" />
        <cmp x="1911" y="1069" width="142" height="80" />
        <cmp x="1912" y="1098" width="4" height="9" />
        <cmp x="2031" y="1114" width="20" height="25" />
        <cmp x="2050" y="1115" width="23" height="30" />
        <cmp x="2068" y="1089" width="5" height="6" />
        <cmp x="2075" y="1120" width="25" height="24" />
      </word>
      <word id="a06-004-02-06" tag="." text=".">
        <cmp x="2119" y="1146" width="6" height="8" />
      </word>
      <upper-contour>
        <point x="358" y="1025" />
        <point x="2040" y="1025" />
      </upper-contour>
      <lower-contour>
        <point x="358" y="1197" />
        <point x="2014" y="1197" />
      </lower-contour>
    </line>
    <line ass="47" asx="0" asy="1219" character-width="999" dss="47" dsx="0" dsy="1368" fd0="13630" fd1="2173" fd2="-1024" filter-width="3" id="a06-004-03" lbs="65" lbx="0" lby="1328" segmentation="ok" slant="72000" stroke-width="5571" threshold="187" text="He went on to describe the kind of" ubs="11" ubx="0" uby="1296">
      <word id="a06-004-03-00" sentence-start="yes" tag="PP3A" text="He">
        <cmp x="295" y="1219" width="111" height="150" />
      </word>
      <word id="a06-004-03-01" tag="VBD" text="went">
        <cmp x="515" y="1247" width="135" height="86" />
      </word>
      <word id="a06-004-03-02" tag="RP" text="on">
        <cmp x="733" y="1298" width="26" height="35" />
        <cmp x="768" y="1304" width="23" height="26" />
      </word>
      <word id="a06-004-03-03" tag="TO" text="to">
        <cmp x="909" y="1246" width="49" height="83" />
        <cmp x="959" y="1295" width="26" height="32" />
      </word>
      <word id="a06-004-03-04" tag="VB" text="describe">
        <cmp x="1104" y="1256" width="108" height="74" />
        <cmp x="1217" y="1295" width="70" height="34" />
        <cmp x="1292" y="1264" width="4" height="10" />
        <cmp x="1293" y="1247" width="66" height="78" />
      </word>
      <word id="a06-004-03-05" tag="ATI" text="the">
        <cmp x="1453" y="1252" width="55" height="77" />
        <cmp x="1496" y="1245" width="49" height="87" />
        <cmp x="1530" y="1299" width="28" height="31" />
      </word>
      <word id="a06-004-03-06" tag="NN" text="kind">
        <cmp x="1668" y="1246" width="69" height="83" />
        <cmp x="1727" y="1302" width="28" height="30" />
        <cmp x="1764" y="1251" width="64" height="82" />
      </word>
      <word id="a06-004-03-07" tag="INO" text="of">
        <cmp x="1934" y="1298" width="31" height="30" />
        <cmp x="1972" y="1252" width="41" height="74" />
      </word>
      <upper-contour>
        <point x="358" y="1197" />
        <point x="2014" y="1197" />
      </upper-contour>
      <lower-contour>
        <point x="301" y="1368" />
        <point x="1987" y="1368" />
      </lower-contour>
    </line>
    <line ass="95" asx="0" asy="1416" character-width="999" dss="95" dsx="0" dsy="1544" fd0="13828" fd1="2833" fd2="-1338" filter-width="3" id="a06-004-04" lbs="218" lbx="0" lby="1512" segmentation="ok" slant="66000" stroke-width="5616" threshold="186" text="people the Chancellor hopes to tax. These" ubs="-151" ubx="0" uby="1470">
      <word id="a06-004-04-00" tag="NNS" text="people">
        <cmp x="303" y="1464" width="32" height="75" />
        <cmp x="335" y="1463" width="47" height="45" />
        <cmp x="372" y="1462" width="39" height="77" />
        <cmp x="413" y="1416" width="55" height="86" />
      </word>
      <word id="a06-004-04-01" tag="ATI" text="the">
        <cmp x="586" y="1422" width="75" height="86" />
        <cmp x="663" y="1469" width="26" height="34" />
      </word>
      <word id="a06-004-04-02" tag="NPT" text="Chancellor">
        <cmp x="824" y="1423" width="139" height="82" />
        <cmp x="967" y="1466" width="40" height="36" />
        <cmp x="1015" y="1418" width="87" height="86" />
        <cmp x="1103" y="1465" width="40" height="38" />
      </word>
      <word id="a06-004-04-03" tag="VBZ" text="hopes">
        <cmp x="1249" y="1422" width="48" height="90" />
        <cmp x="1282" y="1471" width="44" height="38" />
        <cmp x="1316" y="1468" width="49" height="74" />
        <cmp x="1367" y="1473" width="50" height="38" />
      </word>
      <word id="a06-004-04-04" tag="TO" text="to">
        <cmp x="1490" y="1427" width="56" height="88" />
      </word>
      <word id="a06-004-04-05" tag="VB" text="tax">
        <cmp x="1615" y="1431" width="102" height="82" />
        <cmp x="1616" y="1515" width="4" height="5" />
      </word>
      <word id="a06-004-04-06" tag="." text=".">
        <cmp x="1771" y="1504" width="10" height="9" />
      </word>
      <word id="a06-004-04-07" sentence-start="yes" tag="DTS" text="These">
        <cmp x="1821" y="1427" width="56" height="93" />
        <cmp x="1871" y="1423" width="115" height="91" />
        <cmp x="1914" y="1440" width="3" height="3" />
      </word>
      <upper-contour>
        <point x="301" y="1368" />
        <point x="1987" y="1368" />
      </upper-contour>
      <lower-contour>
        <point x="325" y="1542" />
        <point x="1987" y="1542" />
      </lower-contour>
    </line>
    <line ass="-246" asx="0" asy="1595" character-width="999" dss="-246" dsx="0" dsy="1730" fd0="13952" fd1="2329" fd2="-1663" filter-width="4" id="a06-004-05" lbs="-142" lbx="0" lby="1679" segmentation="ok" slant="64000" stroke-width="5842" threshold="183" text="are people buying and selling shares within" ubs="-454" ubx="0" uby="1642">
      <word id="a06-004-05-00" tag="BER" text="are">
        <cmp x="327" y="1641" width="93" height="40" />
      </word>
      <word id="a06-004-05-01" tag="NNS" text="people">
        <cmp x="509" y="1643" width="38" height="64" />
        <cmp x="549" y="1639" width="70" height="66" />
        <cmp x="618" y="1598" width="57" height="82" />
      </word>
      <word id="a06-004-05-02" tag="VBG" text="buying">
        <cmp x="783" y="1599" width="131" height="131" />
        <cmp x="904" y="1620" width="9" height="9" />
        <cmp x="917" y="1652" width="21" height="28" />
        <cmp x="930" y="1654" width="41" height="80" />
      </word>
      <word id="a06-004-05-03" tag="CC" text="and">
        <cmp x="1070" y="1644" width="40" height="50" />
        <cmp x="1111" y="1655" width="27" height="33" />
        <cmp x="1143" y="1607" width="56" height="77" />
      </word>
      <word id="a06-004-05-04" tag="VBG" text="selling">
        <cmp x="1263" y="1654" width="31" height="34" />
        <cmp x="1296" y="1657" width="31" height="30" />
        <cmp x="1330" y="1612" width="86" height="76" />
        <cmp x="1408" y="1653" width="59" height="75" />
        <cmp x="1411" y="1656" width="29" height="28" />
        <cmp x="1412" y="1633" width="5" height="9" />
      </word>
      <word id="a06-004-05-05" tag="NNS" text="shares">
        <cmp x="1554" y="1656" width="34" height="31" />
        <cmp x="1586" y="1608" width="42" height="85" />
        <cmp x="1621" y="1658" width="67" height="30" />
        <cmp x="1680" y="1659" width="50" height="33" />
      </word>
      <word id="a06-004-05-06" tag="IN" text="within">
        <cmp x="1811" y="1611" width="104" height="82" />
        <cmp x="1868" y="1636" width="5" height="9" />
        <cmp x="1898" y="1609" width="40" height="77" />
        <cmp x="1930" y="1663" width="18" height="30" />
        <cmp x="1935" y="1604" width="5" height="4" />
        <cmp x="1947" y="1637" width="6" height="11" />
        <cmp x="1951" y="1664" width="54" height="34" />
      </word>
      <upper-contour>
        <point x="325" y="1542" />
        <point x="1987" y="1542" />
      </upper-contour>
      <lower-contour>
        <point x="357" y="1734" />
        <point x="2006" y="1734" />
      </lower-contour>
    </line>
    <line ass="-209" asx="0" asy="1774" character-width="999" dss="-209" dsx="0" dsy="1908" fd0="14152" fd1="2664" fd2="-922" filter-width="4" id="a06-004-06" lbs="-326" lbx="0" lby="1858" segmentation="ok" slant="63000" stroke-width="5935" threshold="183" text="a short period, those &amp;quot;stagging&amp;quot; on a new issue" ubs="23" ubx="0" uby="1831">
      <word id="a06-004-06-00" tag="AT" text="a">
        <cmp x="359" y="1828" width="43" height="35" />
      </word>
      <word id="a06-004-06-01" tag="JJ" text="short">
        <cmp x="487" y="1827" width="40" height="38" />
        <cmp x="533" y="1778" width="70" height="83" />
        <cmp x="613" y="1785" width="63" height="75" />
        <cmp x="616" y="1827" width="14" height="14" />
      </word>
      <word id="a06-004-06-02" tag="NN" text="period">
        <cmp x="769" y="1828" width="38" height="58" />
        <cmp x="808" y="1825" width="81" height="37" />
        <cmp x="891" y="1829" width="22" height="30" />
        <cmp x="894" y="1804" width="6" height="14" />
        <cmp x="918" y="1778" width="56" height="82" />
      </word>
      <word id="a06-004-06-03" tag="," text=",">
        <cmp x="949" y="1862" width="17" height="24" />
      </word>
      <word id="a06-004-06-04" tag="DTS" text="those">
        <cmp x="1054" y="1786" width="107" height="86" />
        <cmp x="1163" y="1834" width="20" height="29" />
        <cmp x="1186" y="1831" width="29" height="32" />
      </word>
      <word id="a06-004-06-05" tag="*&apos;" text="&quot;">
        <cmp x="1313" y="1805" width="14" height="24" />
        <cmp x="1326" y="1808" width="15" height="17" />
      </word>
      <word id="a06-004-06-06" tag="VBG" text="stagging">
        <cmp x="1341" y="1822" width="36" height="38" />
        <cmp x="1379" y="1780" width="152" height="136" />
        <cmp x="1531" y="1830" width="27" height="27" />
        <cmp x="1531" y="1831" width="59" height="78" />
        <cmp x="1546" y="1808" width="6" height="7" />
      </word>
      <word id="a06-004-06-07" tag="**&apos;" text="&quot;">
        <cmp x="1626" y="1798" width="8" height="15" />
        <cmp x="1633" y="1805" width="11" height="13" />
      </word>
      <word id="a06-004-06-08" tag="IN" text="on">
        <cmp x="1697" y="1821" width="22" height="32" />
        <cmp x="1724" y="1833" width="29" height="26" />
      </word>
      <word id="a06-004-06-09" tag="AT" text="a">
        <cmp x="1840" y="1836" width="46" height="36" />
      </word>
      <word id="a06-004-06-10" tag="JJ" text="new">
        <cmp x="1959" y="1830" width="116" height="37" />
      </word>
      <word id="a06-004-06-11" tag="NN" text="issue">
        <cmp x="2129" y="1833" width="20" height="34" />
        <cmp x="2144" y="1837" width="37" height="31" />
        <cmp x="2186" y="1839" width="29" height="30" />
        <cmp x="2217" y="1839" width="30" height="31" />
      </word>
      <upper-contour>
        <point x="357" y="1734" />
        <point x="2006" y="1734" />
      </upper-contour>
      <lower-contour>
        <point x="357" y="1916" />
        <point x="2113" y="1916" />
      </lower-contour>
    </line>
    <line ass="-566" asx="0" asy="1932" character-width="999" dss="-566" dsx="0" dsy="2086" fd0="13441" fd1="3160" fd2="-999" filter-width="4" id="a06-004-07" lbs="-579" lbx="0" lby="2030" segmentation="ok" slant="72000" stroke-width="5771" threshold="185" text="and property dealers who form a chain of" ubs="-541" ubx="0" uby="1995">
      <word id="a06-004-07-00" tag="CC" text="and">
        <cmp x="341" y="2005" width="67" height="34" />
        <cmp x="418" y="1957" width="40" height="75" />
      </word>
      <word id="a06-004-07-01" tag="NN" text="property">
        <cmp x="575" y="2004" width="32" height="63" />
        <cmp x="610" y="1999" width="26" height="39" />
        <cmp x="638" y="1998" width="23" height="35" />
        <cmp x="653" y="1994" width="40" height="80" />
        <cmp x="694" y="1987" width="59" height="49" />
        <cmp x="745" y="1941" width="47" height="153" />
      </word>
      <word id="a06-004-07-02" tag="NNS" text="dealers">
        <cmp x="910" y="1951" width="200" height="90" />
      </word>
      <word id="a06-004-07-03" tag="WP" text="who">
        <cmp x="1221" y="2006" width="43" height="43" />
        <cmp x="1271" y="1953" width="61" height="95" />
      </word>
      <word id="a06-004-07-04" tag="VB" text="form">
        <cmp x="1454" y="1956" width="50" height="95" />
        <cmp x="1503" y="2008" width="26" height="37" />
        <cmp x="1531" y="2012" width="41" height="36" />
      </word>
      <word id="a06-004-07-05" tag="AT" text="a">
        <cmp x="1666" y="2012" width="36" height="37" />
      </word>
      <word id="a06-004-07-06" tag="NN" text="chain">
        <cmp x="1770" y="1957" width="131" height="93" />
        <cmp x="1900" y="1980" width="5" height="9" />
        <cmp x="1903" y="2018" width="32" height="33" />
      </word>
      <word id="a06-004-07-07" tag="INO" text="of">
        <cmp x="2041" y="2013" width="30" height="36" />
        <cmp x="2073" y="1972" width="40" height="77" />
      </word>
      <upper-contour>
        <point x="357" y="1916" />
        <point x="2113" y="1916" />
      </upper-contour>
      <lower-contour>
        <point x="349" y="2094" />
        <point x="2113" y="2094" />
      </lower-contour>
    </line>
    <line ass="-101" asx="0" asy="2136" character-width="999" dss="-101" dsx="0" dsy="2282" fd0="13173" fd1="2146" fd2="-1375" filter-width="4" id="a06-004-08" lbs="60" lbx="0" lby="2230" segmentation="ok" slant="71000" stroke-width="5858" threshold="183" text="companies and put one property deal through" ubs="-425" ubx="0" uby="2188">
      <word id="a06-004-08-00" tag="NNS" text="companies">
        <cmp x="351" y="2185" width="49" height="42" />
        <cmp x="405" y="2193" width="40" height="32" />
        <cmp x="448" y="2189" width="27" height="68" />
        <cmp x="480" y="2188" width="65" height="36" />
        <cmp x="552" y="2189" width="14" height="37" />
        <cmp x="557" y="2168" width="6" height="10" />
        <cmp x="572" y="2188" width="61" height="35" />
      </word>
      <word id="a06-004-08-01" tag="CC" text="and">
        <cmp x="784" y="2186" width="70" height="40" />
        <cmp x="861" y="2139" width="47" height="82" />
      </word>
      <word id="a06-004-08-02" tag="VB" text="put">
        <cmp x="991" y="2189" width="36" height="78" />
        <cmp x="1030" y="2200" width="26" height="30" />
        <cmp x="1063" y="2147" width="32" height="77" />
      </word>
      <word id="a06-004-08-03" tag="CD1" text="one">
        <cmp x="1201" y="2193" width="29" height="32" />
        <cmp x="1232" y="2198" width="23" height="29" />
        <cmp x="1262" y="2196" width="31" height="31" />
      </word>
      <word id="a06-004-08-04" tag="NN" text="property">
        <cmp x="1352" y="2184" width="41" height="70" />
        <cmp x="1392" y="2191" width="49" height="30" />
        <cmp x="1435" y="2188" width="94" height="71" />
        <cmp x="1509" y="2139" width="59" height="124" />
      </word>
      <word id="a06-004-08-05" tag="NN" text="deal">
        <cmp x="1676" y="2157" width="56" height="70" />
        <cmp x="1729" y="2139" width="93" height="89" />
      </word>
      <word id="a06-004-08-06" tag="IN" text="through">
        <cmp x="1871" y="2218" width="4" height="6" />
        <cmp x="1875" y="2141" width="42" height="81" />
        <cmp x="1916" y="2155" width="25" height="69" />
        <cmp x="1944" y="2192" width="33" height="39" />
        <cmp x="1976" y="2199" width="23" height="31" />
        <cmp x="2002" y="2160" width="114" height="128" />
        <cmp x="2005" y="2202" width="21" height="24" />
      </word>
      <upper-contour>
        <point x="349" y="2094" />
        <point x="2113" y="2094" />
      </upper-contour>
      <lower-contour>
        <point x="349" y="2257" />
        <point x="500" y="2257" />
      </lower-contour>
    </line>
    <line ass="812" asx="0" asy="2328" character-width="999" dss="812" dsx="0" dsy="2410" fd0="12783" fd1="2289" fd2="-869" filter-width="3" id="a06-004-09" lbs="4168" lbx="0" lby="2431" segmentation="ok" slant="80000" stroke-width="5660" threshold="179" text="each." ubs="-5897" ubx="0" uby="2330">
      <word id="a06-004-09-00" tag="DT" text="each">
        <cmp x="343" y="2322" width="143" height="85" />
      </word>
      <word id="a06-004-09-01" tag="." text=".">
        <cmp x="493" y="2388" width="7" height="6" />
      </word>
      <upper-contour>
        <point x="349" y="2257" />
        <point x="500" y="2257" />
      </upper-contour>
    </line>
  </handwritten-part>
</form>

