<?xml version="1.0" encoding="ISO-8859-1"?>

<!DOCTYPE form SYSTEM 'http://www.iam.unibe.ch/~fki/iamdb/form-metadata.dtd'>

<form created="2002-01-16" height="3542" id="a06-070" last-modified="2002-07-17" skew="-30" status="final" version="3.0_beta" width="2479" writer-id="077">
  <machine-printed-part>
    <machine-print-line text="As Mr. Macmillan made his announcement, the House was crowded. He said: &amp;quot;No" />
    <machine-print-line text="British Government could join the European Economic Community without prior" />
    <machine-print-line text="negotiation with a view to meeting the needs of the Commonwealth countries, of our" />
    <machine-print-line text="European Free Trade Association partners and of British agriculture.&amp;quot; Near the end" />
    <machine-print-line text="of a long statement, Mr. Macmillan stated the Government&apos;s intention:" />
  </machine-printed-part>
  <handwritten-part>
    <line ass="-313" asx="0" asy="732" character-width="999" dss="-313" dsx="0" dsy="832" fd0="13208" fd1="3087" fd2="112" filter-width="4" id="a06-070-00" lbs="-221" lbx="0" lby="816" segmentation="ok" slant="89000" stroke-width="6704" threshold="189" text="As Mr. Macmillan made his announcement, the" ubs="-496" ubx="0" uby="785">
      <word id="a06-070-00-00" sentence-start="yes" tag="CS" text="As">
        <cmp x="400" y="739" width="66" height="87" />
      </word>
      <word id="a06-070-00-01" tag="NPT" text="Mr.">
        <cmp x="513" y="756" width="51" height="70" />
        <cmp x="584" y="795" width="25" height="28" />
        <cmp x="619" y="807" width="7" height="12" />
      </word>
      <word id="a06-070-00-02" tag="NP" text="Macmillan">
        <cmp x="679" y="755" width="46" height="66" />
        <cmp x="733" y="786" width="34" height="29" />
        <cmp x="776" y="787" width="32" height="31" />
        <cmp x="822" y="788" width="76" height="29" />
        <cmp x="891" y="762" width="12" height="11" />
        <cmp x="922" y="739" width="12" height="76" />
        <cmp x="945" y="741" width="13" height="78" />
        <cmp x="963" y="781" width="80" height="39" />
      </word>
      <word id="a06-070-00-03" tag="VBD" text="made">
        <cmp x="1096" y="788" width="110" height="30" />
        <cmp x="1208" y="751" width="33" height="69" />
        <cmp x="1238" y="791" width="42" height="32" />
      </word>
      <word id="a06-070-00-04" tag="PP$" text="his">
        <cmp x="1320" y="757" width="50" height="63" />
        <cmp x="1378" y="777" width="7" height="13" />
        <cmp x="1380" y="788" width="26" height="30" />
      </word>
      <word id="a06-070-00-05" tag="NN" text="announcement">
        <cmp x="1450" y="798" width="75" height="26" />
        <cmp x="1534" y="799" width="169" height="25" />
        <cmp x="1717" y="797" width="42" height="27" />
        <cmp x="1767" y="785" width="173" height="43" />
      </word>
      <word id="a06-070-00-06" tag="," text=",">
        <cmp x="1948" y="813" width="21" height="30" />
      </word>
      <word id="a06-070-00-07" tag="ATI" text="the">
        <cmp x="1997" y="770" width="80" height="58" />
      </word>
      <lower-contour>
        <point x="398" y="843" />
        <point x="2048" y="843" />
      </lower-contour>
    </line>
    <line ass="-33" asx="0" asy="914" character-width="999" dss="-33" dsx="0" dsy="1012" fd0="12646" fd1="3230" fd2="-430" filter-width="4" id="a06-070-01" lbs="-70" lbx="0" lby="997" segmentation="ok" slant="77000" stroke-width="6489" threshold="187" text="House was crowded. He said: &amp;quot;No # British" ubs="39" ubx="0" uby="971">
      <word id="a06-070-01-00" tag="NPL" text="House">
        <cmp x="395" y="915" width="109" height="84" />
        <cmp x="515" y="951" width="62" height="46" />
      </word>
      <word id="a06-070-01-01" tag="BEDZ" text="was">
        <cmp x="626" y="965" width="35" height="42" />
        <cmp x="659" y="970" width="41" height="31" />
        <cmp x="705" y="965" width="18" height="35" />
      </word>
      <word id="a06-070-01-02" tag="JJ" text="crowded">
        <cmp x="766" y="965" width="153" height="40" />
        <cmp x="931" y="944" width="62" height="62" />
        <cmp x="995" y="934" width="35" height="70" />
      </word>
      <word id="a06-070-01-03" tag="." text=".">
        <cmp x="1057" y="994" width="8" height="9" />
      </word>
      <word id="a06-070-01-04" sentence-start="yes" tag="PP3A" text="He">
        <cmp x="1118" y="935" width="50" height="79" />
        <cmp x="1168" y="974" width="31" height="28" />
      </word>
      <word id="a06-070-01-05" tag="VBD" text="said">
        <cmp x="1243" y="972" width="29" height="32" />
        <cmp x="1272" y="975" width="62" height="26" />
        <cmp x="1334" y="966" width="10" height="12" />
        <cmp x="1342" y="951" width="48" height="48" />
      </word>
      <word id="a06-070-01-06" tag=":" text=":">
        <cmp x="1415" y="997" width="15" height="14" />
        <cmp x="1421" y="985" width="8" height="10" />
      </word>
      <word id="a06-070-01-07" tag="*&apos;" text="&quot;">
        <cmp x="1471" y="946" width="8" height="19" />
        <cmp x="1484" y="947" width="7" height="15" />
      </word>
      <word id="a06-070-01-08" sentence-start="yes" tag="ATI" text="No">
        <cmp x="1519" y="957" width="47" height="36" />
        <cmp x="1561" y="971" width="24" height="24" />
      </word>
      <word id="a06-070-01-09" tag="&amp;GA" text="#">
        <cmp x="1646" y="942" width="155" height="64" />
      </word>
      <word id="a06-070-01-10" tag="JNP" text="British">
        <cmp x="1858" y="935" width="68" height="66" />
        <cmp x="1922" y="953" width="9" height="16" />
        <cmp x="1945" y="931" width="34" height="62" />
        <cmp x="1972" y="950" width="8" height="11" />
        <cmp x="1980" y="966" width="29" height="39" />
        <cmp x="2014" y="943" width="33" height="58" />
      </word>
      <upper-contour>
        <point x="398" y="843" />
        <point x="2048" y="843" />
      </upper-contour>
      <lower-contour>
        <point x="393" y="1014" />
        <point x="2017" y="1014" />
      </lower-contour>
    </line>
    <line ass="-415" asx="0" asy="1103" character-width="999" dss="-415" dsx="0" dsy="1217" fd0="13170" fd1="2848" fd2="-121" filter-width="4" id="a06-070-02" lbs="-366" lbx="0" lby="1166" segmentation="ok" slant="82000" stroke-width="6403" threshold="189" text="Government could join the European Economic" ubs="-512" ubx="0" uby="1140">
      <word id="a06-070-02-00" tag="NN" text="Government">
        <cmp x="391" y="1107" width="86" height="64" />
        <cmp x="480" y="1131" width="30" height="38" />
        <cmp x="508" y="1137" width="56" height="33" />
        <cmp x="572" y="1144" width="31" height="26" />
        <cmp x="614" y="1118" width="172" height="55" />
      </word>
      <word id="a06-070-02-01" tag="MD" text="could">
        <cmp x="823" y="1138" width="108" height="34" />
        <cmp x="948" y="1114" width="14" height="54" />
        <cmp x="968" y="1115" width="35" height="56" />
      </word>
      <word id="a06-070-02-02" tag="VB" text="join">
        <cmp x="1037" y="1134" width="28" height="88" />
        <cmp x="1078" y="1148" width="40" height="27" />
        <cmp x="1121" y="1129" width="9" height="15" />
        <cmp x="1128" y="1152" width="38" height="18" />
      </word>
      <word id="a06-070-02-03" tag="ATI" text="the">
        <cmp x="1216" y="1119" width="84" height="61" />
      </word>
      <word id="a06-070-02-04" tag="JNP" text="European">
        <cmp x="1346" y="1129" width="149" height="51" />
        <cmp x="1499" y="1147" width="143" height="82" />
      </word>
      <word id="a06-070-02-05" tag="JJ" text="Economic">
        <cmp x="1681" y="1129" width="216" height="51" />
        <cmp x="1904" y="1163" width="75" height="16" />
        <cmp x="1964" y="1147" width="10" height="10" />
        <cmp x="1993" y="1156" width="23" height="24" />
      </word>
      <upper-contour>
        <point x="393" y="1014" />
        <point x="2017" y="1014" />
      </upper-contour>
      <lower-contour>
        <point x="389" y="1229" />
        <point x="2017" y="1229" />
      </lower-contour>
    </line>
    <line ass="-70" asx="0" asy="1275" character-width="999" dss="-70" dsx="0" dsy="1396" fd0="13521" fd1="2898" fd2="-159" filter-width="4" id="a06-070-03" lbs="3" lbx="0" lby="1350" segmentation="ok" slant="74000" stroke-width="6681" threshold="189" text="Community without prior negotiation with a view" ubs="-217" ubx="0" uby="1323">
      <word id="a06-070-03-00" tag="NN" text="Community">
        <cmp x="381" y="1293" width="158" height="59" />
        <cmp x="552" y="1327" width="134" height="31" />
        <cmp x="666" y="1311" width="11" height="11" />
        <cmp x="701" y="1300" width="69" height="91" />
      </word>
      <word id="a06-070-03-01" tag="IN" text="without">
        <cmp x="812" y="1321" width="48" height="31" />
        <cmp x="855" y="1303" width="7" height="13" />
        <cmp x="868" y="1277" width="183" height="78" />
      </word>
      <word id="a06-070-03-02" tag="JJ" text="prior">
        <cmp x="1083" y="1328" width="73" height="70" />
        <cmp x="1160" y="1320" width="8" height="14" />
        <cmp x="1166" y="1322" width="74" height="34" />
      </word>
      <word id="a06-070-03-03" tag="NN" text="negotiation">
        <cmp x="1268" y="1325" width="120" height="74" />
        <cmp x="1403" y="1331" width="37" height="31" />
        <cmp x="1444" y="1322" width="10" height="16" />
        <cmp x="1450" y="1333" width="42" height="24" />
        <cmp x="1504" y="1298" width="31" height="56" />
        <cmp x="1535" y="1318" width="8" height="14" />
        <cmp x="1545" y="1330" width="79" height="28" />
      </word>
      <word id="a06-070-03-04" tag="IN" text="with">
        <cmp x="1648" y="1318" width="50" height="35" />
        <cmp x="1692" y="1305" width="9" height="14" />
        <cmp x="1715" y="1294" width="53" height="56" />
      </word>
      <word id="a06-070-03-05" tag="AT" text="a">
        <cmp x="1797" y="1329" width="30" height="25" />
      </word>
      <word id="a06-070-03-06" tag="NN" text="view">
        <cmp x="1887" y="1324" width="139" height="38" />
      </word>
      <upper-contour>
        <point x="389" y="1229" />
        <point x="2017" y="1229" />
      </upper-contour>
      <lower-contour>
        <point x="392" y="1399" />
        <point x="2027" y="1399" />
      </lower-contour>
    </line>
    <line ass="37" asx="0" asy="1457" character-width="999" dss="37" dsx="0" dsy="1582" fd0="12904" fd1="2656" fd2="-218" filter-width="4" id="a06-070-04" lbs="132" lbx="0" lby="1540" segmentation="ok" slant="83000" stroke-width="6953" threshold="185" text="to meeting the needs of the Commonwealth countries," ubs="-154" ubx="0" uby="1509">
      <word id="a06-070-04-00" tag="IN" text="to">
        <cmp x="394" y="1458" width="47" height="76" />
      </word>
      <word id="a06-070-04-01" tag="VBG" text="meeting">
        <cmp x="465" y="1497" width="119" height="37" />
        <cmp x="589" y="1471" width="26" height="68" />
        <cmp x="610" y="1486" width="9" height="21" />
        <cmp x="620" y="1513" width="28" height="18" />
        <cmp x="664" y="1501" width="17" height="82" />
      </word>
      <word id="a06-070-04-02" tag="ATI" text="the">
        <cmp x="749" y="1466" width="80" height="81" />
      </word>
      <word id="a06-070-04-03" tag="NNS" text="needs">
        <cmp x="879" y="1481" width="117" height="69" />
        <cmp x="1001" y="1517" width="30" height="37" />
      </word>
      <word id="a06-070-04-04" tag="INO" text="of">
        <cmp x="1076" y="1466" width="65" height="114" />
      </word>
      <word id="a06-070-04-05" tag="ATI" text="the">
        <cmp x="1167" y="1484" width="92" height="60" />
      </word>
      <word id="a06-070-04-06" tag="NN" text="Commonwealth">
        <cmp x="1291" y="1486" width="146" height="55" />
        <cmp x="1445" y="1511" width="130" height="31" />
        <cmp x="1577" y="1495" width="153" height="47" />
        <cmp x="1745" y="1483" width="57" height="61" />
      </word>
      <word id="a06-070-04-07" tag="NNS" text="countries">
        <cmp x="1848" y="1505" width="159" height="33" />
        <cmp x="2020" y="1473" width="117" height="64" />
        <cmp x="2073" y="1492" width="9" height="20" />
      </word>
      <word id="a06-070-04-08" tag="," text=",">
        <cmp x="2153" y="1535" width="15" height="29" />
      </word>
      <upper-contour>
        <point x="392" y="1399" />
        <point x="2027" y="1399" />
      </upper-contour>
      <lower-contour>
        <point x="392" y="1583" />
        <point x="2088" y="1583" />
      </lower-contour>
    </line>
    <line ass="262" asx="0" asy="1658" character-width="999" dss="262" dsx="0" dsy="1769" fd0="12590" fd1="2818" fd2="-107" filter-width="4" id="a06-070-05" lbs="264" lbx="0" lby="1721" segmentation="ok" slant="90000" stroke-width="6746" threshold="183" text="of our European Free Trade Association partners" ubs="258" ubx="0" uby="1695">
      <word id="a06-070-05-00" tag="INO" text="of">
        <cmp x="364" y="1689" width="34" height="37" />
        <cmp x="418" y="1657" width="27" height="109" />
      </word>
      <word id="a06-070-05-01" tag="PP$" text="our">
        <cmp x="491" y="1683" width="128" height="37" />
      </word>
      <word id="a06-070-05-02" tag="JNP" text="European">
        <cmp x="678" y="1676" width="149" height="47" />
        <cmp x="837" y="1692" width="155" height="71" />
      </word>
      <word id="a06-070-05-03" tag="JJ" text="Free">
        <cmp x="1043" y="1667" width="124" height="57" />
      </word>
      <word id="a06-070-05-04" tag="NN" text="Trade">
        <cmp x="1181" y="1662" width="50" height="16" />
        <cmp x="1200" y="1678" width="18" height="37" />
        <cmp x="1227" y="1692" width="62" height="24" />
        <cmp x="1291" y="1657" width="63" height="60" />
      </word>
      <word id="a06-070-05-05" tag="NN" text="Association">
        <cmp x="1400" y="1652" width="87" height="64" />
        <cmp x="1495" y="1682" width="52" height="36" />
        <cmp x="1565" y="1689" width="42" height="29" />
        <cmp x="1602" y="1679" width="10" height="15" />
        <cmp x="1619" y="1692" width="35" height="26" />
        <cmp x="1630" y="1659" width="149" height="58" />
      </word>
      <word id="a06-070-05-06" tag="NNS" text="partners">
        <cmp x="1827" y="1691" width="18" height="70" />
        <cmp x="1852" y="1685" width="74" height="28" />
        <cmp x="1938" y="1662" width="150" height="57" />
      </word>
      <upper-contour>
        <point x="392" y="1583" />
        <point x="2088" y="1583" />
      </upper-contour>
      <lower-contour>
        <point x="366" y="1766" />
        <point x="2088" y="1766" />
      </lower-contour>
    </line>
    <line ass="-472" asx="0" asy="1817" character-width="999" dss="-472" dsx="0" dsy="1935" fd0="13084" fd1="3110" fd2="202" filter-width="4" id="a06-070-06" lbs="-475" lbx="0" lby="1881" segmentation="ok" slant="85000" stroke-width="6613" threshold="187" text="and of British agriculture.&amp;quot; Near the end of a" ubs="-466" ubx="0" uby="1853">
      <word id="a06-070-06-00" tag="CC" text="and">
        <cmp x="368" y="1851" width="111" height="38" />
        <cmp x="484" y="1829" width="29" height="61" />
      </word>
      <word id="a06-070-06-01" tag="INO" text="of">
        <cmp x="558" y="1867" width="23" height="33" />
        <cmp x="592" y="1832" width="24" height="105" />
      </word>
      <word id="a06-070-06-02" tag="JNP" text="British">
        <cmp x="690" y="1829" width="83" height="65" />
        <cmp x="762" y="1845" width="10" height="12" />
        <cmp x="788" y="1825" width="27" height="67" />
        <cmp x="814" y="1841" width="6" height="16" />
        <cmp x="834" y="1856" width="25" height="38" />
        <cmp x="869" y="1829" width="27" height="60" />
      </word>
      <word id="a06-070-06-03" tag="NN" text="agriculture">
        <cmp x="948" y="1868" width="38" height="25" />
        <cmp x="996" y="1861" width="54" height="84" />
        <cmp x="1050" y="1845" width="9" height="13" />
        <cmp x="1064" y="1839" width="106" height="52" />
        <cmp x="1186" y="1834" width="118" height="70" />
      </word>
      <word id="a06-070-06-04" tag="." text=".">
        <cmp x="1316" y="1895" width="15" height="10" />
      </word>
      <word id="a06-070-06-05" tag="**&apos;" text="&quot;">
        <cmp x="1361" y="1843" width="17" height="31" />
        <cmp x="1381" y="1851" width="8" height="18" />
      </word>
      <word id="a06-070-06-06" sentence-start="yes" tag="IN" text="Near">
        <cmp x="1443" y="1839" width="152" height="57" />
      </word>
      <word id="a06-070-06-07" tag="ATI" text="the">
        <cmp x="1643" y="1836" width="16" height="56" />
        <cmp x="1653" y="1838" width="70" height="57" />
      </word>
      <word id="a06-070-06-08" tag="NN" text="end">
        <cmp x="1754" y="1837" width="122" height="69" />
      </word>
      <word id="a06-070-06-09" tag="INO" text="of">
        <cmp x="1919" y="1872" width="26" height="32" />
        <cmp x="1956" y="1843" width="18" height="99" />
      </word>
      <word id="a06-070-06-10" tag="AT" text="a">
        <cmp x="2047" y="1878" width="44" height="21" />
      </word>
      <upper-contour>
        <point x="366" y="1766" />
        <point x="2088" y="1766" />
      </upper-contour>
      <lower-contour>
        <point x="376" y="1945" />
        <point x="1984" y="1945" />
      </lower-contour>
    </line>
    <line ass="-404" asx="0" asy="1985" character-width="999" dss="-404" dsx="0" dsy="2121" fd0="12822" fd1="3412" fd2="436" filter-width="4" id="a06-070-07" lbs="-416" lbx="0" lby="2063" segmentation="ok" slant="89000" stroke-width="6545" threshold="189" text="long statement, Mr. Macmillan stated the" ubs="-379" ubx="0" uby="2038">
      <word id="a06-070-07-00" tag="JJ" text="long">
        <cmp x="378" y="1988" width="89" height="79" />
        <cmp x="479" y="2041" width="22" height="85" />
      </word>
      <word id="a06-070-07-01" tag="NN" text="statement">
        <cmp x="572" y="2043" width="31" height="34" />
        <cmp x="606" y="1990" width="66" height="78" />
        <cmp x="694" y="1992" width="58" height="82" />
        <cmp x="772" y="2014" width="196" height="55" />
      </word>
      <word id="a06-070-07-02" tag="," text=",">
        <cmp x="980" y="2069" width="22" height="28" />
      </word>
      <word id="a06-070-07-03" tag="NPT" text="Mr.">
        <cmp x="1093" y="2015" width="34" height="51" />
        <cmp x="1141" y="2039" width="20" height="30" />
        <cmp x="1164" y="2065" width="11" height="7" />
      </word>
      <word id="a06-070-07-04" tag="NP" text="Macmillan">
        <cmp x="1231" y="2020" width="46" height="58" />
        <cmp x="1279" y="2047" width="34" height="23" />
        <cmp x="1319" y="2046" width="28" height="26" />
        <cmp x="1357" y="2047" width="86" height="30" />
        <cmp x="1439" y="2027" width="8" height="10" />
        <cmp x="1460" y="2004" width="12" height="72" />
        <cmp x="1475" y="2015" width="12" height="62" />
        <cmp x="1491" y="2047" width="87" height="33" />
      </word>
      <word id="a06-070-07-05" tag="VBD" text="stated">
        <cmp x="1645" y="2045" width="28" height="28" />
        <cmp x="1679" y="2000" width="68" height="72" />
        <cmp x="1761" y="2009" width="92" height="68" />
      </word>
      <word id="a06-070-07-06" tag="ATI" text="the">
        <cmp x="1901" y="2027" width="83" height="58" />
      </word>
      <upper-contour>
        <point x="376" y="1945" />
        <point x="1984" y="1945" />
      </upper-contour>
      <lower-contour>
        <point x="388" y="2126" />
        <point x="1282" y="2126" />
      </lower-contour>
    </line>
    <line ass="-664" asx="0" asy="2178" character-width="999" dss="-664" dsx="0" dsy="2241" fd0="13621" fd1="3220" fd2="349" filter-width="4" id="a06-070-08" lbs="-471" lbx="0" lby="2239" segmentation="ok" slant="94000" stroke-width="6573" threshold="183" text="Government&apos;s intention:" ubs="-1049" ubx="0" uby="2207">
      <word id="a06-070-08-00" tag="NN$" text="Government&apos;s">
        <cmp x="390" y="2183" width="75" height="55" />
        <cmp x="468" y="2212" width="129" height="35" />
        <cmp x="611" y="2200" width="176" height="51" />
        <cmp x="805" y="2189" width="10" height="22" />
        <cmp x="840" y="2217" width="22" height="32" />
      </word>
      <word id="a06-070-08-01" tag="NN" text="intention">
        <cmp x="942" y="2207" width="7" height="11" />
        <cmp x="944" y="2231" width="9" height="20" />
        <cmp x="965" y="2232" width="40" height="20" />
        <cmp x="1011" y="2202" width="125" height="48" />
        <cmp x="1144" y="2193" width="35" height="53" />
        <cmp x="1169" y="2217" width="79" height="35" />
      </word>
      <word id="a06-070-08-02" tag=":" text=":">
        <cmp x="1272" y="2231" width="9" height="11" />
      </word>
      <upper-contour>
        <point x="388" y="2126" />
        <point x="1282" y="2126" />
      </upper-contour>
    </line>
  </handwritten-part>
</form>

