<?xml version="1.0" encoding="ISO-8859-1"?>

<!DOCTYPE form SYSTEM 'http://www.iam.unibe.ch/~fki/iamdb/form-metadata.dtd'>

<form created="2002-01-16" height="3542" id="a06-064" last-modified="2002-07-17" skew="-30" status="final" version="3.0_beta" width="2479" writer-id="076">
  <machine-printed-part>
    <machine-print-line text="Most MPs agreed that Mr. Fell&apos;s attack had, if anything, rallied support to the Prime" />
    <machine-print-line text="Minister. This apparently, was Mr. Macmillan&apos;s assessment. He confined his reply" />
    <machine-print-line text="to the observation that Mr. Fell had probably &amp;quot;maximised his support.&amp;quot; There were" />
    <machine-print-line text="no other attacks of such ferocity. But there was ample evidence of Conservative and" />
    <machine-print-line text="Labour opposition, which will be aired in the debate tomorrow and on Thursday." />
  </machine-printed-part>
  <handwritten-part>
    <line ass="-194" asx="0" asy="705" character-width="999" dss="-194" dsx="0" dsy="816" fd0="14335" fd1="2207" fd2="-671" filter-width="3" id="a06-064-00" lbs="-172" lbx="0" lby="775" segmentation="err" slant="63000" stroke-width="5497" threshold="182" text="Most MPs agreed that Mr. Fell&apos;s attack had, if" ubs="-237" ubx="0" uby="745">
      <word id="a06-064-00-00" sentence-start="yes" tag="AP" text="Most">
        <cmp x="383" y="718" width="62" height="67" />
        <cmp x="436" y="743" width="41" height="27" />
        <cmp x="466" y="744" width="28" height="36" />
        <cmp x="495" y="708" width="39" height="74" />
      </word>
      <word id="a06-064-00-01" tag="NPTS" text="MPs">
        <cmp x="584" y="715" width="58" height="66" />
        <cmp x="639" y="719" width="45" height="60" />
        <cmp x="665" y="725" width="4" height="3" />
        <cmp x="678" y="746" width="28" height="29" />
        <cmp x="699" y="727" width="7" height="7" />
      </word>
      <word id="a06-064-00-02" tag="VBD" text="agreed">
        <cmp x="765" y="754" width="47" height="27" />
        <cmp x="807" y="756" width="48" height="59" />
        <cmp x="868" y="752" width="26" height="27" />
        <cmp x="876" y="727" width="158" height="54" />
      </word>
      <word id="a06-064-00-03" tag="CS" text="that">
        <cmp x="1091" y="722" width="163" height="64" />
      </word>
      <word id="a06-064-00-04" tag="NPT" text="Mr.">
        <cmp x="1302" y="725" width="49" height="56" />
        <cmp x="1347" y="749" width="29" height="32" />
        <cmp x="1365" y="776" width="7" height="6" />
        <cmp x="1422" y="737" width="40" height="48" />
      </word>
      <word id="a06-064-00-05" tag="NP$" text="Fell&apos;s">
        <cmp x="1437" y="742" width="53" height="38" />
        <cmp x="1440" y="721" width="26" height="7" />
        <cmp x="1444" y="728" width="5" height="8" />
        <cmp x="1483" y="760" width="3" height="3" />
        <cmp x="1496" y="726" width="72" height="49" />
        <cmp x="1515" y="727" width="8" height="4" />
        <cmp x="1564" y="759" width="29" height="25" />
        <cmp x="1567" y="729" width="10" height="17" />
      </word>
      <word id="a06-064-00-06" tag="NN" text="attack">
        <cmp x="1647" y="733" width="101" height="54" />
        <cmp x="1718" y="738" width="6" height="5" />
        <cmp x="1747" y="756" width="39" height="21" />
        <cmp x="1787" y="733" width="78" height="51" />
      </word>
      <word id="a06-064-00-07" tag="HVD" text="had">
        <cmp x="1902" y="733" width="142" height="49" />
      </word>
      <word id="a06-064-00-08" tag="," text=",">
        <cmp x="2028" y="790" width="22" height="29" />
      </word>
      <word id="a06-064-00-09" tag="CS" text="if">
        <cmp x="2098" y="765" width="10" height="19" />
        <cmp x="2110" y="734" width="52" height="91" />
        <cmp x="2119" y="757" width="8" height="3" />
      </word>
      <lower-contour>
        <point x="381" y="825" />
        <point x="2163" y="825" />
      </lower-contour>
    </line>
    <line ass="-131" asx="0" asy="901" character-width="999" dss="-131" dsx="0" dsy="994" fd0="13852" fd1="2666" fd2="-33" filter-width="3" id="a06-064-01" lbs="-158" lbx="0" lby="959" segmentation="ok" slant="63000" stroke-width="5504" threshold="181" text="anything, rallied support to the Prime Minister." ubs="-76" ubx="0" uby="936">
      <word id="a06-064-01-00" tag="PN" text="anything">
        <cmp x="373" y="924" width="95" height="38" />
        <cmp x="472" y="931" width="31" height="60" />
        <cmp x="516" y="907" width="27" height="54" />
        <cmp x="541" y="908" width="61" height="48" />
        <cmp x="606" y="905" width="10" height="8" />
        <cmp x="607" y="938" width="62" height="59" />
      </word>
      <word id="a06-064-01-01" tag="," text=",">
        <cmp x="691" y="956" width="13" height="25" />
      </word>
      <word id="a06-064-01-02" tag="VBN" text="rallied">
        <cmp x="762" y="935" width="65" height="28" />
        <cmp x="840" y="910" width="50" height="42" />
        <cmp x="892" y="934" width="10" height="16" />
        <cmp x="908" y="905" width="108" height="49" />
      </word>
      <word id="a06-064-01-03" tag="NN" text="support">
        <cmp x="1069" y="938" width="22" height="28" />
        <cmp x="1099" y="945" width="41" height="19" />
        <cmp x="1145" y="939" width="49" height="47" />
        <cmp x="1189" y="919" width="147" height="61" />
      </word>
      <word id="a06-064-01-04" tag="IN" text="to">
        <cmp x="1388" y="912" width="55" height="55" />
      </word>
      <word id="a06-064-01-05" tag="ATI" text="the">
        <cmp x="1497" y="914" width="108" height="52" />
      </word>
      <word id="a06-064-01-06" tag="NPT" text="Prime">
        <cmp x="1668" y="913" width="45" height="47" />
        <cmp x="1701" y="939" width="43" height="23" />
        <cmp x="1745" y="938" width="97" height="26" />
        <cmp x="1757" y="916" width="3" height="11" />
        <cmp x="1758" y="906" width="7" height="8" />
      </word>
      <word id="a06-064-01-07" tag="NPT" text="Minister">
        <cmp x="1910" y="912" width="47" height="51" />
        <cmp x="1960" y="941" width="14" height="17" />
        <cmp x="1982" y="936" width="67" height="24" />
        <cmp x="1986" y="906" width="7" height="12" />
        <cmp x="2055" y="909" width="22" height="54" />
        <cmp x="2087" y="917" width="96" height="58" />
      </word>
      <word id="a06-064-01-08" tag="." text=".">
        <cmp x="2177" y="983" width="6" height="14" />
      </word>
      <upper-contour>
        <point x="381" y="825" />
        <point x="2163" y="825" />
      </upper-contour>
      <lower-contour>
        <point x="379" y="997" />
        <point x="2184" y="997" />
      </lower-contour>
    </line>
    <line ass="-174" asx="0" asy="1078" character-width="999" dss="-174" dsx="0" dsy="1179" fd0="14021" fd1="2426" fd2="-357" filter-width="3" id="a06-064-02" lbs="-147" lbx="0" lby="1135" segmentation="ok" slant="66000" stroke-width="5624" threshold="182" text="This apparently, was Mr. Macmillan&apos;s assessment." ubs="-228" ubx="0" uby="1114">
      <word id="a06-064-02-00" sentence-start="yes" tag="DT" text="This">
        <cmp x="381" y="1081" width="101" height="59" />
        <cmp x="489" y="1081" width="10" height="19" />
        <cmp x="497" y="1114" width="15" height="25" />
      </word>
      <word id="a06-064-02-01" tag="RB" text="apparently">
        <cmp x="582" y="1111" width="50" height="23" />
        <cmp x="619" y="1110" width="56" height="56" />
        <cmp x="657" y="1114" width="66" height="59" />
        <cmp x="721" y="1118" width="75" height="24" />
        <cmp x="796" y="1110" width="81" height="32" />
        <cmp x="894" y="1089" width="51" height="56" />
        <cmp x="924" y="1118" width="48" height="64" />
      </word>
      <word id="a06-064-02-02" tag="," text=",">
        <cmp x="982" y="1141" width="18" height="27" />
      </word>
      <word id="a06-064-02-03" tag="BEDZ" text="was">
        <cmp x="1060" y="1123" width="49" height="24" />
        <cmp x="1112" y="1122" width="27" height="22" />
        <cmp x="1138" y="1124" width="51" height="20" />
      </word>
      <word id="a06-064-02-04" tag="NPT" text="Mr.">
        <cmp x="1249" y="1094" width="53" height="44" />
        <cmp x="1272" y="1092" width="8" height="6" />
        <cmp x="1294" y="1116" width="19" height="24" />
        <cmp x="1309" y="1138" width="9" height="9" />
      </word>
      <word id="a06-064-02-05" tag="NP$" text="Macmillan&apos;s">
        <cmp x="1370" y="1087" width="59" height="52" />
        <cmp x="1428" y="1112" width="79" height="28" />
        <cmp x="1518" y="1115" width="60" height="24" />
        <cmp x="1530" y="1111" width="7" height="5" />
        <cmp x="1585" y="1119" width="15" height="24" />
        <cmp x="1606" y="1082" width="60" height="50" />
        <cmp x="1658" y="1114" width="77" height="31" />
        <cmp x="1758" y="1098" width="11" height="21" />
        <cmp x="1758" y="1127" width="28" height="21" />
      </word>
      <word id="a06-064-02-06" tag="NN" text="assessment">
        <cmp x="1832" y="1123" width="45" height="26" />
        <cmp x="1878" y="1129" width="30" height="19" />
        <cmp x="1915" y="1123" width="64" height="26" />
        <cmp x="1928" y="1128" width="11" height="3" />
        <cmp x="1981" y="1123" width="28" height="25" />
        <cmp x="2020" y="1125" width="24" height="20" />
        <cmp x="2059" y="1105" width="177" height="40" />
      </word>
      <word id="a06-064-02-07" tag="." text=".">
        <cmp x="2251" y="1138" width="11" height="11" />
      </word>
      <upper-contour>
        <point x="379" y="997" />
        <point x="2184" y="997" />
      </upper-contour>
      <lower-contour>
        <point x="387" y="1182" />
        <point x="2107" y="1182" />
      </lower-contour>
    </line>
    <line ass="32" asx="0" asy="1263" character-width="999" dss="32" dsx="0" dsy="1361" fd0="13824" fd1="2677" fd2="-14" filter-width="3" id="a06-064-03" lbs="36" lbx="0" lby="1319" segmentation="ok" slant="71000" stroke-width="5520" threshold="182" text="He confined his reply to the observation" ubs="23" ubx="0" uby="1299">
      <word id="a06-064-03-00" sentence-start="yes" tag="PP3A" text="He">
        <cmp x="389" y="1264" width="46" height="54" />
        <cmp x="417" y="1285" width="59" height="33" />
      </word>
      <word id="a06-064-03-01" tag="VBD" text="confined">
        <cmp x="544" y="1292" width="103" height="28" />
        <cmp x="658" y="1264" width="47" height="73" />
        <cmp x="660" y="1308" width="3" height="3" />
        <cmp x="715" y="1274" width="143" height="47" />
        <cmp x="718" y="1264" width="10" height="10" />
      </word>
      <word id="a06-064-03-02" tag="PP$" text="his">
        <cmp x="944" y="1276" width="52" height="42" />
        <cmp x="1000" y="1305" width="16" height="20" />
        <cmp x="1002" y="1283" width="8" height="9" />
      </word>
      <word id="a06-064-03-03" tag="NN" text="reply">
        <cmp x="1112" y="1298" width="23" height="26" />
        <cmp x="1123" y="1289" width="54" height="32" />
        <cmp x="1181" y="1291" width="42" height="47" />
        <cmp x="1238" y="1285" width="58" height="78" />
        <cmp x="1251" y="1277" width="7" height="4" />
      </word>
      <word id="a06-064-03-04" tag="IN" text="to">
        <cmp x="1379" y="1264" width="57" height="59" />
      </word>
      <word id="a06-064-03-05" tag="ATI" text="the">
        <cmp x="1494" y="1267" width="109" height="61" />
      </word>
      <word id="a06-064-03-06" tag="NN" text="observation">
        <cmp x="1685" y="1297" width="33" height="21" />
        <cmp x="1726" y="1275" width="30" height="40" />
        <cmp x="1775" y="1295" width="108" height="26" />
        <cmp x="1892" y="1295" width="34" height="23" />
        <cmp x="1937" y="1297" width="35" height="23" />
        <cmp x="1988" y="1271" width="40" height="47" />
        <cmp x="2029" y="1298" width="77" height="28" />
        <cmp x="2032" y="1264" width="14" height="29" />
      </word>
      <upper-contour>
        <point x="387" y="1182" />
        <point x="2107" y="1182" />
      </upper-contour>
      <lower-contour>
        <point x="393" y="1363" />
        <point x="2107" y="1363" />
      </lower-contour>
    </line>
    <line ass="0" asx="0" asy="1435" character-width="999" dss="0" dsx="0" dsy="1540" fd0="14017" fd1="2586" fd2="10" filter-width="3" id="a06-064-04" lbs="21" lbx="0" lby="1493" segmentation="ok" slant="68999" stroke-width="5568" threshold="182" text="that Mr. Fell had probably &amp;quot;maximised his" ubs="-43" ubx="0" uby="1469">
      <word id="a06-064-04-00" tag="CS" text="that">
        <cmp x="395" y="1441" width="162" height="55" />
      </word>
      <word id="a06-064-04-01" tag="NPT" text="Mr.">
        <cmp x="638" y="1452" width="43" height="43" />
        <cmp x="686" y="1464" width="25" height="29" />
        <cmp x="706" y="1491" width="10" height="9" />
      </word>
      <word id="a06-064-04-02" tag="NP" text="Fell">
        <cmp x="785" y="1435" width="138" height="63" />
      </word>
      <word id="a06-064-04-03" tag="HVD" text="had">
        <cmp x="992" y="1435" width="154" height="57" />
      </word>
      <word id="a06-064-04-04" tag="RB" text="probably">
        <cmp x="1187" y="1472" width="49" height="50" />
        <cmp x="1242" y="1479" width="44" height="21" />
        <cmp x="1297" y="1447" width="39" height="45" />
        <cmp x="1342" y="1475" width="33" height="22" />
        <cmp x="1386" y="1449" width="36" height="44" />
        <cmp x="1423" y="1452" width="62" height="89" />
      </word>
      <word id="a06-064-04-05" tag="*&apos;" text="&quot;">
        <cmp x="1559" y="1499" width="30" height="22" />
      </word>
      <word id="a06-064-04-06" tag="VBN" text="maximised">
        <cmp x="1624" y="1468" width="72" height="30" />
        <cmp x="1699" y="1470" width="83" height="27" />
        <cmp x="1795" y="1435" width="10" height="12" />
        <cmp x="1795" y="1469" width="58" height="29" />
        <cmp x="1861" y="1476" width="14" height="17" />
        <cmp x="1875" y="1474" width="71" height="28" />
        <cmp x="1880" y="1441" width="15" height="26" />
        <cmp x="1954" y="1454" width="55" height="42" />
      </word>
      <word id="a06-064-04-07" tag="PP$" text="his">
        <cmp x="2059" y="1451" width="63" height="44" />
        <cmp x="2124" y="1479" width="28" height="22" />
        <cmp x="2127" y="1447" width="11" height="16" />
      </word>
      <upper-contour>
        <point x="393" y="1363" />
        <point x="2107" y="1363" />
      </upper-contour>
      <lower-contour>
        <point x="393" y="1541" />
        <point x="2112" y="1541" />
      </lower-contour>
    </line>
    <line ass="-43" asx="0" asy="1614" character-width="999" dss="-43" dsx="0" dsy="1696" fd0="13865" fd1="3120" fd2="93" filter-width="3" id="a06-064-05" lbs="-80" lbx="0" lby="1674" segmentation="ok" slant="66000" stroke-width="5580" threshold="179" text="support.&amp;quot; There were no other attacks" ubs="31" ubx="0" uby="1655">
      <word id="a06-064-05-00" tag="NN" text="support">
        <cmp x="394" y="1644" width="22" height="34" />
        <cmp x="432" y="1648" width="46" height="28" />
        <cmp x="482" y="1648" width="51" height="47" />
        <cmp x="529" y="1649" width="54" height="49" />
        <cmp x="591" y="1621" width="99" height="55" />
      </word>
      <word id="a06-064-05-01" tag="." text=".">
        <cmp x="707" y="1670" width="10" height="10" />
      </word>
      <word id="a06-064-05-02" tag="**&apos;" text="&quot;">
        <cmp x="726" y="1616" width="22" height="12" />
      </word>
      <word id="a06-064-05-03" sentence-start="yes" tag="EX" text="There">
        <cmp x="820" y="1630" width="29" height="54" />
        <cmp x="830" y="1616" width="132" height="59" />
        <cmp x="957" y="1649" width="47" height="25" />
      </word>
      <word id="a06-064-05-04" tag="BED" text="were">
        <cmp x="1082" y="1673" width="5" height="4" />
        <cmp x="1092" y="1642" width="73" height="32" />
        <cmp x="1156" y="1670" width="12" height="7" />
        <cmp x="1168" y="1641" width="78" height="37" />
        <cmp x="1231" y="1652" width="44" height="32" />
      </word>
      <word id="a06-064-05-05" tag="ATI" text="no">
        <cmp x="1370" y="1649" width="85" height="26" />
      </word>
      <word id="a06-064-05-06" tag="AP" text="other">
        <cmp x="1537" y="1653" width="27" height="25" />
        <cmp x="1580" y="1623" width="176" height="58" />
      </word>
      <word id="a06-064-05-07" tag="NNS" text="attacks">
        <cmp x="1847" y="1659" width="43" height="22" />
        <cmp x="1903" y="1620" width="49" height="59" />
        <cmp x="1958" y="1651" width="82" height="28" />
        <cmp x="2041" y="1644" width="39" height="34" />
        <cmp x="2056" y="1635" width="11" height="8" />
        <cmp x="2083" y="1655" width="28" height="28" />
      </word>
      <upper-contour>
        <point x="393" y="1541" />
        <point x="2112" y="1541" />
      </upper-contour>
      <lower-contour>
        <point x="401" y="1698" />
        <point x="2098" y="1698" />
      </lower-contour>
    </line>
    <line ass="-349" asx="0" asy="1784" character-width="999" dss="-349" dsx="0" dsy="1892" fd0="13569" fd1="3082" fd2="251" filter-width="3" id="a06-064-06" lbs="-297" lbx="0" lby="1849" segmentation="ok" slant="66999" stroke-width="5608" threshold="181" text="of such ferocity. But there was ample" ubs="-454" ubx="0" uby="1827">
      <word id="a06-064-06-00" tag="INO" text="of">
        <cmp x="403" y="1787" width="73" height="90" />
      </word>
      <word id="a06-064-06-01" tag="ABL" text="such">
        <cmp x="546" y="1827" width="23" height="30" />
        <cmp x="585" y="1802" width="117" height="50" />
        <cmp x="643" y="1835" width="4" height="3" />
      </word>
      <word id="a06-064-06-02" tag="NN" text="ferocity">
        <cmp x="787" y="1790" width="110" height="91" />
        <cmp x="899" y="1832" width="32" height="21" />
        <cmp x="948" y="1830" width="48" height="25" />
        <cmp x="1006" y="1803" width="47" height="53" />
        <cmp x="1013" y="1836" width="50" height="63" />
      </word>
      <word id="a06-064-06-03" tag="." text=".">
        <cmp x="1088" y="1849" width="6" height="7" />
      </word>
      <word id="a06-064-06-04" sentence-start="yes" tag="CC" text="But">
        <cmp x="1188" y="1809" width="46" height="58" />
        <cmp x="1234" y="1808" width="85" height="50" />
      </word>
      <word id="a06-064-06-05" tag="EX" text="there">
        <cmp x="1374" y="1804" width="151" height="55" />
        <cmp x="1521" y="1840" width="45" height="20" />
      </word>
      <word id="a06-064-06-06" tag="BEDZ" text="was">
        <cmp x="1650" y="1842" width="113" height="19" />
        <cmp x="1653" y="1842" width="4" height="3" />
        <cmp x="1769" y="1842" width="23" height="22" />
      </word>
      <word id="a06-064-06-07" tag="JJ" text="ample">
        <cmp x="1861" y="1839" width="111" height="22" />
        <cmp x="1970" y="1843" width="44" height="45" />
        <cmp x="2035" y="1825" width="62" height="34" />
      </word>
      <upper-contour>
        <point x="401" y="1698" />
        <point x="2098" y="1698" />
      </upper-contour>
      <lower-contour>
        <point x="401" y="1900" />
        <point x="1979" y="1900" />
      </lower-contour>
    </line>
    <line ass="-131" asx="0" asy="1975" character-width="999" dss="-131" dsx="0" dsy="2054" fd0="13210" fd1="2373" fd2="24" filter-width="3" id="a06-064-07" lbs="-106" lbx="0" lby="2031" segmentation="ok" slant="81000" stroke-width="5489" threshold="181" text="evidence of Conservative and Labour" ubs="-181" ubx="0" uby="2010">
      <word id="a06-064-07-00" tag="NN" text="evidence">
        <cmp x="386" y="2008" width="56" height="31" />
        <cmp x="447" y="2011" width="37" height="22" />
        <cmp x="497" y="1979" width="8" height="13" />
        <cmp x="501" y="1990" width="212" height="46" />
      </word>
      <word id="a06-064-07-01" tag="INO" text="of">
        <cmp x="795" y="1977" width="83" height="80" />
      </word>
      <word id="a06-064-07-02" tag="JJ" text="Conservative">
        <cmp x="955" y="1982" width="40" height="49" />
        <cmp x="993" y="2006" width="69" height="27" />
        <cmp x="1073" y="2010" width="96" height="29" />
        <cmp x="1177" y="2013" width="41" height="27" />
        <cmp x="1223" y="2017" width="39" height="18" />
        <cmp x="1285" y="1993" width="36" height="35" />
        <cmp x="1325" y="1981" width="8" height="14" />
        <cmp x="1334" y="2012" width="20" height="14" />
        <cmp x="1351" y="2011" width="53" height="23" />
      </word>
      <word id="a06-064-07-03" tag="CC" text="and">
        <cmp x="1465" y="1992" width="167" height="49" />
      </word>
      <word id="a06-064-07-04" tag="NN" text="Labour">
        <cmp x="1700" y="1990" width="73" height="51" />
        <cmp x="1754" y="2016" width="13" height="3" />
        <cmp x="1790" y="1993" width="188" height="46" />
      </word>
      <upper-contour>
        <point x="401" y="1900" />
        <point x="1979" y="1900" />
      </upper-contour>
      <lower-contour>
        <point x="409" y="2057" />
        <point x="1979" y="2057" />
      </lower-contour>
    </line>
    <line ass="317" asx="0" asy="2164" character-width="999" dss="317" dsx="0" dsy="2250" fd0="13555" fd1="2760" fd2="387" filter-width="3" id="a06-064-08" lbs="320" lbx="0" lby="2220" segmentation="ok" slant="59999" stroke-width="5524" threshold="181" text="opposition, which will be aired in the" ubs="311" ubx="0" uby="2197">
      <word id="a06-064-08-00" tag="NN" text="opposition">
        <cmp x="411" y="2189" width="30" height="26" />
        <cmp x="450" y="2186" width="99" height="50" />
        <cmp x="570" y="2186" width="35" height="18" />
        <cmp x="614" y="2188" width="25" height="25" />
        <cmp x="651" y="2189" width="13" height="21" />
        <cmp x="677" y="2162" width="28" height="12" />
        <cmp x="694" y="2165" width="41" height="51" />
        <cmp x="742" y="2165" width="7" height="10" />
        <cmp x="749" y="2197" width="84" height="19" />
      </word>
      <word id="a06-064-08-01" tag="," text=",">
        <cmp x="842" y="2210" width="20" height="36" />
      </word>
      <word id="a06-064-08-02" tag="WDT" text="which">
        <cmp x="924" y="2184" width="63" height="27" />
        <cmp x="1005" y="2173" width="55" height="37" />
        <cmp x="1068" y="2160" width="7" height="16" />
        <cmp x="1071" y="2170" width="77" height="51" />
      </word>
      <word id="a06-064-08-03" tag="MD" text="will">
        <cmp x="1218" y="2184" width="64" height="27" />
        <cmp x="1292" y="2191" width="12" height="17" />
        <cmp x="1319" y="2156" width="60" height="52" />
      </word>
      <word id="a06-064-08-04" tag="BE" text="be">
        <cmp x="1472" y="2170" width="79" height="43" />
      </word>
      <word id="a06-064-08-05" tag="VBN" text="aired">
        <cmp x="1647" y="2185" width="101" height="26" />
        <cmp x="1722" y="2161" width="9" height="7" />
        <cmp x="1737" y="2184" width="67" height="29" />
        <cmp x="1818" y="2155" width="72" height="63" />
      </word>
      <word id="a06-064-08-06" tag="IN" text="in">
        <cmp x="1932" y="2190" width="17" height="24" />
        <cmp x="1954" y="2192" width="38" height="24" />
        <cmp x="1965" y="2155" width="4" height="19" />
      </word>
      <word id="a06-064-08-07" tag="ATI" text="the">
        <cmp x="2066" y="2160" width="125" height="56" />
      </word>
      <upper-contour>
        <point x="409" y="2057" />
        <point x="1979" y="2057" />
      </upper-contour>
      <lower-contour>
        <point x="444" y="2246" />
        <point x="2076" y="2246" />
      </lower-contour>
    </line>
    <line ass="-344" asx="0" asy="2323" character-width="999" dss="-344" dsx="0" dsy="2423" fd0="13375" fd1="3290" fd2="265" filter-width="3" id="a06-064-09" lbs="-285" lbx="0" lby="2380" segmentation="ok" slant="72000" stroke-width="5546" threshold="181" text="debate tomorrow and on Thursday." ubs="-463" ubx="0" uby="2358">
      <word id="a06-064-09-00" tag="NN" text="debate">
        <cmp x="446" y="2334" width="96" height="52" />
        <cmp x="562" y="2329" width="153" height="56" />
      </word>
      <word id="a06-064-09-01" tag="NR" text="tomorrow">
        <cmp x="807" y="2332" width="59" height="51" />
        <cmp x="822" y="2329" width="3" height="3" />
        <cmp x="868" y="2353" width="78" height="30" />
        <cmp x="947" y="2367" width="102" height="27" />
        <cmp x="1051" y="2366" width="103" height="30" />
      </word>
      <word id="a06-064-09-02" tag="CC" text="and">
        <cmp x="1220" y="2368" width="104" height="23" />
        <cmp x="1342" y="2355" width="56" height="39" />
      </word>
      <word id="a06-064-09-03" tag="IN" text="on">
        <cmp x="1481" y="2371" width="78" height="24" />
      </word>
      <word id="a06-064-09-04" tag="NR" text="Thursday">
        <cmp x="1644" y="2337" width="48" height="51" />
        <cmp x="1689" y="2338" width="176" height="54" />
        <cmp x="1890" y="2374" width="30" height="12" />
        <cmp x="1921" y="2352" width="138" height="86" />
      </word>
      <word id="a06-064-09-05" tag="." text=".">
        <cmp x="2069" y="2392" width="7" height="7" />
      </word>
      <upper-contour>
        <point x="444" y="2246" />
        <point x="2076" y="2246" />
      </upper-contour>
    </line>
  </handwritten-part>
</form>

