<?xml version="1.0" encoding="ISO-8859-1"?>

<!DOCTYPE form SYSTEM 'http://www.iam.unibe.ch/~fki/iamdb/form-metadata.dtd'>

<form created="2002-01-14" height="3542" id="b01-094" last-modified="2002-07-17" skew="159" status="final" version="3.0_beta" width="2479" writer-id="092">
  <machine-printed-part>
    <machine-print-line text="But back, Mr. Hammarskjold is determined, they must go. The best news for the" />
    <machine-print-line text="Congo would be agreement between its rival political leaders. Through the patient" />
    <machine-print-line text="efforts of UN conciliators they are meeting for the first time, in Malagasy (formerly" />
    <machine-print-line text="Madagascar). THE world will sigh with relief when this strife-torn land gets itself a" />
    <machine-print-line text="government which all outsiders can recognise." />
  </machine-printed-part>
  <handwritten-part>
    <line ass="53" asx="0" asy="704" character-width="999" dss="53" dsx="0" dsy="814" fd0="13524" fd1="2867" fd2="-718" filter-width="4" id="b01-094-00" lbs="-2" lbx="0" lby="783" segmentation="err" slant="77000" stroke-width="6067" threshold="172" text="But back, Mr. Hammarskjold is determined," ubs="165" ubx="0" uby="753">
      <word id="b01-094-00-00" sentence-start="yes" tag="CC" text="But">
        <cmp x="334" y="710" width="52" height="76" />
        <cmp x="388" y="749" width="56" height="33" />
        <cmp x="444" y="711" width="33" height="78" />
      </word>
      <word id="b01-094-00-01" tag="RP" text="back">
        <cmp x="525" y="709" width="230" height="79" />
      </word>
      <word id="b01-094-00-02" tag="," text=",">
        <cmp x="770" y="770" width="11" height="32" />
      </word>
      <word id="b01-094-00-03" tag="NPT" text="Mr.">
        <cmp x="824" y="719" width="135" height="79" />
        <cmp x="964" y="772" width="10" height="5" />
      </word>
      <word id="b01-094-00-04" tag="NP" text="Hammarskjold">
        <cmp x="1019" y="714" width="167" height="84" />
        <cmp x="1191" y="744" width="58" height="42" />
        <cmp x="1253" y="740" width="133" height="36" />
        <cmp x="1400" y="704" width="18" height="67" />
        <cmp x="1412" y="735" width="52" height="75" />
        <cmp x="1464" y="712" width="9" height="5" />
        <cmp x="1472" y="736" width="23" height="34" />
        <cmp x="1498" y="707" width="46" height="58" />
        <cmp x="1554" y="705" width="45" height="66" />
      </word>
      <word id="b01-094-00-05" tag="BEZ" text="is">
        <cmp x="1659" y="747" width="13" height="32" />
        <cmp x="1666" y="728" width="21" height="14" />
        <cmp x="1677" y="747" width="32" height="33" />
        <cmp x="1722" y="704" width="7" height="6" />
      </word>
      <word id="b01-094-00-06" tag="JJ" text="determined">
        <cmp x="1777" y="723" width="222" height="67" />
        <cmp x="2013" y="753" width="67" height="35" />
        <cmp x="2094" y="756" width="12" height="25" />
        <cmp x="2095" y="728" width="6" height="9" />
        <cmp x="2122" y="752" width="90" height="32" />
        <cmp x="2222" y="730" width="60" height="54" />
      </word>
      <word id="b01-094-00-07" tag="," text=",">
        <cmp x="2273" y="785" width="25" height="27" />
      </word>
      <lower-contour>
        <point x="332" y="810" />
        <point x="2022" y="810" />
      </lower-contour>
    </line>
    <line ass="174" asx="0" asy="889" character-width="999" dss="174" dsx="0" dsy="1018" fd0="12964" fd1="3215" fd2="-246" filter-width="4" id="b01-094-01" lbs="143" lbx="0" lby="961" segmentation="ok" slant="82000" stroke-width="6045" threshold="172" text="they must go. The best news for the Congo" ubs="234" ubx="0" uby="933">
      <word id="b01-094-01-00" tag="PP3AS" text="they">
        <cmp x="327" y="895" width="142" height="122" />
      </word>
      <word id="b01-094-01-01" tag="MD" text="must">
        <cmp x="525" y="934" width="134" height="33" />
        <cmp x="660" y="893" width="48" height="69" />
      </word>
      <word id="b01-094-01-02" tag="VB" text="go">
        <cmp x="746" y="932" width="44" height="76" />
        <cmp x="799" y="932" width="31" height="33" />
      </word>
      <word id="b01-094-01-03" tag="." text=".">
        <cmp x="841" y="956" width="4" height="5" />
      </word>
      <word id="b01-094-01-04" sentence-start="yes" tag="ATI" text="The">
        <cmp x="907" y="908" width="56" height="63" />
        <cmp x="961" y="914" width="59" height="55" />
      </word>
      <word id="b01-094-01-05" tag="JJT" text="best">
        <cmp x="1091" y="895" width="92" height="63" />
        <cmp x="1188" y="886" width="33" height="61" />
      </word>
      <word id="b01-094-01-06" tag="NN" text="news">
        <cmp x="1258" y="915" width="187" height="39" />
      </word>
      <word id="b01-094-01-07" tag="IN" text="for">
        <cmp x="1484" y="896" width="67" height="109" />
        <cmp x="1561" y="931" width="26" height="34" />
      </word>
      <word id="b01-094-01-08" tag="ATI" text="the">
        <cmp x="1651" y="887" width="137" height="66" />
      </word>
      <word id="b01-094-01-09" tag="NP" text="Congo">
        <cmp x="1824" y="886" width="153" height="106" />
        <cmp x="1984" y="932" width="37" height="29" />
      </word>
      <upper-contour>
        <point x="332" y="810" />
        <point x="2022" y="810" />
      </upper-contour>
      <lower-contour>
        <point x="325" y="1016" />
        <point x="2022" y="1016" />
      </lower-contour>
    </line>
    <line ass="229" asx="0" asy="1080" character-width="999" dss="229" dsx="0" dsy="1194" fd0="12915" fd1="2536" fd2="-819" filter-width="4" id="b01-094-02" lbs="222" lbx="0" lby="1148" segmentation="ok" slant="80000" stroke-width="6162" threshold="172" text="would be agreement between its rival" ubs="244" ubx="0" uby="1118">
      <word id="b01-094-02-00" tag="MD" text="would">
        <cmp x="298" y="1110" width="93" height="41" />
        <cmp x="401" y="1081" width="206" height="67" />
      </word>
      <word id="b01-094-02-01" tag="BE" text="be">
        <cmp x="658" y="1085" width="89" height="66" />
      </word>
      <word id="b01-094-02-02" tag="NN" text="agreement">
        <cmp x="803" y="1114" width="210" height="79" />
        <cmp x="1018" y="1117" width="147" height="39" />
        <cmp x="1153" y="1081" width="56" height="70" />
      </word>
      <word id="b01-094-02-03" tag="IN" text="between">
        <cmp x="1255" y="1076" width="329" height="71" />
      </word>
      <word id="b01-094-02-04" tag="PP$" text="its">
        <cmp x="1643" y="1092" width="17" height="13" />
        <cmp x="1649" y="1115" width="13" height="42" />
        <cmp x="1678" y="1074" width="60" height="76" />
      </word>
      <word id="b01-094-02-05" tag="JJB" text="rival">
        <cmp x="1814" y="1116" width="48" height="26" />
        <cmp x="1844" y="1090" width="61" height="50" />
        <cmp x="1915" y="1086" width="116" height="52" />
      </word>
      <upper-contour>
        <point x="325" y="1016" />
        <point x="2022" y="1016" />
      </upper-contour>
      <lower-contour>
        <point x="296" y="1192" />
        <point x="2033" y="1192" />
      </lower-contour>
    </line>
    <line ass="247" asx="0" asy="1251" character-width="999" dss="247" dsx="0" dsy="1362" fd0="12811" fd1="2548" fd2="-803" filter-width="4" id="b01-094-03" lbs="294" lbx="0" lby="1323" segmentation="ok" slant="75000" stroke-width="6109" threshold="172" text="political leaders. Through the patient efforts" ubs="154" ubx="0" uby="1294">
      <word id="b01-094-03-00" tag="JJ" text="political">
        <cmp x="293" y="1289" width="41" height="72" />
        <cmp x="336" y="1264" width="94" height="62" />
        <cmp x="421" y="1261" width="18" height="20" />
        <cmp x="450" y="1262" width="36" height="63" />
        <cmp x="482" y="1269" width="17" height="15" />
        <cmp x="514" y="1287" width="38" height="29" />
        <cmp x="562" y="1262" width="81" height="57" />
      </word>
      <word id="b01-094-03-01" tag="NNS" text="leaders">
        <cmp x="705" y="1263" width="123" height="67" />
        <cmp x="830" y="1280" width="155" height="46" />
      </word>
      <word id="b01-094-03-02" tag="." text=".">
        <cmp x="1017" y="1316" width="9" height="10" />
      </word>
      <word id="b01-094-03-03" sentence-start="yes" tag="IN" text="Through">
        <cmp x="1060" y="1261" width="208" height="63" />
        <cmp x="1088" y="1275" width="20" height="50" />
        <cmp x="1276" y="1262" width="97" height="94" />
      </word>
      <word id="b01-094-03-04" tag="ATI" text="the">
        <cmp x="1431" y="1258" width="105" height="64" />
      </word>
      <word id="b01-094-03-05" tag="JJ" text="patient">
        <cmp x="1581" y="1256" width="145" height="84" />
        <cmp x="1714" y="1258" width="19" height="27" />
        <cmp x="1739" y="1274" width="112" height="33" />
        <cmp x="1848" y="1245" width="48" height="67" />
      </word>
      <word id="b01-094-03-06" tag="NNS" text="efforts">
        <cmp x="1960" y="1242" width="293" height="105" />
      </word>
      <upper-contour>
        <point x="296" y="1192" />
        <point x="2033" y="1192" />
      </upper-contour>
      <lower-contour>
        <point x="310" y="1356" />
        <point x="2180" y="1356" />
      </lower-contour>
    </line>
    <line ass="474" asx="0" asy="1431" character-width="999" dss="474" dsx="0" dsy="1560" fd0="12891" fd1="2653" fd2="-453" filter-width="4" id="b01-094-04" lbs="598" lbx="0" lby="1510" segmentation="ok" slant="79000" stroke-width="5963" threshold="172" text="of UN conciliators they are meeting for" ubs="225" ubx="0" uby="1470">
      <word id="b01-094-04-00" tag="INO" text="of">
        <cmp x="312" y="1429" width="108" height="109" />
      </word>
      <word id="b01-094-04-01" tag="NP" text="UN">
        <cmp x="493" y="1438" width="54" height="60" />
        <cmp x="552" y="1440" width="68" height="54" />
      </word>
      <word id="b01-094-04-02" tag="NNS" text="conciliators">
        <cmp x="661" y="1466" width="129" height="39" />
        <cmp x="797" y="1474" width="65" height="37" />
        <cmp x="851" y="1457" width="11" height="14" />
        <cmp x="874" y="1439" width="69" height="64" />
        <cmp x="941" y="1440" width="12" height="7" />
        <cmp x="957" y="1481" width="62" height="31" />
        <cmp x="1029" y="1433" width="162" height="71" />
      </word>
      <word id="b01-094-04-03" tag="PP3AS" text="they">
        <cmp x="1250" y="1430" width="145" height="115" />
      </word>
      <word id="b01-094-04-04" tag="BER" text="are">
        <cmp x="1434" y="1463" width="126" height="35" />
      </word>
      <word id="b01-094-04-05" tag="VBG" text="meeting">
        <cmp x="1633" y="1429" width="224" height="70" />
        <cmp x="1849" y="1438" width="85" height="58" />
        <cmp x="1917" y="1472" width="55" height="74" />
      </word>
      <word id="b01-094-04-06" tag="IN" text="for">
        <cmp x="2028" y="1431" width="150" height="101" />
      </word>
      <upper-contour>
        <point x="310" y="1356" />
        <point x="2180" y="1356" />
      </upper-contour>
      <lower-contour>
        <point x="316" y="1547" />
        <point x="1977" y="1547" />
      </lower-contour>
    </line>
    <line ass="-987" asx="0" asy="1586" character-width="999" dss="-987" dsx="0" dsy="1724" fd0="13243" fd1="2542" fd2="-628" filter-width="4" id="b01-094-05" lbs="-1041" lbx="0" lby="1663" segmentation="ok" slant="73000" stroke-width="5992" threshold="172" text="the first time, in Malagasy (formerly" ubs="-878" ubx="0" uby="1633">
      <word id="b01-094-05-00" tag="ATI" text="the">
        <cmp x="318" y="1606" width="105" height="82" />
      </word>
      <word id="b01-094-05-01" tag="OD" text="first">
        <cmp x="488" y="1606" width="62" height="114" />
        <cmp x="544" y="1626" width="13" height="13" />
        <cmp x="557" y="1647" width="79" height="33" />
        <cmp x="637" y="1610" width="59" height="67" />
      </word>
      <word id="b01-094-05-02" tag="NN" text="time">
        <cmp x="745" y="1618" width="66" height="63" />
        <cmp x="791" y="1619" width="18" height="13" />
        <cmp x="826" y="1640" width="126" height="41" />
      </word>
      <word id="b01-094-05-03" tag="," text=",">
        <cmp x="968" y="1677" width="24" height="33" />
      </word>
      <word id="b01-094-05-04" tag="IN" text="in">
        <cmp x="1025" y="1658" width="16" height="27" />
        <cmp x="1028" y="1625" width="5" height="7" />
        <cmp x="1048" y="1649" width="42" height="38" />
      </word>
      <word id="b01-094-05-05" tag="NP" text="Malagasy">
        <cmp x="1146" y="1627" width="219" height="64" />
        <cmp x="1365" y="1657" width="141" height="72" />
        <cmp x="1495" y="1657" width="60" height="95" />
      </word>
      <word id="b01-094-05-06" tag="(" text="(">
        <cmp x="1593" y="1625" width="30" height="77" />
      </word>
      <word id="b01-094-05-07" tag="RB" text="formerly">
        <cmp x="1656" y="1618" width="320" height="119" />
      </word>
      <upper-contour>
        <point x="316" y="1547" />
        <point x="1977" y="1547" />
      </upper-contour>
      <lower-contour>
        <point x="316" y="1752" />
        <point x="1977" y="1752" />
      </lower-contour>
    </line>
    <line ass="-79" asx="0" asy="1786" character-width="999" dss="-79" dsx="0" dsy="1891" fd0="13554" fd1="3057" fd2="-460" filter-width="4" id="b01-094-06" lbs="57" lbx="0" lby="1857" segmentation="err" slant="68000" stroke-width="6007" threshold="172" text="Madagascar). THE world will sigh with" ubs="-352" ubx="0" uby="1823">
      <word id="b01-094-06-00" tag="NP" text="Madagascar">
        <cmp x="310" y="1788" width="60" height="63" />
        <cmp x="364" y="1802" width="111" height="55" />
        <cmp x="461" y="1826" width="51" height="27" />
        <cmp x="521" y="1826" width="147" height="67" />
        <cmp x="676" y="1828" width="43" height="28" />
        <cmp x="724" y="1829" width="119" height="30" />
        <cmp x="835" y="1789" width="40" height="97" />
      </word>
      <word id="b01-094-06-01" tag=")" text=")">
        <cmp x="911" y="1862" width="8" height="7" />
      </word>
      <word id="b01-094-06-02" tag="." text=".">
        <cmp x="961" y="1800" width="70" height="11" />
      </word>
      <word id="b01-094-06-03" sentence-start="yes" tag="ATI" text="THE">
        <cmp x="976" y="1816" width="24" height="51" />
        <cmp x="1011" y="1808" width="57" height="58" />
        <cmp x="1071" y="1813" width="66" height="52" />
        <cmp x="1116" y="1804" width="55" height="7" />
      </word>
      <word id="b01-094-06-04" tag="NN" text="world">
        <cmp x="1190" y="1825" width="81" height="34" />
        <cmp x="1278" y="1804" width="102" height="54" />
        <cmp x="1396" y="1804" width="51" height="59" />
      </word>
      <word id="b01-094-06-05" tag="MD" text="will">
        <cmp x="1500" y="1821" width="85" height="31" />
        <cmp x="1580" y="1798" width="16" height="18" />
        <cmp x="1604" y="1793" width="97" height="67" />
      </word>
      <word id="b01-094-06-06" tag="VB" text="sigh">
        <cmp x="1758" y="1830" width="46" height="31" />
        <cmp x="1805" y="1799" width="113" height="86" />
        <cmp x="1808" y="1830" width="9" height="20" />
        <cmp x="1816" y="1804" width="12" height="17" />
      </word>
      <word id="b01-094-06-07" tag="IN" text="with">
        <cmp x="1982" y="1832" width="105" height="32" />
        <cmp x="2086" y="1802" width="8" height="11" />
        <cmp x="2105" y="1813" width="81" height="66" />
      </word>
      <upper-contour>
        <point x="316" y="1752" />
        <point x="1977" y="1752" />
      </upper-contour>
      <lower-contour>
        <point x="311" y="1892" />
        <point x="2084" y="1892" />
      </lower-contour>
    </line>
    <line ass="-454" asx="0" asy="1950" character-width="999" dss="-454" dsx="0" dsy="2076" fd0="13140" fd1="2580" fd2="-527" filter-width="4" id="b01-094-07" lbs="-355" lbx="0" lby="2032" segmentation="ok" slant="74000" stroke-width="6128" threshold="172" text="relief when this strife-torn land gets" ubs="-651" ubx="0" uby="1999">
      <word id="b01-094-07-00" tag="NN" text="relief">
        <cmp x="313" y="1975" width="128" height="72" />
        <cmp x="433" y="1990" width="12" height="14" />
        <cmp x="450" y="1976" width="105" height="106" />
      </word>
      <word id="b01-094-07-01" tag="WRB" text="when">
        <cmp x="607" y="1984" width="219" height="67" />
      </word>
      <word id="b01-094-07-02" tag="DT" text="this">
        <cmp x="865" y="1974" width="92" height="61" />
        <cmp x="955" y="1979" width="11" height="18" />
        <cmp x="958" y="2008" width="15" height="34" />
        <cmp x="973" y="2007" width="40" height="32" />
      </word>
      <word id="b01-094-07-03" tag="JJ" text="strife-torn">
        <cmp x="1070" y="1977" width="134" height="73" />
        <cmp x="1197" y="1987" width="6" height="18" />
        <cmp x="1219" y="1971" width="118" height="91" />
        <cmp x="1346" y="2026" width="27" height="7" />
        <cmp x="1424" y="1962" width="165" height="79" />
      </word>
      <word id="b01-094-07-04" tag="NN" text="land">
        <cmp x="1630" y="1978" width="64" height="70" />
        <cmp x="1680" y="2015" width="110" height="31" />
        <cmp x="1795" y="1993" width="61" height="60" />
      </word>
      <word id="b01-094-07-05" tag="VBZ" text="gets">
        <cmp x="1921" y="2011" width="96" height="71" />
        <cmp x="2022" y="1975" width="60" height="74" />
      </word>
      <upper-contour>
        <point x="311" y="1892" />
        <point x="2084" y="1892" />
      </upper-contour>
      <lower-contour>
        <point x="311" y="2083" />
        <point x="2084" y="2083" />
      </lower-contour>
    </line>
    <line ass="45" asx="0" asy="2154" character-width="999" dss="45" dsx="0" dsy="2278" fd0="13025" fd1="2509" fd2="-758" filter-width="4" id="b01-094-08" lbs="-26" lbx="0" lby="2221" segmentation="ok" slant="68000" stroke-width="6045" threshold="172" text="itself a government which all outsiders" ubs="190" ubx="0" uby="2198">
      <word id="b01-094-08-00" tag="PPL" text="itself">
        <cmp x="312" y="2197" width="12" height="32" />
        <cmp x="314" y="2163" width="19" height="20" />
        <cmp x="329" y="2156" width="63" height="72" />
        <cmp x="403" y="2153" width="163" height="100" />
      </word>
      <word id="b01-094-08-01" tag="AT" text="a">
        <cmp x="608" y="2191" width="51" height="28" />
      </word>
      <word id="b01-094-08-02" tag="NN" text="government">
        <cmp x="759" y="2192" width="45" height="86" />
        <cmp x="813" y="2197" width="39" height="27" />
        <cmp x="856" y="2189" width="151" height="40" />
        <cmp x="1019" y="2188" width="173" height="40" />
        <cmp x="1192" y="2168" width="55" height="71" />
      </word>
      <word id="b01-094-08-03" tag="WDT" text="which">
        <cmp x="1277" y="2161" width="192" height="63" />
        <cmp x="1473" y="2153" width="123" height="77" />
      </word>
      <word id="b01-094-08-04" tag="ABN" text="all">
        <cmp x="1647" y="2160" width="137" height="70" />
      </word>
      <word id="b01-094-08-05" tag="NNS" text="outsiders">
        <cmp x="1840" y="2191" width="87" height="33" />
        <cmp x="1940" y="2161" width="85" height="62" />
        <cmp x="2030" y="2192" width="16" height="29" />
        <cmp x="2041" y="2166" width="16" height="20" />
        <cmp x="2060" y="2162" width="178" height="64" />
      </word>
      <upper-contour>
        <point x="311" y="2083" />
        <point x="2084" y="2083" />
      </upper-contour>
      <lower-contour>
        <point x="310" y="2277" />
        <point x="1042" y="2277" />
      </lower-contour>
    </line>
    <line ass="463" asx="0" asy="2344" character-width="999" dss="463" dsx="0" dsy="2445" fd0="12966" fd1="2889" fd2="-558" filter-width="4" id="b01-094-09" lbs="663" lbx="0" lby="2402" segmentation="ok" slant="78000" stroke-width="5896" threshold="162" text="can recognise." ubs="65" ubx="0" uby="2367">
      <word id="b01-094-09-00" tag="MD" text="can">
        <cmp x="310" y="2352" width="147" height="49" />
      </word>
      <word id="b01-094-09-01" tag="VB" text="recognise">
        <cmp x="518" y="2358" width="76" height="44" />
        <cmp x="599" y="2372" width="43" height="36" />
        <cmp x="656" y="2368" width="154" height="74" />
        <cmp x="822" y="2367" width="13" height="28" />
        <cmp x="843" y="2339" width="45" height="55" />
        <cmp x="872" y="2343" width="111" height="45" />
      </word>
      <word id="b01-094-09-02" tag="." text=".">
        <cmp x="1029" y="2388" width="12" height="8" />
      </word>
      <upper-contour>
        <point x="310" y="2277" />
        <point x="1042" y="2277" />
      </upper-contour>
    </line>
  </handwritten-part>
</form>

