<?xml version="1.0" encoding="ISO-8859-1"?>

<!DOCTYPE form SYSTEM 'http://www.iam.unibe.ch/~fki/iamdb/form-metadata.dtd'>

<form created="2002-01-14" height="3542" id="b01-079" last-modified="2002-07-17" skew="159" status="final" version="3.0_beta" width="2479" writer-id="091">
  <machine-printed-part>
    <machine-print-line text="It is unjust to pass the buck to Mr. Hammarskjold and the UN&apos;s servants. The" />
    <machine-print-line text="responsibility rightly belongs to the nations which have undertaken the task of pre-" />
    <machine-print-line text="serving peace in the Congo. That is not a ceremonial duty, and the soldiers have every" />
    <machine-print-line text="right to blame the politicians unless they see it through. When the United Nations" />
    <machine-print-line text="instructed Mr. Hammarskjold to use force if necessary to prevent civil war, it was" />
    <machine-print-line text="clear that new dangers would arise unless it gave him the physical power to comply" />
    <machine-print-line text="with the policy." />
  </machine-printed-part>
  <handwritten-part>
    <line ass="237" asx="0" asy="911" character-width="999" dss="237" dsx="0" dsy="998" fd0="13762" fd1="3919" fd2="611" filter-width="3" id="b01-079-00" lbs="300" lbx="0" lby="969" segmentation="ok" slant="100000" stroke-width="4746" threshold="172" text="It is unjust to pass the buck to Mr." ubs="110" ubx="0" uby="935">
      <word id="b01-079-00-00" sentence-start="yes" tag="PP3" text="It">
        <cmp x="351" y="913" width="7" height="51" />
        <cmp x="368" y="923" width="27" height="47" />
      </word>
      <word id="b01-079-00-01" tag="BEZ" text="is">
        <cmp x="466" y="921" width="5" height="8" />
        <cmp x="471" y="939" width="8" height="27" />
        <cmp x="490" y="933" width="27" height="31" />
      </word>
      <word id="b01-079-00-02" tag="JJ" text="unjust">
        <cmp x="610" y="936" width="31" height="32" />
        <cmp x="654" y="938" width="38" height="27" />
        <cmp x="687" y="944" width="25" height="52" />
        <cmp x="693" y="919" width="4" height="6" />
        <cmp x="718" y="937" width="32" height="32" />
        <cmp x="762" y="935" width="27" height="31" />
        <cmp x="795" y="918" width="27" height="46" />
      </word>
      <word id="b01-079-00-03" tag="TO" text="to">
        <cmp x="908" y="919" width="27" height="50" />
        <cmp x="948" y="944" width="23" height="19" />
      </word>
      <word id="b01-079-00-04" tag="VB" text="pass">
        <cmp x="1036" y="938" width="30" height="53" />
        <cmp x="1081" y="941" width="40" height="25" />
        <cmp x="1128" y="937" width="22" height="27" />
        <cmp x="1158" y="937" width="31" height="29" />
      </word>
      <word id="b01-079-00-05" tag="ATI" text="the">
        <cmp x="1269" y="907" width="37" height="54" />
        <cmp x="1301" y="910" width="47" height="52" />
        <cmp x="1359" y="934" width="31" height="28" />
      </word>
      <word id="b01-079-00-06" tag="NN" text="buck">
        <cmp x="1451" y="913" width="40" height="45" />
        <cmp x="1499" y="933" width="28" height="28" />
        <cmp x="1542" y="937" width="33" height="26" />
        <cmp x="1584" y="915" width="27" height="44" />
      </word>
      <word id="b01-079-00-07" tag="IN" text="to">
        <cmp x="1680" y="915" width="25" height="48" />
        <cmp x="1715" y="943" width="22" height="19" />
      </word>
      <word id="b01-079-00-08" tag="NPT" text="Mr.">
        <cmp x="1811" y="915" width="51" height="42" />
        <cmp x="1870" y="934" width="19" height="26" />
        <cmp x="1897" y="959" width="5" height="6" />
      </word>
      <lower-contour>
        <point x="349" y="995" />
        <point x="1903" y="995" />
      </lower-contour>
    </line>
    <line ass="-53" asx="0" asy="1091" character-width="999" dss="-53" dsx="0" dsy="1159" fd0="13779" fd1="3222" fd2="11" filter-width="3" id="b01-079-01" lbs="-99" lbx="0" lby="1141" segmentation="ok" slant="103000" stroke-width="4935" threshold="172" text="Hammarskjold and the UN&apos;s servants. The" ubs="39" ubx="0" uby="1120">
      <word id="b01-079-01-00" tag="NP" text="Hammarskjold">
        <cmp x="345" y="1095" width="29" height="45" />
        <cmp x="392" y="1119" width="30" height="23" />
        <cmp x="428" y="1119" width="58" height="20" />
        <cmp x="493" y="1123" width="57" height="20" />
        <cmp x="565" y="1117" width="34" height="24" />
        <cmp x="601" y="1116" width="19" height="26" />
        <cmp x="637" y="1120" width="24" height="27" />
        <cmp x="677" y="1100" width="30" height="40" />
        <cmp x="704" y="1119" width="25" height="41" />
        <cmp x="706" y="1099" width="4" height="6" />
        <cmp x="739" y="1120" width="21" height="26" />
        <cmp x="764" y="1101" width="20" height="45" />
        <cmp x="794" y="1101" width="34" height="45" />
      </word>
      <word id="b01-079-01-01" tag="CC" text="and">
        <cmp x="902" y="1117" width="39" height="28" />
        <cmp x="944" y="1118" width="42" height="26" />
        <cmp x="996" y="1095" width="42" height="51" />
      </word>
      <word id="b01-079-01-02" tag="ATI" text="the">
        <cmp x="1110" y="1097" width="22" height="45" />
        <cmp x="1141" y="1100" width="47" height="46" />
        <cmp x="1193" y="1123" width="37" height="25" />
      </word>
      <word id="b01-079-01-03" tag="NP$" text="UN&apos;s">
        <cmp x="1310" y="1094" width="34" height="47" />
        <cmp x="1354" y="1097" width="43" height="44" />
        <cmp x="1414" y="1099" width="8" height="20" />
        <cmp x="1443" y="1124" width="19" height="24" />
      </word>
      <word id="b01-079-01-04" tag="NNS" text="servants">
        <cmp x="1528" y="1116" width="24" height="28" />
        <cmp x="1566" y="1121" width="60" height="28" />
        <cmp x="1641" y="1123" width="24" height="21" />
        <cmp x="1674" y="1120" width="41" height="25" />
        <cmp x="1719" y="1122" width="33" height="21" />
        <cmp x="1761" y="1095" width="16" height="48" />
        <cmp x="1797" y="1117" width="15" height="25" />
      </word>
      <word id="b01-079-01-05" tag="." text=".">
        <cmp x="1834" y="1136" width="4" height="6" />
      </word>
      <word id="b01-079-01-06" sentence-start="yes" tag="ATI" text="The">
        <cmp x="1886" y="1101" width="59" height="43" />
        <cmp x="1958" y="1098" width="31" height="44" />
        <cmp x="2003" y="1125" width="29" height="20" />
      </word>
      <upper-contour>
        <point x="349" y="995" />
        <point x="1903" y="995" />
      </upper-contour>
      <lower-contour>
        <point x="343" y="1159" />
        <point x="2017" y="1159" />
      </lower-contour>
    </line>
    <line ass="-74" asx="0" asy="1275" character-width="999" dss="-74" dsx="0" dsy="1345" fd0="13958" fd1="3408" fd2="-431" filter-width="3" id="b01-079-02" lbs="-23" lbx="0" lby="1326" segmentation="ok" slant="104000" stroke-width="4913" threshold="172" text="responsibility rightly belongs to the nations" ubs="-177" ubx="0" uby="1296">
      <word id="b01-079-02-00" tag="NN" text="responsibility">
        <cmp x="343" y="1295" width="16" height="28" />
        <cmp x="362" y="1299" width="45" height="26" />
        <cmp x="406" y="1296" width="26" height="30" />
        <cmp x="445" y="1295" width="25" height="44" />
        <cmp x="479" y="1301" width="21" height="18" />
        <cmp x="514" y="1299" width="37" height="22" />
        <cmp x="560" y="1296" width="22" height="28" />
        <cmp x="586" y="1280" width="6" height="10" />
        <cmp x="593" y="1302" width="10" height="21" />
        <cmp x="608" y="1280" width="27" height="43" />
        <cmp x="637" y="1285" width="4" height="8" />
        <cmp x="641" y="1307" width="5" height="11" />
        <cmp x="663" y="1285" width="21" height="41" />
        <cmp x="679" y="1285" width="4" height="8" />
        <cmp x="685" y="1304" width="9" height="19" />
        <cmp x="705" y="1286" width="24" height="39" />
        <cmp x="737" y="1305" width="37" height="39" />
      </word>
      <word id="b01-079-02-01" tag="RB" text="rightly">
        <cmp x="864" y="1298" width="26" height="29" />
        <cmp x="890" y="1286" width="6" height="8" />
        <cmp x="896" y="1307" width="10" height="15" />
        <cmp x="916" y="1304" width="25" height="38" />
        <cmp x="943" y="1284" width="39" height="43" />
        <cmp x="988" y="1288" width="22" height="42" />
        <cmp x="1024" y="1289" width="16" height="41" />
        <cmp x="1048" y="1309" width="25" height="38" />
      </word>
      <word id="b01-079-02-02" tag="VBZ" text="belongs">
        <cmp x="1135" y="1278" width="28" height="43" />
        <cmp x="1169" y="1297" width="35" height="24" />
        <cmp x="1203" y="1278" width="23" height="47" />
        <cmp x="1234" y="1300" width="23" height="22" />
        <cmp x="1267" y="1302" width="39" height="22" />
        <cmp x="1302" y="1302" width="25" height="45" />
        <cmp x="1335" y="1301" width="22" height="28" />
      </word>
      <word id="b01-079-02-03" tag="IN" text="to">
        <cmp x="1449" y="1278" width="20" height="46" />
        <cmp x="1487" y="1304" width="17" height="19" />
      </word>
      <word id="b01-079-02-04" tag="ATI" text="the">
        <cmp x="1567" y="1281" width="22" height="46" />
        <cmp x="1595" y="1284" width="35" height="44" />
        <cmp x="1636" y="1310" width="20" height="20" />
      </word>
      <word id="b01-079-02-05" tag="NNS" text="nations">
        <cmp x="1753" y="1300" width="42" height="23" />
        <cmp x="1804" y="1301" width="35" height="25" />
        <cmp x="1849" y="1280" width="33" height="48" />
        <cmp x="1879" y="1286" width="5" height="7" />
        <cmp x="1883" y="1311" width="9" height="13" />
        <cmp x="1907" y="1301" width="25" height="19" />
        <cmp x="1944" y="1302" width="45" height="23" />
        <cmp x="1997" y="1301" width="19" height="32" />
      </word>
      <upper-contour>
        <point x="343" y="1159" />
        <point x="2017" y="1159" />
      </upper-contour>
      <lower-contour>
        <point x="341" y="1347" />
        <point x="2014" y="1347" />
      </lower-contour>
    </line>
    <line ass="-209" asx="0" asy="1447" character-width="999" dss="-209" dsx="0" dsy="1511" fd0="13673" fd1="3282" fd2="171" filter-width="3" id="b01-079-03" lbs="-202" lbx="0" lby="1500" segmentation="ok" slant="96000" stroke-width="5012" threshold="172" text="which have undertaken the task of pre-" ubs="-223" ubx="0" uby="1476">
      <word id="b01-079-03-00" tag="WDT" text="which">
        <cmp x="332" y="1480" width="47" height="22" />
        <cmp x="393" y="1452" width="41" height="51" />
        <cmp x="433" y="1458" width="4" height="7" />
        <cmp x="438" y="1488" width="8" height="14" />
        <cmp x="462" y="1479" width="28" height="25" />
        <cmp x="500" y="1453" width="29" height="49" />
      </word>
      <word id="b01-079-03-01" tag="HV" text="have">
        <cmp x="611" y="1455" width="42" height="47" />
        <cmp x="659" y="1484" width="29" height="21" />
        <cmp x="690" y="1479" width="19" height="23" />
        <cmp x="721" y="1487" width="30" height="21" />
      </word>
      <word id="b01-079-03-02" tag="VBN" text="undertaken">
        <cmp x="862" y="1477" width="27" height="27" />
        <cmp x="895" y="1480" width="40" height="25" />
        <cmp x="944" y="1461" width="33" height="43" />
        <cmp x="981" y="1479" width="49" height="28" />
        <cmp x="1047" y="1455" width="20" height="49" />
        <cmp x="1085" y="1481" width="32" height="22" />
        <cmp x="1125" y="1453" width="29" height="48" />
        <cmp x="1156" y="1478" width="65" height="26" />
      </word>
      <word id="b01-079-03-03" tag="ATI" text="the">
        <cmp x="1328" y="1452" width="21" height="52" />
        <cmp x="1358" y="1457" width="33" height="48" />
        <cmp x="1401" y="1482" width="30" height="22" />
      </word>
      <word id="b01-079-03-04" tag="NN" text="task">
        <cmp x="1506" y="1457" width="22" height="49" />
        <cmp x="1543" y="1481" width="34" height="25" />
        <cmp x="1583" y="1478" width="22" height="34" />
        <cmp x="1614" y="1461" width="29" height="49" />
      </word>
      <word id="b01-079-03-05" tag="INO" text="of">
        <cmp x="1719" y="1478" width="21" height="23" />
        <cmp x="1756" y="1457" width="21" height="58" />
      </word>
      <word id="b01-079-03-06" tag="VBG-" text="pre-">
        <cmp x="1862" y="1478" width="22" height="41" />
        <cmp x="1894" y="1478" width="19" height="26" />
        <cmp x="1919" y="1482" width="44" height="26" />
        <cmp x="1983" y="1495" width="30" height="4" />
      </word>
      <upper-contour>
        <point x="341" y="1347" />
        <point x="2014" y="1347" />
      </upper-contour>
      <lower-contour>
        <point x="335" y="1520" />
        <point x="1959" y="1520" />
      </lower-contour>
    </line>
    <line ass="147" asx="0" asy="1636" character-width="999" dss="147" dsx="0" dsy="1712" fd0="13969" fd1="3824" fd2="830" filter-width="3" id="b01-079-04" lbs="147" lbx="0" lby="1687" segmentation="ok" slant="99000" stroke-width="4808" threshold="162" text="serving peace in the Congo. That is not a" ubs="146" ubx="0" uby="1662">
      <word id="b01-079-04-00" tag="-VBG" text="serving">
        <cmp x="337" y="1655" width="22" height="29" />
        <cmp x="369" y="1658" width="48" height="27" />
        <cmp x="430" y="1656" width="24" height="22" />
        <cmp x="461" y="1636" width="4" height="9" />
        <cmp x="461" y="1659" width="5" height="19" />
        <cmp x="480" y="1658" width="36" height="23" />
        <cmp x="520" y="1657" width="29" height="48" />
      </word>
      <word id="b01-079-04-01" tag="NN" text="peace">
        <cmp x="657" y="1656" width="26" height="49" />
        <cmp x="696" y="1657" width="36" height="27" />
        <cmp x="736" y="1658" width="35" height="24" />
        <cmp x="780" y="1657" width="27" height="28" />
        <cmp x="813" y="1660" width="33" height="28" />
      </word>
      <word id="b01-079-04-02" tag="IN" text="in">
        <cmp x="926" y="1637" width="4" height="6" />
        <cmp x="930" y="1664" width="6" height="21" />
        <cmp x="946" y="1666" width="39" height="20" />
      </word>
      <word id="b01-079-04-03" tag="ATI" text="the">
        <cmp x="1062" y="1636" width="18" height="50" />
        <cmp x="1090" y="1638" width="34" height="45" />
        <cmp x="1129" y="1661" width="25" height="21" />
      </word>
      <word id="b01-079-04-04" tag="NP" text="Congo">
        <cmp x="1234" y="1636" width="33" height="44" />
        <cmp x="1275" y="1662" width="21" height="20" />
        <cmp x="1306" y="1662" width="34" height="20" />
        <cmp x="1336" y="1662" width="28" height="47" />
        <cmp x="1372" y="1664" width="21" height="23" />
      </word>
      <word id="b01-079-04-05" tag="." text=".">
        <cmp x="1414" y="1681" width="5" height="7" />
      </word>
      <word id="b01-079-04-06" sentence-start="yes" tag="DT" text="That">
        <cmp x="1486" y="1639" width="55" height="42" />
        <cmp x="1552" y="1642" width="34" height="42" />
        <cmp x="1592" y="1665" width="27" height="18" />
        <cmp x="1629" y="1637" width="16" height="43" />
      </word>
      <word id="b01-079-04-07" tag="BEZ" text="is">
        <cmp x="1700" y="1642" width="6" height="10" />
        <cmp x="1700" y="1668" width="8" height="14" />
        <cmp x="1715" y="1657" width="19" height="25" />
      </word>
      <word id="b01-079-04-08" tag="XNOT" text="not">
        <cmp x="1789" y="1660" width="26" height="21" />
        <cmp x="1825" y="1665" width="18" height="23" />
        <cmp x="1859" y="1636" width="16" height="49" />
      </word>
      <word id="b01-079-04-09" tag="AT" text="a">
        <cmp x="1931" y="1663" width="26" height="21" />
      </word>
      <upper-contour>
        <point x="335" y="1520" />
        <point x="1959" y="1520" />
      </upper-contour>
      <lower-contour>
        <point x="335" y="1709" />
        <point x="1959" y="1709" />
      </lower-contour>
    </line>
    <line ass="-233" asx="0" asy="1805" character-width="999" dss="-233" dsx="0" dsy="1878" fd0="13714" fd1="3587" fd2="327" filter-width="3" id="b01-079-05" lbs="-256" lbx="0" lby="1857" segmentation="ok" slant="99000" stroke-width="4962" threshold="162" text="ceremonial duty, and the soldiers have every" ubs="-187" ubx="0" uby="1835">
      <word id="b01-079-05-00" tag="JJ" text="ceremonial">
        <cmp x="328" y="1837" width="27" height="24" />
        <cmp x="361" y="1836" width="32" height="23" />
        <cmp x="401" y="1837" width="20" height="24" />
        <cmp x="429" y="1836" width="28" height="25" />
        <cmp x="466" y="1833" width="66" height="25" />
        <cmp x="540" y="1837" width="22" height="22" />
        <cmp x="570" y="1836" width="38" height="20" />
        <cmp x="610" y="1813" width="6" height="6" />
        <cmp x="618" y="1840" width="8" height="17" />
        <cmp x="632" y="1812" width="57" height="50" />
      </word>
      <word id="b01-079-05-01" tag="NN" text="duty">
        <cmp x="747" y="1818" width="36" height="46" />
        <cmp x="786" y="1837" width="22" height="27" />
        <cmp x="824" y="1818" width="13" height="48" />
        <cmp x="848" y="1843" width="28" height="40" />
      </word>
      <word id="b01-079-05-02" tag="," text=",">
        <cmp x="904" y="1855" width="5" height="19" />
      </word>
      <word id="b01-079-05-03" tag="CC" text="and">
        <cmp x="971" y="1843" width="30" height="24" />
        <cmp x="1004" y="1845" width="40" height="20" />
        <cmp x="1058" y="1812" width="36" height="51" />
      </word>
      <word id="b01-079-05-04" tag="ATI" text="the">
        <cmp x="1165" y="1811" width="15" height="46" />
        <cmp x="1192" y="1811" width="33" height="47" />
        <cmp x="1230" y="1837" width="27" height="25" />
      </word>
      <word id="b01-079-05-05" tag="NNS" text="soldiers">
        <cmp x="1344" y="1834" width="23" height="25" />
        <cmp x="1376" y="1839" width="23" height="20" />
        <cmp x="1410" y="1814" width="19" height="50" />
        <cmp x="1436" y="1814" width="46" height="49" />
        <cmp x="1478" y="1817" width="5" height="10" />
        <cmp x="1485" y="1848" width="8" height="12" />
        <cmp x="1505" y="1840" width="32" height="25" />
        <cmp x="1546" y="1839" width="20" height="27" />
        <cmp x="1577" y="1841" width="18" height="27" />
      </word>
      <word id="b01-079-05-06" tag="HV" text="have">
        <cmp x="1672" y="1812" width="35" height="46" />
        <cmp x="1717" y="1838" width="28" height="26" />
        <cmp x="1745" y="1839" width="18" height="24" />
        <cmp x="1771" y="1840" width="28" height="23" />
      </word>
      <word id="b01-079-05-07" tag="AT" text="every">
        <cmp x="1865" y="1840" width="31" height="24" />
        <cmp x="1910" y="1846" width="20" height="17" />
        <cmp x="1936" y="1847" width="59" height="22" />
        <cmp x="2007" y="1845" width="51" height="43" />
      </word>
      <upper-contour>
        <point x="335" y="1709" />
        <point x="1959" y="1709" />
      </upper-contour>
      <lower-contour>
        <point x="337" y="1890" />
        <point x="2059" y="1890" />
      </lower-contour>
    </line>
    <line ass="-147" asx="0" asy="1986" character-width="999" dss="-147" dsx="0" dsy="2061" fd0="13832" fd1="3309" fd2="-75" filter-width="3" id="b01-079-06" lbs="-160" lbx="0" lby="2039" segmentation="ok" slant="99000" stroke-width="4847" threshold="172" text="right to blame the politicians unless they see" ubs="-123" ubx="0" uby="2015">
      <word id="b01-079-06-00" tag="NN" text="right">
        <cmp x="339" y="2015" width="20" height="29" />
        <cmp x="362" y="1998" width="7" height="11" />
        <cmp x="365" y="2025" width="7" height="15" />
        <cmp x="380" y="2018" width="21" height="43" />
        <cmp x="409" y="1996" width="38" height="45" />
        <cmp x="455" y="1996" width="15" height="43" />
      </word>
      <word id="b01-079-06-01" tag="TO" text="to">
        <cmp x="534" y="1995" width="23" height="43" />
        <cmp x="568" y="2016" width="20" height="23" />
      </word>
      <word id="b01-079-06-02" tag="VB" text="blame">
        <cmp x="665" y="1993" width="27" height="46" />
        <cmp x="690" y="1992" width="19" height="48" />
        <cmp x="723" y="2019" width="31" height="21" />
        <cmp x="757" y="2016" width="55" height="23" />
        <cmp x="828" y="2020" width="27" height="24" />
      </word>
      <word id="b01-079-06-03" tag="ATI" text="the">
        <cmp x="935" y="1990" width="18" height="45" />
        <cmp x="964" y="1992" width="34" height="45" />
        <cmp x="1007" y="2018" width="39" height="25" />
      </word>
      <word id="b01-079-06-04" tag="NNS" text="politicians">
        <cmp x="1125" y="2020" width="23" height="40" />
        <cmp x="1155" y="2021" width="23" height="22" />
        <cmp x="1189" y="2000" width="34" height="43" />
        <cmp x="1204" y="2000" width="6" height="8" />
        <cmp x="1236" y="2003" width="20" height="40" />
        <cmp x="1267" y="2004" width="4" height="8" />
        <cmp x="1271" y="2030" width="6" height="13" />
        <cmp x="1289" y="2024" width="29" height="23" />
        <cmp x="1318" y="2004" width="5" height="8" />
        <cmp x="1322" y="2028" width="11" height="19" />
        <cmp x="1350" y="2021" width="35" height="23" />
        <cmp x="1388" y="2021" width="39" height="21" />
        <cmp x="1447" y="2016" width="23" height="30" />
      </word>
      <word id="b01-079-06-05" tag="CS" text="unless">
        <cmp x="1559" y="2018" width="25" height="26" />
        <cmp x="1597" y="2016" width="39" height="28" />
        <cmp x="1645" y="1998" width="19" height="46" />
        <cmp x="1668" y="2023" width="25" height="20" />
        <cmp x="1697" y="2021" width="19" height="23" />
        <cmp x="1728" y="2020" width="21" height="24" />
      </word>
      <word id="b01-079-06-06" tag="PP3AS" text="they">
        <cmp x="1823" y="1995" width="17" height="50" />
        <cmp x="1856" y="1994" width="34" height="45" />
        <cmp x="1900" y="2018" width="25" height="21" />
        <cmp x="1933" y="2018" width="20" height="40" />
      </word>
      <word id="b01-079-06-07" tag="VB" text="see">
        <cmp x="2035" y="2015" width="23" height="25" />
        <cmp x="2070" y="2017" width="31" height="21" />
        <cmp x="2106" y="2021" width="40" height="25" />
      </word>
      <upper-contour>
        <point x="337" y="1890" />
        <point x="2059" y="1890" />
      </upper-contour>
      <lower-contour>
        <point x="346" y="2060" />
        <point x="2147" y="2060" />
      </lower-contour>
    </line>
    <line ass="-233" asx="0" asy="2160" character-width="999" dss="-233" dsx="0" dsy="2236" fd0="13765" fd1="3510" fd2="-332" filter-width="3" id="b01-079-07" lbs="-246" lbx="0" lby="2213" segmentation="ok" slant="97000" stroke-width="4832" threshold="172" text="it through. When the United Nations instructed" ubs="-207" ubx="0" uby="2190">
      <word id="b01-079-07-00" tag="PP3" text="it">
        <cmp x="348" y="2196" width="5" height="15" />
        <cmp x="367" y="2170" width="13" height="42" />
      </word>
      <word id="b01-079-07-01" tag="RP" text="through">
        <cmp x="469" y="2167" width="17" height="47" />
        <cmp x="497" y="2164" width="36" height="50" />
        <cmp x="547" y="2195" width="14" height="23" />
        <cmp x="576" y="2192" width="17" height="24" />
        <cmp x="605" y="2192" width="21" height="20" />
        <cmp x="636" y="2187" width="24" height="52" />
        <cmp x="670" y="2172" width="38" height="51" />
      </word>
      <word id="b01-079-07-02" tag="." text=".">
        <cmp x="727" y="2218" width="4" height="5" />
      </word>
      <word id="b01-079-07-03" sentence-start="yes" tag="WRB" text="When">
        <cmp x="824" y="2174" width="54" height="42" />
        <cmp x="890" y="2178" width="38" height="41" />
        <cmp x="937" y="2195" width="28" height="22" />
        <cmp x="969" y="2199" width="44" height="21" />
      </word>
      <word id="b01-079-07-04" tag="ATI" text="the">
        <cmp x="1086" y="2168" width="19" height="52" />
        <cmp x="1115" y="2172" width="38" height="46" />
        <cmp x="1158" y="2195" width="22" height="22" />
      </word>
      <word id="b01-079-07-05" tag="JJ" text="United">
        <cmp x="1270" y="2172" width="31" height="46" />
        <cmp x="1312" y="2194" width="34" height="27" />
        <cmp x="1348" y="2182" width="5" height="8" />
        <cmp x="1353" y="2206" width="7" height="15" />
        <cmp x="1378" y="2178" width="14" height="41" />
        <cmp x="1406" y="2199" width="29" height="21" />
        <cmp x="1446" y="2172" width="26" height="47" />
      </word>
      <word id="b01-079-07-06" tag="NNS" text="Nations">
        <cmp x="1545" y="2169" width="41" height="49" />
        <cmp x="1596" y="2194" width="25" height="25" />
        <cmp x="1628" y="2175" width="43" height="48" />
        <cmp x="1655" y="2179" width="4" height="8" />
        <cmp x="1683" y="2203" width="19" height="22" />
        <cmp x="1713" y="2201" width="36" height="23" />
        <cmp x="1759" y="2201" width="19" height="24" />
      </word>
      <word id="b01-079-07-07" tag="VBD" text="instructed">
        <cmp x="1867" y="2178" width="5" height="10" />
        <cmp x="1871" y="2202" width="8" height="24" />
        <cmp x="1886" y="2200" width="32" height="21" />
        <cmp x="1932" y="2192" width="21" height="30" />
        <cmp x="1959" y="2174" width="25" height="46" />
        <cmp x="1986" y="2196" width="15" height="24" />
        <cmp x="2013" y="2196" width="22" height="23" />
        <cmp x="2049" y="2196" width="24" height="25" />
        <cmp x="2081" y="2170" width="19" height="49" />
        <cmp x="2108" y="2193" width="31" height="25" />
        <cmp x="2138" y="2170" width="42" height="52" />
      </word>
      <upper-contour>
        <point x="346" y="2060" />
        <point x="2147" y="2060" />
      </upper-contour>
      <lower-contour>
        <point x="346" y="2238" />
        <point x="2013" y="2238" />
      </lower-contour>
    </line>
    <line ass="-142" asx="0" asy="2340" character-width="999" dss="-142" dsx="0" dsy="2410" fd0="13976" fd1="3801" fd2="402" filter-width="3" id="b01-079-08" lbs="-148" lbx="0" lby="2393" segmentation="ok" slant="96000" stroke-width="4922" threshold="162" text="Mr. Hammarskjold to use force if necessary to" ubs="-129" ubx="0" uby="2373">
      <word id="b01-079-08-00" tag="NPT" text="Mr.">
        <cmp x="328" y="2354" width="42" height="42" />
        <cmp x="378" y="2371" width="21" height="26" />
        <cmp x="405" y="2388" width="9" height="7" />
      </word>
      <word id="b01-079-08-01" tag="NP" text="Hammarskjold">
        <cmp x="479" y="2353" width="28" height="40" />
        <cmp x="521" y="2371" width="26" height="22" />
        <cmp x="553" y="2373" width="44" height="18" />
        <cmp x="601" y="2375" width="52" height="17" />
        <cmp x="666" y="2371" width="29" height="25" />
        <cmp x="700" y="2370" width="16" height="24" />
        <cmp x="726" y="2372" width="15" height="21" />
        <cmp x="759" y="2349" width="27" height="43" />
        <cmp x="783" y="2350" width="5" height="7" />
        <cmp x="783" y="2372" width="21" height="39" />
        <cmp x="817" y="2381" width="18" height="20" />
        <cmp x="841" y="2354" width="20" height="45" />
        <cmp x="866" y="2348" width="24" height="49" />
      </word>
      <word id="b01-079-08-02" tag="TO" text="to">
        <cmp x="971" y="2353" width="16" height="45" />
        <cmp x="1001" y="2376" width="20" height="21" />
      </word>
      <word id="b01-079-08-03" tag="VB" text="use">
        <cmp x="1087" y="2371" width="21" height="27" />
        <cmp x="1120" y="2370" width="16" height="26" />
        <cmp x="1148" y="2372" width="24" height="23" />
      </word>
      <word id="b01-079-08-04" tag="NN" text="force">
        <cmp x="1236" y="2348" width="19" height="61" />
        <cmp x="1274" y="2376" width="20" height="18" />
        <cmp x="1304" y="2370" width="12" height="21" />
        <cmp x="1329" y="2371" width="26" height="21" />
        <cmp x="1362" y="2372" width="40" height="23" />
      </word>
      <word id="b01-079-08-05" tag="CS" text="if">
        <cmp x="1471" y="2357" width="3" height="6" />
        <cmp x="1478" y="2386" width="7" height="14" />
        <cmp x="1495" y="2352" width="19" height="57" />
      </word>
      <word id="b01-079-08-06" tag="JJ" text="necessary">
        <cmp x="1580" y="2374" width="35" height="18" />
        <cmp x="1618" y="2375" width="30" height="24" />
        <cmp x="1656" y="2377" width="27" height="22" />
        <cmp x="1688" y="2376" width="31" height="25" />
        <cmp x="1729" y="2375" width="20" height="23" />
        <cmp x="1758" y="2371" width="19" height="28" />
        <cmp x="1793" y="2375" width="30" height="23" />
        <cmp x="1832" y="2370" width="14" height="22" />
        <cmp x="1854" y="2373" width="24" height="43" />
      </word>
      <word id="b01-079-08-07" tag="TO" text="to">
        <cmp x="1962" y="2346" width="20" height="53" />
        <cmp x="1992" y="2379" width="20" height="18" />
      </word>
      <upper-contour>
        <point x="346" y="2238" />
        <point x="2013" y="2238" />
      </upper-contour>
      <lower-contour>
        <point x="326" y="2417" />
        <point x="2013" y="2417" />
      </lower-contour>
    </line>
    <line ass="-124" asx="0" asy="2521" character-width="999" dss="-124" dsx="0" dsy="2605" fd0="13738" fd1="3938" fd2="190" filter-width="3" id="b01-079-09" lbs="-124" lbx="0" lby="2572" segmentation="ok" slant="99000" stroke-width="4946" threshold="172" text="prevent civil war, it was clear that new dangers" ubs="-125" ubx="0" uby="2548">
      <word id="b01-079-09-00" tag="VB" text="prevent">
        <cmp x="320" y="2550" width="27" height="55" />
        <cmp x="361" y="2552" width="18" height="21" />
        <cmp x="384" y="2547" width="38" height="23" />
        <cmp x="431" y="2546" width="21" height="25" />
        <cmp x="456" y="2549" width="36" height="25" />
        <cmp x="495" y="2551" width="41" height="18" />
        <cmp x="547" y="2525" width="15" height="42" />
      </word>
      <word id="b01-079-09-01" tag="JJ" text="civil">
        <cmp x="631" y="2552" width="25" height="24" />
        <cmp x="658" y="2536" width="6" height="11" />
        <cmp x="665" y="2560" width="7" height="14" />
        <cmp x="680" y="2552" width="16" height="23" />
        <cmp x="700" y="2536" width="4" height="7" />
        <cmp x="705" y="2561" width="6" height="14" />
        <cmp x="714" y="2534" width="18" height="44" />
      </word>
      <word id="b01-079-09-02" tag="NN" text="war">
        <cmp x="799" y="2553" width="47" height="25" />
        <cmp x="857" y="2553" width="33" height="23" />
        <cmp x="893" y="2549" width="27" height="28" />
      </word>
      <word id="b01-079-09-03" tag="," text=",">
        <cmp x="935" y="2567" width="9" height="17" />
      </word>
      <word id="b01-079-09-04" tag="PP3" text="it">
        <cmp x="1003" y="2535" width="5" height="9" />
        <cmp x="1009" y="2560" width="6" height="18" />
        <cmp x="1019" y="2534" width="17" height="47" />
      </word>
      <word id="b01-079-09-05" tag="BEDZ" text="was">
        <cmp x="1122" y="2548" width="43" height="26" />
        <cmp x="1176" y="2548" width="26" height="25" />
        <cmp x="1211" y="2549" width="20" height="28" />
      </word>
      <word id="b01-079-09-06" tag="JJ" text="clear">
        <cmp x="1319" y="2550" width="33" height="29" />
        <cmp x="1354" y="2526" width="16" height="49" />
        <cmp x="1381" y="2553" width="32" height="26" />
        <cmp x="1417" y="2553" width="40" height="24" />
        <cmp x="1465" y="2551" width="24" height="25" />
      </word>
      <word id="b01-079-09-07" tag="CS" text="that">
        <cmp x="1576" y="2527" width="20" height="44" />
        <cmp x="1607" y="2529" width="31" height="41" />
        <cmp x="1648" y="2553" width="31" height="22" />
        <cmp x="1684" y="2527" width="16" height="46" />
      </word>
      <word id="b01-079-09-08" tag="JJ" text="new">
        <cmp x="1772" y="2550" width="30" height="27" />
        <cmp x="1813" y="2552" width="27" height="25" />
        <cmp x="1848" y="2554" width="46" height="22" />
      </word>
      <word id="b01-079-09-09" tag="NNS" text="dangers">
        <cmp x="1962" y="2526" width="37" height="51" />
        <cmp x="2003" y="2553" width="29" height="25" />
        <cmp x="2042" y="2554" width="25" height="22" />
        <cmp x="2071" y="2552" width="26" height="47" />
        <cmp x="2109" y="2550" width="52" height="29" />
        <cmp x="2159" y="2553" width="29" height="27" />
      </word>
      <upper-contour>
        <point x="326" y="2417" />
        <point x="2013" y="2417" />
      </upper-contour>
      <lower-contour>
        <point x="318" y="2604" />
        <point x="2158" y="2604" />
      </lower-contour>
    </line>
    <line ass="-108" asx="0" asy="2665" character-width="999" dss="-108" dsx="0" dsy="2735" fd0="14027" fd1="3568" fd2="239" filter-width="3" id="b01-079-10" lbs="-41" lbx="0" lby="2721" segmentation="ok" slant="98000" stroke-width="4888" threshold="172" text="would arise unless it gave him the political ..." ubs="-242" ubx="0" uby="2695">
      <word id="b01-079-10-00" tag="MD" text="would">
        <cmp x="316" y="2701" width="47" height="24" />
        <cmp x="378" y="2699" width="25" height="25" />
        <cmp x="411" y="2696" width="29" height="28" />
        <cmp x="449" y="2677" width="21" height="41" />
        <cmp x="485" y="2676" width="31" height="45" />
      </word>
      <word id="b01-079-10-01" tag="VB" text="arise">
        <cmp x="593" y="2692" width="36" height="27" />
        <cmp x="639" y="2696" width="19" height="22" />
        <cmp x="668" y="2687" width="4" height="6" />
        <cmp x="670" y="2706" width="6" height="13" />
        <cmp x="700" y="2701" width="15" height="23" />
        <cmp x="725" y="2704" width="29" height="21" />
      </word>
      <word id="b01-079-10-02" tag="CS" text="unless">
        <cmp x="819" y="2697" width="26" height="29" />
        <cmp x="854" y="2699" width="35" height="23" />
        <cmp x="900" y="2681" width="16" height="44" />
        <cmp x="920" y="2701" width="33" height="22" />
        <cmp x="964" y="2699" width="21" height="25" />
        <cmp x="993" y="2698" width="20" height="29" />
      </word>
      <word id="b01-079-10-03" tag="PP3" text="it">
        <cmp x="1096" y="2680" width="4" height="9" />
        <cmp x="1098" y="2702" width="8" height="23" />
        <cmp x="1121" y="2678" width="20" height="46" />
      </word>
      <word id="b01-079-10-04" tag="VBD" text="gave">
        <cmp x="1209" y="2696" width="26" height="42" />
        <cmp x="1248" y="2698" width="28" height="22" />
        <cmp x="1286" y="2695" width="22" height="23" />
        <cmp x="1318" y="2695" width="38" height="25" />
      </word>
      <word id="b01-079-10-05" tag="PP3O" text="him">
        <cmp x="1446" y="2670" width="32" height="42" />
        <cmp x="1482" y="2673" width="6" height="10" />
        <cmp x="1484" y="2702" width="7" height="9" />
        <cmp x="1505" y="2698" width="54" height="16" />
      </word>
      <word id="b01-079-10-06" tag="ATI" text="the">
        <cmp x="1625" y="2670" width="15" height="45" />
        <cmp x="1655" y="2671" width="35" height="41" />
        <cmp x="1694" y="2694" width="36" height="21" />
      </word>
      <word id="b01-079-10-07" tag="JJ" text="political">
        <cmp x="1807" y="2696" width="23" height="43" />
        <cmp x="1844" y="2697" width="20" height="24" />
        <cmp x="1871" y="2678" width="29" height="43" />
        <cmp x="1887" y="2680" width="5" height="8" />
        <cmp x="1919" y="2685" width="34" height="41" />
        <cmp x="1939" y="2685" width="6" height="9" />
        <cmp x="1968" y="2704" width="20" height="24" />
        <cmp x="1994" y="2682" width="59" height="45" />
      </word>
      <word id="b01-079-10-08" tag="YE" text="...">
        <cmp x="2078" y="2722" width="14" height="5" />
        <cmp x="2105" y="2723" width="16" height="4" />
        <cmp x="2138" y="2722" width="19" height="5" />
      </word>
      <upper-contour>
        <point x="318" y="2604" />
        <point x="2158" y="2604" />
      </upper-contour>
    </line>
  </handwritten-part>
</form>

