<?xml version="1.0" encoding="ISO-8859-1"?>

<!DOCTYPE form SYSTEM 'http://www.iam.unibe.ch/~fki/iamdb/form-metadata.dtd'>

<form created="2002-01-14" height="3542" id="b01-014" last-modified="2002-07-17" skew="127" status="final" version="3.0_beta" width="2479" writer-id="088">
  <machine-printed-part>
    <machine-print-line text="He holds that more pressure can be put on South Africa while she remains in the" />
    <machine-print-line text="Commonwealth than could be exercised were she cut off from it. On the other hand," />
    <machine-print-line text="those who favour expulsion, including African leaders, feel that nothing less than the" />
    <machine-print-line text="shock of expulsion will weaken the grip of Dr. Verwoerd and the Nationalists. They" />
    <machine-print-line text="point out that Dr. Verwoerd refuses to consider abandoning the apartheid policy." />
  </machine-printed-part>
  <handwritten-part>
    <line ass="260" asx="0" asy="729" character-width="999" dss="260" dsx="0" dsy="842" fd0="14161" fd1="2228" fd2="-1781" filter-width="3" id="b01-014-00" lbs="432" lbx="0" lby="811" segmentation="ok" slant="66000" stroke-width="5217" threshold="182" text="He holds that more pressure can be put on South" ubs="-83" ubx="0" uby="763">
      <word id="b01-014-00-00" sentence-start="yes" tag="PP3A" text="He">
        <cmp x="338" y="728" width="44" height="79" />
        <cmp x="382" y="759" width="43" height="47" />
      </word>
      <word id="b01-014-00-01" tag="VBZ" text="holds">
        <cmp x="503" y="751" width="38" height="57" />
        <cmp x="541" y="759" width="42" height="50" />
        <cmp x="578" y="740" width="29" height="66" />
        <cmp x="596" y="740" width="58" height="73" />
        <cmp x="641" y="755" width="44" height="54" />
      </word>
      <word id="b01-014-00-02" tag="CS" text="that">
        <cmp x="744" y="737" width="38" height="67" />
        <cmp x="774" y="731" width="41" height="75" />
        <cmp x="807" y="738" width="79" height="67" />
        <cmp x="885" y="732" width="6" height="4" />
      </word>
      <word id="b01-014-00-03" tag="AP" text="more">
        <cmp x="912" y="756" width="60" height="55" />
        <cmp x="967" y="755" width="52" height="49" />
        <cmp x="1010" y="760" width="53" height="45" />
      </word>
      <word id="b01-014-00-04" tag="NN" text="pressure">
        <cmp x="1090" y="760" width="64" height="74" />
        <cmp x="1153" y="759" width="61" height="44" />
        <cmp x="1206" y="753" width="66" height="49" />
        <cmp x="1265" y="755" width="22" height="47" />
        <cmp x="1286" y="789" width="3" height="3" />
        <cmp x="1289" y="756" width="27" height="47" />
        <cmp x="1318" y="761" width="67" height="55" />
      </word>
      <word id="b01-014-00-05" tag="MD" text="can">
        <cmp x="1426" y="756" width="115" height="48" />
      </word>
      <word id="b01-014-00-06" tag="BE" text="be">
        <cmp x="1584" y="733" width="86" height="77" />
      </word>
      <word id="b01-014-00-07" tag="VBN" text="put">
        <cmp x="1703" y="770" width="29" height="65" />
        <cmp x="1729" y="764" width="5" height="4" />
        <cmp x="1730" y="760" width="39" height="43" />
        <cmp x="1761" y="743" width="84" height="63" />
      </word>
      <word id="b01-014-00-08" tag="IN" text="on">
        <cmp x="1896" y="754" width="48" height="50" />
        <cmp x="1938" y="765" width="18" height="38" />
        <cmp x="1963" y="766" width="15" height="35" />
      </word>
      <word id="b01-014-00-09" tag="NP" text="South">
        <cmp x="2019" y="723" width="119" height="78" />
        <cmp x="2078" y="776" width="3" height="3" />
        <cmp x="2132" y="736" width="85" height="67" />
      </word>
      <lower-contour>
        <point x="336" y="836" />
        <point x="2097" y="836" />
      </lower-contour>
    </line>
    <line ass="257" asx="0" asy="901" character-width="999" dss="257" dsx="0" dsy="1016" fd0="13960" fd1="2404" fd2="-2339" filter-width="3" id="b01-014-01" lbs="353" lbx="0" lby="988" segmentation="ok" slant="74000" stroke-width="5039" threshold="182" text="Africa while she remains in the Commonwealth" ubs="67" ubx="0" uby="940">
      <word id="b01-014-01-00" tag="NP" text="Africa">
        <cmp x="329" y="901" width="95" height="115" />
        <cmp x="415" y="929" width="17" height="55" />
        <cmp x="436" y="928" width="14" height="53" />
        <cmp x="450" y="907" width="8" height="10" />
        <cmp x="459" y="925" width="33" height="56" />
        <cmp x="490" y="925" width="35" height="52" />
      </word>
      <word id="b01-014-01-01" tag="CS" text="while">
        <cmp x="590" y="924" width="50" height="60" />
        <cmp x="640" y="900" width="23" height="78" />
        <cmp x="660" y="929" width="21" height="50" />
        <cmp x="682" y="939" width="16" height="40" />
        <cmp x="703" y="900" width="6" height="12" />
        <cmp x="703" y="904" width="53" height="77" />
      </word>
      <word id="b01-014-01-02" tag="PP3A" text="she">
        <cmp x="801" y="939" width="62" height="48" />
        <cmp x="855" y="918" width="87" height="71" />
        <cmp x="893" y="913" width="4" height="3" />
      </word>
      <word id="b01-014-01-03" tag="VBZ" text="remains">
        <cmp x="996" y="936" width="60" height="52" />
        <cmp x="1055" y="946" width="26" height="38" />
        <cmp x="1076" y="940" width="45" height="47" />
        <cmp x="1112" y="939" width="58" height="45" />
        <cmp x="1170" y="944" width="28" height="40" />
        <cmp x="1192" y="943" width="49" height="44" />
        <cmp x="1207" y="913" width="6" height="12" />
        <cmp x="1243" y="935" width="39" height="48" />
      </word>
      <word id="b01-014-01-04" tag="IN" text="in">
        <cmp x="1350" y="937" width="51" height="45" />
        <cmp x="1364" y="907" width="7" height="5" />
      </word>
      <word id="b01-014-01-05" tag="ATI" text="the">
        <cmp x="1459" y="919" width="90" height="69" />
      </word>
      <word id="b01-014-01-06" tag="NN" text="Commonwealth">
        <cmp x="1609" y="910" width="50" height="78" />
        <cmp x="1643" y="934" width="90" height="56" />
        <cmp x="1728" y="938" width="55" height="50" />
        <cmp x="1781" y="941" width="70" height="44" />
        <cmp x="1850" y="937" width="89" height="53" />
        <cmp x="1936" y="920" width="81" height="65" />
        <cmp x="2018" y="914" width="78" height="68" />
        <cmp x="2040" y="914" width="8" height="7" />
      </word>
      <upper-contour>
        <point x="336" y="836" />
        <point x="2097" y="836" />
      </upper-contour>
      <lower-contour>
        <point x="344" y="1015" />
        <point x="2097" y="1015" />
      </lower-contour>
    </line>
    <line ass="-132" asx="0" asy="1089" character-width="999" dss="-132" dsx="0" dsy="1190" fd0="13881" fd1="2785" fd2="-1706" filter-width="3" id="b01-014-02" lbs="-93" lbx="0" lby="1163" segmentation="ok" slant="66000" stroke-width="5117" threshold="182" text="than could be exercised were she cut off from it." ubs="-209" ubx="0" uby="1117">
      <word id="b01-014-02-00" tag="CS" text="than">
        <cmp x="346" y="1106" width="52" height="68" />
        <cmp x="379" y="1098" width="5" height="10" />
        <cmp x="405" y="1118" width="73" height="54" />
      </word>
      <word id="b01-014-02-01" tag="MD" text="could">
        <cmp x="551" y="1118" width="34" height="50" />
        <cmp x="585" y="1119" width="60" height="48" />
        <cmp x="645" y="1103" width="49" height="65" />
        <cmp x="681" y="1100" width="51" height="67" />
      </word>
      <word id="b01-014-02-02" tag="BE" text="be">
        <cmp x="764" y="1095" width="88" height="74" />
      </word>
      <word id="b01-014-02-03" tag="VBN" text="exercised">
        <cmp x="904" y="1116" width="50" height="51" />
        <cmp x="949" y="1116" width="66" height="51" />
        <cmp x="1019" y="1123" width="15" height="44" />
        <cmp x="1033" y="1122" width="12" height="13" />
        <cmp x="1044" y="1115" width="36" height="53" />
        <cmp x="1078" y="1119" width="17" height="43" />
        <cmp x="1095" y="1101" width="112" height="63" />
        <cmp x="1101" y="1093" width="5" height="6" />
      </word>
      <word id="b01-014-02-04" tag="BED" text="were">
        <cmp x="1257" y="1123" width="62" height="44" />
        <cmp x="1312" y="1099" width="110" height="66" />
      </word>
      <word id="b01-014-02-05" tag="PP3A" text="she">
        <cmp x="1464" y="1118" width="52" height="49" />
        <cmp x="1507" y="1096" width="60" height="70" />
      </word>
      <word id="b01-014-02-06" tag="VBN" text="cut">
        <cmp x="1609" y="1109" width="107" height="61" />
      </word>
      <word id="b01-014-02-07" tag="RP" text="off">
        <cmp x="1750" y="1100" width="92" height="89" />
      </word>
      <word id="b01-014-02-08" tag="IN" text="from">
        <cmp x="1849" y="1097" width="154" height="99" />
      </word>
      <word id="b01-014-02-09" tag="PP3" text="it">
        <cmp x="2040" y="1103" width="57" height="64" />
        <cmp x="2064" y="1096" width="10" height="9" />
      </word>
      <word id="b01-014-02-10" tag="." text=".">
        <cmp x="2097" y="1156" width="4" height="7" />
      </word>
      <upper-contour>
        <point x="344" y="1015" />
        <point x="2097" y="1015" />
      </upper-contour>
      <lower-contour>
        <point x="344" y="1197" />
        <point x="2102" y="1197" />
      </lower-contour>
    </line>
    <line ass="44" asx="0" asy="1269" character-width="999" dss="44" dsx="0" dsy="1384" fd0="13739" fd1="1845" fd2="-2322" filter-width="3" id="b01-014-03" lbs="7" lbx="0" lby="1344" segmentation="ok" slant="71000" stroke-width="5002" threshold="182" text="On the other hand, those who favour expulsion, inclu-" ubs="117" ubx="0" uby="1302">
      <word id="b01-014-03-00" sentence-start="yes" tag="IN" text="On">
        <cmp x="333" y="1274" width="69" height="74" />
      </word>
      <word id="b01-014-03-01" tag="ATI" text="the">
        <cmp x="442" y="1276" width="85" height="69" />
      </word>
      <word id="b01-014-03-02" tag="AP" text="other">
        <cmp x="564" y="1279" width="154" height="71" />
      </word>
      <word id="b01-014-03-03" tag="NN" text="hand">
        <cmp x="743" y="1269" width="113" height="79" />
        <cmp x="849" y="1284" width="80" height="64" />
        <cmp x="856" y="1309" width="4" height="5" />
      </word>
      <word id="b01-014-03-04" tag="," text=",">
        <cmp x="939" y="1340" width="17" height="29" />
      </word>
      <word id="b01-014-03-05" tag="DTS" text="those">
        <cmp x="983" y="1277" width="39" height="74" />
        <cmp x="1016" y="1277" width="33" height="73" />
        <cmp x="1038" y="1283" width="3" height="5" />
        <cmp x="1039" y="1270" width="4" height="4" />
        <cmp x="1051" y="1295" width="87" height="54" />
      </word>
      <word id="b01-014-03-06" tag="WP" text="who">
        <cmp x="1175" y="1296" width="49" height="53" />
        <cmp x="1220" y="1278" width="37" height="71" />
        <cmp x="1256" y="1297" width="32" height="52" />
      </word>
      <word id="b01-014-03-07" tag="VB" text="favour">
        <cmp x="1327" y="1275" width="72" height="109" />
        <cmp x="1384" y="1293" width="183" height="52" />
      </word>
      <word id="b01-014-03-08" tag="NN" text="expulsion">
        <cmp x="1580" y="1294" width="81" height="53" />
        <cmp x="1656" y="1299" width="49" height="62" />
        <cmp x="1702" y="1271" width="37" height="74" />
        <cmp x="1737" y="1301" width="20" height="46" />
        <cmp x="1751" y="1294" width="40" height="51" />
        <cmp x="1786" y="1300" width="18" height="43" />
        <cmp x="1802" y="1299" width="70" height="45" />
        <cmp x="1809" y="1279" width="5" height="7" />
      </word>
      <word id="b01-014-03-09" tag="," text=",">
        <cmp x="1877" y="1332" width="16" height="31" />
      </word>
      <word id="b01-014-03-10" tag="IN-" text="inclu-">
        <cmp x="1913" y="1300" width="24" height="49" />
        <cmp x="1932" y="1296" width="46" height="48" />
        <cmp x="1943" y="1278" width="4" height="10" />
        <cmp x="1981" y="1271" width="104" height="70" />
        <cmp x="2103" y="1320" width="35" height="6" />
      </word>
      <upper-contour>
        <point x="344" y="1197" />
        <point x="2102" y="1197" />
      </upper-contour>
      <lower-contour>
        <point x="331" y="1384" />
        <point x="2096" y="1384" />
      </lower-contour>
    </line>
    <line ass="409" asx="0" asy="1457" character-width="999" dss="409" dsx="0" dsy="1614" fd0="13931" fd1="1996" fd2="-2078" filter-width="3" id="b01-014-04" lbs="429" lbx="0" lby="1526" segmentation="ok" slant="66000" stroke-width="5062" threshold="176" text="ding African leaders, feel that nothing less than the" ubs="368" ubx="0" uby="1488">
      <word id="b01-014-04-00" tag="-IN" text="ding">
        <cmp x="331" y="1474" width="51" height="53" />
        <cmp x="360" y="1475" width="3" height="4" />
        <cmp x="362" y="1462" width="6" height="12" />
        <cmp x="385" y="1480" width="61" height="133" />
        <cmp x="388" y="1457" width="4" height="7" />
        <cmp x="390" y="1477" width="29" height="46" />
      </word>
      <word id="b01-014-04-01" tag="JNP" text="African">
        <cmp x="497" y="1453" width="114" height="107" />
        <cmp x="601" y="1493" width="11" height="34" />
        <cmp x="613" y="1458" width="6" height="7" />
        <cmp x="620" y="1478" width="92" height="51" />
      </word>
      <word id="b01-014-04-02" tag="NNS" text="leaders">
        <cmp x="798" y="1458" width="84" height="71" />
        <cmp x="872" y="1464" width="119" height="62" />
      </word>
      <word id="b01-014-04-03" tag="," text=",">
        <cmp x="1009" y="1515" width="16" height="29" />
      </word>
      <word id="b01-014-04-04" tag="VB" text="feel">
        <cmp x="1065" y="1507" width="24" height="16" />
        <cmp x="1085" y="1454" width="128" height="112" />
        <cmp x="1089" y="1504" width="3" height="3" />
        <cmp x="1094" y="1500" width="4" height="5" />
      </word>
      <word id="b01-014-04-05" tag="CS" text="that">
        <cmp x="1247" y="1466" width="62" height="69" />
        <cmp x="1298" y="1460" width="4" height="10" />
        <cmp x="1306" y="1460" width="71" height="64" />
      </word>
      <word id="b01-014-04-06" tag="PN" text="nothing">
        <cmp x="1412" y="1475" width="43" height="54" />
        <cmp x="1453" y="1476" width="51" height="52" />
        <cmp x="1488" y="1459" width="87" height="69" />
        <cmp x="1550" y="1479" width="91" height="125" />
        <cmp x="1565" y="1480" width="52" height="44" />
        <cmp x="1581" y="1460" width="5" height="8" />
      </word>
      <word id="b01-014-04-07" tag="AP" text="less">
        <cmp x="1683" y="1454" width="106" height="67" />
      </word>
      <word id="b01-014-04-08" tag="IN" text="than">
        <cmp x="1832" y="1448" width="65" height="74" />
        <cmp x="1899" y="1466" width="73" height="48" />
      </word>
      <word id="b01-014-04-09" tag="ATI" text="the">
        <cmp x="2009" y="1448" width="86" height="71" />
      </word>
      <upper-contour>
        <point x="331" y="1384" />
        <point x="2096" y="1384" />
      </upper-contour>
      <lower-contour>
        <point x="338" y="1613" />
        <point x="1960" y="1613" />
      </lower-contour>
    </line>
    <line ass="234" asx="0" asy="1631" character-width="999" dss="234" dsx="0" dsy="1800" fd0="13825" fd1="2051" fd2="-2204" filter-width="3" id="b01-014-05" lbs="318" lbx="0" lby="1708" segmentation="ok" slant="73000" stroke-width="5060" threshold="176" text="shock of expulsion will weaken the grip of Dr." ubs="67" ubx="0" uby="1660">
      <word id="b01-014-05-00" tag="NN" text="shock">
        <cmp x="340" y="1664" width="36" height="34" />
        <cmp x="359" y="1651" width="30" height="57" />
        <cmp x="394" y="1635" width="30" height="74" />
        <cmp x="430" y="1658" width="21" height="47" />
        <cmp x="453" y="1654" width="33" height="52" />
        <cmp x="481" y="1639" width="39" height="65" />
        <cmp x="503" y="1633" width="4" height="5" />
      </word>
      <word id="b01-014-05-01" tag="INO" text="of">
        <cmp x="558" y="1639" width="62" height="83" />
      </word>
      <word id="b01-014-05-02" tag="NN" text="expulsion">
        <cmp x="665" y="1655" width="53" height="52" />
        <cmp x="715" y="1658" width="35" height="53" />
        <cmp x="748" y="1661" width="44" height="66" />
        <cmp x="795" y="1641" width="86" height="68" />
        <cmp x="878" y="1661" width="16" height="43" />
        <cmp x="891" y="1657" width="66" height="49" />
        <cmp x="898" y="1643" width="4" height="7" />
      </word>
      <word id="b01-014-05-03" tag="MD" text="will">
        <cmp x="1004" y="1659" width="70" height="49" />
        <cmp x="1071" y="1636" width="25" height="68" />
        <cmp x="1074" y="1643" width="4" height="7" />
        <cmp x="1088" y="1640" width="25" height="65" />
      </word>
      <word id="b01-014-05-04" tag="VB" text="weaken">
        <cmp x="1155" y="1653" width="78" height="56" />
        <cmp x="1222" y="1637" width="84" height="73" />
        <cmp x="1301" y="1662" width="75" height="50" />
        <cmp x="1317" y="1671" width="14" height="18" />
        <cmp x="1321" y="1661" width="13" height="12" />
      </word>
      <word id="b01-014-05-05" tag="ATI" text="the">
        <cmp x="1452" y="1635" width="115" height="76" />
      </word>
      <word id="b01-014-05-06" tag="NN" text="grip">
        <cmp x="1590" y="1644" width="107" height="152" />
        <cmp x="1681" y="1656" width="59" height="76" />
        <cmp x="1707" y="1630" width="3" height="5" />
      </word>
      <word id="b01-014-05-07" tag="INO" text="of">
        <cmp x="1771" y="1631" width="72" height="89" />
      </word>
      <word id="b01-014-05-08" tag="NPT" text="Dr.">
        <cmp x="1871" y="1625" width="50" height="81" />
        <cmp x="1880" y="1642" width="16" height="51" />
        <cmp x="1913" y="1650" width="42" height="46" />
        <cmp x="1952" y="1685" width="7" height="7" />
      </word>
      <upper-contour>
        <point x="338" y="1613" />
        <point x="1960" y="1613" />
      </upper-contour>
      <lower-contour>
        <point x="362" y="1797" />
        <point x="1960" y="1797" />
      </lower-contour>
    </line>
    <line ass="130" asx="0" asy="1804" character-width="999" dss="130" dsx="0" dsy="1995" fd0="14092" fd1="2650" fd2="-1363" filter-width="3" id="b01-014-06" lbs="113" lbx="0" lby="1881" segmentation="err" slant="70000" stroke-width="4924" threshold="176" text="Verwoerd and the Nationalists. They point out" ubs="163" ubx="0" uby="1834">
      <word id="b01-014-06-00" tag="NP" text="Verwoerd">
        <cmp x="364" y="1805" width="44" height="75" />
        <cmp x="387" y="1829" width="35" height="51" />
        <cmp x="419" y="1834" width="27" height="47" />
        <cmp x="452" y="1834" width="49" height="56" />
        <cmp x="507" y="1838" width="59" height="53" />
        <cmp x="572" y="1841" width="25" height="44" />
        <cmp x="595" y="1819" width="51" height="65" />
      </word>
      <word id="b01-014-06-01" tag="CC" text="and">
        <cmp x="697" y="1836" width="93" height="53" />
        <cmp x="788" y="1824" width="51" height="53" />
        <cmp x="840" y="1815" width="5" height="8" />
      </word>
      <word id="b01-014-06-02" tag="ATI" text="the">
        <cmp x="894" y="1812" width="107" height="75" />
        <cmp x="978" y="1841" width="8" height="15" />
      </word>
      <word id="b01-014-06-03" tag="NNS" text="Nationalists">
        <cmp x="1046" y="1806" width="63" height="71" />
        <cmp x="1101" y="1828" width="47" height="52" />
        <cmp x="1146" y="1818" width="39" height="64" />
        <cmp x="1188" y="1835" width="69" height="47" />
        <cmp x="1191" y="1819" width="6" height="8" />
        <cmp x="1261" y="1817" width="90" height="65" />
        <cmp x="1346" y="1855" width="29" height="24" />
        <cmp x="1357" y="1813" width="5" height="8" />
        <cmp x="1371" y="1822" width="15" height="34" />
        <cmp x="1379" y="1816" width="56" height="63" />
        <cmp x="1404" y="1812" width="3" height="3" />
      </word>
      <word id="b01-014-06-04" tag="." text=".">
        <cmp x="1456" y="1861" width="4" height="7" />
      </word>
      <word id="b01-014-06-05" sentence-start="yes" tag="PP3AS" text="They">
        <cmp x="1486" y="1805" width="125" height="77" />
        <cmp x="1501" y="1823" width="27" height="59" />
        <cmp x="1548" y="1900" width="40" height="93" />
        <cmp x="1583" y="1830" width="67" height="163" />
      </word>
      <word id="b01-014-06-06" tag="VB" text="point">
        <cmp x="1703" y="1830" width="58" height="81" />
        <cmp x="1766" y="1832" width="37" height="46" />
        <cmp x="1797" y="1834" width="16" height="40" />
        <cmp x="1816" y="1831" width="45" height="51" />
        <cmp x="1821" y="1811" width="3" height="5" />
        <cmp x="1864" y="1808" width="34" height="68" />
      </word>
      <word id="b01-014-06-07" tag="RP" text="out">
        <cmp x="1911" y="1812" width="110" height="73" />
      </word>
      <upper-contour>
        <point x="362" y="1797" />
        <point x="1960" y="1797" />
      </upper-contour>
      <lower-contour>
        <point x="365" y="1977" />
        <point x="1555" y="1993" />
        <point x="1769" y="1887" />
        <point x="2022" y="1887" />
      </lower-contour>
    </line>
    <line ass="559" asx="0" asy="1986" character-width="999" dss="559" dsx="0" dsy="2149" fd0="13874" fd1="2058" fd2="-2572" filter-width="3" id="b01-014-07" lbs="592" lbx="0" lby="2068" segmentation="err" slant="68999" stroke-width="4936" threshold="182" text="that Dr. Verwoerd refuses to consider abandoning" ubs="494" ubx="0" uby="2024">
      <word id="b01-014-07-00" tag="CS" text="that">
        <cmp x="367" y="1987" width="47" height="85" />
        <cmp x="400" y="1983" width="6" height="12" />
        <cmp x="416" y="1990" width="55" height="75" />
      </word>
      <word id="b01-014-07-01" tag="NPT" text="Dr.">
        <cmp x="522" y="1988" width="108" height="91" />
        <cmp x="570" y="2005" width="11" height="55" />
        <cmp x="626" y="2044" width="5" height="8" />
      </word>
      <word id="b01-014-07-02" tag="NP" text="Verwoerd">
        <cmp x="704" y="1982" width="61" height="75" />
        <cmp x="734" y="2010" width="121" height="59" />
        <cmp x="856" y="2011" width="58" height="51" />
        <cmp x="914" y="2013" width="26" height="48" />
        <cmp x="931" y="2000" width="51" height="65" />
      </word>
      <word id="b01-014-07-03" tag="VBZ" text="refuses">
        <cmp x="1052" y="2013" width="54" height="59" />
        <cmp x="1101" y="1994" width="59" height="97" />
        <cmp x="1135" y="2023" width="36" height="45" />
        <cmp x="1155" y="1999" width="7" height="18" />
        <cmp x="1168" y="2010" width="85" height="58" />
      </word>
      <word id="b01-014-07-04" tag="TO" text="to">
        <cmp x="1304" y="1982" width="31" height="80" />
        <cmp x="1331" y="2003" width="34" height="58" />
        <cmp x="1363" y="2007" width="3" height="13" />
      </word>
      <word id="b01-014-07-05" tag="VB" text="consider">
        <cmp x="1398" y="2004" width="97" height="60" />
        <cmp x="1494" y="2006" width="40" height="52" />
        <cmp x="1531" y="2013" width="18" height="44" />
        <cmp x="1550" y="2007" width="36" height="50" />
        <cmp x="1551" y="1997" width="7" height="10" />
        <cmp x="1562" y="1993" width="26" height="11" />
        <cmp x="1576" y="1999" width="76" height="60" />
      </word>
      <word id="b01-014-07-06" tag="VBG" text="abandoning">
        <cmp x="1693" y="1990" width="80" height="70" />
        <cmp x="1763" y="2009" width="83" height="50" />
        <cmp x="1839" y="2008" width="38" height="49" />
        <cmp x="1867" y="1997" width="29" height="57" />
        <cmp x="1881" y="2006" width="51" height="50" />
        <cmp x="1932" y="2010" width="23" height="46" />
        <cmp x="1952" y="2009" width="23" height="48" />
        <cmp x="1974" y="2008" width="46" height="47" />
        <cmp x="1976" y="2010" width="78" height="121" />
        <cmp x="1983" y="1985" width="5" height="14" />
      </word>
      <upper-contour>
        <point x="365" y="1977" />
        <point x="1555" y="1993" />
        <point x="1769" y="1887" />
        <point x="2022" y="1887" />
      </upper-contour>
      <lower-contour>
        <point x="382" y="2091" />
        <point x="1139" y="2091" />
      </lower-contour>
    </line>
    <line ass="767" asx="0" asy="2176" character-width="999" dss="767" dsx="0" dsy="2294" fd0="13921" fd1="2463" fd2="-2030" filter-width="3" id="b01-014-08" lbs="1062" lbx="0" lby="2256" segmentation="ok" slant="72000" stroke-width="5124" threshold="176" text="the apartheid policy." ubs="176" ubx="0" uby="2197">
      <word id="b01-014-08-00" tag="ATI" text="the">
        <cmp x="384" y="2175" width="44" height="81" />
        <cmp x="428" y="2198" width="38" height="51" />
      </word>
      <word id="b01-014-08-01" tag="NN" text="apartheid">
        <cmp x="511" y="2191" width="89" height="82" />
        <cmp x="609" y="2176" width="110" height="69" />
        <cmp x="722" y="2167" width="75" height="77" />
        <cmp x="790" y="2199" width="17" height="46" />
        <cmp x="807" y="2181" width="54" height="62" />
        <cmp x="808" y="2177" width="4" height="7" />
      </word>
      <word id="b01-014-08-02" tag="NN" text="policy">
        <cmp x="894" y="2191" width="60" height="70" />
        <cmp x="953" y="2171" width="80" height="72" />
        <cmp x="1043" y="2172" width="4" height="6" />
        <cmp x="1043" y="2190" width="41" height="53" />
        <cmp x="1065" y="2202" width="69" height="79" />
        <cmp x="1086" y="2198" width="23" height="23" />
      </word>
      <word id="b01-014-08-03" tag="." text=".">
        <cmp x="1133" y="2236" width="5" height="6" />
      </word>
      <upper-contour>
        <point x="382" y="2091" />
        <point x="1139" y="2091" />
      </upper-contour>
    </line>
  </handwritten-part>
</form>

