<?xml version="1.0" encoding="ISO-8859-1"?>

<!DOCTYPE form SYSTEM 'http://www.iam.unibe.ch/~fki/iamdb/form-metadata.dtd'>

<form created="2002-01-14" height="3542" id="b01-132" last-modified="2002-07-17" skew="159" status="final" version="3.0_beta" width="2479" writer-id="094">
  <machine-printed-part>
    <machine-print-line text="The shock of expulsion from the Commonwealth now seems to be the only way left to" />
    <machine-print-line text="try to bring home to the people of South Africa that Dr. Verwoerd is leading them" />
    <machine-print-line text="to disaster. It may be that the Commonwealth Prime Ministers will decide against" />
    <machine-print-line text="this final step. If that is their decision they should also go unequivocally on record" />
    <machine-print-line text="that they regard apartheid as evil and indefensible." />
  </machine-printed-part>
  <handwritten-part>
    <line ass="-177" asx="0" asy="713" character-width="999" dss="-177" dsx="0" dsy="885" fd0="12555" fd1="2857" fd2="-834" filter-width="3" id="b01-132-00" lbs="-62" lbx="0" lby="826" segmentation="ok" slant="94000" stroke-width="5374" threshold="182" text="The shock of expulsion from the" ubs="-409" ubx="0" uby="780">
      <word id="b01-132-00-00" sentence-start="yes" tag="ATI" text="The">
        <cmp x="332" y="735" width="144" height="91" />
      </word>
      <word id="b01-132-00-01" tag="NN" text="shock">
        <cmp x="561" y="775" width="35" height="54" />
        <cmp x="602" y="746" width="76" height="83" />
        <cmp x="681" y="784" width="35" height="45" />
        <cmp x="719" y="738" width="35" height="90" />
      </word>
      <word id="b01-132-00-02" tag="INO" text="of">
        <cmp x="831" y="780" width="34" height="43" />
        <cmp x="866" y="717" width="29" height="158" />
      </word>
      <word id="b01-132-00-03" tag="NN" text="expulsion">
        <cmp x="969" y="774" width="108" height="110" />
        <cmp x="1087" y="746" width="64" height="88" />
        <cmp x="1159" y="787" width="32" height="43" />
        <cmp x="1192" y="797" width="13" height="34" />
        <cmp x="1202" y="763" width="7" height="5" />
        <cmp x="1215" y="788" width="74" height="41" />
      </word>
      <word id="b01-132-00-04" tag="IN" text="from">
        <cmp x="1359" y="723" width="162" height="169" />
      </word>
      <word id="b01-132-00-05" tag="ATI" text="the">
        <cmp x="1578" y="737" width="112" height="94" />
      </word>
      <lower-contour>
        <point x="357" y="892" />
        <point x="1691" y="892" />
      </lower-contour>
    </line>
    <line ass="-316" asx="0" asy="900" character-width="999" dss="-316" dsx="0" dsy="1054" fd0="11362" fd1="2218" fd2="-1189" filter-width="4" id="b01-132-01" lbs="-297" lbx="0" lby="997" segmentation="err" slant="90000" stroke-width="5913" threshold="182" text="Commonwealth now seems to be the only" ubs="-353" ubx="0" uby="957">
      <word id="b01-132-01-00" tag="NN" text="Commonwealth">
        <cmp x="359" y="902" width="53" height="108" />
        <cmp x="413" y="947" width="30" height="50" />
        <cmp x="443" y="956" width="23" height="36" />
        <cmp x="473" y="955" width="9" height="41" />
        <cmp x="492" y="956" width="41" height="38" />
        <cmp x="536" y="956" width="99" height="44" />
        <cmp x="647" y="952" width="140" height="49" />
        <cmp x="789" y="932" width="32" height="68" />
        <cmp x="832" y="916" width="69" height="93" />
      </word>
      <word id="b01-132-01-01" tag="RN" text="now">
        <cmp x="978" y="958" width="71" height="46" />
        <cmp x="1059" y="965" width="49" height="42" />
      </word>
      <word id="b01-132-01-02" tag="VBZ" text="seems">
        <cmp x="1176" y="963" width="172" height="46" />
        <cmp x="1356" y="959" width="29" height="50" />
      </word>
      <word id="b01-132-01-03" tag="TO" text="to">
        <cmp x="1448" y="923" width="59" height="90" />
      </word>
      <word id="b01-132-01-04" tag="BE" text="be">
        <cmp x="1552" y="923" width="76" height="103" />
      </word>
      <word id="b01-132-01-05" tag="ATI" text="the">
        <cmp x="1666" y="926" width="96" height="80" />
      </word>
      <word id="b01-132-01-06" tag="AP" text="only">
        <cmp x="1831" y="956" width="106" height="53" />
        <cmp x="1935" y="929" width="65" height="137" />
      </word>
      <upper-contour>
        <point x="357" y="892" />
        <point x="1691" y="892" />
      </upper-contour>
      <lower-contour>
        <point x="357" y="1068" />
        <point x="2001" y="1068" />
      </lower-contour>
    </line>
    <line ass="-706" asx="0" asy="1052" character-width="999" dss="-706" dsx="0" dsy="1241" fd0="12165" fd1="2542" fd2="-463" filter-width="3" id="b01-132-02" lbs="-640" lbx="0" lby="1173" segmentation="ok" slant="89000" stroke-width="5473" threshold="182" text="way left to try to bring home to the people of" ubs="-839" ubx="0" uby="1114">
      <word id="b01-132-02-00" tag="NN" text="way">
        <cmp x="344" y="1117" width="34" height="63" />
        <cmp x="386" y="1143" width="64" height="90" />
      </word>
      <word id="b01-132-02-01" tag="VBN" text="left">
        <cmp x="527" y="1106" width="53" height="73" />
        <cmp x="576" y="1093" width="30" height="131" />
        <cmp x="607" y="1113" width="22" height="66" />
      </word>
      <word id="b01-132-02-02" tag="TO" text="to">
        <cmp x="699" y="1105" width="45" height="71" />
      </word>
      <word id="b01-132-02-03" tag="VB" text="try">
        <cmp x="809" y="1103" width="75" height="147" />
      </word>
      <word id="b01-132-02-04" tag="TO" text="to">
        <cmp x="939" y="1107" width="54" height="76" />
      </word>
      <word id="b01-132-02-05" tag="VB" text="bring">
        <cmp x="1048" y="1109" width="83" height="77" />
        <cmp x="1123" y="1113" width="9" height="7" />
        <cmp x="1140" y="1147" width="83" height="110" />
      </word>
      <word id="b01-132-02-06" tag="NR" text="home">
        <cmp x="1289" y="1088" width="178" height="98" />
      </word>
      <word id="b01-132-02-07" tag="IN" text="to">
        <cmp x="1522" y="1103" width="47" height="94" />
      </word>
      <word id="b01-132-02-08" tag="ATI" text="the">
        <cmp x="1602" y="1109" width="101" height="92" />
      </word>
      <word id="b01-132-02-09" tag="NNS" text="people">
        <cmp x="1758" y="1134" width="75" height="101" />
        <cmp x="1832" y="1148" width="24" height="31" />
        <cmp x="1861" y="1144" width="37" height="76" />
        <cmp x="1904" y="1112" width="50" height="67" />
      </word>
      <word id="b01-132-02-10" tag="INO" text="of">
        <cmp x="2016" y="1127" width="33" height="44" />
        <cmp x="2049" y="1079" width="26" height="148" />
      </word>
      <upper-contour>
        <point x="357" y="1068" />
        <point x="2001" y="1068" />
      </upper-contour>
      <lower-contour>
        <point x="342" y="1257" />
        <point x="2058" y="1257" />
      </lower-contour>
    </line>
    <line ass="124" asx="0" asy="1270" character-width="999" dss="124" dsx="0" dsy="1438" fd0="12818" fd1="2549" fd2="-1194" filter-width="3" id="b01-132-03" lbs="202" lbx="0" lby="1359" segmentation="ok" slant="90000" stroke-width="5523" threshold="189" text="South Africa that Dr. Verwoerd is leading them" ubs="-31" ubx="0" uby="1318">
      <word id="b01-132-03-00" tag="NP" text="South">
        <cmp x="325" y="1270" width="103" height="86" />
        <cmp x="436" y="1273" width="68" height="93" />
      </word>
      <word id="b01-132-03-01" tag="NP" text="Africa">
        <cmp x="557" y="1277" width="108" height="137" />
        <cmp x="657" y="1296" width="6" height="5" />
        <cmp x="669" y="1322" width="34" height="40" />
        <cmp x="704" y="1323" width="43" height="38" />
      </word>
      <word id="b01-132-03-02" tag="CS" text="that">
        <cmp x="806" y="1274" width="111" height="87" />
        <cmp x="920" y="1279" width="24" height="84" />
      </word>
      <word id="b01-132-03-03" tag="NPT" text="Dr.">
        <cmp x="1020" y="1283" width="40" height="90" />
        <cmp x="1068" y="1323" width="22" height="38" />
        <cmp x="1098" y="1357" width="6" height="6" />
      </word>
      <word id="b01-132-03-04" tag="NP" text="Verwoerd">
        <cmp x="1142" y="1285" width="48" height="82" />
        <cmp x="1181" y="1309" width="105" height="56" />
        <cmp x="1295" y="1320" width="66" height="44" />
        <cmp x="1362" y="1280" width="72" height="78" />
      </word>
      <word id="b01-132-03-05" tag="BEZ" text="is">
        <cmp x="1506" y="1316" width="14" height="47" />
        <cmp x="1513" y="1294" width="40" height="63" />
      </word>
      <word id="b01-132-03-06" tag="VBG" text="leading">
        <cmp x="1600" y="1280" width="162" height="83" />
        <cmp x="1761" y="1297" width="9" height="7" />
        <cmp x="1766" y="1308" width="70" height="128" />
      </word>
      <word id="b01-132-03-07" tag="PP3OS" text="them">
        <cmp x="1876" y="1279" width="181" height="89" />
      </word>
      <upper-contour>
        <point x="342" y="1257" />
        <point x="2058" y="1257" />
      </upper-contour>
      <lower-contour>
        <point x="323" y="1437" />
        <point x="2058" y="1437" />
      </lower-contour>
    </line>
    <line ass="86" asx="0" asy="1447" character-width="999" dss="86" dsx="0" dsy="1619" fd0="12469" fd1="2572" fd2="-1098" filter-width="3" id="b01-132-04" lbs="161" lbx="0" lby="1546" segmentation="ok" slant="90000" stroke-width="5588" threshold="182" text="to disaster. It may be that the Commonwealth" ubs="-63" ubx="0" uby="1499">
      <word id="b01-132-04-00" tag="IN" text="to">
        <cmp x="325" y="1447" width="57" height="98" />
      </word>
      <word id="b01-132-04-01" tag="NN" text="disaster">
        <cmp x="464" y="1461" width="69" height="84" />
        <cmp x="529" y="1472" width="66" height="72" />
        <cmp x="596" y="1455" width="100" height="96" />
      </word>
      <word id="b01-132-04-02" tag="." text=".">
        <cmp x="732" y="1526" width="6" height="7" />
      </word>
      <word id="b01-132-04-03" sentence-start="yes" tag="PP3" text="It">
        <cmp x="795" y="1455" width="9" height="102" />
        <cmp x="804" y="1462" width="31" height="87" />
      </word>
      <word id="b01-132-04-04" tag="MD" text="may">
        <cmp x="899" y="1484" width="144" height="63" />
        <cmp x="1020" y="1547" width="11" height="71" />
      </word>
      <word id="b01-132-04-05" tag="BE" text="be">
        <cmp x="1114" y="1453" width="72" height="89" />
      </word>
      <word id="b01-132-04-06" tag="CS" text="that">
        <cmp x="1227" y="1457" width="128" height="97" />
        <cmp x="1363" y="1459" width="16" height="81" />
      </word>
      <word id="b01-132-04-07" tag="ATI" text="the">
        <cmp x="1443" y="1465" width="103" height="90" />
      </word>
      <word id="b01-132-04-08" tag="NN" text="Commonwealth">
        <cmp x="1597" y="1456" width="45" height="88" />
        <cmp x="1641" y="1489" width="102" height="49" />
        <cmp x="1742" y="1498" width="63" height="44" />
        <cmp x="1802" y="1492" width="172" height="50" />
        <cmp x="1972" y="1506" width="44" height="33" />
        <cmp x="2021" y="1459" width="85" height="92" />
      </word>
      <upper-contour>
        <point x="323" y="1437" />
        <point x="2058" y="1437" />
      </upper-contour>
      <lower-contour>
        <point x="324" y="1618" />
        <point x="1710" y="1554" />
        <point x="2090" y="1554" />
      </lower-contour>
    </line>
    <line ass="345" asx="0" asy="1597" character-width="999" dss="345" dsx="0" dsy="1795" fd0="12797" fd1="2953" fd2="-806" filter-width="3" id="b01-132-05" lbs="362" lbx="0" lby="1720" segmentation="ok" slant="90000" stroke-width="5598" threshold="182" text="Prime Ministers will decide against this final" ubs="309" ubx="0" uby="1680">
      <word id="b01-132-05-00" tag="NPT" text="Prime">
        <cmp x="326" y="1633" width="41" height="90" />
        <cmp x="365" y="1676" width="41" height="40" />
        <cmp x="404" y="1646" width="7" height="7" />
        <cmp x="415" y="1680" width="104" height="42" />
        <cmp x="416" y="1676" width="3" height="3" />
      </word>
      <word id="b01-132-05-01" tag="NPTS" text="Ministers">
        <cmp x="608" y="1642" width="76" height="85" />
        <cmp x="683" y="1649" width="81" height="68" />
        <cmp x="761" y="1655" width="36" height="70" />
        <cmp x="801" y="1646" width="73" height="82" />
        <cmp x="884" y="1669" width="33" height="50" />
      </word>
      <word id="b01-132-05-02" tag="MD" text="will">
        <cmp x="996" y="1664" width="53" height="57" />
        <cmp x="1053" y="1627" width="21" height="84" />
        <cmp x="1083" y="1624" width="16" height="89" />
      </word>
      <word id="b01-132-05-03" tag="VB" text="decide">
        <cmp x="1167" y="1642" width="65" height="80" />
        <cmp x="1225" y="1645" width="7" height="8" />
        <cmp x="1244" y="1662" width="44" height="47" />
        <cmp x="1289" y="1649" width="8" height="7" />
        <cmp x="1300" y="1677" width="22" height="42" />
        <cmp x="1324" y="1645" width="58" height="69" />
      </word>
      <word id="b01-132-05-04" tag="IN" text="against">
        <cmp x="1430" y="1673" width="83" height="115" />
        <cmp x="1522" y="1669" width="68" height="42" />
        <cmp x="1585" y="1645" width="83" height="69" />
        <cmp x="1677" y="1635" width="17" height="90" />
      </word>
      <word id="b01-132-05-05" tag="DT" text="this">
        <cmp x="1749" y="1625" width="76" height="95" />
        <cmp x="1818" y="1658" width="12" height="7" />
        <cmp x="1826" y="1668" width="36" height="48" />
      </word>
      <word id="b01-132-05-06" tag="JJ" text="final">
        <cmp x="1934" y="1587" width="42" height="177" />
        <cmp x="1984" y="1630" width="105" height="93" />
      </word>
      <upper-contour>
        <point x="324" y="1618" />
        <point x="1710" y="1554" />
        <point x="2090" y="1554" />
      </upper-contour>
      <lower-contour>
        <point x="324" y="1788" />
        <point x="2062" y="1788" />
      </lower-contour>
    </line>
    <line ass="89" asx="0" asy="1803" character-width="999" dss="89" dsx="0" dsy="1949" fd0="12185" fd1="2222" fd2="-1273" filter-width="4" id="b01-132-06" lbs="284" lbx="0" lby="1899" segmentation="ok" slant="90000" stroke-width="5867" threshold="182" text="step. If that is their decision they should also" ubs="-301" ubx="0" uby="1842">
      <word id="b01-132-06-00" tag="NN" text="step">
        <cmp x="319" y="1809" width="124" height="137" />
      </word>
      <word id="b01-132-06-01" tag="." text=".">
        <cmp x="473" y="1884" width="5" height="5" />
      </word>
      <word id="b01-132-06-02" sentence-start="yes" tag="CS" text="If">
        <cmp x="538" y="1804" width="48" height="140" />
      </word>
      <word id="b01-132-06-03" tag="DT" text="that">
        <cmp x="648" y="1810" width="125" height="92" />
        <cmp x="784" y="1822" width="18" height="81" />
      </word>
      <word id="b01-132-06-04" tag="BEZ" text="is">
        <cmp x="817" y="1827" width="17" height="6" />
        <cmp x="817" y="1866" width="9" height="32" />
        <cmp x="827" y="1836" width="20" height="52" />
      </word>
      <word id="b01-132-06-05" tag="PP$" text="their">
        <cmp x="864" y="1822" width="121" height="88" />
        <cmp x="938" y="1815" width="10" height="9" />
        <cmp x="987" y="1853" width="17" height="42" />
        <cmp x="1014" y="1839" width="21" height="58" />
      </word>
      <word id="b01-132-06-06" tag="NN" text="decision">
        <cmp x="1119" y="1819" width="72" height="77" />
        <cmp x="1202" y="1846" width="55" height="46" />
        <cmp x="1259" y="1832" width="7" height="6" />
        <cmp x="1271" y="1855" width="24" height="37" />
        <cmp x="1307" y="1850" width="10" height="44" />
        <cmp x="1310" y="1836" width="17" height="10" />
        <cmp x="1332" y="1843" width="67" height="53" />
      </word>
      <word id="b01-132-06-07" tag="PP3AS" text="they">
        <cmp x="1462" y="1812" width="161" height="84" />
        <cmp x="1602" y="1891" width="8" height="56" />
      </word>
      <word id="b01-132-06-08" tag="MD" text="should">
        <cmp x="1674" y="1848" width="29" height="58" />
        <cmp x="1709" y="1809" width="115" height="85" />
        <cmp x="1829" y="1816" width="52" height="81" />
      </word>
      <word id="b01-132-06-09" tag="RB" text="also">
        <cmp x="1938" y="1812" width="97" height="86" />
        <cmp x="2038" y="1858" width="23" height="37" />
      </word>
      <upper-contour>
        <point x="324" y="1788" />
        <point x="2062" y="1788" />
      </upper-contour>
      <lower-contour>
        <point x="319" y="1948" />
        <point x="2062" y="1948" />
      </lower-contour>
    </line>
    <line ass="343" asx="0" asy="2001" character-width="999" dss="343" dsx="0" dsy="2149" fd0="12762" fd1="2508" fd2="-1042" filter-width="3" id="b01-132-07" lbs="495" lbx="0" lby="2080" segmentation="ok" slant="90000" stroke-width="5591" threshold="182" text="go unequivocally on record that they regard" ubs="38" ubx="0" uby="2036">
      <word id="b01-132-07-00" tag="VB" text="go">
        <cmp x="321" y="2013" width="31" height="127" />
        <cmp x="359" y="2033" width="25" height="37" />
      </word>
      <word id="b01-132-07-01" tag="RB" text="unequivocally">
        <cmp x="481" y="2018" width="121" height="57" />
        <cmp x="611" y="2031" width="111" height="97" />
        <cmp x="731" y="2027" width="68" height="43" />
        <cmp x="808" y="2028" width="74" height="43" />
        <cmp x="884" y="1996" width="80" height="149" />
        <cmp x="918" y="2006" width="3" height="4" />
      </word>
      <word id="b01-132-07-02" tag="IN" text="on">
        <cmp x="1025" y="2021" width="75" height="50" />
      </word>
      <word id="b01-132-07-03" tag="NN" text="record">
        <cmp x="1173" y="2034" width="59" height="36" />
        <cmp x="1238" y="2039" width="29" height="33" />
        <cmp x="1271" y="2000" width="102" height="82" />
      </word>
      <word id="b01-132-07-04" tag="CS" text="that">
        <cmp x="1435" y="2000" width="136" height="80" />
        <cmp x="1574" y="2007" width="29" height="68" />
      </word>
      <word id="b01-132-07-05" tag="PP3AS" text="they">
        <cmp x="1651" y="2004" width="144" height="71" />
        <cmp x="1775" y="2062" width="9" height="73" />
      </word>
      <word id="b01-132-07-06" tag="VB" text="regard">
        <cmp x="1861" y="2027" width="99" height="109" />
        <cmp x="1969" y="1997" width="97" height="73" />
      </word>
      <upper-contour>
        <point x="319" y="1948" />
        <point x="2062" y="1948" />
      </upper-contour>
      <lower-contour>
        <point x="328" y="2146" />
        <point x="1813" y="2146" />
      </lower-contour>
    </line>
    <line ass="44" asx="0" asy="2163" character-width="999" dss="44" dsx="0" dsy="2309" fd0="13018" fd1="2704" fd2="-935" filter-width="4" id="b01-132-08" lbs="275" lbx="0" lby="2256" segmentation="ok" slant="90000" stroke-width="5746" threshold="182" text="apartheid as evil and indefensible." ubs="-416" ubx="0" uby="2202">
      <word id="b01-132-08-00" tag="NN" text="apartheid">
        <cmp x="330" y="2201" width="35" height="43" />
        <cmp x="374" y="2201" width="29" height="92" />
        <cmp x="415" y="2171" width="190" height="78" />
        <cmp x="592" y="2185" width="6" height="6" />
        <cmp x="607" y="2177" width="46" height="79" />
      </word>
      <word id="b01-132-08-01" tag="CS" text="as">
        <cmp x="753" y="2210" width="79" height="40" />
      </word>
      <word id="b01-132-08-02" tag="JJ" text="evil">
        <cmp x="910" y="2206" width="94" height="63" />
        <cmp x="996" y="2182" width="12" height="8" />
        <cmp x="1019" y="2179" width="23" height="70" />
      </word>
      <word id="b01-132-08-03" tag="CC" text="and">
        <cmp x="1101" y="2196" width="56" height="60" />
        <cmp x="1158" y="2170" width="97" height="80" />
      </word>
      <word id="b01-132-08-04" tag="JJ" text="indefensible">
        <cmp x="1327" y="2212" width="10" height="46" />
        <cmp x="1345" y="2167" width="145" height="88" />
        <cmp x="1488" y="2165" width="147" height="145" />
        <cmp x="1647" y="2213" width="7" height="30" />
        <cmp x="1656" y="2163" width="9" height="7" />
        <cmp x="1667" y="2169" width="39" height="84" />
        <cmp x="1709" y="2169" width="54" height="83" />
      </word>
      <word id="b01-132-08-05" tag="." text=".">
        <cmp x="1805" y="2239" width="8" height="5" />
      </word>
      <upper-contour>
        <point x="328" y="2146" />
        <point x="1813" y="2146" />
      </upper-contour>
    </line>
  </handwritten-part>
</form>

