<?xml version="1.0" encoding="ISO-8859-1"?>

<!DOCTYPE form SYSTEM 'http://www.iam.unibe.ch/~fki/iamdb/form-metadata.dtd'>

<form created="2002-01-14" height="3542" id="b01-122" last-modified="2002-07-17" skew="95" status="final" version="3.0_beta" width="2479" writer-id="093">
  <machine-printed-part>
    <machine-print-line text="It is impossible to make contact with Dr. Verwoerd in his nightmare world. It is" />
    <machine-print-line text="this that makes illusory any hopes that he may be influenced to change course. The" />
    <machine-print-line text="Archbishop of Capetown, Dr. Joost de Blank, has pleaded that South Africa should" />
    <machine-print-line text="be allowed to stay in the Commonwealth. Otherwise, he says, those inside the country" />
    <machine-print-line text="who still oppose apartheid will be left even more isolated and alone." />
  </machine-printed-part>
  <handwritten-part>
    <line ass="-94" asx="0" asy="722" character-width="999" dss="-94" dsx="0" dsy="879" fd0="13476" fd1="2729" fd2="-186" filter-width="5" id="b01-122-00" lbs="102" lbx="0" lby="835" segmentation="ok" slant="53000" stroke-width="7259" threshold="162" text="It is impossible to make contact with Dr. Ver-" ubs="-489" ubx="0" uby="790">
      <word id="b01-122-00-00" sentence-start="yes" tag="PP3" text="It">
        <cmp x="306" y="741" width="82" height="99" />
      </word>
      <word id="b01-122-00-01" tag="BEZ" text="is">
        <cmp x="398" y="804" width="44" height="27" />
        <cmp x="446" y="736" width="7" height="8" />
      </word>
      <word id="b01-122-00-02" tag="JJ" text="impossible">
        <cmp x="518" y="748" width="282" height="133" />
        <cmp x="561" y="763" width="7" height="8" />
        <cmp x="715" y="756" width="7" height="7" />
      </word>
      <word id="b01-122-00-03" tag="TO" text="to">
        <cmp x="889" y="744" width="92" height="88" />
      </word>
      <word id="b01-122-00-04" tag="VB" text="make">
        <cmp x="1033" y="748" width="155" height="89" />
      </word>
      <word id="b01-122-00-05" tag="NN" text="contact">
        <cmp x="1265" y="725" width="286" height="108" />
      </word>
      <word id="b01-122-00-06" tag="IN" text="with">
        <cmp x="1603" y="750" width="172" height="83" />
      </word>
      <word id="b01-122-00-07" tag="NPT" text="Dr.">
        <cmp x="1790" y="740" width="98" height="132" />
        <cmp x="1861" y="805" width="42" height="28" />
        <cmp x="1897" y="827" width="7" height="7" />
      </word>
      <word id="b01-122-00-08" tag="NP-" text="Ver-">
        <cmp x="1954" y="750" width="123" height="77" />
        <cmp x="2085" y="809" width="18" height="8" />
      </word>
      <lower-contour>
        <point x="305" y="880" />
        <point x="2095" y="880" />
      </lower-contour>
    </line>
    <line ass="323" asx="0" asy="916" character-width="999" dss="323" dsx="0" dsy="1045" fd0="14237" fd1="2684" fd2="-335" filter-width="4" id="b01-122-01" lbs="364" lbx="0" lby="1015" segmentation="ok" slant="53000" stroke-width="6747" threshold="162" text="woerd in his nightmare world. It is this that" ubs="243" ubx="0" uby="991">
      <word id="b01-122-01-00" tag="-NP" text="woerd">
        <cmp x="307" y="919" width="214" height="94" />
      </word>
      <word id="b01-122-01-01" tag="IN" text="in">
        <cmp x="542" y="984" width="53" height="35" />
        <cmp x="587" y="946" width="7" height="7" />
      </word>
      <word id="b01-122-01-02" tag="PP$" text="his">
        <cmp x="678" y="913" width="88" height="95" />
        <cmp x="766" y="944" width="6" height="7" />
      </word>
      <word id="b01-122-01-03" tag="NN" text="nightmare">
        <cmp x="844" y="925" width="217" height="117" />
        <cmp x="915" y="947" width="6" height="7" />
        <cmp x="1053" y="980" width="67" height="32" />
      </word>
      <word id="b01-122-01-04" tag="NN" text="world">
        <cmp x="1209" y="919" width="238" height="92" />
      </word>
      <word id="b01-122-01-05" tag="." text=".">
        <cmp x="1417" y="1011" width="7" height="5" />
      </word>
      <word id="b01-122-01-06" sentence-start="yes" tag="PP3" text="It">
        <cmp x="1498" y="934" width="109" height="79" />
      </word>
      <word id="b01-122-01-07" tag="BEZ" text="is">
        <cmp x="1621" y="988" width="56" height="25" />
        <cmp x="1666" y="953" width="7" height="8" />
      </word>
      <word id="b01-122-01-08" tag="DT" text="this">
        <cmp x="1728" y="925" width="137" height="91" />
        <cmp x="1853" y="948" width="6" height="7" />
      </word>
      <word id="b01-122-01-09" tag="WP" text="that">
        <cmp x="1911" y="922" width="183" height="86" />
      </word>
      <upper-contour>
        <point x="305" y="880" />
        <point x="2095" y="880" />
      </upper-contour>
      <lower-contour>
        <point x="305" y="1042" />
        <point x="2095" y="1042" />
      </lower-contour>
    </line>
    <line ass="-197" asx="0" asy="1087" character-width="999" dss="-197" dsx="0" dsy="1227" fd0="14436" fd1="2588" fd2="-536" filter-width="4" id="b01-122-02" lbs="-187" lbx="0" lby="1182" segmentation="ok" slant="49000" stroke-width="6698" threshold="162" text="makes illusory any hopes that he may be in-" ubs="-217" ubx="0" uby="1159">
      <word id="b01-122-02-00" tag="VBZ" text="makes">
        <cmp x="304" y="1089" width="161" height="96" />
      </word>
      <word id="b01-122-02-01" tag="JJ" text="illusory">
        <cmp x="548" y="1090" width="118" height="102" />
        <cmp x="584" y="1108" width="7" height="5" />
        <cmp x="669" y="1159" width="113" height="72" />
      </word>
      <word id="b01-122-02-02" tag="DTI" text="any">
        <cmp x="865" y="1158" width="128" height="72" />
      </word>
      <word id="b01-122-02-03" tag="NNS" text="hopes">
        <cmp x="1065" y="1103" width="152" height="104" />
      </word>
      <word id="b01-122-02-04" tag="CS" text="that">
        <cmp x="1288" y="1095" width="144" height="101" />
        <cmp x="1383" y="1158" width="69" height="35" />
        <cmp x="1428" y="1116" width="63" height="76" />
      </word>
      <word id="b01-122-02-05" tag="PP3A" text="he">
        <cmp x="1527" y="1102" width="96" height="87" />
      </word>
      <word id="b01-122-02-06" tag="MD" text="may">
        <cmp x="1681" y="1160" width="123" height="65" />
      </word>
      <word id="b01-122-02-07" tag="BE" text="be">
        <cmp x="1849" y="1093" width="101" height="96" />
      </word>
      <word id="b01-122-02-08" tag="VBN-" text="in-">
        <cmp x="1984" y="1156" width="65" height="32" />
        <cmp x="2052" y="1118" width="4" height="6" />
        <cmp x="2078" y="1167" width="18" height="6" />
      </word>
      <upper-contour>
        <point x="305" y="1042" />
        <point x="2095" y="1042" />
      </upper-contour>
      <lower-contour>
        <point x="314" y="1231" />
        <point x="2001" y="1231" />
      </lower-contour>
    </line>
    <line ass="-419" asx="0" asy="1262" character-width="999" dss="-419" dsx="0" dsy="1391" fd0="14527" fd1="2818" fd2="-887" filter-width="4" id="b01-122-03" lbs="-423" lbx="0" lby="1361" segmentation="ok" slant="50000" stroke-width="6658" threshold="162" text="fluenced to change course. The Archbishop of" ubs="-411" ubx="0" uby="1334">
      <word id="b01-122-03-00" tag="-VBN" text="fluenced">
        <cmp x="316" y="1269" width="147" height="115" />
        <cmp x="466" y="1274" width="138" height="95" />
      </word>
      <word id="b01-122-03-01" tag="TO" text="to">
        <cmp x="631" y="1273" width="87" height="91" />
      </word>
      <word id="b01-122-03-02" tag="VB" text="change">
        <cmp x="762" y="1270" width="197" height="129" />
      </word>
      <word id="b01-122-03-03" tag="NN" text="course">
        <cmp x="1047" y="1339" width="175" height="32" />
      </word>
      <word id="b01-122-03-04" tag="." text=".">
        <cmp x="1231" y="1363" width="8" height="5" />
      </word>
      <word id="b01-122-03-05" sentence-start="yes" tag="ATI" text="The">
        <cmp x="1289" y="1280" width="137" height="97" />
      </word>
      <word id="b01-122-03-06" tag="NPT" text="Archbishop">
        <cmp x="1449" y="1284" width="380" height="108" />
        <cmp x="1707" y="1321" width="6" height="7" />
      </word>
      <word id="b01-122-03-07" tag="INO" text="of">
        <cmp x="1877" y="1275" width="123" height="118" />
      </word>
      <upper-contour>
        <point x="314" y="1231" />
        <point x="2001" y="1231" />
      </upper-contour>
      <lower-contour>
        <point x="320" y="1399" />
        <point x="2001" y="1399" />
      </lower-contour>
    </line>
    <line ass="357" asx="0" asy="1455" character-width="999" dss="357" dsx="0" dsy="1584" fd0="14322" fd1="2710" fd2="-484" filter-width="4" id="b01-122-04" lbs="288" lbx="0" lby="1553" segmentation="ok" slant="52000" stroke-width="6516" threshold="162" text="Capetown, Dr. Joost de Blank, has pleaded that" ubs="494" ubx="0" uby="1537">
      <word id="b01-122-04-00" tag="NP" text="Capetown">
        <cmp x="322" y="1461" width="50" height="83" />
        <cmp x="361" y="1456" width="223" height="110" />
      </word>
      <word id="b01-122-04-01" tag="," text=",">
        <cmp x="609" y="1536" width="17" height="28" />
      </word>
      <word id="b01-122-04-02" tag="NPT" text="Dr.">
        <cmp x="653" y="1453" width="89" height="128" />
        <cmp x="678" y="1465" width="53" height="73" />
        <cmp x="719" y="1525" width="45" height="25" />
        <cmp x="755" y="1553" width="6" height="9" />
      </word>
      <word id="b01-122-04-03" tag="NP" text="Joost">
        <cmp x="833" y="1463" width="187" height="116" />
      </word>
      <word id="b01-122-04-04" tag="&amp;FW" text="de">
        <cmp x="1059" y="1453" width="106" height="96" />
      </word>
      <word id="b01-122-04-05" tag="NP" text="Blank">
        <cmp x="1192" y="1467" width="68" height="79" />
        <cmp x="1199" y="1455" width="218" height="98" />
      </word>
      <word id="b01-122-04-06" tag="," text=",">
        <cmp x="1386" y="1548" width="15" height="19" />
      </word>
      <word id="b01-122-04-07" tag="HVZ" text="has">
        <cmp x="1486" y="1446" width="115" height="104" />
      </word>
      <word id="b01-122-04-08" tag="VBN" text="pleaded">
        <cmp x="1673" y="1463" width="252" height="104" />
        <cmp x="1895" y="1471" width="97" height="76" />
      </word>
      <word id="b01-122-04-09" tag="CS" text="that">
        <cmp x="2002" y="1450" width="170" height="94" />
      </word>
      <upper-contour>
        <point x="320" y="1399" />
        <point x="2001" y="1399" />
      </upper-contour>
      <lower-contour>
        <point x="337" y="1581" />
        <point x="2139" y="1581" />
      </lower-contour>
    </line>
    <line ass="162" asx="0" asy="1617" character-width="999" dss="162" dsx="0" dsy="1778" fd0="14146" fd1="2199" fd2="-864" filter-width="4" id="b01-122-05" lbs="174" lbx="0" lby="1728" segmentation="ok" slant="50000" stroke-width="6237" threshold="162" text="South Africa should be allowed to stay in the" ubs="138" ubx="0" uby="1701">
      <word id="b01-122-05-00" tag="NP" text="South">
        <cmp x="339" y="1635" width="191" height="105" />
      </word>
      <word id="b01-122-05-01" tag="NP" text="Africa">
        <cmp x="572" y="1632" width="128" height="117" />
        <cmp x="649" y="1693" width="123" height="36" />
        <cmp x="724" y="1652" width="6" height="5" />
      </word>
      <word id="b01-122-05-02" tag="MD" text="should">
        <cmp x="866" y="1615" width="254" height="113" />
      </word>
      <word id="b01-122-05-03" tag="BE" text="be">
        <cmp x="1170" y="1630" width="106" height="105" />
      </word>
      <word id="b01-122-05-04" tag="VBN" text="allowed">
        <cmp x="1294" y="1636" width="168" height="91" />
        <cmp x="1448" y="1635" width="99" height="89" />
      </word>
      <word id="b01-122-05-05" tag="TO" text="to">
        <cmp x="1582" y="1652" width="98" height="80" />
      </word>
      <word id="b01-122-05-06" tag="VB" text="stay">
        <cmp x="1714" y="1649" width="146" height="126" />
      </word>
      <word id="b01-122-05-07" tag="IN" text="in">
        <cmp x="1897" y="1697" width="67" height="27" />
        <cmp x="1957" y="1637" width="20" height="24" />
      </word>
      <word id="b01-122-05-08" tag="ATI" text="the">
        <cmp x="2010" y="1626" width="128" height="96" />
      </word>
      <upper-contour>
        <point x="337" y="1581" />
        <point x="2139" y="1581" />
      </upper-contour>
      <lower-contour>
        <point x="337" y="1775" />
        <point x="2110" y="1775" />
      </lower-contour>
    </line>
    <line ass="-100" asx="0" asy="1804" character-width="999" dss="-100" dsx="0" dsy="1939" fd0="13917" fd1="2491" fd2="-863" filter-width="4" id="b01-122-06" lbs="-80" lbx="0" lby="1900" segmentation="ok" slant="51000" stroke-width="6765" threshold="172" text="Commonwealth. Otherwise, he says, those inside the" ubs="-140" ubx="0" uby="1875">
      <word id="b01-122-06-00" tag="NN" text="Commonwealth">
        <cmp x="324" y="1806" width="409" height="98" />
      </word>
      <word id="b01-122-06-01" tag="." text=".">
        <cmp x="743" y="1894" width="7" height="7" />
      </word>
      <word id="b01-122-06-02" sentence-start="yes" tag="RB" text="Otherwise">
        <cmp x="800" y="1819" width="290" height="85" />
        <cmp x="1068" y="1822" width="7" height="8" />
      </word>
      <word id="b01-122-06-03" tag="," text=",">
        <cmp x="1107" y="1890" width="17" height="22" />
      </word>
      <word id="b01-122-06-04" tag="PP3A" text="he">
        <cmp x="1190" y="1815" width="81" height="91" />
      </word>
      <word id="b01-122-06-05" tag="VBZ" text="says">
        <cmp x="1305" y="1876" width="142" height="67" />
      </word>
      <word id="b01-122-06-06" tag="," text=",">
        <cmp x="1461" y="1894" width="16" height="26" />
      </word>
      <word id="b01-122-06-07" tag="DTS" text="those">
        <cmp x="1528" y="1819" width="169" height="92" />
      </word>
      <word id="b01-122-06-08" tag="IN" text="inside">
        <cmp x="1756" y="1823" width="228" height="86" />
        <cmp x="1806" y="1851" width="7" height="6" />
        <cmp x="1921" y="1835" width="6" height="6" />
      </word>
      <word id="b01-122-06-09" tag="ATI" text="the">
        <cmp x="1983" y="1815" width="126" height="91" />
      </word>
      <upper-contour>
        <point x="337" y="1775" />
        <point x="2110" y="1775" />
      </upper-contour>
      <lower-contour>
        <point x="322" y="1943" />
        <point x="2003" y="1943" />
      </lower-contour>
    </line>
    <line ass="652" asx="0" asy="1987" character-width="999" dss="652" dsx="0" dsy="2132" fd0="13967" fd1="2375" fd2="-899" filter-width="4" id="b01-122-07" lbs="557" lbx="0" lby="2090" segmentation="ok" slant="53000" stroke-width="6744" threshold="172" text="country who still oppose apartheid will be" ubs="841" ubx="0" uby="2069">
      <word id="b01-122-07-00" tag="NN" text="country">
        <cmp x="322" y="1982" width="215" height="146" />
      </word>
      <word id="b01-122-07-01" tag="WP" text="who">
        <cmp x="602" y="1984" width="130" height="97" />
      </word>
      <word id="b01-122-07-02" tag="RB" text="still">
        <cmp x="799" y="1991" width="163" height="90" />
        <cmp x="894" y="2004" width="6" height="6" />
      </word>
      <word id="b01-122-07-03" tag="VB" text="oppose">
        <cmp x="1006" y="2051" width="189" height="61" />
      </word>
      <word id="b01-122-07-04" tag="NN" text="apartheid">
        <cmp x="1266" y="1982" width="356" height="133" />
        <cmp x="1565" y="1996" width="11" height="16" />
      </word>
      <word id="b01-122-07-05" tag="MD" text="will">
        <cmp x="1673" y="1992" width="186" height="90" />
        <cmp x="1773" y="2014" width="6" height="7" />
      </word>
      <word id="b01-122-07-06" tag="BE" text="be">
        <cmp x="1913" y="1992" width="89" height="90" />
      </word>
      <upper-contour>
        <point x="322" y="1943" />
        <point x="2003" y="1943" />
      </upper-contour>
      <lower-contour>
        <point x="324" y="2127" />
        <point x="1692" y="2127" />
      </lower-contour>
    </line>
    <line ass="-106" asx="0" asy="2161" character-width="999" dss="-106" dsx="0" dsy="2282" fd0="12836" fd1="2240" fd2="-484" filter-width="5" id="b01-122-08" lbs="-142" lbx="0" lby="2258" segmentation="ok" slant="58000" stroke-width="7215" threshold="152" text="left even more isolated and alone." ubs="-32" ubx="0" uby="2234">
      <word id="b01-122-08-00" tag="VBN" text="left">
        <cmp x="326" y="2172" width="147" height="111" />
      </word>
      <word id="b01-122-08-01" tag="RB" text="even">
        <cmp x="530" y="2229" width="111" height="31" />
      </word>
      <word id="b01-122-08-02" tag="RBR" text="more">
        <cmp x="711" y="2235" width="123" height="28" />
      </word>
      <word id="b01-122-08-03" tag="VBN" text="isolated">
        <cmp x="930" y="2180" width="272" height="84" />
        <cmp x="996" y="2207" width="7" height="6" />
      </word>
      <word id="b01-122-08-04" tag="CC" text="and">
        <cmp x="1293" y="2189" width="147" height="74" />
      </word>
      <word id="b01-122-08-05" tag="JJ" text="alone">
        <cmp x="1510" y="2164" width="155" height="99" />
      </word>
      <word id="b01-122-08-06" tag="." text=".">
        <cmp x="1685" y="2269" width="7" height="5" />
      </word>
      <upper-contour>
        <point x="324" y="2127" />
        <point x="1692" y="2127" />
      </upper-contour>
    </line>
  </handwritten-part>
</form>

