<?xml version="1.0" encoding="ISO-8859-1"?>

<!DOCTYPE form SYSTEM 'http://www.iam.unibe.ch/~fki/iamdb/form-metadata.dtd'>

<form created="2002-01-14" height="3542" id="b01-018" last-modified="2002-07-17" skew="127" status="final" version="3.0_beta" width="2479" writer-id="088">
  <machine-printed-part>
    <machine-print-line text="THE Commonwealth is a multi-racial society. A policy of racial discrimination in" />
    <machine-print-line text="any of its countries is surely the one thing that it could not survive. Whatever" />
    <machine-print-line text="statesmen say at the conference table in London, millions at home would regard as" />
    <machine-print-line text="fraudulent a Commonwealth which had room for a racist South Africa. And this is a" />
    <machine-print-line text="Commonwealth in which five citizens are coloured for every one who is white." />
  </machine-printed-part>
  <handwritten-part>
    <line ass="-420" asx="0" asy="697" character-width="999" dss="-420" dsx="0" dsy="889" fd0="13552" fd1="2848" fd2="-1124" filter-width="3" id="b01-018-00" lbs="-435" lbx="0" lby="774" segmentation="ok" slant="75000" stroke-width="4785" threshold="182" text="THE Commonwealth is a multi-racial society. A" ubs="-388" ubx="0" uby="733">
      <word id="b01-018-00-00" sentence-start="yes" tag="ATI" text="THE">
        <cmp x="307" y="722" width="101" height="65" />
        <cmp x="340" y="738" width="10" height="50" />
        <cmp x="415" y="727" width="49" height="60" />
        <cmp x="434" y="753" width="32" height="10" />
        <cmp x="439" y="727" width="39" height="6" />
      </word>
      <word id="b01-018-00-01" tag="NN" text="Commonwealth">
        <cmp x="542" y="703" width="100" height="90" />
        <cmp x="641" y="735" width="89" height="54" />
        <cmp x="729" y="734" width="84" height="54" />
        <cmp x="818" y="733" width="80" height="60" />
        <cmp x="894" y="710" width="88" height="77" />
        <cmp x="983" y="710" width="53" height="68" />
      </word>
      <word id="b01-018-00-02" tag="BEZ" text="is">
        <cmp x="1092" y="745" width="36" height="48" />
        <cmp x="1102" y="729" width="9" height="6" />
      </word>
      <word id="b01-018-00-03" tag="AT" text="a">
        <cmp x="1160" y="742" width="38" height="53" />
      </word>
      <word id="b01-018-00-04" tag="JJ" text="multi-racial">
        <cmp x="1237" y="732" width="131" height="71" />
        <cmp x="1364" y="730" width="38" height="68" />
        <cmp x="1413" y="728" width="4" height="6" />
        <cmp x="1428" y="761" width="34" height="9" />
        <cmp x="1467" y="744" width="43" height="59" />
        <cmp x="1493" y="741" width="43" height="53" />
        <cmp x="1523" y="752" width="17" height="42" />
        <cmp x="1536" y="742" width="42" height="53" />
        <cmp x="1568" y="758" width="4" height="4" />
        <cmp x="1577" y="750" width="20" height="43" />
        <cmp x="1599" y="724" width="88" height="69" />
        <cmp x="1602" y="734" width="4" height="5" />
      </word>
      <word id="b01-018-00-05" tag="NN" text="society">
        <cmp x="1723" y="733" width="47" height="58" />
        <cmp x="1764" y="738" width="38" height="50" />
        <cmp x="1798" y="742" width="48" height="46" />
        <cmp x="1842" y="744" width="22" height="47" />
        <cmp x="1856" y="740" width="37" height="46" />
        <cmp x="1866" y="722" width="5" height="6" />
        <cmp x="1871" y="726" width="94" height="178" />
      </word>
      <word id="b01-018-00-06" tag="." text=".">
        <cmp x="1973" y="778" width="4" height="7" />
      </word>
      <word id="b01-018-00-07" sentence-start="yes" tag="AT" text="A">
        <cmp x="2023" y="712" width="81" height="83" />
      </word>
      <lower-contour>
        <point x="332" y="891" />
        <point x="1889" y="905" />
        <point x="1993" y="796" />
        <point x="2092" y="796" />
      </lower-contour>
    </line>
    <line ass="217" asx="0" asy="897" character-width="999" dss="217" dsx="0" dsy="1056" fd0="14306" fd1="2282" fd2="-2257" filter-width="3" id="b01-018-01" lbs="190" lbx="0" lby="965" segmentation="ok" slant="65000" stroke-width="4859" threshold="182" text="policy of racial discrimination in any of its countries" ubs="271" ubx="0" uby="926">
      <word id="b01-018-01-00" tag="NN" text="policy">
        <cmp x="334" y="920" width="44" height="79" />
        <cmp x="379" y="903" width="66" height="74" />
        <cmp x="448" y="906" width="4" height="7" />
        <cmp x="452" y="925" width="38" height="44" />
        <cmp x="486" y="930" width="46" height="75" />
      </word>
      <word id="b01-018-01-01" tag="INO" text="of">
        <cmp x="567" y="902" width="78" height="103" />
      </word>
      <word id="b01-018-01-02" tag="JJ" text="racial">
        <cmp x="681" y="924" width="30" height="48" />
        <cmp x="705" y="915" width="39" height="51" />
        <cmp x="744" y="919" width="39" height="50" />
        <cmp x="779" y="925" width="20" height="46" />
        <cmp x="797" y="905" width="76" height="72" />
        <cmp x="801" y="904" width="4" height="8" />
      </word>
      <word id="b01-018-01-03" tag="NN" text="discrimination">
        <cmp x="922" y="915" width="57" height="57" />
        <cmp x="970" y="906" width="8" height="11" />
        <cmp x="976" y="923" width="43" height="44" />
        <cmp x="993" y="905" width="6" height="6" />
        <cmp x="995" y="935" width="23" height="37" />
        <cmp x="1016" y="915" width="39" height="54" />
        <cmp x="1055" y="919" width="33" height="55" />
        <cmp x="1093" y="898" width="4" height="5" />
        <cmp x="1096" y="918" width="38" height="53" />
        <cmp x="1134" y="930" width="3" height="4" />
        <cmp x="1135" y="918" width="27" height="50" />
        <cmp x="1158" y="925" width="19" height="42" />
        <cmp x="1173" y="922" width="35" height="45" />
        <cmp x="1178" y="902" width="6" height="11" />
        <cmp x="1202" y="918" width="63" height="52" />
        <cmp x="1258" y="924" width="17" height="43" />
        <cmp x="1265" y="900" width="11" height="17" />
        <cmp x="1273" y="917" width="66" height="53" />
        <cmp x="1287" y="893" width="5" height="7" />
      </word>
      <word id="b01-018-01-04" tag="IN" text="in">
        <cmp x="1359" y="925" width="63" height="49" />
        <cmp x="1384" y="893" width="4" height="5" />
      </word>
      <word id="b01-018-01-05" tag="DTI" text="any">
        <cmp x="1455" y="923" width="70" height="47" />
        <cmp x="1495" y="925" width="87" height="127" />
      </word>
      <word id="b01-018-01-06" tag="INO" text="of">
        <cmp x="1612" y="906" width="72" height="95" />
      </word>
      <word id="b01-018-01-07" tag="PP$" text="its">
        <cmp x="1710" y="906" width="70" height="67" />
        <cmp x="1739" y="893" width="5" height="4" />
      </word>
      <word id="b01-018-01-08" tag="NNS" text="countries">
        <cmp x="1833" y="917" width="130" height="55" />
        <cmp x="1963" y="903" width="45" height="65" />
        <cmp x="2011" y="918" width="50" height="51" />
        <cmp x="2043" y="897" width="8" height="7" />
        <cmp x="2048" y="917" width="43" height="52" />
      </word>
      <upper-contour>
        <point x="332" y="891" />
        <point x="1889" y="905" />
        <point x="1993" y="796" />
        <point x="2092" y="796" />
      </upper-contour>
      <lower-contour>
        <point x="338" y="1053" />
        <point x="1959" y="1053" />
      </lower-contour>
    </line>
    <line ass="277" asx="0" asy="1072" character-width="999" dss="277" dsx="0" dsy="1251" fd0="13803" fd1="2151" fd2="-1638" filter-width="3" id="b01-018-02" lbs="455" lbx="0" lby="1149" segmentation="err" slant="74000" stroke-width="4935" threshold="182" text="is surely the one thing that it could not survive." ubs="-80" ubx="0" uby="1097">
      <word id="b01-018-02-00" tag="BEZ" text="is">
        <cmp x="340" y="1095" width="41" height="55" />
      </word>
      <word id="b01-018-02-01" tag="RB" text="surely">
        <cmp x="438" y="1097" width="46" height="54" />
        <cmp x="483" y="1101" width="96" height="52" />
        <cmp x="575" y="1081" width="61" height="149" />
      </word>
      <word id="b01-018-02-02" tag="ATI" text="the">
        <cmp x="684" y="1077" width="81" height="74" />
      </word>
      <word id="b01-018-02-03" tag="CD1" text="one">
        <cmp x="804" y="1094" width="96" height="52" />
      </word>
      <word id="b01-018-02-04" tag="NN" text="thing">
        <cmp x="962" y="1080" width="50" height="70" />
        <cmp x="1006" y="1099" width="71" height="52" />
        <cmp x="1033" y="1102" width="73" height="145" />
        <cmp x="1046" y="1083" width="4" height="4" />
      </word>
      <word id="b01-018-02-05" tag="CS" text="that">
        <cmp x="1170" y="1089" width="58" height="69" />
        <cmp x="1215" y="1087" width="4" height="5" />
        <cmp x="1228" y="1089" width="66" height="64" />
        <cmp x="1294" y="1083" width="4" height="5" />
      </word>
      <word id="b01-018-02-06" tag="PP3" text="it">
        <cmp x="1317" y="1081" width="60" height="72" />
        <cmp x="1341" y="1083" width="11" height="7" />
      </word>
      <word id="b01-018-02-07" tag="MD" text="could">
        <cmp x="1408" y="1095" width="36" height="56" />
        <cmp x="1437" y="1099" width="31" height="47" />
        <cmp x="1464" y="1080" width="73" height="66" />
        <cmp x="1521" y="1087" width="42" height="63" />
      </word>
      <word id="b01-018-02-08" tag="XNOT" text="not">
        <cmp x="1591" y="1103" width="39" height="47" />
        <cmp x="1628" y="1102" width="49" height="46" />
        <cmp x="1662" y="1102" width="26" height="44" />
        <cmp x="1683" y="1088" width="7" height="13" />
      </word>
      <word id="b01-018-02-09" tag="VB" text="survive">
        <cmp x="1720" y="1097" width="57" height="44" />
        <cmp x="1737" y="1103" width="39" height="45" />
        <cmp x="1765" y="1100" width="129" height="50" />
        <cmp x="1896" y="1100" width="57" height="46" />
      </word>
      <word id="b01-018-02-10" tag="." text=".">
        <cmp x="1902" y="1081" width="5" height="10" />
      </word>
      <upper-contour>
        <point x="338" y="1053" />
        <point x="1959" y="1053" />
      </upper-contour>
      <lower-contour>
        <point x="338" y="1242" />
        <point x="1054" y="1247" />
        <point x="1884" y="1147" />
        <point x="1919" y="1147" />
      </lower-contour>
    </line>
    <line ass="43" asx="0" asy="1240" character-width="999" dss="43" dsx="0" dsy="1408" fd0="13756" fd1="2034" fd2="-2096" filter-width="3" id="b01-018-03" lbs="101" lbx="0" lby="1325" segmentation="ok" slant="68999" stroke-width="5081" threshold="182" text="Whatever statesmen say at the conference table in" ubs="-72" ubx="0" uby="1275">
      <word id="b01-018-03-00" sentence-start="yes" tag="WDT" text="Whatever">
        <cmp x="327" y="1240" width="51" height="91" />
        <cmp x="384" y="1244" width="102" height="78" />
        <cmp x="487" y="1271" width="82" height="55" />
      </word>
      <word id="b01-018-03-01" tag="NNS" text="statesmen">
        <cmp x="598" y="1280" width="50" height="47" />
        <cmp x="649" y="1254" width="21" height="71" />
        <cmp x="662" y="1261" width="115" height="70" />
        <cmp x="776" y="1277" width="107" height="52" />
      </word>
      <word id="b01-018-03-02" tag="VB" text="say">
        <cmp x="904" y="1271" width="128" height="138" />
      </word>
      <word id="b01-018-03-03" tag="IN" text="at">
        <cmp x="1084" y="1260" width="76" height="65" />
      </word>
      <word id="b01-018-03-04" tag="ATI" text="the">
        <cmp x="1210" y="1259" width="99" height="74" />
      </word>
      <word id="b01-018-03-05" tag="NN" text="conference">
        <cmp x="1337" y="1251" width="223" height="109" />
        <cmp x="1480" y="1281" width="17" height="14" />
        <cmp x="1535" y="1272" width="42" height="50" />
        <cmp x="1569" y="1276" width="66" height="53" />
      </word>
      <word id="b01-018-03-06" tag="NN" text="table">
        <cmp x="1678" y="1255" width="34" height="83" />
        <cmp x="1700" y="1261" width="80" height="69" />
        <cmp x="1774" y="1258" width="40" height="68" />
      </word>
      <word id="b01-018-03-07" tag="IN" text="in">
        <cmp x="1848" y="1273" width="67" height="50" />
        <cmp x="1884" y="1241" width="34" height="7" />
      </word>
      <upper-contour>
        <point x="338" y="1242" />
        <point x="1054" y="1247" />
        <point x="1884" y="1147" />
        <point x="1919" y="1147" />
      </upper-contour>
      <lower-contour>
        <point x="325" y="1409" />
        <point x="1919" y="1409" />
      </lower-contour>
    </line>
    <line ass="217" asx="0" asy="1427" character-width="999" dss="217" dsx="0" dsy="1604" fd0="13924" fd1="2661" fd2="-2372" filter-width="3" id="b01-018-04" lbs="226" lbx="0" lby="1504" segmentation="ok" slant="73000" stroke-width="5072" threshold="182" text="London, millions at home would regard as fraudulent" ubs="200" ubx="0" uby="1467">
      <word id="b01-018-04-00" tag="NP" text="London">
        <cmp x="318" y="1430" width="62" height="90" />
        <cmp x="374" y="1448" width="159" height="63" />
        <cmp x="492" y="1474" width="3" height="8" />
      </word>
      <word id="b01-018-04-01" tag="," text=",">
        <cmp x="530" y="1495" width="10" height="30" />
      </word>
      <word id="b01-018-04-02" tag="CDS" text="millions">
        <cmp x="583" y="1455" width="43" height="55" />
        <cmp x="625" y="1474" width="24" height="35" />
        <cmp x="636" y="1461" width="5" height="10" />
        <cmp x="647" y="1464" width="13" height="41" />
        <cmp x="648" y="1477" width="4" height="5" />
        <cmp x="665" y="1441" width="3" height="6" />
        <cmp x="666" y="1444" width="38" height="65" />
        <cmp x="690" y="1439" width="4" height="6" />
        <cmp x="703" y="1458" width="75" height="51" />
        <cmp x="705" y="1436" width="3" height="5" />
        <cmp x="771" y="1461" width="26" height="47" />
      </word>
      <word id="b01-018-04-03" tag="IN" text="at">
        <cmp x="824" y="1446" width="74" height="64" />
      </word>
      <word id="b01-018-04-04" tag="NR" text="home">
        <cmp x="954" y="1444" width="35" height="68" />
        <cmp x="988" y="1461" width="122" height="50" />
      </word>
      <word id="b01-018-04-05" tag="MD" text="would">
        <cmp x="1144" y="1454" width="48" height="50" />
        <cmp x="1187" y="1442" width="85" height="66" />
        <cmp x="1261" y="1441" width="43" height="67" />
      </word>
      <word id="b01-018-04-06" tag="VB" text="regard">
        <cmp x="1332" y="1453" width="58" height="53" />
        <cmp x="1337" y="1456" width="76" height="144" />
        <cmp x="1338" y="1520" width="4" height="9" />
        <cmp x="1407" y="1449" width="84" height="52" />
        <cmp x="1479" y="1450" width="44" height="60" />
        <cmp x="1523" y="1443" width="5" height="7" />
      </word>
      <word id="b01-018-04-07" tag="CS" text="as">
        <cmp x="1572" y="1461" width="71" height="46" />
      </word>
      <word id="b01-018-04-08" tag="JJ" text="fraudulent">
        <cmp x="1671" y="1478" width="41" height="26" />
        <cmp x="1699" y="1421" width="51" height="129" />
        <cmp x="1713" y="1473" width="5" height="5" />
        <cmp x="1740" y="1455" width="29" height="48" />
        <cmp x="1751" y="1438" width="3" height="4" />
        <cmp x="1755" y="1454" width="80" height="54" />
        <cmp x="1839" y="1439" width="188" height="66" />
        <cmp x="2016" y="1438" width="35" height="62" />
      </word>
      <upper-contour>
        <point x="325" y="1409" />
        <point x="1919" y="1409" />
      </upper-contour>
      <lower-contour>
        <point x="348" y="1599" />
        <point x="1364" y="1600" />
        <point x="1991" y="1600" />
      </lower-contour>
    </line>
    <line ass="-112" asx="0" asy="1601" character-width="999" dss="-112" dsx="0" dsy="1699" fd0="13685" fd1="2013" fd2="-2454" filter-width="3" id="b01-018-05" lbs="-126" lbx="0" lby="1683" segmentation="ok" slant="72000" stroke-width="4770" threshold="172" text="a Commonwealth which had room for a racist" ubs="-84" ubx="0" uby="1635">
      <word id="b01-018-05-00" tag="AT" text="a">
        <cmp x="350" y="1635" width="36" height="55" />
      </word>
      <word id="b01-018-05-01" tag="NN" text="Commonwealth">
        <cmp x="446" y="1603" width="45" height="89" />
        <cmp x="480" y="1630" width="124" height="56" />
        <cmp x="613" y="1633" width="10" height="49" />
        <cmp x="631" y="1631" width="74" height="55" />
        <cmp x="719" y="1633" width="76" height="57" />
        <cmp x="789" y="1611" width="78" height="76" />
        <cmp x="855" y="1628" width="9" height="19" />
        <cmp x="867" y="1610" width="67" height="75" />
      </word>
      <word id="b01-018-05-02" tag="WDT" text="which">
        <cmp x="991" y="1633" width="41" height="58" />
        <cmp x="1031" y="1613" width="57" height="75" />
        <cmp x="1084" y="1629" width="66" height="71" />
        <cmp x="1090" y="1623" width="5" height="9" />
      </word>
      <word id="b01-018-05-03" tag="HVD" text="had">
        <cmp x="1186" y="1659" width="41" height="32" />
        <cmp x="1220" y="1609" width="94" height="83" />
        <cmp x="1249" y="1626" width="4" height="7" />
        <cmp x="1307" y="1626" width="21" height="55" />
        <cmp x="1332" y="1610" width="3" height="7" />
      </word>
      <word id="b01-018-05-04" tag="NN" text="room">
        <cmp x="1386" y="1632" width="64" height="58" />
        <cmp x="1441" y="1636" width="109" height="51" />
      </word>
      <word id="b01-018-05-05" tag="IN" text="for">
        <cmp x="1588" y="1649" width="40" height="37" />
        <cmp x="1617" y="1611" width="33" height="92" />
        <cmp x="1637" y="1635" width="72" height="51" />
      </word>
      <word id="b01-018-05-06" tag="AT" text="a">
        <cmp x="1738" y="1633" width="43" height="58" />
      </word>
      <word id="b01-018-05-07" tag="NN" text="racist">
        <cmp x="1818" y="1636" width="62" height="58" />
        <cmp x="1876" y="1635" width="38" height="52" />
        <cmp x="1907" y="1631" width="53" height="56" />
        <cmp x="1925" y="1640" width="4" height="8" />
        <cmp x="1936" y="1620" width="3" height="8" />
        <cmp x="1956" y="1605" width="34" height="69" />
      </word>
      <upper-contour>
        <point x="348" y="1599" />
        <point x="1364" y="1600" />
        <point x="1991" y="1600" />
      </upper-contour>
      <lower-contour>
        <point x="348" y="1704" />
        <point x="1991" y="1704" />
      </lower-contour>
    </line>
    <line ass="-328" asx="0" asy="1773" character-width="999" dss="-328" dsx="0" dsy="1910" fd0="13976" fd1="2334" fd2="-1978" filter-width="3" id="b01-018-06" lbs="-393" lbx="0" lby="1849" segmentation="ok" slant="83000" stroke-width="5005" threshold="182" text="South Africa. And this is a Commonwealth in" ubs="-198" ubx="0" uby="1809">
      <word id="b01-018-06-00" tag="NP" text="South">
        <cmp x="343" y="1781" width="68" height="78" />
        <cmp x="418" y="1806" width="67" height="51" />
        <cmp x="491" y="1785" width="57" height="70" />
      </word>
      <word id="b01-018-06-01" tag="NP" text="Africa">
        <cmp x="599" y="1783" width="87" height="132" />
        <cmp x="649" y="1880" width="4" height="6" />
        <cmp x="688" y="1807" width="36" height="56" />
        <cmp x="724" y="1790" width="6" height="6" />
        <cmp x="734" y="1813" width="33" height="53" />
        <cmp x="766" y="1814" width="36" height="50" />
      </word>
      <word id="b01-018-06-02" tag="." text=".">
        <cmp x="821" y="1856" width="4" height="5" />
      </word>
      <word id="b01-018-06-03" sentence-start="yes" tag="CC" text="And">
        <cmp x="858" y="1795" width="87" height="75" />
        <cmp x="952" y="1809" width="43" height="56" />
        <cmp x="995" y="1805" width="3" height="4" />
      </word>
      <word id="b01-018-06-04" tag="DT" text="this">
        <cmp x="1055" y="1803" width="88" height="76" />
        <cmp x="1138" y="1821" width="28" height="52" />
        <cmp x="1147" y="1792" width="5" height="7" />
      </word>
      <word id="b01-018-06-05" tag="BEZ" text="is">
        <cmp x="1225" y="1819" width="43" height="43" />
        <cmp x="1242" y="1788" width="11" height="6" />
      </word>
      <word id="b01-018-06-06" tag="AT" text="a">
        <cmp x="1310" y="1810" width="41" height="57" />
      </word>
      <word id="b01-018-06-07" tag="NN" text="Commonwealth">
        <cmp x="1403" y="1785" width="57" height="89" />
        <cmp x="1447" y="1788" width="104" height="79" />
        <cmp x="1535" y="1819" width="62" height="47" />
        <cmp x="1594" y="1811" width="45" height="51" />
        <cmp x="1628" y="1816" width="46" height="47" />
        <cmp x="1650" y="1827" width="23" height="36" />
        <cmp x="1673" y="1811" width="89" height="55" />
        <cmp x="1747" y="1796" width="91" height="65" />
        <cmp x="1824" y="1792" width="79" height="66" />
      </word>
      <word id="b01-018-06-08" tag="IN" text="in">
        <cmp x="1944" y="1812" width="49" height="47" />
        <cmp x="1977" y="1785" width="7" height="5" />
        <cmp x="1993" y="1819" width="17" height="38" />
      </word>
      <upper-contour>
        <point x="348" y="1704" />
        <point x="1991" y="1704" />
      </upper-contour>
      <lower-contour>
        <point x="345" y="1914" />
        <point x="2011" y="1914" />
      </lower-contour>
    </line>
    <line ass="197" asx="0" asy="1959" character-width="999" dss="197" dsx="0" dsy="2142" fd0="13678" fd1="2150" fd2="-2185" filter-width="3" id="b01-018-07" lbs="327" lbx="0" lby="2043" segmentation="ok" slant="71000" stroke-width="4934" threshold="182" text="which five citizens are coloured for every one" ubs="-63" ubx="0" uby="1996">
      <word id="b01-018-07-00" tag="WDT" text="which">
        <cmp x="347" y="1977" width="36" height="62" />
        <cmp x="388" y="1959" width="119" height="81" />
        <cmp x="442" y="1959" width="4" height="5" />
      </word>
      <word id="b01-018-07-01" tag="CD" text="five">
        <cmp x="575" y="1970" width="77" height="110" />
        <cmp x="654" y="1979" width="5" height="7" />
        <cmp x="666" y="1998" width="51" height="54" />
      </word>
      <word id="b01-018-07-02" tag="NNS" text="citizens">
        <cmp x="776" y="1991" width="56" height="56" />
        <cmp x="833" y="1977" width="5" height="5" />
        <cmp x="840" y="1972" width="40" height="73" />
        <cmp x="883" y="1974" width="9" height="4" />
        <cmp x="890" y="1996" width="45" height="53" />
        <cmp x="934" y="1993" width="109" height="51" />
      </word>
      <word id="b01-018-07-03" tag="BER" text="are">
        <cmp x="1096" y="1987" width="112" height="59" />
      </word>
      <word id="b01-018-07-04" tag="JJ" text="coloured">
        <cmp x="1272" y="1966" width="113" height="77" />
        <cmp x="1365" y="1981" width="180" height="64" />
      </word>
      <word id="b01-018-07-05" tag="IN" text="for">
        <cmp x="1586" y="1999" width="49" height="37" />
        <cmp x="1616" y="1970" width="43" height="98" />
        <cmp x="1640" y="1993" width="67" height="47" />
        <cmp x="1655" y="1978" width="3" height="4" />
      </word>
      <word id="b01-018-07-06" tag="AT" text="every">
        <cmp x="1734" y="1988" width="178" height="149" />
        <cmp x="1775" y="2001" width="4" height="5" />
      </word>
      <word id="b01-018-07-07" tag="CD1" text="one">
        <cmp x="1944" y="1992" width="116" height="48" />
      </word>
      <upper-contour>
        <point x="345" y="1914" />
        <point x="2011" y="1914" />
      </upper-contour>
      <lower-contour>
        <point x="345" y="2079" />
        <point x="776" y="2079" />
      </lower-contour>
    </line>
    <line ass="897" asx="0" asy="2149" character-width="999" dss="897" dsx="0" dsy="2241" fd0="12067" fd1="2387" fd2="-2090" filter-width="3" id="b01-018-08" lbs="1103" lbx="0" lby="2233" segmentation="ok" slant="84000" stroke-width="4893" threshold="172" text="who is white." ubs="486" ubx="0" uby="2172">
      <word id="b01-018-08-00" tag="WP" text="who">
        <cmp x="342" y="2165" width="43" height="62" />
        <cmp x="386" y="2144" width="30" height="81" />
        <cmp x="420" y="2170" width="25" height="53" />
      </word>
      <word id="b01-018-08-01" tag="BEZ" text="is">
        <cmp x="507" y="2172" width="33" height="56" />
        <cmp x="512" y="2152" width="8" height="6" />
      </word>
      <word id="b01-018-08-02" tag="JJ" text="white">
        <cmp x="606" y="2172" width="48" height="61" />
        <cmp x="659" y="2144" width="101" height="77" />
        <cmp x="708" y="2147" width="7" height="4" />
      </word>
      <word id="b01-018-08-03" tag="." text=".">
        <cmp x="771" y="2211" width="5" height="5" />
      </word>
      <upper-contour>
        <point x="345" y="2079" />
        <point x="776" y="2079" />
      </upper-contour>
    </line>
  </handwritten-part>
</form>

