<?xml version="1.0" encoding="ISO-8859-1"?>

<!DOCTYPE form SYSTEM 'http://www.iam.unibe.ch/~fki/iamdb/form-metadata.dtd'>

<form created="2002-01-14" height="3542" id="b01-136" last-modified="2002-07-17" skew="95" status="final" version="3.0_beta" width="2479" writer-id="094">
  <machine-printed-part>
    <machine-print-line text="Unless they do at least that, Dr. Verwoerd will be able to return home claiming a" />
    <machine-print-line text="triumph. His smile will be blander than ever. WE are in for it again: another Royal" />
    <machine-print-line text="Wedding. Between now and June, when the Duke of Kent will marry Miss Worsley," />
    <machine-print-line text="hardly a day will pass without a story or a picture or probably both, about the nuptial" />
    <machine-print-line text="arrangements." />
  </machine-printed-part>
  <handwritten-part>
    <line ass="-64" asx="0" asy="736" character-width="999" dss="-64" dsx="0" dsy="875" fd0="12220" fd1="2622" fd2="-1335" filter-width="3" id="b01-136-00" lbs="-65" lbx="0" lby="826" segmentation="err" slant="90000" stroke-width="5580" threshold="182" text="Unless they do at least that, Dr. Verwoerd will" ubs="-63" ubx="0" uby="786">
      <word id="b01-136-00-00" sentence-start="yes" tag="CS" text="Unless">
        <cmp x="364" y="746" width="12" height="83" />
        <cmp x="375" y="795" width="6" height="15" />
        <cmp x="382" y="743" width="30" height="81" />
        <cmp x="411" y="799" width="4" height="4" />
        <cmp x="414" y="740" width="152" height="96" />
      </word>
      <word id="b01-136-00-01" tag="PP3AS" text="they">
        <cmp x="664" y="748" width="142" height="129" />
      </word>
      <word id="b01-136-00-02" tag="DO" text="do">
        <cmp x="879" y="739" width="34" height="92" />
        <cmp x="920" y="780" width="22" height="47" />
      </word>
      <word id="b01-136-00-03" tag="RB21" text="at">
        <cmp x="1014" y="748" width="76" height="90" />
        <cmp x="1070" y="739" width="5" height="7" />
      </word>
      <word id="b01-136-00-04" tag="RB22" text="least">
        <cmp x="1137" y="748" width="117" height="96" />
        <cmp x="1254" y="748" width="22" height="84" />
      </word>
      <word id="b01-136-00-05" tag="DT" text="that">
        <cmp x="1339" y="756" width="74" height="81" />
        <cmp x="1414" y="791" width="34" height="41" />
        <cmp x="1444" y="749" width="40" height="84" />
        <cmp x="1482" y="832" width="11" height="31" />
      </word>
      <word id="b01-136-00-06" tag="," text=",">
        <cmp x="1541" y="754" width="63" height="78" />
      </word>
      <word id="b01-136-00-07" tag="NPT" text="Dr.">
        <cmp x="1604" y="821" width="5" height="6" />
        <cmp x="1652" y="746" width="35" height="78" />
      </word>
      <word id="b01-136-00-08" tag="NP" text="Verwoerd">
        <cmp x="1679" y="776" width="46" height="59" />
        <cmp x="1730" y="783" width="109" height="44" />
        <cmp x="1836" y="752" width="64" height="76" />
        <cmp x="1843" y="818" width="3" height="4" />
      </word>
      <word id="b01-136-00-09" tag="MD" text="will">
        <cmp x="1975" y="781" width="63" height="47" />
        <cmp x="2037" y="739" width="21" height="89" />
        <cmp x="2066" y="749" width="8" height="92" />
      </word>
      <lower-contour>
        <point x="362" y="877" />
        <point x="2013" y="877" />
      </lower-contour>
    </line>
    <line ass="-187" asx="0" asy="907" character-width="999" dss="-187" dsx="0" dsy="1063" fd0="12668" fd1="2598" fd2="-892" filter-width="4" id="b01-136-01" lbs="-259" lbx="0" lby="1000" segmentation="ok" slant="90000" stroke-width="5721" threshold="182" text="be able to return home claiming a triumph." ubs="-42" ubx="0" uby="968">
      <word id="b01-136-01-00" tag="BE" text="be">
        <cmp x="364" y="913" width="71" height="110" />
      </word>
      <word id="b01-136-01-01" tag="JJ" text="able">
        <cmp x="511" y="951" width="40" height="53" />
        <cmp x="556" y="915" width="30" height="90" />
        <cmp x="587" y="921" width="56" height="85" />
      </word>
      <word id="b01-136-01-02" tag="TO" text="to">
        <cmp x="702" y="928" width="53" height="78" />
      </word>
      <word id="b01-136-01-03" tag="VB" text="return">
        <cmp x="801" y="962" width="72" height="59" />
        <cmp x="878" y="915" width="125" height="106" />
      </word>
      <word id="b01-136-01-04" tag="NR" text="home">
        <cmp x="1047" y="931" width="172" height="84" />
      </word>
      <word id="b01-136-01-05" tag="VBG" text="claiming">
        <cmp x="1281" y="956" width="32" height="56" />
        <cmp x="1316" y="932" width="154" height="76" />
        <cmp x="1365" y="922" width="19" height="13" />
        <cmp x="1463" y="940" width="6" height="8" />
        <cmp x="1478" y="961" width="65" height="108" />
      </word>
      <word id="b01-136-01-06" tag="AT" text="a">
        <cmp x="1609" y="955" width="37" height="48" />
      </word>
      <word id="b01-136-01-07" tag="NN" text="triumph">
        <cmp x="1686" y="924" width="66" height="86" />
        <cmp x="1750" y="930" width="9" height="5" />
        <cmp x="1763" y="965" width="103" height="41" />
        <cmp x="1875" y="957" width="33" height="84" />
        <cmp x="1913" y="914" width="40" height="97" />
      </word>
      <word id="b01-136-01-08" tag="." text=".">
        <cmp x="2005" y="1000" width="8" height="6" />
      </word>
      <upper-contour>
        <point x="362" y="877" />
        <point x="2013" y="877" />
      </upper-contour>
      <lower-contour>
        <point x="362" y="1069" />
        <point x="2013" y="1069" />
      </lower-contour>
    </line>
    <line ass="166" asx="0" asy="1102" character-width="999" dss="166" dsx="0" dsy="1207" fd0="12741" fd1="2872" fd2="-907" filter-width="3" id="b01-136-02" lbs="136" lbx="0" lby="1189" segmentation="ok" slant="90000" stroke-width="5568" threshold="182" text="His smile will be blander than ever. WE are in" ubs="226" ubx="0" uby="1152">
      <word id="b01-136-02-00" sentence-start="yes" tag="PP$" text="His">
        <cmp x="361" y="1107" width="84" height="100" />
        <cmp x="407" y="1105" width="6" height="5" />
      </word>
      <word id="b01-136-02-01" tag="NN" text="smile">
        <cmp x="502" y="1133" width="28" height="54" />
        <cmp x="538" y="1152" width="86" height="35" />
        <cmp x="618" y="1106" width="72" height="79" />
      </word>
      <word id="b01-136-02-02" tag="MD" text="will">
        <cmp x="739" y="1147" width="59" height="39" />
        <cmp x="799" y="1101" width="25" height="83" />
        <cmp x="828" y="1102" width="11" height="76" />
      </word>
      <word id="b01-136-02-03" tag="BE" text="be">
        <cmp x="903" y="1110" width="65" height="86" />
      </word>
      <word id="b01-136-02-04" tag="JJR" text="blander">
        <cmp x="1012" y="1104" width="32" height="89" />
        <cmp x="1053" y="1109" width="102" height="81" />
        <cmp x="1157" y="1120" width="86" height="68" />
        <cmp x="1183" y="1109" width="7" height="10" />
      </word>
      <word id="b01-136-02-05" tag="CS" text="than">
        <cmp x="1292" y="1109" width="103" height="82" />
        <cmp x="1396" y="1140" width="40" height="47" />
      </word>
      <word id="b01-136-02-06" tag="RB" text="ever">
        <cmp x="1500" y="1135" width="64" height="61" />
        <cmp x="1568" y="1136" width="51" height="54" />
      </word>
      <word id="b01-136-02-07" tag="." text=".">
        <cmp x="1636" y="1179" width="9" height="8" />
      </word>
      <word id="b01-136-02-08" sentence-start="yes" tag="PP1AS" text="WE">
        <cmp x="1671" y="1103" width="55" height="82" />
        <cmp x="1735" y="1108" width="39" height="78" />
      </word>
      <word id="b01-136-02-09" tag="BER" text="are">
        <cmp x="1844" y="1141" width="92" height="49" />
      </word>
      <word id="b01-136-02-10" tag="IN" text="in">
        <cmp x="1988" y="1146" width="9" height="37" />
        <cmp x="1998" y="1113" width="7" height="17" />
        <cmp x="2002" y="1145" width="34" height="34" />
      </word>
      <upper-contour>
        <point x="362" y="1069" />
        <point x="2013" y="1069" />
      </upper-contour>
      <lower-contour>
        <point x="359" y="1206" />
        <point x="2023" y="1206" />
      </lower-contour>
    </line>
    <line ass="-137" asx="0" asy="1251" character-width="999" dss="-137" dsx="0" dsy="1438" fd0="12786" fd1="2481" fd2="-1227" filter-width="4" id="b01-136-03" lbs="-225" lbx="0" lby="1356" segmentation="ok" slant="90000" stroke-width="5789" threshold="189" text="for it again: another Royal Wedding. Between" ubs="38" ubx="0" uby="1325">
      <word id="b01-136-03-00" tag="IN" text="for">
        <cmp x="351" y="1290" width="75" height="138" />
      </word>
      <word id="b01-136-03-01" tag="PP3" text="it">
        <cmp x="481" y="1282" width="37" height="77" />
        <cmp x="486" y="1324" width="11" height="36" />
      </word>
      <word id="b01-136-03-02" tag="RB" text="again">
        <cmp x="614" y="1317" width="45" height="53" />
        <cmp x="656" y="1319" width="27" height="110" />
        <cmp x="691" y="1319" width="56" height="42" />
        <cmp x="735" y="1306" width="7" height="9" />
        <cmp x="755" y="1328" width="38" height="30" />
      </word>
      <word id="b01-136-03-03" tag=":" text=":">
        <cmp x="814" y="1327" width="7" height="7" />
        <cmp x="814" y="1341" width="9" height="7" />
      </word>
      <word id="b01-136-03-04" tag="DT" text="another">
        <cmp x="893" y="1313" width="122" height="57" />
        <cmp x="1030" y="1278" width="103" height="85" />
      </word>
      <word id="b01-136-03-05" tag="JJ" text="Royal">
        <cmp x="1191" y="1284" width="101" height="126" />
        <cmp x="1292" y="1318" width="35" height="49" />
        <cmp x="1329" y="1279" width="18" height="91" />
      </word>
      <word id="b01-136-03-06" tag="NN" text="Wedding">
        <cmp x="1402" y="1280" width="120" height="91" />
        <cmp x="1521" y="1273" width="54" height="81" />
        <cmp x="1576" y="1285" width="75" height="158" />
      </word>
      <word id="b01-136-03-07" tag="." text=".">
        <cmp x="1695" y="1350" width="6" height="5" />
      </word>
      <word id="b01-136-03-08" sentence-start="yes" tag="IN" text="Between">
        <cmp x="1756" y="1256" width="266" height="115" />
      </word>
      <upper-contour>
        <point x="359" y="1206" />
        <point x="2023" y="1206" />
      </upper-contour>
      <lower-contour>
        <point x="349" y="1443" />
        <point x="1961" y="1443" />
      </lower-contour>
    </line>
    <line ass="140" asx="0" asy="1452" character-width="999" dss="140" dsx="0" dsy="1610" fd0="12627" fd1="2798" fd2="-677" filter-width="4" id="b01-136-04" lbs="115" lbx="0" lby="1547" segmentation="ok" slant="95000" stroke-width="5807" threshold="182" text="now and June, when the Duke of Kent will" ubs="189" ubx="0" uby="1511">
      <word id="b01-136-04-00" tag="RN" text="now">
        <cmp x="349" y="1495" width="115" height="54" />
      </word>
      <word id="b01-136-04-01" tag="CC" text="and">
        <cmp x="527" y="1461" width="127" height="92" />
      </word>
      <word id="b01-136-04-02" tag="NR" text="June">
        <cmp x="714" y="1471" width="32" height="138" />
        <cmp x="748" y="1511" width="131" height="38" />
      </word>
      <word id="b01-136-04-03" tag="," text=",">
        <cmp x="898" y="1535" width="11" height="37" />
      </word>
      <word id="b01-136-04-04" tag="WRB" text="when">
        <cmp x="953" y="1507" width="45" height="43" />
        <cmp x="996" y="1461" width="121" height="86" />
      </word>
      <word id="b01-136-04-05" tag="ATI" text="the">
        <cmp x="1158" y="1466" width="120" height="78" />
      </word>
      <word id="b01-136-04-06" tag="NPT" text="Duke">
        <cmp x="1325" y="1470" width="48" height="91" />
        <cmp x="1378" y="1512" width="33" height="32" />
        <cmp x="1418" y="1464" width="81" height="85" />
      </word>
      <word id="b01-136-04-07" tag="INO" text="of">
        <cmp x="1540" y="1506" width="30" height="39" />
        <cmp x="1572" y="1450" width="24" height="146" />
      </word>
      <word id="b01-136-04-08" tag="NP" text="Kent">
        <cmp x="1648" y="1451" width="140" height="91" />
      </word>
      <word id="b01-136-04-09" tag="MD" text="will">
        <cmp x="1856" y="1503" width="69" height="52" />
        <cmp x="1921" y="1467" width="26" height="75" />
        <cmp x="1947" y="1471" width="13" height="72" />
      </word>
      <upper-contour>
        <point x="349" y="1443" />
        <point x="1961" y="1443" />
      </upper-contour>
      <lower-contour>
        <point x="347" y="1609" />
        <point x="1961" y="1609" />
      </lower-contour>
    </line>
    <line ass="-396" asx="0" asy="1618" character-width="999" dss="-396" dsx="0" dsy="1765" fd0="12796" fd1="2952" fd2="-891" filter-width="4" id="b01-136-05" lbs="-467" lbx="0" lby="1712" segmentation="ok" slant="90000" stroke-width="5827" threshold="182" text="marry Miss Worsley, hardly a day will pass" ubs="-255" ubx="0" uby="1670">
      <word id="b01-136-05-00" tag="VB" text="marry">
        <cmp x="343" y="1673" width="52" height="48" />
        <cmp x="409" y="1674" width="153" height="50" />
        <cmp x="538" y="1712" width="7" height="49" />
      </word>
      <word id="b01-136-05-01" tag="NPT" text="Miss">
        <cmp x="629" y="1625" width="70" height="97" />
        <cmp x="687" y="1652" width="12" height="7" />
        <cmp x="708" y="1672" width="49" height="54" />
      </word>
      <word id="b01-136-05-02" tag="NP" text="Worsley">
        <cmp x="830" y="1630" width="57" height="87" />
        <cmp x="895" y="1670" width="55" height="52" />
        <cmp x="946" y="1671" width="29" height="51" />
        <cmp x="994" y="1632" width="90" height="142" />
      </word>
      <word id="b01-136-05-03" tag="," text=",">
        <cmp x="1101" y="1713" width="8" height="35" />
      </word>
      <word id="b01-136-05-04" tag="RB" text="hardly">
        <cmp x="1147" y="1636" width="113" height="99" />
        <cmp x="1272" y="1631" width="66" height="86" />
        <cmp x="1337" y="1638" width="53" height="111" />
        <cmp x="1346" y="1628" width="8" height="9" />
      </word>
      <word id="b01-136-05-05" tag="AT" text="a">
        <cmp x="1443" y="1677" width="38" height="45" />
      </word>
      <word id="b01-136-05-06" tag="NN" text="day">
        <cmp x="1515" y="1648" width="122" height="79" />
        <cmp x="1618" y="1714" width="7" height="41" />
      </word>
      <word id="b01-136-05-07" tag="MD" text="will">
        <cmp x="1713" y="1674" width="81" height="46" />
        <cmp x="1785" y="1638" width="33" height="79" />
        <cmp x="1821" y="1642" width="11" height="77" />
      </word>
      <word id="b01-136-05-08" tag="VB" text="pass">
        <cmp x="1952" y="1671" width="39" height="89" />
        <cmp x="1993" y="1677" width="32" height="43" />
        <cmp x="2033" y="1674" width="23" height="43" />
        <cmp x="2047" y="1677" width="38" height="50" />
      </word>
      <upper-contour>
        <point x="347" y="1609" />
        <point x="1961" y="1609" />
      </upper-contour>
      <lower-contour>
        <point x="341" y="1774" />
        <point x="2086" y="1774" />
      </lower-contour>
    </line>
    <line ass="-34" asx="0" asy="1803" character-width="999" dss="-34" dsx="0" dsy="1955" fd0="12359" fd1="2766" fd2="-857" filter-width="4" id="b01-136-06" lbs="50" lbx="0" lby="1904" segmentation="ok" slant="90000" stroke-width="5796" threshold="182" text="without a story or a picture or probably both," ubs="-204" ubx="0" uby="1854">
      <word id="b01-136-06-00" tag="IN" text="without">
        <cmp x="337" y="1844" width="67" height="59" />
        <cmp x="390" y="1808" width="21" height="15" />
        <cmp x="413" y="1804" width="132" height="101" />
        <cmp x="539" y="1815" width="44" height="97" />
      </word>
      <word id="b01-136-06-01" tag="AT" text="a">
        <cmp x="657" y="1856" width="36" height="49" />
      </word>
      <word id="b01-136-06-02" tag="NN" text="story">
        <cmp x="747" y="1816" width="88" height="98" />
        <cmp x="851" y="1856" width="56" height="93" />
      </word>
      <word id="b01-136-06-03" tag="CC" text="or">
        <cmp x="962" y="1851" width="62" height="52" />
      </word>
      <word id="b01-136-06-04" tag="AT" text="a">
        <cmp x="1081" y="1856" width="37" height="46" />
      </word>
      <word id="b01-136-06-05" tag="NN" text="picture">
        <cmp x="1193" y="1856" width="47" height="85" />
        <cmp x="1232" y="1836" width="7" height="6" />
        <cmp x="1252" y="1855" width="40" height="40" />
        <cmp x="1293" y="1820" width="150" height="90" />
      </word>
      <word id="b01-136-06-06" tag="CC" text="or">
        <cmp x="1515" y="1856" width="28" height="47" />
        <cmp x="1548" y="1845" width="31" height="55" />
      </word>
      <word id="b01-136-06-07" tag="RB" text="probably">
        <cmp x="1649" y="1855" width="34" height="79" />
        <cmp x="1690" y="1863" width="46" height="38" />
        <cmp x="1748" y="1822" width="32" height="78" />
        <cmp x="1793" y="1858" width="33" height="34" />
        <cmp x="1831" y="1819" width="28" height="74" />
        <cmp x="1869" y="1817" width="49" height="70" />
        <cmp x="1898" y="1885" width="10" height="72" />
      </word>
      <word id="b01-136-06-08" tag="ABX" text="both">
        <cmp x="1992" y="1813" width="38" height="90" />
        <cmp x="2034" y="1862" width="24" height="37" />
        <cmp x="2060" y="1821" width="51" height="98" />
      </word>
      <word id="b01-136-06-09" tag="," text=",">
        <cmp x="2122" y="1883" width="8" height="35" />
      </word>
      <upper-contour>
        <point x="341" y="1774" />
        <point x="2086" y="1774" />
      </upper-contour>
      <lower-contour>
        <point x="335" y="1949" />
        <point x="1625" y="1949" />
      </lower-contour>
    </line>
    <line ass="242" asx="0" asy="1998" character-width="999" dss="242" dsx="0" dsy="2152" fd0="13077" fd1="2596" fd2="-1139" filter-width="3" id="b01-136-07" lbs="344" lbx="0" lby="2084" segmentation="ok" slant="91000" stroke-width="5616" threshold="182" text="about the nuptial arrangements." ubs="38" ubx="0" uby="2040">
      <word id="b01-136-07-00" tag="IN" text="about">
        <cmp x="334" y="2030" width="33" height="63" />
        <cmp x="371" y="1998" width="30" height="87" />
        <cmp x="406" y="2005" width="95" height="78" />
      </word>
      <word id="b01-136-07-01" tag="ATI" text="the">
        <cmp x="557" y="2004" width="104" height="83" />
      </word>
      <word id="b01-136-07-02" tag="JJ" text="nuptial">
        <cmp x="731" y="2040" width="99" height="42" />
        <cmp x="830" y="2040" width="27" height="83" />
        <cmp x="869" y="2007" width="34" height="72" />
        <cmp x="899" y="2014" width="4" height="4" />
        <cmp x="913" y="2033" width="44" height="47" />
        <cmp x="961" y="2001" width="23" height="72" />
      </word>
      <word id="b01-136-07-03" tag="NNS" text="arrangements">
        <cmp x="1060" y="2026" width="124" height="52" />
        <cmp x="1176" y="2031" width="149" height="117" />
        <cmp x="1329" y="2041" width="214" height="44" />
        <cmp x="1551" y="1993" width="45" height="81" />
      </word>
      <word id="b01-136-07-04" tag="." text=".">
        <cmp x="1619" y="2072" width="6" height="6" />
      </word>
      <upper-contour>
        <point x="335" y="1949" />
        <point x="1625" y="1949" />
      </upper-contour>
    </line>
  </handwritten-part>
</form>

