<?xml version="1.0" encoding="ISO-8859-1"?>

<!DOCTYPE form SYSTEM 'http://www.iam.unibe.ch/~fki/iamdb/form-metadata.dtd'>

<form created="2002-01-14" height="3542" id="b01-027" last-modified="2002-07-17" skew="223" status="final" version="3.0_beta" width="2479" writer-id="089">
  <machine-printed-part>
    <machine-print-line text="THE Queen and the Duke of Edinburgh come home tonight from their tour in the East." />
    <machine-print-line text="The duke&apos;s trigger-finger and the ritual slaughter of beasts have taken the headlines" />
    <machine-print-line text="in this country. Nevertheless, the tour has been an immense success. The Queen has" />
    <machine-print-line text="won a triumph. It would be pleasanter if such cruel and feudal performances as tiger" />
    <machine-print-line text="and rhino hunts were dropped from future Royal programmes." />
  </machine-printed-part>
  <handwritten-part>
    <line ass="-34" asx="0" asy="747" character-width="999" dss="-34" dsx="0" dsy="885" fd0="13558" fd1="2575" fd2="-1549" filter-width="4" id="b01-027-00" lbs="27" lbx="0" lby="831" segmentation="ok" slant="72000" stroke-width="5746" threshold="182" text="THE Queen and the Duke of Edinburgh come home" ubs="-159" ubx="0" uby="786">
      <word id="b01-027-00-00" sentence-start="yes" tag="ATI" text="THE">
        <cmp x="346" y="753" width="89" height="83" />
        <cmp x="428" y="757" width="46" height="70" />
      </word>
      <word id="b01-027-00-01" tag="NPT" text="Queen">
        <cmp x="521" y="759" width="189" height="76" />
      </word>
      <word id="b01-027-00-02" tag="CC" text="and">
        <cmp x="765" y="790" width="84" height="42" />
        <cmp x="855" y="767" width="44" height="62" />
      </word>
      <word id="b01-027-00-03" tag="ATI" text="the">
        <cmp x="930" y="760" width="101" height="75" />
      </word>
      <word id="b01-027-00-04" tag="NPT" text="Duke">
        <cmp x="1059" y="758" width="165" height="81" />
      </word>
      <word id="b01-027-00-05" tag="INO" text="of">
        <cmp x="1246" y="748" width="73" height="118" />
      </word>
      <word id="b01-027-00-06" tag="NP" text="Edinburgh">
        <cmp x="1333" y="758" width="150" height="74" />
        <cmp x="1437" y="761" width="5" height="6" />
        <cmp x="1493" y="757" width="108" height="73" />
        <cmp x="1583" y="757" width="97" height="130" />
      </word>
      <word id="b01-027-00-07" tag="VB" text="come">
        <cmp x="1726" y="790" width="33" height="45" />
        <cmp x="1765" y="788" width="139" height="41" />
      </word>
      <word id="b01-027-00-08" tag="NR" text="home">
        <cmp x="1962" y="754" width="181" height="83" />
      </word>
      <lower-contour>
        <point x="348" y="888" />
        <point x="1995" y="888" />
      </lower-contour>
    </line>
    <line ass="487" asx="0" asy="939" character-width="999" dss="487" dsx="0" dsy="1063" fd0="14018" fd1="2482" fd2="-1441" filter-width="4" id="b01-027-01" lbs="802" lbx="0" lby="1023" segmentation="ok" slant="68000" stroke-width="5744" threshold="182" text="tonight from their tour in the East. The duke&apos;s" ubs="-142" ubx="0" uby="965">
      <word id="b01-027-01-00" tag="NR" text="tonight">
        <cmp x="350" y="949" width="118" height="61" />
        <cmp x="463" y="941" width="122" height="119" />
        <cmp x="467" y="937" width="6" height="11" />
      </word>
      <word id="b01-027-01-01" tag="IN" text="from">
        <cmp x="605" y="940" width="52" height="112" />
        <cmp x="637" y="969" width="104" height="41" />
      </word>
      <word id="b01-027-01-02" tag="PP$" text="their">
        <cmp x="767" y="935" width="136" height="77" />
        <cmp x="861" y="945" width="6" height="6" />
      </word>
      <word id="b01-027-01-03" tag="NN" text="tour">
        <cmp x="936" y="944" width="132" height="65" />
      </word>
      <word id="b01-027-01-04" tag="IN" text="in">
        <cmp x="1095" y="970" width="81" height="39" />
        <cmp x="1131" y="947" width="9" height="9" />
      </word>
      <word id="b01-027-01-05" tag="ATI" text="the">
        <cmp x="1232" y="944" width="105" height="67" />
      </word>
      <word id="b01-027-01-06" tag="NR" text="East">
        <cmp x="1364" y="960" width="41" height="51" />
        <cmp x="1402" y="952" width="14" height="6" />
        <cmp x="1408" y="933" width="117" height="80" />
      </word>
      <word id="b01-027-01-07" tag="." text=".">
        <cmp x="1527" y="1007" width="6" height="7" />
      </word>
      <word id="b01-027-01-08" sentence-start="yes" tag="ATI" text="The">
        <cmp x="1599" y="952" width="43" height="67" />
        <cmp x="1611" y="948" width="6" height="15" />
        <cmp x="1619" y="936" width="46" height="17" />
        <cmp x="1629" y="942" width="95" height="71" />
      </word>
      <word id="b01-027-01-09" tag="NN$" text="duke&apos;s">
        <cmp x="1769" y="933" width="169" height="78" />
        <cmp x="1942" y="955" width="10" height="27" />
        <cmp x="1947" y="953" width="47" height="57" />
      </word>
      <upper-contour>
        <point x="348" y="888" />
        <point x="1995" y="888" />
      </upper-contour>
      <lower-contour>
        <point x="348" y="1059" />
        <point x="1995" y="1059" />
      </lower-contour>
    </line>
    <line ass="461" asx="0" asy="1102" character-width="999" dss="461" dsx="0" dsy="1259" fd0="14308" fd1="2326" fd2="-1824" filter-width="4" id="b01-027-02" lbs="435" lbx="0" lby="1197" segmentation="err" slant="66000" stroke-width="5868" threshold="189" text="trigger-finger and the ritual slaughter of beasts" ubs="512" ubx="0" uby="1161">
      <word id="b01-027-02-00" tag="NN" text="trigger-finger">
        <cmp x="338" y="1109" width="116" height="126" />
        <cmp x="427" y="1114" width="6" height="6" />
        <cmp x="429" y="1140" width="147" height="93" />
        <cmp x="571" y="1098" width="66" height="124" />
        <cmp x="600" y="1148" width="70" height="37" />
        <cmp x="653" y="1125" width="6" height="6" />
        <cmp x="661" y="1140" width="118" height="94" />
        <cmp x="813" y="1141" width="89" height="45" />
        <cmp x="907" y="1117" width="57" height="73" />
      </word>
      <word id="b01-027-02-01" tag="CC" text="and">
        <cmp x="1005" y="1116" width="117" height="70" />
      </word>
      <word id="b01-027-02-02" tag="ATI" text="the">
        <cmp x="1153" y="1115" width="122" height="75" />
        <cmp x="1209" y="1119" width="6" height="7" />
      </word>
      <word id="b01-027-02-03" tag="JJB" text="ritual">
        <cmp x="1282" y="1120" width="85" height="63" />
        <cmp x="1308" y="1156" width="7" height="11" />
      </word>
      <word id="b01-027-02-04" tag="NN" text="slaughter">
        <cmp x="1416" y="1145" width="45" height="42" />
        <cmp x="1461" y="1108" width="102" height="79" />
        <cmp x="1535" y="1141" width="76" height="107" />
        <cmp x="1598" y="1105" width="137" height="80" />
      </word>
      <word id="b01-027-02-05" tag="INO" text="of">
        <cmp x="1760" y="1110" width="81" height="106" />
      </word>
      <word id="b01-027-02-06" tag="NNS" text="beasts">
        <cmp x="1861" y="1122" width="76" height="74" />
        <cmp x="1930" y="1112" width="131" height="83" />
      </word>
      <upper-contour>
        <point x="348" y="1059" />
        <point x="1995" y="1059" />
      </upper-contour>
      <lower-contour>
        <point x="336" y="1249" />
        <point x="1887" y="1249" />
      </lower-contour>
    </line>
    <line ass="-534" asx="0" asy="1273" character-width="999" dss="-534" dsx="0" dsy="1419" fd0="14263" fd1="2360" fd2="-1424" filter-width="4" id="b01-027-03" lbs="-698" lbx="0" lby="1346" segmentation="ok" slant="63000" stroke-width="5843" threshold="189" text="have taken the headlines in this country." ubs="-208" ubx="0" uby="1318">
      <word id="b01-027-03-00" tag="HV" text="have">
        <cmp x="320" y="1287" width="152" height="80" />
        <cmp x="390" y="1322" width="4" height="6" />
      </word>
      <word id="b01-027-03-01" tag="VBN" text="taken">
        <cmp x="510" y="1278" width="172" height="87" />
        <cmp x="512" y="1324" width="4" height="7" />
      </word>
      <word id="b01-027-03-02" tag="ATI" text="the">
        <cmp x="737" y="1290" width="99" height="70" />
      </word>
      <word id="b01-027-03-03" tag="NNS" text="headlines">
        <cmp x="900" y="1292" width="92" height="72" />
        <cmp x="990" y="1286" width="276" height="82" />
        <cmp x="1160" y="1300" width="8" height="8" />
      </word>
      <word id="b01-027-03-04" tag="IN" text="in">
        <cmp x="1296" y="1327" width="84" height="42" />
        <cmp x="1339" y="1295" width="8" height="7" />
      </word>
      <word id="b01-027-03-05" tag="DT" text="this">
        <cmp x="1440" y="1293" width="129" height="73" />
        <cmp x="1548" y="1294" width="9" height="6" />
      </word>
      <word id="b01-027-03-06" tag="NN" text="country">
        <cmp x="1613" y="1325" width="36" height="41" />
        <cmp x="1651" y="1290" width="215" height="147" />
      </word>
      <word id="b01-027-03-07" tag="." text=".">
        <cmp x="1880" y="1357" width="7" height="8" />
      </word>
      <upper-contour>
        <point x="336" y="1249" />
        <point x="1887" y="1249" />
      </upper-contour>
      <lower-contour>
        <point x="318" y="1439" />
        <point x="1887" y="1439" />
      </lower-contour>
    </line>
    <line ass="-239" asx="0" asy="1455" character-width="999" dss="-239" dsx="0" dsy="1568" fd0="14432" fd1="2147" fd2="-1499" filter-width="3" id="b01-027-04" lbs="-231" lbx="0" lby="1539" segmentation="ok" slant="63000" stroke-width="5644" threshold="182" text="Nevertheless, the tour has been an immense" ubs="-255" ubx="0" uby="1502">
      <word id="b01-027-04-00" sentence-start="yes" tag="RB" text="Nevertheless">
        <cmp x="320" y="1458" width="110" height="82" />
        <cmp x="371" y="1458" width="336" height="92" />
        <cmp x="561" y="1469" width="4" height="6" />
      </word>
      <word id="b01-027-04-01" tag="," text=",">
        <cmp x="741" y="1525" width="24" height="47" />
      </word>
      <word id="b01-027-04-02" tag="ATI" text="the">
        <cmp x="794" y="1477" width="117" height="74" />
      </word>
      <word id="b01-027-04-03" tag="NN" text="tour">
        <cmp x="951" y="1480" width="144" height="71" />
      </word>
      <word id="b01-027-04-04" tag="HVZ" text="has">
        <cmp x="1119" y="1479" width="58" height="70" />
        <cmp x="1169" y="1511" width="84" height="40" />
      </word>
      <word id="b01-027-04-05" tag="BEN" text="been">
        <cmp x="1282" y="1478" width="171" height="70" />
      </word>
      <word id="b01-027-04-06" tag="AT" text="an">
        <cmp x="1494" y="1506" width="95" height="42" />
      </word>
      <word id="b01-027-04-07" tag="JJ" text="immense">
        <cmp x="1638" y="1506" width="345" height="41" />
        <cmp x="1689" y="1480" width="7" height="9" />
      </word>
      <upper-contour>
        <point x="318" y="1439" />
        <point x="1887" y="1439" />
      </upper-contour>
      <lower-contour>
        <point x="321" y="1571" />
        <point x="1984" y="1571" />
      </lower-contour>
    </line>
    <line ass="-22" asx="0" asy="1652" character-width="999" dss="-22" dsx="0" dsy="1758" fd0="14172" fd1="2527" fd2="-1321" filter-width="4" id="b01-027-05" lbs="-65" lbx="0" lby="1721" segmentation="ok" slant="61000" stroke-width="5780" threshold="182" text="success. The Queen has won a triumph. It" ubs="62" ubx="0" uby="1690">
      <word id="b01-027-05-00" tag="NN" text="success">
        <cmp x="323" y="1677" width="97" height="49" />
        <cmp x="421" y="1679" width="36" height="45" />
        <cmp x="452" y="1672" width="179" height="53" />
      </word>
      <word id="b01-027-05-01" tag="." text=".">
        <cmp x="667" y="1712" width="7" height="7" />
      </word>
      <word id="b01-027-05-02" sentence-start="yes" tag="ATI" text="The">
        <cmp x="746" y="1654" width="122" height="72" />
        <cmp x="755" y="1657" width="8" height="16" />
      </word>
      <word id="b01-027-05-03" tag="NPT" text="Queen">
        <cmp x="909" y="1668" width="200" height="60" />
      </word>
      <word id="b01-027-05-04" tag="HVZ" text="has">
        <cmp x="1145" y="1653" width="57" height="73" />
        <cmp x="1197" y="1689" width="73" height="38" />
      </word>
      <word id="b01-027-05-05" tag="VBN" text="won">
        <cmp x="1319" y="1677" width="74" height="49" />
        <cmp x="1386" y="1684" width="81" height="43" />
      </word>
      <word id="b01-027-05-06" tag="AT" text="a">
        <cmp x="1502" y="1689" width="50" height="38" />
      </word>
      <word id="b01-027-05-07" tag="NN" text="triumph">
        <cmp x="1605" y="1653" width="267" height="106" />
        <cmp x="1684" y="1654" width="6" height="9" />
      </word>
      <word id="b01-027-05-08" tag="." text=".">
        <cmp x="1906" y="1725" width="6" height="5" />
      </word>
      <word id="b01-027-05-09" sentence-start="yes" tag="PP3" text="It">
        <cmp x="1962" y="1690" width="28" height="22" />
        <cmp x="1972" y="1663" width="80" height="68" />
        <cmp x="1991" y="1682" width="9" height="10" />
      </word>
      <upper-contour>
        <point x="321" y="1571" />
        <point x="1984" y="1571" />
      </upper-contour>
      <lower-contour>
        <point x="332" y="1761" />
        <point x="2053" y="1761" />
      </lower-contour>
    </line>
    <line ass="-111" asx="0" asy="1821" character-width="999" dss="-111" dsx="0" dsy="1938" fd0="14527" fd1="2266" fd2="-1394" filter-width="4" id="b01-027-06" lbs="-163" lbx="0" lby="1897" segmentation="ok" slant="56000" stroke-width="5948" threshold="182" text="would be pleasanter if such cruel and feudal" ubs="-8" ubx="0" uby="1863">
      <word id="b01-027-06-00" tag="MD" text="would">
        <cmp x="334" y="1823" width="204" height="78" />
      </word>
      <word id="b01-027-06-01" tag="BE" text="be">
        <cmp x="568" y="1836" width="95" height="66" />
      </word>
      <word id="b01-027-06-02" tag="JJR" text="pleasanter">
        <cmp x="700" y="1830" width="121" height="111" />
        <cmp x="814" y="1862" width="79" height="39" />
        <cmp x="892" y="1823" width="181" height="78" />
      </word>
      <word id="b01-027-06-03" tag="CS" text="if">
        <cmp x="1091" y="1824" width="112" height="102" />
        <cmp x="1136" y="1848" width="6" height="10" />
      </word>
      <word id="b01-027-06-04" tag="ABL" text="such">
        <cmp x="1211" y="1836" width="181" height="70" />
      </word>
      <word id="b01-027-06-05" tag="JJ" text="cruel">
        <cmp x="1458" y="1832" width="186" height="73" />
      </word>
      <word id="b01-027-06-06" tag="CC" text="and">
        <cmp x="1672" y="1860" width="82" height="44" />
        <cmp x="1753" y="1836" width="60" height="67" />
      </word>
      <word id="b01-027-06-07" tag="JJ" text="feudal">
        <cmp x="1863" y="1824" width="159" height="98" />
        <cmp x="1912" y="1844" width="10" height="13" />
        <cmp x="2013" y="1825" width="91" height="76" />
      </word>
      <upper-contour>
        <point x="332" y="1761" />
        <point x="2053" y="1761" />
      </upper-contour>
      <lower-contour>
        <point x="335" y="1940" />
        <point x="2038" y="1940" />
      </lower-contour>
    </line>
    <line ass="-5" asx="0" asy="1999" character-width="999" dss="-5" dsx="0" dsy="2133" fd0="14429" fd1="2417" fd2="-1611" filter-width="3" id="b01-027-07" lbs="2" lbx="0" lby="2083" segmentation="ok" slant="61000" stroke-width="5631" threshold="182" text="performances as tiger and rhino hunts were" ubs="-22" ubx="0" uby="2041">
      <word id="b01-027-07-00" tag="NNS" text="performances">
        <cmp x="337" y="2004" width="153" height="107" />
        <cmp x="461" y="2034" width="124" height="47" />
        <cmp x="582" y="2036" width="89" height="44" />
        <cmp x="674" y="2030" width="97" height="56" />
      </word>
      <word id="b01-027-07-01" tag="IN" text="as">
        <cmp x="827" y="2035" width="88" height="46" />
      </word>
      <word id="b01-027-07-02" tag="NN" text="tiger">
        <cmp x="989" y="2020" width="57" height="60" />
        <cmp x="1024" y="2035" width="119" height="100" />
        <cmp x="1027" y="2014" width="3" height="5" />
        <cmp x="1042" y="2088" width="4" height="4" />
        <cmp x="1052" y="2019" width="5" height="7" />
      </word>
      <word id="b01-027-07-03" tag="CC" text="and">
        <cmp x="1183" y="2042" width="92" height="44" />
        <cmp x="1276" y="2013" width="63" height="68" />
      </word>
      <word id="b01-027-07-04" tag="NN" text="rhino">
        <cmp x="1380" y="2000" width="139" height="82" />
        <cmp x="1486" y="2017" width="7" height="8" />
        <cmp x="1522" y="2042" width="49" height="40" />
      </word>
      <word id="b01-027-07-05" tag="NNS" text="hunts">
        <cmp x="1625" y="2008" width="187" height="77" />
      </word>
      <word id="b01-027-07-06" tag="BED" text="were">
        <cmp x="1840" y="2089" width="6" height="7" />
        <cmp x="1847" y="2033" width="190" height="58" />
      </word>
      <upper-contour>
        <point x="335" y="1940" />
        <point x="2038" y="1940" />
      </upper-contour>
      <lower-contour>
        <point x="335" y="2135" />
        <point x="2007" y="2135" />
      </lower-contour>
    </line>
    <line ass="-148" asx="0" asy="2178" character-width="999" dss="-148" dsx="0" dsy="2317" fd0="14486" fd1="2202" fd2="-1712" filter-width="3" id="b01-027-08" lbs="-82" lbx="0" lby="2264" segmentation="ok" slant="59000" stroke-width="5663" threshold="182" text="dropped from future Royal programmes." ubs="-281" ubx="0" uby="2228">
      <word id="b01-027-08-00" tag="VBN" text="dropped">
        <cmp x="337" y="2191" width="165" height="109" />
        <cmp x="479" y="2194" width="165" height="99" />
      </word>
      <word id="b01-027-08-01" tag="IN" text="from">
        <cmp x="727" y="2185" width="74" height="113" />
        <cmp x="767" y="2220" width="127" height="42" />
      </word>
      <word id="b01-027-08-02" tag="JJB" text="future">
        <cmp x="956" y="2182" width="66" height="101" />
        <cmp x="1000" y="2192" width="99" height="73" />
        <cmp x="1066" y="2217" width="136" height="48" />
      </word>
      <word id="b01-027-08-03" tag="JJ" text="Royal">
        <cmp x="1301" y="2182" width="64" height="77" />
        <cmp x="1330" y="2201" width="6" height="5" />
        <cmp x="1343" y="2220" width="77" height="102" />
        <cmp x="1417" y="2196" width="89" height="70" />
      </word>
      <word id="b01-027-08-04" tag="NNS" text="programmes">
        <cmp x="1543" y="2225" width="68" height="76" />
        <cmp x="1552" y="2272" width="4" height="5" />
        <cmp x="1555" y="2263" width="6" height="8" />
        <cmp x="1562" y="2255" width="5" height="6" />
        <cmp x="1605" y="2227" width="31" height="35" />
        <cmp x="1635" y="2220" width="105" height="90" />
        <cmp x="1656" y="2263" width="21" height="24" />
        <cmp x="1677" y="2258" width="5" height="4" />
        <cmp x="1723" y="2220" width="268" height="44" />
      </word>
      <word id="b01-027-08-05" tag="." text=".">
        <cmp x="1999" y="2258" width="8" height="9" />
      </word>
      <upper-contour>
        <point x="335" y="2135" />
        <point x="2007" y="2135" />
      </upper-contour>
    </line>
  </handwritten-part>
</form>

