<?xml version="1.0" encoding="ISO-8859-1"?>

<!DOCTYPE form SYSTEM 'http://www.iam.unibe.ch/~fki/iamdb/form-metadata.dtd'>

<form created="2002-01-14" height="3542" id="b01-057" last-modified="2002-07-17" skew="159" status="final" version="3.0_beta" width="2479" writer-id="017">
  <machine-printed-part>
    <machine-print-line text="A CURIOUS advertisement appears on page nine, paid for by that curious body" />
    <machine-print-line text="Moral Re-Armament. Those who lend their names to this kind of advertisement are" />
    <machine-print-line text="worthy people, a little innocent of politics, perhaps, or carried away by the idea that" />
    <machine-print-line text="moral regeneration would solve all our problems. So it would. While we are waiting" />
    <machine-print-line text="for the millenium, however, most of us would prefer to put our hopes for earthly" />
    <machine-print-line text="justice in instruments of democracy, such as trade unions and our local and national" />
    <machine-print-line text="Parliaments." />
  </machine-printed-part>
  <handwritten-part>
    <line ass="-380" asx="0" asy="908" character-width="999" dss="-380" dsx="0" dsy="1026" fd0="13420" fd1="2333" fd2="-1973" filter-width="4" id="b01-057-00" lbs="-252" lbx="0" lby="999" segmentation="ok" slant="71000" stroke-width="6419" threshold="162" text="A CURIOUS advertisement on page nine, paid" ubs="-638" ubx="0" uby="940">
      <word id="b01-057-00-00" sentence-start="yes" tag="AT" text="A">
        <cmp x="327" y="925" width="47" height="83" />
      </word>
      <word id="b01-057-00-01" tag="JJ" text="CURIOUS">
        <cmp x="497" y="931" width="42" height="68" />
        <cmp x="542" y="939" width="46" height="57" />
        <cmp x="588" y="933" width="43" height="64" />
        <cmp x="630" y="935" width="26" height="66" />
        <cmp x="658" y="934" width="37" height="63" />
        <cmp x="704" y="939" width="43" height="57" />
        <cmp x="741" y="937" width="49" height="64" />
      </word>
      <word id="b01-057-00-02" tag="NN" text="advertisement">
        <cmp x="860" y="934" width="102" height="76" />
        <cmp x="956" y="950" width="105" height="56" />
        <cmp x="1050" y="933" width="43" height="72" />
        <cmp x="1092" y="950" width="36" height="65" />
        <cmp x="1093" y="938" width="9" height="7" />
        <cmp x="1116" y="922" width="219" height="89" />
      </word>
      <word id="b01-057-00-03" tag="IN" text="on">
        <cmp x="1391" y="954" width="80" height="56" />
      </word>
      <word id="b01-057-00-04" tag="NN" text="page">
        <cmp x="1512" y="954" width="51" height="74" />
        <cmp x="1560" y="947" width="107" height="91" />
      </word>
      <word id="b01-057-00-05" tag="CD" text="nine">
        <cmp x="1714" y="953" width="73" height="51" />
        <cmp x="1790" y="957" width="97" height="43" />
        <cmp x="1795" y="924" width="7" height="11" />
      </word>
      <word id="b01-057-00-06" tag="," text=",">
        <cmp x="1907" y="976" width="18" height="51" />
      </word>
      <word id="b01-057-00-07" tag="VBN" text="paid">
        <cmp x="1956" y="950" width="46" height="83" />
        <cmp x="2001" y="954" width="60" height="49" />
        <cmp x="2059" y="922" width="58" height="81" />
        <cmp x="2063" y="927" width="6" height="12" />
      </word>
      <lower-contour>
        <point x="325" y="1039" />
        <point x="2118" y="1039" />
      </lower-contour>
    </line>
    <line ass="122" asx="0" asy="1101" character-width="999" dss="122" dsx="0" dsy="1236" fd0="13184" fd1="2343" fd2="-1896" filter-width="4" id="b01-057-01" lbs="-36" lbx="0" lby="1180" segmentation="ok" slant="72000" stroke-width="6443" threshold="162" text="for by that curious body Moral Re-Armament." ubs="439" ubx="0" uby="1141">
      <word id="b01-057-01-00" tag="IN" text="for">
        <cmp x="325" y="1112" width="109" height="105" />
      </word>
      <word id="b01-057-01-01" tag="IN" text="by">
        <cmp x="489" y="1114" width="66" height="122" />
      </word>
      <word id="b01-057-01-02" tag="DT" text="that">
        <cmp x="619" y="1110" width="38" height="79" />
        <cmp x="649" y="1105" width="131" height="79" />
      </word>
      <word id="b01-057-01-03" tag="JJ" text="curious">
        <cmp x="833" y="1129" width="147" height="63" />
        <cmp x="979" y="1102" width="7" height="12" />
        <cmp x="984" y="1127" width="29" height="50" />
        <cmp x="1013" y="1126" width="44" height="51" />
        <cmp x="1059" y="1119" width="34" height="61" />
      </word>
      <word id="b01-057-01-04" tag="NN" text="body">
        <cmp x="1155" y="1108" width="78" height="84" />
        <cmp x="1182" y="1127" width="6" height="10" />
        <cmp x="1229" y="1117" width="87" height="89" />
      </word>
      <word id="b01-057-01-05" tag="JJ" text="Moral">
        <cmp x="1378" y="1106" width="62" height="80" />
        <cmp x="1435" y="1100" width="168" height="82" />
      </word>
      <word id="b01-057-01-06" tag="NN" text="Re-Armament">
        <cmp x="1677" y="1104" width="68" height="78" />
        <cmp x="1760" y="1145" width="29" height="12" />
        <cmp x="1791" y="1103" width="45" height="80" />
        <cmp x="1838" y="1123" width="80" height="60" />
        <cmp x="1916" y="1129" width="35" height="55" />
        <cmp x="1951" y="1130" width="132" height="62" />
        <cmp x="2084" y="1097" width="33" height="91" />
      </word>
      <word id="b01-057-01-07" tag="." text=".">
        <cmp x="2119" y="1181" width="10" height="11" />
      </word>
      <upper-contour>
        <point x="325" y="1039" />
        <point x="2118" y="1039" />
      </upper-contour>
      <lower-contour>
        <point x="329" y="1235" />
        <point x="2062" y="1235" />
      </lower-contour>
    </line>
    <line ass="107" asx="0" asy="1265" character-width="999" dss="107" dsx="0" dsy="1382" fd0="13284" fd1="2193" fd2="-1658" filter-width="4" id="b01-057-02" lbs="152" lbx="0" lby="1365" segmentation="ok" slant="70000" stroke-width="6459" threshold="162" text="Those who lend their names to this kind of" ubs="18" ubx="0" uby="1310">
      <word id="b01-057-02-00" sentence-start="yes" tag="DTS" text="Those">
        <cmp x="331" y="1284" width="64" height="86" />
        <cmp x="381" y="1278" width="80" height="84" />
        <cmp x="457" y="1304" width="36" height="55" />
        <cmp x="481" y="1310" width="39" height="49" />
      </word>
      <word id="b01-057-02-01" tag="WP" text="who">
        <cmp x="579" y="1302" width="54" height="63" />
        <cmp x="626" y="1279" width="38" height="87" />
        <cmp x="668" y="1307" width="39" height="53" />
      </word>
      <word id="b01-057-02-02" tag="VB" text="lend">
        <cmp x="768" y="1282" width="169" height="90" />
      </word>
      <word id="b01-057-02-03" tag="PP$" text="their">
        <cmp x="1003" y="1290" width="159" height="87" />
        <cmp x="1132" y="1264" width="16" height="28" />
      </word>
      <word id="b01-057-02-04" tag="NNS" text="names">
        <cmp x="1233" y="1303" width="83" height="58" />
        <cmp x="1317" y="1306" width="123" height="58" />
      </word>
      <word id="b01-057-02-05" tag="IN" text="to">
        <cmp x="1507" y="1286" width="69" height="76" />
      </word>
      <word id="b01-057-02-06" tag="DT" text="this">
        <cmp x="1609" y="1277" width="85" height="74" />
        <cmp x="1694" y="1293" width="34" height="53" />
        <cmp x="1698" y="1272" width="6" height="15" />
      </word>
      <word id="b01-057-02-07" tag="NN" text="kind">
        <cmp x="1777" y="1276" width="151" height="93" />
        <cmp x="1838" y="1270" width="7" height="7" />
      </word>
      <word id="b01-057-02-08" tag="INO" text="of">
        <cmp x="1978" y="1275" width="83" height="105" />
      </word>
      <upper-contour>
        <point x="329" y="1235" />
        <point x="2062" y="1235" />
      </upper-contour>
      <lower-contour>
        <point x="329" y="1382" />
        <point x="2062" y="1382" />
      </lower-contour>
    </line>
    <line ass="73" asx="0" asy="1451" character-width="999" dss="73" dsx="0" dsy="1586" fd0="13209" fd1="2144" fd2="-2152" filter-width="4" id="b01-057-03" lbs="157" lbx="0" lby="1546" segmentation="ok" slant="71000" stroke-width="6402" threshold="152" text="advertisement are worthy people, a little innocent" ubs="-94" ubx="0" uby="1491">
      <word id="b01-057-03-00" tag="NN" text="advertisement">
        <cmp x="319" y="1484" width="44" height="65" />
        <cmp x="356" y="1473" width="51" height="74" />
        <cmp x="400" y="1481" width="89" height="65" />
        <cmp x="491" y="1463" width="34" height="77" />
        <cmp x="521" y="1488" width="14" height="45" />
        <cmp x="540" y="1479" width="36" height="58" />
        <cmp x="544" y="1452" width="6" height="20" />
        <cmp x="562" y="1468" width="208" height="75" />
      </word>
      <word id="b01-057-03-01" tag="BER" text="are">
        <cmp x="803" y="1492" width="122" height="60" />
      </word>
      <word id="b01-057-03-02" tag="JJ" text="worthy">
        <cmp x="984" y="1491" width="55" height="59" />
        <cmp x="1034" y="1468" width="172" height="118" />
      </word>
      <word id="b01-057-03-03" tag="NNS" text="people">
        <cmp x="1269" y="1492" width="108" height="81" />
        <cmp x="1364" y="1473" width="127" height="91" />
      </word>
      <word id="b01-057-03-04" tag="," text=",">
        <cmp x="1499" y="1526" width="28" height="46" />
      </word>
      <word id="b01-057-03-05" tag="RB21" text="a">
        <cmp x="1548" y="1493" width="45" height="48" />
      </word>
      <word id="b01-057-03-06" tag="RB22" text="little">
        <cmp x="1626" y="1462" width="60" height="77" />
        <cmp x="1683" y="1455" width="65" height="83" />
        <cmp x="1738" y="1462" width="67" height="78" />
      </word>
      <word id="b01-057-03-07" tag="JJ" text="innocent">
        <cmp x="1850" y="1491" width="153" height="57" />
        <cmp x="1860" y="1457" width="7" height="7" />
        <cmp x="2003" y="1486" width="102" height="53" />
        <cmp x="2112" y="1457" width="29" height="76" />
      </word>
      <upper-contour>
        <point x="329" y="1382" />
        <point x="2062" y="1382" />
      </upper-contour>
      <lower-contour>
        <point x="342" y="1586" />
        <point x="2073" y="1586" />
      </lower-contour>
    </line>
    <line ass="946" asx="0" asy="1647" character-width="999" dss="946" dsx="0" dsy="1797" fd0="13335" fd1="2456" fd2="-1441" filter-width="4" id="b01-057-04" lbs="1069" lbx="0" lby="1742" segmentation="ok" slant="72000" stroke-width="6296" threshold="152" text="of politics, perhaps, or carried away by the" ubs="698" ubx="0" uby="1686">
      <word id="b01-057-04-00" tag="INO" text="of">
        <cmp x="344" y="1641" width="73" height="104" />
      </word>
      <word id="b01-057-04-01" tag="NN" text="politics">
        <cmp x="458" y="1648" width="188" height="119" />
        <cmp x="645" y="1644" width="7" height="12" />
        <cmp x="649" y="1666" width="65" height="67" />
      </word>
      <word id="b01-057-04-02" tag="," text=",">
        <cmp x="752" y="1705" width="21" height="50" />
      </word>
      <word id="b01-057-04-03" tag="RB" text="perhaps">
        <cmp x="799" y="1664" width="109" height="82" />
        <cmp x="903" y="1650" width="141" height="83" />
      </word>
      <word id="b01-057-04-04" tag="," text=",">
        <cmp x="1049" y="1696" width="19" height="45" />
      </word>
      <word id="b01-057-04-05" tag="CC" text="or">
        <cmp x="1137" y="1666" width="44" height="65" />
        <cmp x="1174" y="1667" width="34" height="53" />
      </word>
      <word id="b01-057-04-06" tag="VBN" text="carried">
        <cmp x="1255" y="1658" width="152" height="58" />
        <cmp x="1409" y="1643" width="8" height="10" />
        <cmp x="1414" y="1641" width="89" height="74" />
      </word>
      <word id="b01-057-04-07" tag="RP" text="away">
        <cmp x="1569" y="1658" width="47" height="58" />
        <cmp x="1612" y="1669" width="50" height="41" />
        <cmp x="1652" y="1670" width="86" height="101" />
      </word>
      <word id="b01-057-04-08" tag="IN" text="by">
        <cmp x="1809" y="1646" width="40" height="77" />
        <cmp x="1839" y="1670" width="39" height="93" />
      </word>
      <word id="b01-057-04-09" tag="ATI" text="the">
        <cmp x="1955" y="1641" width="116" height="77" />
      </word>
      <upper-contour>
        <point x="342" y="1586" />
        <point x="2073" y="1586" />
      </upper-contour>
      <lower-contour>
        <point x="351" y="1772" />
        <point x="1945" y="1772" />
      </lower-contour>
    </line>
    <line ass="775" asx="0" asy="1811" character-width="999" dss="775" dsx="0" dsy="1950" fd0="13457" fd1="2222" fd2="-1965" filter-width="4" id="b01-057-05" lbs="874" lbx="0" lby="1913" segmentation="ok" slant="71000" stroke-width="6465" threshold="162" text="idea that moral regeneration would solve" ubs="575" ubx="0" uby="1857">
      <word id="b01-057-05-00" tag="NN" text="idea">
        <cmp x="353" y="1831" width="142" height="86" />
        <cmp x="367" y="1808" width="13" height="27" />
      </word>
      <word id="b01-057-05-01" tag="CS" text="that">
        <cmp x="556" y="1816" width="42" height="94" />
        <cmp x="589" y="1816" width="45" height="88" />
        <cmp x="626" y="1850" width="38" height="47" />
        <cmp x="672" y="1822" width="31" height="83" />
      </word>
      <word id="b01-057-05-02" tag="JJ" text="moral">
        <cmp x="753" y="1820" width="208" height="84" />
      </word>
      <word id="b01-057-05-03" tag="NN" text="regeneration">
        <cmp x="1007" y="1837" width="235" height="100" />
        <cmp x="1239" y="1816" width="93" height="76" />
        <cmp x="1334" y="1840" width="107" height="45" />
        <cmp x="1337" y="1809" width="6" height="14" />
      </word>
      <word id="b01-057-05-04" tag="MD" text="would">
        <cmp x="1494" y="1846" width="51" height="56" />
        <cmp x="1538" y="1827" width="161" height="72" />
      </word>
      <word id="b01-057-05-05" tag="VB" text="solve">
        <cmp x="1754" y="1828" width="45" height="65" />
        <cmp x="1789" y="1810" width="154" height="81" />
      </word>
      <upper-contour>
        <point x="351" y="1772" />
        <point x="1945" y="1772" />
      </upper-contour>
      <lower-contour>
        <point x="351" y="1937" />
        <point x="1945" y="1937" />
      </lower-contour>
    </line>
    <line ass="-141" asx="0" asy="1984" character-width="999" dss="-141" dsx="0" dsy="2119" fd0="13734" fd1="2474" fd2="-1249" filter-width="4" id="b01-057-06" lbs="-122" lbx="0" lby="2076" segmentation="ok" slant="68000" stroke-width="6416" threshold="162" text="all our problems. So it would. While we are" ubs="-178" ubx="0" uby="2023">
      <word id="b01-057-06-00" tag="ABN" text="all">
        <cmp x="341" y="2007" width="107" height="71" />
      </word>
      <word id="b01-057-06-01" tag="PP$" text="our">
        <cmp x="500" y="2024" width="114" height="57" />
      </word>
      <word id="b01-057-06-02" tag="NNS" text="problems">
        <cmp x="695" y="2041" width="40" height="80" />
        <cmp x="737" y="2034" width="50" height="49" />
        <cmp x="789" y="2008" width="189" height="69" />
      </word>
      <word id="b01-057-06-03" tag="." text=".">
        <cmp x="988" y="2067" width="6" height="8" />
      </word>
      <word id="b01-057-06-04" sentence-start="yes" tag="PN" text="So">
        <cmp x="1068" y="1987" width="64" height="95" />
        <cmp x="1101" y="2025" width="40" height="56" />
      </word>
      <word id="b01-057-06-05" tag="PP3" text="it">
        <cmp x="1186" y="2006" width="66" height="80" />
        <cmp x="1216" y="1999" width="6" height="7" />
      </word>
      <word id="b01-057-06-06" tag="MD" text="would">
        <cmp x="1287" y="2022" width="61" height="61" />
        <cmp x="1335" y="2002" width="171" height="82" />
      </word>
      <word id="b01-057-06-07" tag="." text=".">
        <cmp x="1523" y="2070" width="9" height="9" />
      </word>
      <word id="b01-057-06-08" sentence-start="yes" tag="CS" text="While">
        <cmp x="1584" y="1997" width="56" height="82" />
        <cmp x="1631" y="2008" width="66" height="70" />
        <cmp x="1694" y="1998" width="83" height="77" />
      </word>
      <word id="b01-057-06-09" tag="PP1AS" text="we">
        <cmp x="1839" y="2023" width="87" height="57" />
      </word>
      <word id="b01-057-06-10" tag="BER" text="are">
        <cmp x="1981" y="2031" width="116" height="55" />
      </word>
      <upper-contour>
        <point x="351" y="1937" />
        <point x="1945" y="1937" />
      </upper-contour>
      <lower-contour>
        <point x="341" y="2120" />
        <point x="2102" y="2120" />
      </lower-contour>
    </line>
    <line ass="67" asx="0" asy="2166" character-width="999" dss="67" dsx="0" dsy="2298" fd0="13482" fd1="2495" fd2="-1600" filter-width="4" id="b01-057-07" lbs="6" lbx="0" lby="2258" segmentation="ok" slant="72000" stroke-width="6289" threshold="162" text="waiting for the millenium, however, most of us" ubs="190" ubx="0" uby="2210">
      <word id="b01-057-07-00" tag="VBG" text="waiting">
        <cmp x="343" y="2200" width="55" height="62" />
        <cmp x="388" y="2212" width="70" height="48" />
        <cmp x="462" y="2176" width="47" height="76" />
        <cmp x="508" y="2183" width="8" height="9" />
        <cmp x="508" y="2207" width="79" height="92" />
      </word>
      <word id="b01-057-07-01" tag="IN" text="for">
        <cmp x="642" y="2166" width="104" height="110" />
      </word>
      <word id="b01-057-07-02" tag="ATI" text="the">
        <cmp x="789" y="2180" width="94" height="84" />
      </word>
      <word id="b01-057-07-03" tag="NN" text="millenium">
        <cmp x="934" y="2182" width="271" height="79" />
        <cmp x="1206" y="2186" width="6" height="15" />
        <cmp x="1210" y="2207" width="126" height="52" />
      </word>
      <word id="b01-057-07-04" tag="," text=",">
        <cmp x="1363" y="2232" width="21" height="56" />
      </word>
      <word id="b01-057-07-05" tag="RB" text="however">
        <cmp x="1406" y="2183" width="79" height="78" />
        <cmp x="1480" y="2201" width="82" height="56" />
        <cmp x="1570" y="2203" width="95" height="56" />
      </word>
      <word id="b01-057-07-06" tag="," text=",">
        <cmp x="1700" y="2234" width="9" height="42" />
      </word>
      <word id="b01-057-07-07" tag="AP" text="most">
        <cmp x="1730" y="2200" width="91" height="63" />
        <cmp x="1816" y="2183" width="58" height="74" />
      </word>
      <word id="b01-057-07-08" tag="INO" text="of">
        <cmp x="1913" y="2164" width="85" height="111" />
      </word>
      <word id="b01-057-07-09" tag="PP1OS" text="us">
        <cmp x="2020" y="2202" width="47" height="55" />
        <cmp x="2067" y="2195" width="37" height="62" />
      </word>
      <upper-contour>
        <point x="341" y="2120" />
        <point x="2102" y="2120" />
      </upper-contour>
      <lower-contour>
        <point x="341" y="2298" />
        <point x="2106" y="2298" />
      </lower-contour>
    </line>
    <line ass="340" asx="0" asy="2345" character-width="999" dss="340" dsx="0" dsy="2486" fd0="12984" fd1="2333" fd2="-1434" filter-width="4" id="b01-057-08" lbs="246" lbx="0" lby="2445" segmentation="ok" slant="72000" stroke-width="6443" threshold="162" text="would prefer to put our hopes for earthly justice in" ubs="528" ubx="0" uby="2397">
      <word id="b01-057-08-00" tag="MD" text="would">
        <cmp x="333" y="2373" width="53" height="73" />
        <cmp x="381" y="2370" width="155" height="70" />
      </word>
      <word id="b01-057-08-01" tag="VB" text="prefer">
        <cmp x="554" y="2386" width="59" height="91" />
        <cmp x="608" y="2360" width="153" height="109" />
      </word>
      <word id="b01-057-08-02" tag="TO" text="to">
        <cmp x="800" y="2355" width="50" height="87" />
      </word>
      <word id="b01-057-08-03" tag="VB" text="put">
        <cmp x="881" y="2387" width="53" height="82" />
        <cmp x="936" y="2360" width="81" height="79" />
      </word>
      <word id="b01-057-08-04" tag="PP$" text="our">
        <cmp x="1055" y="2378" width="36" height="60" />
        <cmp x="1085" y="2378" width="70" height="60" />
      </word>
      <word id="b01-057-08-05" tag="NNS" text="hopes">
        <cmp x="1199" y="2353" width="75" height="81" />
        <cmp x="1258" y="2380" width="106" height="74" />
      </word>
      <word id="b01-057-08-06" tag="IN" text="for">
        <cmp x="1393" y="2348" width="88" height="128" />
      </word>
      <word id="b01-057-08-07" tag="JJ" text="earthly">
        <cmp x="1530" y="2377" width="103" height="59" />
        <cmp x="1630" y="2357" width="30" height="90" />
        <cmp x="1653" y="2356" width="116" height="120" />
      </word>
      <word id="b01-057-08-08" tag="NN" text="justice">
        <cmp x="1816" y="2384" width="30" height="79" />
        <cmp x="1848" y="2346" width="7" height="8" />
        <cmp x="1850" y="2384" width="37" height="47" />
        <cmp x="1884" y="2380" width="28" height="51" />
        <cmp x="1904" y="2352" width="55" height="81" />
        <cmp x="1958" y="2372" width="65" height="58" />
        <cmp x="1964" y="2335" width="6" height="12" />
      </word>
      <word id="b01-057-08-09" tag="IN" text="in">
        <cmp x="2080" y="2379" width="83" height="58" />
        <cmp x="2093" y="2346" width="7" height="8" />
      </word>
      <upper-contour>
        <point x="341" y="2298" />
        <point x="2106" y="2298" />
      </upper-contour>
      <lower-contour>
        <point x="331" y="2478" />
        <point x="2154" y="2478" />
      </lower-contour>
    </line>
    <line ass="72" asx="0" asy="2530" character-width="999" dss="72" dsx="0" dsy="2657" fd0="13296" fd1="2399" fd2="-1709" filter-width="4" id="b01-057-09" lbs="30" lbx="0" lby="2617" segmentation="ok" slant="71000" stroke-width="6522" threshold="162" text="instruments of democracy, such as trade unions" ubs="156" ubx="0" uby="2572">
      <word id="b01-057-09-00" tag="NNS" text="instruments">
        <cmp x="326" y="2562" width="60" height="59" />
        <cmp x="345" y="2531" width="6" height="5" />
        <cmp x="385" y="2537" width="313" height="87" />
      </word>
      <word id="b01-057-09-01" tag="INO" text="of">
        <cmp x="766" y="2536" width="75" height="106" />
      </word>
      <word id="b01-057-09-02" tag="NN" text="democracy">
        <cmp x="903" y="2550" width="186" height="75" />
        <cmp x="1088" y="2559" width="36" height="54" />
        <cmp x="1129" y="2558" width="71" height="51" />
        <cmp x="1206" y="2556" width="73" height="101" />
      </word>
      <word id="b01-057-09-03" tag="," text=",">
        <cmp x="1305" y="2594" width="16" height="44" />
      </word>
      <word id="b01-057-09-04" tag="IN21" text="such">
        <cmp x="1339" y="2564" width="30" height="61" />
        <cmp x="1368" y="2568" width="39" height="53" />
        <cmp x="1410" y="2543" width="78" height="81" />
      </word>
      <word id="b01-057-09-05" tag="IN22" text="as">
        <cmp x="1551" y="2570" width="42" height="50" />
        <cmp x="1600" y="2567" width="29" height="55" />
      </word>
      <word id="b01-057-09-06" tag="NN" text="trade">
        <cmp x="1679" y="2531" width="45" height="83" />
        <cmp x="1718" y="2558" width="63" height="60" />
        <cmp x="1785" y="2543" width="79" height="72" />
      </word>
      <word id="b01-057-09-07" tag="NNS" text="unions">
        <cmp x="1922" y="2564" width="119" height="56" />
        <cmp x="2040" y="2538" width="7" height="7" />
        <cmp x="2046" y="2569" width="31" height="47" />
        <cmp x="2070" y="2560" width="83" height="59" />
      </word>
      <upper-contour>
        <point x="331" y="2478" />
        <point x="2154" y="2478" />
      </upper-contour>
      <lower-contour>
        <point x="338" y="2657" />
        <point x="1943" y="2657" />
      </lower-contour>
    </line>
    <line ass="-563" asx="0" asy="2671" character-width="999" dss="-563" dsx="0" dsy="2763" fd0="13973" fd1="2068" fd2="-1892" filter-width="4" id="b01-057-10" lbs="-573" lbx="0" lby="2749" segmentation="ok" slant="68999" stroke-width="6451" threshold="162" text="and our local and national Parliaments." ubs="-544" ubx="0" uby="2705">
      <word id="b01-057-10-00" tag="CC" text="and">
        <cmp x="340" y="2688" width="141" height="80" />
      </word>
      <word id="b01-057-10-01" tag="PP$" text="our">
        <cmp x="524" y="2707" width="123" height="53" />
      </word>
      <word id="b01-057-10-02" tag="JJ" text="local">
        <cmp x="698" y="2683" width="75" height="77" />
        <cmp x="770" y="2688" width="128" height="67" />
      </word>
      <word id="b01-057-10-03" tag="CC" text="and">
        <cmp x="944" y="2690" width="153" height="70" />
      </word>
      <word id="b01-057-10-04" tag="JJ" text="national">
        <cmp x="1144" y="2692" width="133" height="67" />
        <cmp x="1278" y="2684" width="174" height="76" />
        <cmp x="1282" y="2694" width="8" height="22" />
      </word>
      <word id="b01-057-10-05" tag="NNS" text="Parliaments">
        <cmp x="1545" y="2697" width="45" height="70" />
        <cmp x="1578" y="2695" width="110" height="75" />
        <cmp x="1685" y="2723" width="37" height="56" />
        <cmp x="1687" y="2707" width="7" height="9" />
        <cmp x="1727" y="2727" width="144" height="46" />
        <cmp x="1873" y="2698" width="51" height="74" />
      </word>
      <word id="b01-057-10-06" tag="." text=".">
        <cmp x="1936" y="2773" width="7" height="8" />
      </word>
      <upper-contour>
        <point x="338" y="2657" />
        <point x="1943" y="2657" />
      </upper-contour>
    </line>
  </handwritten-part>
</form>

