<?xml version="1.0" encoding="ISO-8859-1"?>

<!DOCTYPE form SYSTEM 'http://www.iam.unibe.ch/~fki/iamdb/form-metadata.dtd'>

<form created="2002-01-14" height="3542" id="b01-127" last-modified="2002-07-17" skew="127" status="final" version="3.0_beta" width="2479" writer-id="094">
  <machine-printed-part>
    <machine-print-line text="The views of the Archbishop, who has maintained an unflinching witness to what" />
    <machine-print-line text="Christianity really means, must carry weight. But what, in fact, can the other" />
    <machine-print-line text="Commonwealth countries do to bring support and comfort to this gallant minority?" />
    <machine-print-line text="THERE is no evidence that the policy of appeasement has modified the actions of the" />
    <machine-print-line text="Nationalists. On the contrary, apartheid is being applied ever more ruthlessly." />
  </machine-printed-part>
  <handwritten-part>
    <line ass="322" asx="0" asy="729" character-width="999" dss="322" dsx="0" dsy="881" fd0="12526" fd1="2790" fd2="-1004" filter-width="3" id="b01-127-00" lbs="420" lbx="0" lby="836" segmentation="err" slant="92000" stroke-width="5678" threshold="182" text="The views of the Archbishop, who has" ubs="124" ubx="0" uby="788">
      <word id="b01-127-00-00" sentence-start="yes" tag="ATI" text="The">
        <cmp x="348" y="742" width="119" height="91" />
      </word>
      <word id="b01-127-00-01" tag="NNS" text="views">
        <cmp x="530" y="781" width="48" height="51" />
        <cmp x="570" y="751" width="10" height="9" />
        <cmp x="579" y="778" width="87" height="56" />
        <cmp x="675" y="784" width="31" height="39" />
      </word>
      <word id="b01-127-00-02" tag="INO" text="of">
        <cmp x="781" y="768" width="26" height="56" />
        <cmp x="809" y="728" width="26" height="144" />
      </word>
      <word id="b01-127-00-03" tag="ATI" text="the">
        <cmp x="886" y="745" width="122" height="93" />
        <cmp x="920" y="746" width="10" height="10" />
      </word>
      <word id="b01-127-00-04" tag="NPT" text="Archbishop">
        <cmp x="1063" y="724" width="75" height="106" />
        <cmp x="1148" y="738" width="71" height="84" />
        <cmp x="1223" y="733" width="57" height="90" />
        <cmp x="1276" y="761" width="18" height="12" />
        <cmp x="1287" y="773" width="21" height="48" />
        <cmp x="1311" y="730" width="74" height="99" />
        <cmp x="1388" y="773" width="30" height="101" />
        <cmp x="1415" y="814" width="19" height="34" />
      </word>
      <word id="b01-127-00-05" tag="," text=",">
        <cmp x="1465" y="786" width="43" height="39" />
      </word>
      <word id="b01-127-00-06" tag="WP" text="who">
        <cmp x="1515" y="739" width="78" height="90" />
      </word>
      <word id="b01-127-00-07" tag="HVZ" text="has">
        <cmp x="1646" y="738" width="82" height="90" />
        <cmp x="1732" y="780" width="27" height="46" />
      </word>
      <lower-contour>
        <point x="352" y="874" />
        <point x="1760" y="874" />
      </lower-contour>
    </line>
    <line ass="-288" asx="0" asy="898" character-width="999" dss="-288" dsx="0" dsy="1080" fd0="12924" fd1="2983" fd2="-870" filter-width="4" id="b01-127-01" lbs="-294" lbx="0" lby="999" segmentation="ok" slant="90000" stroke-width="5719" threshold="182" text="maintained an unflinching witness to what" ubs="-276" ubx="0" uby="962">
      <word id="b01-127-01-00" tag="VBN" text="maintained">
        <cmp x="354" y="947" width="67" height="59" />
        <cmp x="421" y="960" width="52" height="43" />
        <cmp x="466" y="940" width="10" height="5" />
        <cmp x="481" y="935" width="107" height="77" />
        <cmp x="597" y="973" width="11" height="36" />
        <cmp x="598" y="940" width="9" height="8" />
        <cmp x="619" y="935" width="105" height="75" />
      </word>
      <word id="b01-127-01-01" tag="AT" text="an">
        <cmp x="797" y="961" width="35" height="45" />
        <cmp x="838" y="965" width="31" height="36" />
      </word>
      <word id="b01-127-01-02" tag="JJ" text="unflinching">
        <cmp x="939" y="958" width="89" height="46" />
        <cmp x="1037" y="904" width="72" height="135" />
        <cmp x="1100" y="937" width="5" height="5" />
        <cmp x="1122" y="966" width="34" height="36" />
        <cmp x="1164" y="920" width="93" height="88" />
        <cmp x="1252" y="928" width="5" height="9" />
        <cmp x="1261" y="972" width="71" height="116" />
      </word>
      <word id="b01-127-01-03" tag="NN" text="witness">
        <cmp x="1406" y="959" width="65" height="47" />
        <cmp x="1468" y="921" width="14" height="10" />
        <cmp x="1475" y="923" width="99" height="93" />
        <cmp x="1577" y="964" width="45" height="53" />
      </word>
      <word id="b01-127-01-04" tag="IN" text="to">
        <cmp x="1678" y="929" width="45" height="76" />
      </word>
      <word id="b01-127-01-05" tag="WDT" text="what">
        <cmp x="1771" y="965" width="47" height="40" />
        <cmp x="1827" y="937" width="74" height="72" />
        <cmp x="1904" y="931" width="20" height="76" />
      </word>
      <upper-contour>
        <point x="352" y="874" />
        <point x="1760" y="874" />
      </upper-contour>
      <lower-contour>
        <point x="352" y="1088" />
        <point x="1925" y="1088" />
      </lower-contour>
    </line>
    <line ass="4" asx="0" asy="1097" character-width="999" dss="4" dsx="0" dsy="1243" fd0="12826" fd1="2893" fd2="-809" filter-width="3" id="b01-127-02" lbs="202" lbx="0" lby="1189" segmentation="ok" slant="90000" stroke-width="5701" threshold="182" text="Christianity really means, must carry weight. But" ubs="-392" ubx="0" uby="1137">
      <word id="b01-127-02-00" tag="NNP" text="Christianity">
        <cmp x="333" y="1103" width="121" height="83" />
        <cmp x="441" y="1119" width="4" height="4" />
        <cmp x="456" y="1136" width="38" height="43" />
        <cmp x="497" y="1113" width="38" height="71" />
        <cmp x="526" y="1117" width="5" height="5" />
        <cmp x="543" y="1138" width="37" height="47" />
        <cmp x="586" y="1135" width="60" height="42" />
        <cmp x="654" y="1099" width="56" height="81" />
        <cmp x="690" y="1176" width="10" height="48" />
      </word>
      <word id="b01-127-02-01" tag="RB" text="really">
        <cmp x="745" y="1141" width="99" height="41" />
        <cmp x="845" y="1104" width="81" height="129" />
      </word>
      <word id="b01-127-02-02" tag="VBZ" text="means">
        <cmp x="992" y="1136" width="139" height="51" />
        <cmp x="1131" y="1148" width="87" height="36" />
      </word>
      <word id="b01-127-02-03" tag="," text=",">
        <cmp x="1244" y="1170" width="8" height="35" />
      </word>
      <word id="b01-127-02-04" tag="MD" text="must">
        <cmp x="1290" y="1144" width="150" height="46" />
        <cmp x="1438" y="1104" width="24" height="88" />
      </word>
      <word id="b01-127-02-05" tag="VB" text="carry">
        <cmp x="1516" y="1137" width="155" height="102" />
      </word>
      <word id="b01-127-02-06" tag="NN" text="weight">
        <cmp x="1723" y="1137" width="106" height="46" />
        <cmp x="1818" y="1115" width="6" height="5" />
        <cmp x="1835" y="1147" width="35" height="96" />
        <cmp x="1884" y="1110" width="49" height="77" />
        <cmp x="1934" y="1109" width="34" height="78" />
      </word>
      <word id="b01-127-02-07" tag="." text=".">
        <cmp x="2001" y="1178" width="7" height="8" />
      </word>
      <word id="b01-127-02-08" sentence-start="yes" tag="CC" text="But">
        <cmp x="2064" y="1103" width="46" height="85" />
        <cmp x="2114" y="1146" width="37" height="36" />
        <cmp x="2150" y="1098" width="19" height="89" />
        <cmp x="2151" y="1132" width="4" height="10" />
      </word>
      <upper-contour>
        <point x="352" y="1088" />
        <point x="1925" y="1088" />
      </upper-contour>
      <lower-contour>
        <point x="331" y="1244" />
        <point x="2170" y="1244" />
      </lower-contour>
    </line>
    <line ass="238" asx="0" asy="1266" character-width="999" dss="238" dsx="0" dsy="1420" fd0="12891" fd1="2702" fd2="-985" filter-width="4" id="b01-127-03" lbs="295" lbx="0" lby="1370" segmentation="ok" slant="90000" stroke-width="5748" threshold="182" text="what, in fact, can the other Commonwealth countries" ubs="123" ubx="0" uby="1327">
      <word id="b01-127-03-00" tag="WDT" text="what">
        <cmp x="330" y="1301" width="41" height="57" />
        <cmp x="372" y="1265" width="76" height="99" />
        <cmp x="449" y="1275" width="19" height="95" />
      </word>
      <word id="b01-127-03-01" tag="," text=",">
        <cmp x="486" y="1354" width="9" height="37" />
      </word>
      <word id="b01-127-03-02" tag="IN" text="in">
        <cmp x="546" y="1329" width="8" height="44" />
        <cmp x="555" y="1292" width="9" height="5" />
        <cmp x="563" y="1324" width="35" height="42" />
      </word>
      <word id="b01-127-03-03" tag="NN" text="fact">
        <cmp x="637" y="1265" width="67" height="154" />
        <cmp x="710" y="1320" width="39" height="39" />
        <cmp x="749" y="1278" width="20" height="94" />
      </word>
      <word id="b01-127-03-04" tag="," text=",">
        <cmp x="793" y="1347" width="11" height="42" />
      </word>
      <word id="b01-127-03-05" tag="MD" text="can">
        <cmp x="838" y="1312" width="113" height="52" />
      </word>
      <word id="b01-127-03-06" tag="ATI" text="the">
        <cmp x="986" y="1289" width="113" height="85" />
      </word>
      <word id="b01-127-03-07" tag="AP" text="other">
        <cmp x="1151" y="1277" width="140" height="93" />
      </word>
      <word id="b01-127-03-08" tag="NN" text="Commonwealth">
        <cmp x="1336" y="1279" width="64" height="108" />
        <cmp x="1378" y="1320" width="77" height="50" />
        <cmp x="1455" y="1321" width="324" height="49" />
        <cmp x="1782" y="1286" width="20" height="70" />
        <cmp x="1805" y="1277" width="71" height="93" />
      </word>
      <word id="b01-127-03-09" tag="NNS" text="countries">
        <cmp x="1939" y="1306" width="62" height="66" />
        <cmp x="2009" y="1321" width="70" height="37" />
        <cmp x="2095" y="1290" width="136" height="80" />
        <cmp x="2152" y="1291" width="8" height="5" />
      </word>
      <upper-contour>
        <point x="331" y="1244" />
        <point x="2170" y="1244" />
      </upper-contour>
      <lower-contour>
        <point x="328" y="1418" />
        <point x="2146" y="1418" />
      </lower-contour>
    </line>
    <line ass="602" asx="0" asy="1447" character-width="999" dss="602" dsx="0" dsy="1620" fd0="12834" fd1="2359" fd2="-910" filter-width="3" id="b01-127-04" lbs="671" lbx="0" lby="1557" segmentation="ok" slant="87000" stroke-width="5543" threshold="182" text="do to bring support and comfort to this gallant" ubs="465" ubx="0" uby="1509">
      <word id="b01-127-04-00" tag="DO" text="do">
        <cmp x="322" y="1467" width="40" height="87" />
        <cmp x="365" y="1504" width="19" height="41" />
      </word>
      <word id="b01-127-04-01" tag="TO" text="to">
        <cmp x="436" y="1461" width="49" height="84" />
      </word>
      <word id="b01-127-04-02" tag="VB" text="bring">
        <cmp x="565" y="1455" width="92" height="103" />
        <cmp x="653" y="1467" width="10" height="8" />
        <cmp x="663" y="1501" width="64" height="110" />
      </word>
      <word id="b01-127-04-03" tag="NN" text="support">
        <cmp x="772" y="1495" width="30" height="56" />
        <cmp x="804" y="1507" width="44" height="36" />
        <cmp x="846" y="1496" width="38" height="93" />
        <cmp x="857" y="1533" width="3" height="3" />
        <cmp x="888" y="1496" width="36" height="86" />
        <cmp x="911" y="1450" width="115" height="93" />
      </word>
      <word id="b01-127-04-04" tag="CC" text="and">
        <cmp x="1080" y="1462" width="139" height="83" />
      </word>
      <word id="b01-127-04-05" tag="NN" text="comfort">
        <cmp x="1246" y="1493" width="37" height="56" />
        <cmp x="1278" y="1499" width="102" height="43" />
        <cmp x="1384" y="1433" width="119" height="163" />
      </word>
      <word id="b01-127-04-06" tag="IN" text="to">
        <cmp x="1555" y="1460" width="47" height="81" />
      </word>
      <word id="b01-127-04-07" tag="DT" text="this">
        <cmp x="1644" y="1460" width="59" height="88" />
        <cmp x="1704" y="1508" width="77" height="37" />
        <cmp x="1738" y="1456" width="11" height="10" />
      </word>
      <word id="b01-127-04-08" tag="JJ" text="gallant">
        <cmp x="1853" y="1500" width="36" height="101" />
        <cmp x="1892" y="1494" width="42" height="49" />
        <cmp x="1935" y="1449" width="33" height="89" />
        <cmp x="1970" y="1450" width="111" height="88" />
        <cmp x="2090" y="1455" width="55" height="90" />
      </word>
      <upper-contour>
        <point x="328" y="1418" />
        <point x="2146" y="1418" />
      </upper-contour>
      <lower-contour>
        <point x="330" y="1610" />
        <point x="2056" y="1610" />
      </lower-contour>
    </line>
    <line ass="-55" asx="0" asy="1623" character-width="999" dss="-55" dsx="0" dsy="1770" fd0="12789" fd1="2799" fd2="-664" filter-width="3" id="b01-127-05" lbs="-3" lbx="0" lby="1714" segmentation="ok" slant="89000" stroke-width="5564" threshold="182" text="minority? THERE is no evidence that the" ubs="-159" ubx="0" uby="1675">
      <word id="b01-127-05-00" tag="NN" text="minority">
        <cmp x="332" y="1667" width="85" height="55" />
        <cmp x="408" y="1649" width="7" height="5" />
        <cmp x="427" y="1677" width="134" height="40" />
        <cmp x="566" y="1625" width="75" height="147" />
      </word>
      <word id="b01-127-05-01" tag="?" text="?">
        <cmp x="696" y="1625" width="39" height="59" />
        <cmp x="711" y="1716" width="10" height="12" />
      </word>
      <word id="b01-127-05-02" sentence-start="yes" tag="EX" text="THERE">
        <cmp x="784" y="1641" width="100" height="85" />
        <cmp x="894" y="1660" width="47" height="61" />
        <cmp x="941" y="1654" width="42" height="79" />
        <cmp x="993" y="1649" width="51" height="73" />
      </word>
      <word id="b01-127-05-03" tag="BEZ" text="is">
        <cmp x="1076" y="1678" width="65" height="60" />
        <cmp x="1106" y="1654" width="8" height="7" />
      </word>
      <word id="b01-127-05-04" tag="ATI" text="no">
        <cmp x="1193" y="1673" width="44" height="57" />
        <cmp x="1246" y="1685" width="20" height="40" />
      </word>
      <word id="b01-127-05-05" tag="NN" text="evidence">
        <cmp x="1337" y="1671" width="111" height="57" />
        <cmp x="1443" y="1651" width="6" height="5" />
        <cmp x="1460" y="1643" width="135" height="76" />
        <cmp x="1607" y="1676" width="64" height="37" />
      </word>
      <word id="b01-127-05-06" tag="CS" text="that">
        <cmp x="1724" y="1642" width="161" height="95" />
      </word>
      <word id="b01-127-05-07" tag="ATI" text="the">
        <cmp x="1943" y="1630" width="112" height="93" />
      </word>
      <upper-contour>
        <point x="330" y="1610" />
        <point x="2056" y="1610" />
      </upper-contour>
      <lower-contour>
        <point x="330" y="1771" />
        <point x="2027" y="1771" />
      </lower-contour>
    </line>
    <line ass="1066" asx="0" asy="1809" character-width="999" dss="1066" dsx="0" dsy="1997" fd0="12898" fd1="2464" fd2="-1171" filter-width="3" id="b01-127-06" lbs="1194" lbx="0" lby="1930" segmentation="ok" slant="85000" stroke-width="5662" threshold="189" text="policy of appeasement has modified the" ubs="811" ubx="0" uby="1880">
      <word id="b01-127-06-00" tag="NN" text="policy">
        <cmp x="324" y="1849" width="34" height="104" />
        <cmp x="361" y="1852" width="24" height="56" />
        <cmp x="393" y="1817" width="43" height="86" />
        <cmp x="433" y="1822" width="8" height="6" />
        <cmp x="446" y="1847" width="74" height="129" />
      </word>
      <word id="b01-127-06-01" tag="INO" text="of">
        <cmp x="603" y="1845" width="28" height="49" />
        <cmp x="628" y="1799" width="34" height="149" />
      </word>
      <word id="b01-127-06-02" tag="NN" text="appeasement">
        <cmp x="727" y="1852" width="35" height="46" />
        <cmp x="764" y="1854" width="35" height="93" />
        <cmp x="800" y="1861" width="130" height="89" />
        <cmp x="934" y="1863" width="35" height="42" />
        <cmp x="973" y="1859" width="240" height="57" />
        <cmp x="1228" y="1828" width="21" height="79" />
      </word>
      <word id="b01-127-06-03" tag="HVZ" text="has">
        <cmp x="1336" y="1810" width="115" height="99" />
      </word>
      <word id="b01-127-06-04" tag="VBN" text="modified">
        <cmp x="1523" y="1858" width="50" height="50" />
        <cmp x="1575" y="1860" width="54" height="43" />
        <cmp x="1631" y="1827" width="77" height="78" />
        <cmp x="1703" y="1835" width="6" height="6" />
        <cmp x="1706" y="1842" width="3" height="6" />
        <cmp x="1715" y="1816" width="52" height="151" />
        <cmp x="1769" y="1827" width="5" height="11" />
        <cmp x="1771" y="1819" width="90" height="81" />
      </word>
      <word id="b01-127-06-05" tag="ATI" text="the">
        <cmp x="1918" y="1815" width="108" height="86" />
      </word>
      <upper-contour>
        <point x="330" y="1771" />
        <point x="2027" y="1771" />
      </upper-contour>
      <lower-contour>
        <point x="329" y="1975" />
        <point x="678" y="1968" />
        <point x="2027" y="1968" />
      </lower-contour>
    </line>
    <line ass="-332" asx="0" asy="1962" character-width="999" dss="-332" dsx="0" dsy="2131" fd0="12717" fd1="2987" fd2="-743" filter-width="3" id="b01-127-07" lbs="-412" lbx="0" lby="2071" segmentation="ok" slant="92000" stroke-width="5475" threshold="189" text="actions of the Nationalists. On the contrary," ubs="-172" ubx="0" uby="2035">
      <word id="b01-127-07-00" tag="NNS" text="actions">
        <cmp x="331" y="2037" width="33" height="55" />
        <cmp x="372" y="2039" width="32" height="47" />
        <cmp x="404" y="2046" width="10" height="15" />
        <cmp x="419" y="2002" width="32" height="75" />
        <cmp x="443" y="2015" width="7" height="5" />
        <cmp x="467" y="2023" width="96" height="65" />
      </word>
      <word id="b01-127-07-01" tag="INO" text="of">
        <cmp x="627" y="1976" width="65" height="160" />
        <cmp x="644" y="2036" width="14" height="13" />
      </word>
      <word id="b01-127-07-02" tag="ATI" text="the">
        <cmp x="736" y="2002" width="122" height="85" />
      </word>
      <word id="b01-127-07-03" tag="NNS" text="Nationalists">
        <cmp x="947" y="1999" width="47" height="99" />
        <cmp x="996" y="2003" width="86" height="75" />
        <cmp x="1076" y="2016" width="9" height="9" />
        <cmp x="1090" y="2026" width="117" height="51" />
        <cmp x="1212" y="1990" width="32" height="84" />
        <cmp x="1245" y="2043" width="18" height="31" />
        <cmp x="1260" y="2003" width="5" height="5" />
        <cmp x="1270" y="2032" width="31" height="47" />
        <cmp x="1308" y="1992" width="55" height="88" />
      </word>
      <word id="b01-127-07-04" tag="." text=".">
        <cmp x="1389" y="2076" width="8" height="6" />
      </word>
      <word id="b01-127-07-05" sentence-start="yes" tag="IN" text="On">
        <cmp x="1421" y="1996" width="50" height="92" />
        <cmp x="1474" y="2044" width="35" height="42" />
      </word>
      <word id="b01-127-07-06" tag="ATI" text="the">
        <cmp x="1563" y="1993" width="119" height="91" />
      </word>
      <word id="b01-127-07-07" tag="NN" text="contrary">
        <cmp x="1753" y="2027" width="121" height="59" />
        <cmp x="1890" y="1973" width="97" height="110" />
        <cmp x="1998" y="2030" width="60" height="92" />
      </word>
      <word id="b01-127-07-08" tag="," text=",">
        <cmp x="2087" y="2060" width="12" height="30" />
      </word>
      <upper-contour>
        <point x="329" y="1975" />
        <point x="678" y="1968" />
        <point x="2027" y="1968" />
      </upper-contour>
      <lower-contour>
        <point x="336" y="2135" />
        <point x="1949" y="2135" />
      </lower-contour>
    </line>
    <line ass="-81" asx="0" asy="2167" character-width="999" dss="-81" dsx="0" dsy="2336" fd0="12938" fd1="2681" fd2="-1311" filter-width="3" id="b01-127-08" lbs="21" lbx="0" lby="2264" segmentation="ok" slant="87999" stroke-width="5595" threshold="189" text="apartheid is being applied ever more" ubs="-287" ubx="0" uby="2204">
      <word id="b01-127-08-00" tag="NN" text="apartheid">
        <cmp x="338" y="2204" width="44" height="56" />
        <cmp x="389" y="2205" width="33" height="92" />
        <cmp x="432" y="2179" width="89" height="90" />
        <cmp x="536" y="2173" width="95" height="83" />
        <cmp x="632" y="2191" width="9" height="11" />
        <cmp x="633" y="2230" width="8" height="26" />
        <cmp x="647" y="2184" width="41" height="78" />
      </word>
      <word id="b01-127-08-01" tag="BEZ" text="is">
        <cmp x="806" y="2202" width="9" height="53" />
        <cmp x="817" y="2179" width="11" height="5" />
        <cmp x="820" y="2182" width="24" height="69" />
      </word>
      <word id="b01-127-08-02" tag="BEG" text="being">
        <cmp x="918" y="2169" width="100" height="106" />
        <cmp x="1015" y="2177" width="7" height="8" />
        <cmp x="1032" y="2210" width="91" height="129" />
      </word>
      <word id="b01-127-08-03" tag="VBN" text="applied">
        <cmp x="1211" y="2204" width="43" height="51" />
        <cmp x="1259" y="2210" width="41" height="108" />
        <cmp x="1293" y="2202" width="44" height="110" />
        <cmp x="1345" y="2181" width="29" height="77" />
        <cmp x="1373" y="2185" width="8" height="15" />
        <cmp x="1374" y="2203" width="3" height="3" />
        <cmp x="1379" y="2177" width="91" height="80" />
      </word>
      <word id="b01-127-08-04" tag="RB" text="ever">
        <cmp x="1554" y="2214" width="45" height="70" />
        <cmp x="1607" y="2219" width="27" height="47" />
        <cmp x="1632" y="2206" width="69" height="55" />
      </word>
      <word id="b01-127-08-05" tag="QL" text="more">
        <cmp x="1772" y="2215" width="176" height="55" />
      </word>
      <upper-contour>
        <point x="336" y="2135" />
        <point x="1949" y="2135" />
      </upper-contour>
      <lower-contour>
        <point x="350" y="2296" />
        <point x="745" y="2296" />
      </lower-contour>
    </line>
    <line ass="697" asx="0" asy="2345" character-width="999" dss="697" dsx="0" dsy="2517" fd0="12724" fd1="2682" fd2="-1164" filter-width="3" id="b01-127-09" lbs="885" lbx="0" lby="2440" segmentation="ok" slant="91000" stroke-width="5398" threshold="182" text="ruthlessly." ubs="320" ubx="0" uby="2398">
      <word id="b01-127-09-00" tag="RB" text="ruthlessly">
        <cmp x="352" y="2381" width="89" height="67" />
        <cmp x="440" y="2340" width="75" height="95" />
        <cmp x="526" y="2340" width="106" height="95" />
        <cmp x="643" y="2349" width="58" height="85" />
        <cmp x="673" y="2427" width="13" height="83" />
      </word>
      <word id="b01-127-09-01" tag="." text=".">
        <cmp x="733" y="2427" width="11" height="11" />
      </word>
      <upper-contour>
        <point x="350" y="2296" />
        <point x="745" y="2296" />
      </upper-contour>
    </line>
  </handwritten-part>
</form>

