<?xml version="1.0" encoding="ISO-8859-1"?>

<!DOCTYPE form SYSTEM 'http://www.iam.unibe.ch/~fki/iamdb/form-metadata.dtd'>

<form created="2002-01-14" height="3542" id="b01-000" last-modified="2002-07-17" skew="95" status="final" version="3.0_beta" width="2479" writer-id="087">
  <machine-printed-part>
    <machine-print-line text="PRIME Minister after Prime Minister speaks out in revulsion against the South" />
    <machine-print-line text="African Government&apos;s policy of apartheid as we wait for the curtain to rise on the" />
    <machine-print-line text="Commonwealth Conference in London. Will it end with South Africa&apos;s exclusion from" />
    <machine-print-line text="the Commonwealth? The issue is touch and go." />
  </machine-printed-part>
  <handwritten-part>
    <line ass="-142" asx="0" asy="765" character-width="999" dss="-142" dsx="0" dsy="848" fd0="14409" fd1="2586" fd2="-721" filter-width="3" id="b01-000-00" lbs="-180" lbx="0" lby="821" segmentation="ok" slant="64000" stroke-width="5491" threshold="190" text="Prime Minister after Prime Minister speaks out" ubs="-67" ubx="0" uby="798">
      <word id="b01-000-00-00" sentence-start="yes" tag="NPT" text="Prime">
        <cmp x="372" y="769" width="33" height="50" />
        <cmp x="401" y="796" width="42" height="24" />
        <cmp x="443" y="795" width="63" height="27" />
        <cmp x="446" y="769" width="7" height="18" />
      </word>
      <word id="b01-000-00-01" tag="NPT" text="Minister">
        <cmp x="571" y="781" width="48" height="45" />
        <cmp x="617" y="801" width="12" height="23" />
        <cmp x="635" y="799" width="65" height="29" />
        <cmp x="636" y="776" width="9" height="17" />
        <cmp x="686" y="772" width="9" height="15" />
        <cmp x="697" y="769" width="78" height="63" />
      </word>
      <word id="b01-000-00-02" tag="IN" text="after">
        <cmp x="856" y="770" width="148" height="77" />
      </word>
      <word id="b01-000-00-03" tag="NPT" text="Prime">
        <cmp x="1091" y="769" width="47" height="58" />
        <cmp x="1121" y="799" width="41" height="26" />
        <cmp x="1160" y="802" width="68" height="24" />
        <cmp x="1164" y="773" width="12" height="15" />
      </word>
      <word id="b01-000-00-04" tag="NPT" text="Minister">
        <cmp x="1296" y="778" width="52" height="49" />
        <cmp x="1348" y="801" width="8" height="21" />
        <cmp x="1361" y="803" width="54" height="22" />
        <cmp x="1362" y="775" width="8" height="17" />
        <cmp x="1420" y="802" width="20" height="28" />
        <cmp x="1422" y="779" width="8" height="10" />
        <cmp x="1440" y="781" width="92" height="60" />
      </word>
      <word id="b01-000-00-05" tag="VBZ" text="speaks">
        <cmp x="1608" y="799" width="20" height="28" />
        <cmp x="1623" y="804" width="50" height="50" />
        <cmp x="1685" y="783" width="101" height="52" />
        <cmp x="1788" y="801" width="26" height="31" />
      </word>
      <word id="b01-000-00-06" tag="RP" text="out">
        <cmp x="1883" y="774" width="109" height="52" />
      </word>
      <lower-contour>
        <point x="375" y="854" />
        <point x="1766" y="854" />
      </lower-contour>
    </line>
    <line ass="-362" asx="0" asy="934" character-width="999" dss="-362" dsx="0" dsy="1014" fd0="14236" fd1="2601" fd2="-316" filter-width="3" id="b01-000-01" lbs="-307" lbx="0" lby="997" segmentation="ok" slant="64000" stroke-width="5449" threshold="190" text="in revulsion against the South African" ubs="-473" ubx="0" uby="971">
      <word id="b01-000-01-00" tag="IN" text="in">
        <cmp x="377" y="970" width="12" height="38" />
        <cmp x="396" y="971" width="44" height="26" />
        <cmp x="400" y="938" width="7" height="18" />
      </word>
      <word id="b01-000-01-01" tag="NN" text="revulsion">
        <cmp x="493" y="971" width="50" height="33" />
        <cmp x="549" y="969" width="27" height="36" />
        <cmp x="574" y="972" width="36" height="23" />
        <cmp x="610" y="947" width="26" height="49" />
        <cmp x="637" y="966" width="20" height="33" />
        <cmp x="657" y="979" width="11" height="23" />
        <cmp x="667" y="976" width="3" height="3" />
        <cmp x="677" y="951" width="11" height="14" />
        <cmp x="681" y="977" width="85" height="25" />
      </word>
      <word id="b01-000-01-02" tag="IN" text="against">
        <cmp x="848" y="974" width="117" height="47" />
        <cmp x="968" y="958" width="9" height="11" />
        <cmp x="968" y="980" width="39" height="20" />
        <cmp x="1008" y="974" width="20" height="28" />
        <cmp x="1029" y="948" width="34" height="61" />
      </word>
      <word id="b01-000-01-03" tag="ATI" text="the">
        <cmp x="1137" y="954" width="29" height="48" />
        <cmp x="1162" y="950" width="47" height="57" />
      </word>
      <word id="b01-000-01-04" tag="NP" text="South">
        <cmp x="1277" y="952" width="28" height="45" />
        <cmp x="1298" y="975" width="22" height="21" />
        <cmp x="1320" y="953" width="80" height="52" />
        <cmp x="1395" y="953" width="47" height="50" />
      </word>
      <word id="b01-000-01-05" tag="JNP" text="African">
        <cmp x="1521" y="957" width="55" height="47" />
        <cmp x="1572" y="959" width="193" height="61" />
        <cmp x="1649" y="962" width="9" height="12" />
      </word>
      <upper-contour>
        <point x="375" y="854" />
        <point x="1766" y="854" />
      </upper-contour>
      <lower-contour>
        <point x="375" y="1021" />
        <point x="1766" y="1021" />
      </lower-contour>
    </line>
    <line ass="245" asx="0" asy="1128" character-width="999" dss="245" dsx="0" dsy="1209" fd0="14930" fd1="3280" fd2="-186" filter-width="3" id="b01-000-02" lbs="246" lbx="0" lby="1187" segmentation="ok" slant="65000" stroke-width="5398" threshold="190" text="Government&apos;s policy of apartheid as we wait" ubs="244" ubx="0" uby="1164">
      <word id="b01-000-02-00" tag="NN$" text="Government&apos;s">
        <cmp x="364" y="1136" width="34" height="45" />
        <cmp x="400" y="1158" width="23" height="19" />
        <cmp x="430" y="1157" width="25" height="26" />
        <cmp x="457" y="1133" width="218" height="56" />
        <cmp x="681" y="1130" width="21" height="28" />
        <cmp x="682" y="1154" width="24" height="31" />
      </word>
      <word id="b01-000-02-01" tag="NN" text="policy">
        <cmp x="790" y="1157" width="42" height="41" />
        <cmp x="832" y="1159" width="23" height="23" />
        <cmp x="858" y="1131" width="33" height="52" />
        <cmp x="898" y="1134" width="9" height="22" />
        <cmp x="898" y="1159" width="21" height="22" />
        <cmp x="910" y="1162" width="48" height="44" />
        <cmp x="927" y="1160" width="9" height="15" />
      </word>
      <word id="b01-000-02-02" tag="INO" text="of">
        <cmp x="1063" y="1127" width="64" height="76" />
      </word>
      <word id="b01-000-02-03" tag="NN" text="apartheid">
        <cmp x="1210" y="1156" width="68" height="49" />
        <cmp x="1284" y="1161" width="59" height="23" />
        <cmp x="1347" y="1127" width="33" height="52" />
        <cmp x="1378" y="1131" width="142" height="54" />
        <cmp x="1467" y="1134" width="9" height="15" />
      </word>
      <word id="b01-000-02-04" tag="CS" text="as">
        <cmp x="1625" y="1155" width="33" height="24" />
        <cmp x="1663" y="1153" width="17" height="30" />
      </word>
      <word id="b01-000-02-05" tag="PP1AS" text="we">
        <cmp x="1748" y="1156" width="51" height="23" />
        <cmp x="1800" y="1153" width="31" height="29" />
      </word>
      <word id="b01-000-02-06" tag="VB" text="wait">
        <cmp x="1913" y="1148" width="49" height="29" />
        <cmp x="1963" y="1149" width="54" height="25" />
        <cmp x="2027" y="1121" width="34" height="53" />
        <cmp x="2032" y="1121" width="10" height="8" />
      </word>
      <upper-contour>
        <point x="375" y="1021" />
        <point x="1766" y="1021" />
      </upper-contour>
      <lower-contour>
        <point x="381" y="1206" />
        <point x="2063" y="1206" />
      </lower-contour>
    </line>
    <line ass="-170" asx="0" asy="1297" character-width="999" dss="-170" dsx="0" dsy="1388" fd0="13939" fd1="3244" fd2="65" filter-width="3" id="b01-000-03" lbs="-193" lbx="0" lby="1355" segmentation="ok" slant="68000" stroke-width="5445" threshold="190" text="for the curtain to rise on the Commonwealth" ubs="-125" ubx="0" uby="1334">
      <word id="b01-000-03-00" tag="IN" text="for">
        <cmp x="383" y="1304" width="78" height="87" />
      </word>
      <word id="b01-000-03-01" tag="ATI" text="the">
        <cmp x="538" y="1304" width="31" height="54" />
        <cmp x="567" y="1302" width="54" height="53" />
      </word>
      <word id="b01-000-03-02" tag="NN" text="curtain">
        <cmp x="694" y="1330" width="97" height="27" />
        <cmp x="801" y="1302" width="84" height="56" />
        <cmp x="879" y="1308" width="12" height="16" />
        <cmp x="883" y="1338" width="46" height="19" />
      </word>
      <word id="b01-000-03-03" tag="TO" text="to">
        <cmp x="1027" y="1308" width="46" height="63" />
      </word>
      <word id="b01-000-03-04" tag="VB" text="rise">
        <cmp x="1139" y="1339" width="51" height="24" />
        <cmp x="1191" y="1339" width="22" height="27" />
        <cmp x="1203" y="1306" width="7" height="14" />
        <cmp x="1212" y="1336" width="37" height="28" />
      </word>
      <word id="b01-000-03-05" tag="IN" text="on">
        <cmp x="1345" y="1336" width="69" height="26" />
      </word>
      <word id="b01-000-03-06" tag="ATI" text="the">
        <cmp x="1476" y="1310" width="85" height="51" />
      </word>
      <word id="b01-000-03-07" tag="NN" text="Commonwealth">
        <cmp x="1629" y="1302" width="152" height="59" />
        <cmp x="1782" y="1335" width="74" height="30" />
        <cmp x="1866" y="1336" width="48" height="24" />
        <cmp x="1913" y="1332" width="70" height="30" />
        <cmp x="1988" y="1309" width="26" height="55" />
        <cmp x="2014" y="1311" width="38" height="53" />
        <cmp x="2051" y="1313" width="54" height="55" />
      </word>
      <upper-contour>
        <point x="381" y="1206" />
        <point x="2063" y="1206" />
      </upper-contour>
      <lower-contour>
        <point x="389" y="1385" />
        <point x="1834" y="1385" />
      </lower-contour>
    </line>
    <line ass="189" asx="0" asy="1490" character-width="999" dss="189" dsx="0" dsy="1558" fd0="14304" fd1="3370" fd2="37" filter-width="3" id="b01-000-04" lbs="201" lbx="0" lby="1545" segmentation="ok" slant="66999" stroke-width="5371" threshold="190" text="Conference in London. Will it end with" ubs="164" ubx="0" uby="1517">
      <word id="b01-000-04-00" tag="NN" text="Conference">
        <cmp x="391" y="1493" width="90" height="48" />
        <cmp x="481" y="1489" width="197" height="70" />
      </word>
      <word id="b01-000-04-01" tag="IN" text="in">
        <cmp x="780" y="1512" width="14" height="31" />
        <cmp x="796" y="1488" width="7" height="16" />
        <cmp x="797" y="1516" width="37" height="29" />
      </word>
      <word id="b01-000-04-02" tag="NP" text="London">
        <cmp x="899" y="1491" width="46" height="50" />
        <cmp x="946" y="1516" width="34" height="25" />
        <cmp x="982" y="1496" width="132" height="50" />
      </word>
      <word id="b01-000-04-03" tag="." text=".">
        <cmp x="1135" y="1535" width="7" height="9" />
      </word>
      <word id="b01-000-04-04" sentence-start="yes" tag="VB" text="Will">
        <cmp x="1225" y="1499" width="55" height="41" />
        <cmp x="1269" y="1522" width="9" height="24" />
        <cmp x="1285" y="1497" width="6" height="15" />
        <cmp x="1287" y="1497" width="20" height="47" />
        <cmp x="1311" y="1493" width="23" height="50" />
      </word>
      <word id="b01-000-04-05" tag="PP3" text="it">
        <cmp x="1409" y="1519" width="10" height="21" />
        <cmp x="1422" y="1491" width="9" height="18" />
        <cmp x="1423" y="1491" width="25" height="49" />
      </word>
      <word id="b01-000-04-06" tag="VB" text="end">
        <cmp x="1501" y="1500" width="122" height="44" />
      </word>
      <word id="b01-000-04-07" tag="IN" text="with">
        <cmp x="1706" y="1518" width="44" height="24" />
        <cmp x="1744" y="1522" width="11" height="18" />
        <cmp x="1764" y="1488" width="69" height="52" />
        <cmp x="1765" y="1494" width="8" height="11" />
      </word>
      <upper-contour>
        <point x="389" y="1385" />
        <point x="1834" y="1385" />
      </upper-contour>
      <lower-contour>
        <point x="411" y="1558" />
        <point x="1745" y="1558" />
      </lower-contour>
    </line>
    <line ass="-25" asx="0" asy="1662" character-width="999" dss="-25" dsx="0" dsy="1734" fd0="14232" fd1="2437" fd2="-446" filter-width="3" id="b01-000-05" lbs="-9" lbx="0" lby="1721" segmentation="ok" slant="66999" stroke-width="5468" threshold="182" text="South Africa&apos;s exclusion from the" ubs="-55" ubx="0" uby="1695">
      <word id="b01-000-05-00" tag="NP" text="South">
        <cmp x="413" y="1668" width="20" height="48" />
        <cmp x="435" y="1693" width="24" height="21" />
        <cmp x="460" y="1674" width="57" height="51" />
        <cmp x="519" y="1668" width="49" height="55" />
      </word>
      <word id="b01-000-05-01" tag="NP$" text="Africa&apos;s">
        <cmp x="665" y="1671" width="194" height="65" />
        <cmp x="786" y="1669" width="10" height="12" />
        <cmp x="866" y="1671" width="13" height="17" />
        <cmp x="887" y="1695" width="21" height="29" />
      </word>
      <word id="b01-000-05-02" tag="NN" text="exclusion">
        <cmp x="1040" y="1690" width="38" height="32" />
        <cmp x="1076" y="1692" width="23" height="32" />
        <cmp x="1113" y="1696" width="28" height="25" />
        <cmp x="1145" y="1667" width="86" height="56" />
        <cmp x="1232" y="1695" width="15" height="23" />
        <cmp x="1249" y="1672" width="6" height="10" />
        <cmp x="1253" y="1692" width="78" height="23" />
      </word>
      <word id="b01-000-05-03" tag="IN" text="from">
        <cmp x="1411" y="1663" width="145" height="68" />
      </word>
      <word id="b01-000-05-04" tag="ATI" text="the">
        <cmp x="1658" y="1663" width="86" height="58" />
      </word>
      <upper-contour>
        <point x="411" y="1558" />
        <point x="1745" y="1558" />
      </upper-contour>
      <lower-contour>
        <point x="411" y="1736" />
        <point x="1745" y="1736" />
      </lower-contour>
    </line>
    <line ass="-19" asx="0" asy="1839" character-width="999" dss="-19" dsx="0" dsy="1915" fd0="14488" fd1="2716" fd2="3" filter-width="3" id="b01-000-06" lbs="-54" lbx="0" lby="1895" segmentation="ok" slant="70000" stroke-width="5427" threshold="190" text="Commonwealth? The issue is touch and go." ubs="49" ubx="0" uby="1871">
      <word id="b01-000-06-00" tag="NN" text="Commonwealth">
        <cmp x="408" y="1854" width="102" height="46" />
        <cmp x="509" y="1872" width="45" height="24" />
        <cmp x="558" y="1877" width="71" height="23" />
        <cmp x="646" y="1873" width="47" height="27" />
        <cmp x="697" y="1850" width="95" height="50" />
        <cmp x="800" y="1845" width="33" height="48" />
        <cmp x="826" y="1845" width="45" height="57" />
      </word>
      <word id="b01-000-06-01" tag="?" text="?">
        <cmp x="930" y="1843" width="35" height="41" />
        <cmp x="944" y="1894" width="6" height="9" />
      </word>
      <word id="b01-000-06-02" sentence-start="yes" tag="ATI" text="The">
        <cmp x="1058" y="1844" width="38" height="52" />
        <cmp x="1086" y="1844" width="54" height="52" />
      </word>
      <word id="b01-000-06-03" tag="NN" text="issue">
        <cmp x="1197" y="1871" width="10" height="22" />
        <cmp x="1217" y="1843" width="7" height="18" />
        <cmp x="1217" y="1865" width="17" height="33" />
        <cmp x="1237" y="1866" width="15" height="29" />
        <cmp x="1262" y="1862" width="40" height="31" />
        <cmp x="1310" y="1862" width="27" height="29" />
      </word>
      <word id="b01-000-06-04" tag="BEZ" text="is">
        <cmp x="1429" y="1869" width="10" height="23" />
        <cmp x="1446" y="1866" width="14" height="35" />
        <cmp x="1449" y="1841" width="6" height="12" />
      </word>
      <word id="b01-000-06-05" tag="NN" text="touch">
        <cmp x="1526" y="1840" width="166" height="67" />
      </word>
      <word id="b01-000-06-06" tag="CC" text="and">
        <cmp x="1762" y="1851" width="132" height="47" />
      </word>
      <word id="b01-000-06-07" tag="NN" text="go">
        <cmp x="1981" y="1869" width="77" height="48" />
      </word>
      <word id="b01-000-06-08" tag="." text=".">
        <cmp x="2045" y="1898" width="10" height="10" />
      </word>
      <upper-contour>
        <point x="411" y="1736" />
        <point x="1745" y="1736" />
      </upper-contour>
    </line>
  </handwritten-part>
</form>

