<?xml version="1.0" encoding="ISO-8859-1"?>

<!DOCTYPE form SYSTEM 'http://www.iam.unibe.ch/~fki/iamdb/form-metadata.dtd'>

<form created="2002-01-14" height="3542" id="b02-013" last-modified="2002-07-17" skew="-63" status="final" version="3.0_beta" width="2479" writer-id="095">
  <machine-printed-part>
    <machine-print-line text="What seems certain is that those who advocate putting off any approach until Mr" />
    <machine-print-line text="Krushchev gives evidence of a change of heart (whatever that may mean) would" />
    <machine-print-line text="have us run risks greater than the West ought to run - and greater than President" />
    <machine-print-line text="Kennedy&apos;s most influential advisers seem disposed to face. The real question is what" />
    <machine-print-line text="we should put to the Soviet Government as a basis for talks: and that means working" />
    <machine-print-line text="out what we know to be the essential interests of the West in Berlin and what we" />
    <machine-print-line text="suppose that the Soviet Government may now be after." />
  </machine-printed-part>
  <handwritten-part>
    <line ass="-193" asx="0" asy="878" character-width="999" dss="-193" dsx="0" dsy="952" fd0="13870" fd1="2947" fd2="272" filter-width="4" id="b02-013-00" lbs="-150" lbx="0" lby="947" segmentation="err" slant="89000" stroke-width="6610" threshold="180" text="What seems certain is that those who" ubs="-278" ubx="0" uby="914">
      <word id="b02-013-00-00" sentence-start="yes" tag="WDT" text="What">
        <cmp x="353" y="895" width="38" height="52" />
        <cmp x="400" y="894" width="81" height="53" />
        <cmp x="492" y="891" width="24" height="54" />
      </word>
      <word id="b02-013-00-01" tag="VBZ" text="seems">
        <cmp x="585" y="908" width="213" height="45" />
      </word>
      <word id="b02-013-00-02" tag="JJ" text="certain">
        <cmp x="878" y="900" width="282" height="55" />
        <cmp x="1087" y="883" width="8" height="7" />
      </word>
      <word id="b02-013-00-03" tag="BEZ" text="is">
        <cmp x="1211" y="919" width="54" height="36" />
        <cmp x="1241" y="890" width="9" height="8" />
      </word>
      <word id="b02-013-00-04" tag="CS" text="that">
        <cmp x="1317" y="903" width="120" height="55" />
        <cmp x="1454" y="916" width="28" height="35" />
        <cmp x="1472" y="900" width="6" height="8" />
      </word>
      <word id="b02-013-00-05" tag="DTS" text="those">
        <cmp x="1544" y="908" width="186" height="48" />
      </word>
      <word id="b02-013-00-06" tag="WP" text="who">
        <cmp x="1790" y="912" width="42" height="33" />
        <cmp x="1842" y="915" width="77" height="35" />
      </word>
      <lower-contour>
        <point x="351" y="958" />
        <point x="1920" y="958" />
      </lower-contour>
    </line>
    <line ass="-305" asx="0" asy="1060" character-width="999" dss="-305" dsx="0" dsy="1179" fd0="14022" fd1="2460" fd2="-294" filter-width="4" id="b02-013-01" lbs="-249" lbx="0" lby="1130" segmentation="ok" slant="73000" stroke-width="6493" threshold="189" text="advocate putting off any approach until" ubs="-419" ubx="0" uby="1095">
      <word id="b02-013-01-00" tag="VB" text="advocate">
        <cmp x="347" y="1080" width="142" height="48" />
        <cmp x="484" y="1095" width="108" height="32" />
        <cmp x="609" y="1087" width="81" height="41" />
      </word>
      <word id="b02-013-01-01" tag="VBG" text="putting">
        <cmp x="747" y="1096" width="38" height="69" />
        <cmp x="793" y="1079" width="240" height="51" />
        <cmp x="958" y="1072" width="9" height="5" />
        <cmp x="1039" y="1102" width="41" height="78" />
      </word>
      <word id="b02-013-01-02" tag="RP" text="off">
        <cmp x="1144" y="1081" width="121" height="87" />
      </word>
      <word id="b02-013-01-03" tag="DTI" text="any">
        <cmp x="1308" y="1098" width="145" height="39" />
        <cmp x="1421" y="1138" width="23" height="49" />
      </word>
      <word id="b02-013-01-04" tag="NN" text="approach">
        <cmp x="1530" y="1097" width="274" height="92" />
        <cmp x="1806" y="1084" width="108" height="51" />
      </word>
      <word id="b02-013-01-05" tag="CS" text="until">
        <cmp x="1948" y="1104" width="98" height="27" />
        <cmp x="2048" y="1085" width="92" height="48" />
        <cmp x="2107" y="1072" width="7" height="4" />
      </word>
      <upper-contour>
        <point x="351" y="958" />
        <point x="1920" y="958" />
      </upper-contour>
      <lower-contour>
        <point x="350" y="1189" />
        <point x="2079" y="1189" />
      </lower-contour>
    </line>
    <line ass="-87" asx="0" asy="1248" character-width="999" dss="-87" dsx="0" dsy="1361" fd0="14449" fd1="2787" fd2="-25" filter-width="4" id="b02-013-02" lbs="-15" lbx="0" lby="1308" segmentation="ok" slant="75000" stroke-width="6394" threshold="194" text="Mr Krushchev gives evidence of a change" ubs="-231" ubx="0" uby="1277">
      <word id="b02-013-02-00" tag="NPT" text="Mr">
        <cmp x="352" y="1262" width="73" height="51" />
      </word>
      <word id="b02-013-02-01" tag="NP" text="Krushchev">
        <cmp x="494" y="1254" width="152" height="58" />
        <cmp x="657" y="1267" width="43" height="37" />
        <cmp x="701" y="1260" width="73" height="49" />
        <cmp x="773" y="1278" width="110" height="33" />
      </word>
      <word id="b02-013-02-02" tag="VBZ" text="gives">
        <cmp x="942" y="1278" width="116" height="79" />
        <cmp x="982" y="1251" width="9" height="4" />
        <cmp x="1052" y="1278" width="68" height="35" />
      </word>
      <word id="b02-013-02-03" tag="NN" text="evidence">
        <cmp x="1185" y="1281" width="93" height="36" />
        <cmp x="1278" y="1252" width="8" height="8" />
        <cmp x="1287" y="1267" width="148" height="48" />
        <cmp x="1446" y="1279" width="72" height="36" />
      </word>
      <word id="b02-013-02-04" tag="INO" text="of">
        <cmp x="1577" y="1258" width="85" height="82" />
      </word>
      <word id="b02-013-02-05" tag="AT" text="a">
        <cmp x="1704" y="1276" width="38" height="41" />
      </word>
      <word id="b02-013-02-06" tag="NN" text="change">
        <cmp x="1803" y="1256" width="275" height="110" />
      </word>
      <upper-contour>
        <point x="350" y="1189" />
        <point x="2079" y="1189" />
      </upper-contour>
      <lower-contour>
        <point x="350" y="1366" />
        <point x="2079" y="1366" />
      </lower-contour>
    </line>
    <line ass="-156" asx="0" asy="1414" character-width="999" dss="-156" dsx="0" dsy="1518" fd0="14419" fd1="2886" fd2="242" filter-width="4" id="b02-013-03" lbs="-174" lbx="0" lby="1484" segmentation="ok" slant="74000" stroke-width="6469" threshold="191" text="of heart (whatever that may mean) would" ubs="-120" ubx="0" uby="1455">
      <word id="b02-013-03-00" tag="INO" text="of">
        <cmp x="343" y="1443" width="47" height="44" />
        <cmp x="388" y="1429" width="24" height="86" />
      </word>
      <word id="b02-013-03-01" tag="NN" text="heart">
        <cmp x="472" y="1438" width="134" height="55" />
        <cmp x="625" y="1431" width="31" height="50" />
      </word>
      <word id="b02-013-03-02" tag="(" text="(">
        <cmp x="711" y="1463" width="12" height="55" />
      </word>
      <word id="b02-013-03-03" tag="WDT" text="whatever">
        <cmp x="756" y="1453" width="60" height="31" />
        <cmp x="824" y="1438" width="82" height="61" />
        <cmp x="922" y="1457" width="59" height="37" />
        <cmp x="941" y="1436" width="5" height="5" />
        <cmp x="988" y="1457" width="32" height="26" />
        <cmp x="1015" y="1478" width="5" height="5" />
        <cmp x="1022" y="1449" width="61" height="39" />
      </word>
      <word id="b02-013-03-04" tag="DT" text="that">
        <cmp x="1145" y="1438" width="112" height="52" />
        <cmp x="1267" y="1437" width="29" height="47" />
      </word>
      <word id="b02-013-03-05" tag="MD" text="may">
        <cmp x="1357" y="1456" width="150" height="68" />
      </word>
      <word id="b02-013-03-06" tag="VB" text="mean">
        <cmp x="1554" y="1455" width="223" height="42" />
      </word>
      <word id="b02-013-03-07" tag=")" text=")">
        <cmp x="1777" y="1514" width="4" height="4" />
        <cmp x="1782" y="1420" width="40" height="95" />
      </word>
      <word id="b02-013-03-08" tag="MD" text="would">
        <cmp x="1862" y="1457" width="56" height="35" />
        <cmp x="1917" y="1435" width="170" height="58" />
      </word>
      <upper-contour>
        <point x="350" y="1366" />
        <point x="2079" y="1366" />
      </upper-contour>
      <lower-contour>
        <point x="341" y="1524" />
        <point x="2087" y="1524" />
      </lower-contour>
    </line>
    <line ass="-16" asx="0" asy="1604" character-width="999" dss="-16" dsx="0" dsy="1720" fd0="14034" fd1="2863" fd2="198" filter-width="4" id="b02-013-04" lbs="-23" lbx="0" lby="1668" segmentation="ok" slant="70000" stroke-width="6669" threshold="191" text="have us run risks greater than the West" ubs="-1" ubx="0" uby="1638">
      <word id="b02-013-04-00" tag="HV" text="have">
        <cmp x="338" y="1615" width="121" height="57" />
        <cmp x="463" y="1629" width="38" height="37" />
      </word>
      <word id="b02-013-04-01" tag="PP1OS" text="us">
        <cmp x="562" y="1636" width="77" height="33" />
      </word>
      <word id="b02-013-04-02" tag="VB" text="run">
        <cmp x="711" y="1630" width="162" height="41" />
      </word>
      <word id="b02-013-04-03" tag="NNS" text="risks">
        <cmp x="926" y="1632" width="102" height="41" />
        <cmp x="995" y="1606" width="8" height="5" />
        <cmp x="1044" y="1618" width="75" height="49" />
      </word>
      <word id="b02-013-04-04" tag="JJR" text="greater">
        <cmp x="1177" y="1634" width="155" height="88" />
        <cmp x="1344" y="1625" width="92" height="48" />
      </word>
      <word id="b02-013-04-05" tag="CS" text="than">
        <cmp x="1508" y="1619" width="60" height="50" />
        <cmp x="1568" y="1640" width="126" height="35" />
      </word>
      <word id="b02-013-04-06" tag="ATI" text="the">
        <cmp x="1769" y="1614" width="108" height="64" />
      </word>
      <word id="b02-013-04-07" tag="NR" text="West">
        <cmp x="1951" y="1615" width="65" height="55" />
        <cmp x="1997" y="1636" width="69" height="35" />
        <cmp x="2081" y="1615" width="42" height="48" />
      </word>
      <upper-contour>
        <point x="341" y="1524" />
        <point x="2087" y="1524" />
      </upper-contour>
      <lower-contour>
        <point x="336" y="1722" />
        <point x="2124" y="1722" />
      </lower-contour>
    </line>
    <line ass="-236" asx="0" asy="1772" character-width="999" dss="-236" dsx="0" dsy="1893" fd0="13749" fd1="2657" fd2="28" filter-width="4" id="b02-013-05" lbs="-274" lbx="0" lby="1840" segmentation="ok" slant="73000" stroke-width="6703" threshold="189" text="ought to run - and greater than President" ubs="-158" ubx="0" uby="1814">
      <word id="b02-013-05-00" tag="MD" text="ought">
        <cmp x="332" y="1810" width="115" height="86" />
        <cmp x="447" y="1808" width="13" height="15" />
        <cmp x="456" y="1816" width="50" height="27" />
        <cmp x="471" y="1796" width="4" height="6" />
        <cmp x="515" y="1806" width="35" height="32" />
        <cmp x="531" y="1787" width="5" height="7" />
      </word>
      <word id="b02-013-05-01" tag="TO" text="to">
        <cmp x="612" y="1795" width="37" height="52" />
      </word>
      <word id="b02-013-05-02" tag="VB" text="run">
        <cmp x="703" y="1809" width="175" height="44" />
      </word>
      <word id="b02-013-05-03" tag="*-" text="-">
        <cmp x="912" y="1823" width="30" height="9" />
      </word>
      <word id="b02-013-05-04" tag="CC" text="and">
        <cmp x="980" y="1799" width="131" height="47" />
      </word>
      <word id="b02-013-05-05" tag="JJR" text="greater">
        <cmp x="1175" y="1812" width="140" height="83" />
        <cmp x="1328" y="1797" width="86" height="57" />
      </word>
      <word id="b02-013-05-06" tag="CS" text="than">
        <cmp x="1479" y="1798" width="189" height="59" />
      </word>
      <word id="b02-013-05-07" tag="NPT" text="President">
        <cmp x="1737" y="1783" width="29" height="63" />
        <cmp x="1756" y="1811" width="155" height="39" />
        <cmp x="1906" y="1781" width="7" height="5" />
        <cmp x="1920" y="1799" width="143" height="54" />
        <cmp x="2084" y="1797" width="40" height="51" />
      </word>
      <upper-contour>
        <point x="336" y="1722" />
        <point x="2124" y="1722" />
      </upper-contour>
      <lower-contour>
        <point x="334" y="1896" />
        <point x="2125" y="1896" />
      </lower-contour>
    </line>
    <line ass="-302" asx="0" asy="1950" character-width="999" dss="-302" dsx="0" dsy="2059" fd0="14245" fd1="2971" fd2="208" filter-width="4" id="b02-013-06" lbs="-317" lbx="0" lby="2023" segmentation="ok" slant="72000" stroke-width="6666" threshold="187" text="Kennedy&apos;s most influential advisers seem" ubs="-272" ubx="0" uby="1994">
      <word id="b02-013-06-00" tag="NP$" text="Kennedy&apos;s">
        <cmp x="336" y="1973" width="304" height="66" />
        <cmp x="617" y="2048" width="6" height="15" />
        <cmp x="664" y="1979" width="6" height="17" />
        <cmp x="672" y="1992" width="26" height="34" />
      </word>
      <word id="b02-013-06-01" tag="QL" text="most">
        <cmp x="755" y="1996" width="145" height="36" />
        <cmp x="923" y="1987" width="29" height="37" />
        <cmp x="939" y="1977" width="8" height="9" />
      </word>
      <word id="b02-013-06-02" tag="JJ" text="influential">
        <cmp x="1013" y="1995" width="101" height="38" />
        <cmp x="1059" y="1961" width="9" height="5" />
        <cmp x="1132" y="1980" width="216" height="72" />
        <cmp x="1362" y="1992" width="48" height="38" />
        <cmp x="1409" y="1970" width="7" height="8" />
        <cmp x="1420" y="1972" width="97" height="59" />
      </word>
      <word id="b02-013-06-03" tag="NNS" text="advisers">
        <cmp x="1590" y="1982" width="297" height="60" />
        <cmp x="1731" y="1961" width="9" height="6" />
      </word>
      <word id="b02-013-06-04" tag="VB" text="seem">
        <cmp x="1952" y="1992" width="215" height="47" />
      </word>
      <upper-contour>
        <point x="334" y="1896" />
        <point x="2125" y="1896" />
      </upper-contour>
      <lower-contour>
        <point x="335" y="2063" />
        <point x="1985" y="2063" />
      </lower-contour>
    </line>
    <line ass="61" asx="0" asy="2145" character-width="999" dss="61" dsx="0" dsy="2260" fd0="13738" fd1="2892" fd2="407" filter-width="4" id="b02-013-07" lbs="38" lbx="0" lby="2208" segmentation="ok" slant="76000" stroke-width="6739" threshold="187" text="disposed to face. The real question is" ubs="107" ubx="0" uby="2178">
      <word id="b02-013-07-00" tag="JJ" text="disposed">
        <cmp x="337" y="2155" width="95" height="54" />
        <cmp x="400" y="2146" width="8" height="7" />
        <cmp x="452" y="2174" width="39" height="73" />
        <cmp x="502" y="2153" width="152" height="55" />
      </word>
      <word id="b02-013-07-01" tag="TO" text="to">
        <cmp x="740" y="2150" width="45" height="58" />
      </word>
      <word id="b02-013-07-02" tag="VB" text="face">
        <cmp x="845" y="2146" width="145" height="78" />
      </word>
      <word id="b02-013-07-03" tag="." text=".">
        <cmp x="1022" y="2205" width="9" height="8" />
      </word>
      <word id="b02-013-07-04" sentence-start="yes" tag="ATI" text="The">
        <cmp x="1094" y="2153" width="104" height="63" />
      </word>
      <word id="b02-013-07-05" tag="JJ" text="real">
        <cmp x="1257" y="2157" width="176" height="53" />
      </word>
      <word id="b02-013-07-06" tag="NN" text="question">
        <cmp x="1506" y="2168" width="28" height="91" />
        <cmp x="1547" y="2172" width="113" height="40" />
        <cmp x="1676" y="2150" width="53" height="61" />
        <cmp x="1737" y="2146" width="8" height="10" />
        <cmp x="1742" y="2175" width="117" height="32" />
      </word>
      <word id="b02-013-07-07" tag="BEZ" text="is">
        <cmp x="1907" y="2172" width="77" height="36" />
        <cmp x="1952" y="2151" width="9" height="8" />
      </word>
      <upper-contour>
        <point x="335" y="2063" />
        <point x="1985" y="2063" />
      </upper-contour>
      <lower-contour>
        <point x="340" y="2259" />
        <point x="1888" y="2259" />
      </lower-contour>
    </line>
    <line ass="-276" asx="0" asy="2315" character-width="999" dss="-276" dsx="0" dsy="2422" fd0="14141" fd1="2996" fd2="346" filter-width="4" id="b02-013-08" lbs="-326" lbx="0" lby="2379" segmentation="err" slant="70000" stroke-width="6553" threshold="186" text="what we should put to the Soviet" ubs="-176" ubx="0" uby="2351">
      <word id="b02-013-08-00" tag="WDT" text="what">
        <cmp x="342" y="2348" width="44" height="33" />
        <cmp x="392" y="2349" width="103" height="35" />
        <cmp x="500" y="2342" width="27" height="39" />
      </word>
      <word id="b02-013-08-01" tag="PP1AS" text="we">
        <cmp x="593" y="2351" width="51" height="31" />
        <cmp x="634" y="2349" width="48" height="37" />
      </word>
      <word id="b02-013-08-02" tag="MD" text="should">
        <cmp x="758" y="2346" width="30" height="45" />
        <cmp x="799" y="2325" width="231" height="67" />
      </word>
      <word id="b02-013-08-03" tag="VB" text="put">
        <cmp x="1081" y="2352" width="132" height="77" />
        <cmp x="1221" y="2377" width="7" height="12" />
        <cmp x="1227" y="2351" width="27" height="12" />
      </word>
      <word id="b02-013-08-04" tag="IN" text="to">
        <cmp x="1336" y="2331" width="45" height="57" />
      </word>
      <word id="b02-013-08-05" tag="ATI" text="the">
        <cmp x="1454" y="2338" width="119" height="53" />
      </word>
      <word id="b02-013-08-06" tag="NP" text="Soviet">
        <cmp x="1676" y="2326" width="38" height="62" />
        <cmp x="1704" y="2352" width="122" height="41" />
        <cmp x="1787" y="2325" width="12" height="5" />
        <cmp x="1852" y="2350" width="35" height="40" />
      </word>
      <upper-contour>
        <point x="340" y="2259" />
        <point x="1888" y="2259" />
      </upper-contour>
      <lower-contour>
        <point x="346" y="2429" />
        <point x="1888" y="2429" />
      </lower-contour>
    </line>
    <line ass="48" asx="0" asy="2494" character-width="999" dss="48" dsx="0" dsy="2612" fd0="14145" fd1="2723" fd2="151" filter-width="4" id="b02-013-09" lbs="64" lbx="0" lby="2561" segmentation="ok" slant="77000" stroke-width="6573" threshold="190" text="Government as a basis for talks: and" ubs="17" ubx="0" uby="2534">
      <word id="b02-013-09-00" tag="NN" text="Government">
        <cmp x="348" y="2503" width="95" height="110" />
        <cmp x="448" y="2527" width="351" height="38" />
        <cmp x="806" y="2543" width="6" height="15" />
        <cmp x="808" y="2520" width="26" height="12" />
      </word>
      <word id="b02-013-09-01" tag="IN" text="as">
        <cmp x="899" y="2530" width="65" height="33" />
      </word>
      <word id="b02-013-09-02" tag="AT" text="a">
        <cmp x="1041" y="2531" width="52" height="31" />
      </word>
      <word id="b02-013-09-03" tag="NN" text="basis">
        <cmp x="1158" y="2495" width="212" height="77" />
        <cmp x="1339" y="2512" width="8" height="6" />
      </word>
      <word id="b02-013-09-04" tag="IN" text="for">
        <cmp x="1489" y="2493" width="92" height="98" />
      </word>
      <word id="b02-013-09-05" tag="NNS" text="talks">
        <cmp x="1667" y="2502" width="216" height="62" />
      </word>
      <word id="b02-013-09-06" tag=":" text=":">
        <cmp x="1927" y="2544" width="7" height="7" />
        <cmp x="1933" y="2530" width="6" height="7" />
      </word>
      <word id="b02-013-09-07" tag="CC" text="and">
        <cmp x="1980" y="2506" width="156" height="64" />
      </word>
      <upper-contour>
        <point x="346" y="2429" />
        <point x="1888" y="2429" />
      </upper-contour>
    </line>
  </handwritten-part>
</form>

