<?xml version="1.0" encoding="ISO-8859-1"?>

<!DOCTYPE form SYSTEM 'http://www.iam.unibe.ch/~fki/iamdb/form-metadata.dtd'>

<form created="2002-01-14" height="3542" id="b02-097" last-modified="2002-07-17" skew="-127" status="final" version="3.0_beta" width="2479" writer-id="097">
  <machine-printed-part>
    <machine-print-line text="To be able to say &amp;quot;New York next week&amp;quot; is an important advance. We must not be" />
    <machine-print-line text="overconfident that this meeting will lead on to further and decisive ones; but without" />
    <machine-print-line text="it, we could not look for them. Federal Germany votes tomorrow and not a day too" />
    <machine-print-line text="soon. There can seldom have been an election campaign which more people in and" />
    <machine-print-line text="out of the country wanted to see over and done with." />
  </machine-printed-part>
  <handwritten-part>
    <line ass="-273" asx="0" asy="707" character-width="999" dss="-273" dsx="0" dsy="812" fd0="13707" fd1="3779" fd2="689" filter-width="4" id="b02-097-00" lbs="-245" lbx="0" lby="779" segmentation="ok" slant="81000" stroke-width="6029" threshold="149" text="To be able to say &amp;quot;New York next week&amp;quot; is an" ubs="-328" ubx="0" uby="752">
      <word id="b02-097-00-00" sentence-start="yes" tag="TO" text="To">
        <cmp x="345" y="710" width="28" height="10" />
        <cmp x="354" y="725" width="11" height="45" />
        <cmp x="375" y="744" width="20" height="23" />
      </word>
      <word id="b02-097-00-01" tag="BE" text="be">
        <cmp x="461" y="728" width="58" height="54" />
      </word>
      <word id="b02-097-00-02" tag="JJ" text="able">
        <cmp x="589" y="753" width="37" height="37" />
        <cmp x="636" y="744" width="51" height="43" />
        <cmp x="688" y="760" width="30" height="26" />
      </word>
      <word id="b02-097-00-03" tag="TO" text="to">
        <cmp x="767" y="739" width="15" height="60" />
        <cmp x="784" y="756" width="19" height="36" />
      </word>
      <word id="b02-097-00-04" tag="VB" text="say">
        <cmp x="860" y="760" width="35" height="25" />
        <cmp x="907" y="759" width="30" height="28" />
        <cmp x="949" y="761" width="28" height="56" />
      </word>
      <word id="b02-097-00-05" tag="*&apos;" text="&quot;">
        <cmp x="1020" y="730" width="10" height="19" />
        <cmp x="1031" y="733" width="8" height="20" />
      </word>
      <word id="b02-097-00-06" tag="NP" text="New">
        <cmp x="1062" y="732" width="64" height="59" />
        <cmp x="1137" y="760" width="45" height="34" />
      </word>
      <word id="b02-097-00-07" tag="NP" text="York">
        <cmp x="1228" y="759" width="6" height="7" />
        <cmp x="1232" y="743" width="38" height="59" />
        <cmp x="1277" y="741" width="86" height="52" />
      </word>
      <word id="b02-097-00-08" tag="AP" text="next">
        <cmp x="1417" y="755" width="38" height="26" />
        <cmp x="1464" y="753" width="16" height="28" />
        <cmp x="1489" y="757" width="24" height="28" />
        <cmp x="1528" y="740" width="43" height="46" />
      </word>
      <word id="b02-097-00-09" tag="NN" text="week">
        <cmp x="1592" y="756" width="70" height="35" />
        <cmp x="1664" y="760" width="20" height="26" />
        <cmp x="1695" y="745" width="23" height="40" />
      </word>
      <word id="b02-097-00-10" tag="**&apos;" text="&quot;">
        <cmp x="1744" y="740" width="11" height="17" />
        <cmp x="1754" y="748" width="8" height="20" />
      </word>
      <word id="b02-097-00-11" tag="BEZ" text="is">
        <cmp x="1802" y="766" width="77" height="29" />
        <cmp x="1860" y="752" width="7" height="8" />
      </word>
      <word id="b02-097-00-12" tag="AT" text="an">
        <cmp x="1915" y="765" width="34" height="27" />
        <cmp x="1960" y="770" width="34" height="23" />
      </word>
      <lower-contour>
        <point x="343" y="817" />
        <point x="1995" y="817" />
      </lower-contour>
    </line>
    <line ass="-326" asx="0" asy="904" character-width="999" dss="-326" dsx="0" dsy="998" fd0="13546" fd1="3051" fd2="20" filter-width="4" id="b02-097-01" lbs="-368" lbx="0" lby="962" segmentation="ok" slant="79000" stroke-width="6247" threshold="153" text="important advance. We must not be overconfident" ubs="-241" ubx="0" uby="936">
      <word id="b02-097-01-00" tag="JJ" text="important">
        <cmp x="345" y="941" width="127" height="27" />
        <cmp x="463" y="914" width="8" height="9" />
        <cmp x="492" y="935" width="29" height="66" />
        <cmp x="530" y="917" width="100" height="48" />
        <cmp x="631" y="935" width="29" height="31" />
        <cmp x="675" y="928" width="82" height="46" />
      </word>
      <word id="b02-097-01-01" tag="NN" text="advance">
        <cmp x="814" y="939" width="39" height="31" />
        <cmp x="863" y="921" width="39" height="51" />
        <cmp x="912" y="941" width="20" height="27" />
        <cmp x="943" y="940" width="33" height="30" />
        <cmp x="983" y="947" width="37" height="24" />
        <cmp x="1032" y="944" width="43" height="29" />
      </word>
      <word id="b02-097-01-02" tag="." text=".">
        <cmp x="1100" y="961" width="6" height="7" />
      </word>
      <word id="b02-097-01-03" sentence-start="yes" tag="PP1AS" text="We">
        <cmp x="1154" y="920" width="76" height="53" />
      </word>
      <word id="b02-097-01-04" tag="MD" text="must">
        <cmp x="1290" y="933" width="198" height="43" />
      </word>
      <word id="b02-097-01-05" tag="XNOT" text="not">
        <cmp x="1511" y="932" width="143" height="40" />
      </word>
      <word id="b02-097-01-06" tag="BE" text="be">
        <cmp x="1696" y="914" width="54" height="56" />
      </word>
      <word id="b02-097-01-07" tag="JJ" text="overconfident">
        <cmp x="1836" y="935" width="102" height="36" />
        <cmp x="1951" y="938" width="27" height="33" />
        <cmp x="1979" y="926" width="109" height="61" />
        <cmp x="2093" y="938" width="6" height="8" />
        <cmp x="2099" y="927" width="31" height="43" />
        <cmp x="2126" y="948" width="17" height="29" />
        <cmp x="2155" y="948" width="78" height="43" />
      </word>
      <upper-contour>
        <point x="343" y="817" />
        <point x="1995" y="817" />
      </upper-contour>
      <lower-contour>
        <point x="343" y="1002" />
        <point x="2069" y="1002" />
      </lower-contour>
    </line>
    <line ass="-530" asx="0" asy="1075" character-width="999" dss="-530" dsx="0" dsy="1161" fd0="13052" fd1="3374" fd2="283" filter-width="4" id="b02-097-02" lbs="-508" lbx="0" lby="1137" segmentation="ok" slant="81000" stroke-width="6385" threshold="157" text="that this # meeting will lead on to further" ubs="-575" ubx="0" uby="1107">
      <word id="b02-097-02-00" tag="CS" text="that">
        <cmp x="339" y="1091" width="84" height="52" />
        <cmp x="428" y="1103" width="73" height="47" />
      </word>
      <word id="b02-097-02-01" tag="DT" text="this">
        <cmp x="557" y="1100" width="45" height="50" />
        <cmp x="608" y="1094" width="113" height="48" />
        <cmp x="702" y="1093" width="6" height="10" />
      </word>
      <word id="b02-097-02-02" tag="&amp;GA" text="#">
        <cmp x="760" y="1116" width="80" height="33" />
        <cmp x="807" y="1098" width="6" height="9" />
      </word>
      <word id="b02-097-02-03" tag="NN" text="meeting">
        <cmp x="908" y="1115" width="98" height="33" />
        <cmp x="1007" y="1117" width="30" height="29" />
        <cmp x="1051" y="1113" width="33" height="25" />
        <cmp x="1092" y="1091" width="36" height="51" />
        <cmp x="1129" y="1095" width="6" height="8" />
        <cmp x="1144" y="1107" width="45" height="28" />
        <cmp x="1184" y="1114" width="26" height="47" />
      </word>
      <word id="b02-097-02-04" tag="MD" text="will">
        <cmp x="1269" y="1109" width="66" height="35" />
        <cmp x="1335" y="1095" width="76" height="44" />
      </word>
      <word id="b02-097-02-05" tag="VB" text="lead">
        <cmp x="1459" y="1098" width="8" height="52" />
        <cmp x="1470" y="1120" width="59" height="32" />
        <cmp x="1536" y="1091" width="37" height="59" />
      </word>
      <word id="b02-097-02-06" tag="RP" text="on">
        <cmp x="1641" y="1124" width="72" height="31" />
      </word>
      <word id="b02-097-02-07" tag="IN" text="to">
        <cmp x="1748" y="1105" width="47" height="57" />
      </word>
      <word id="b02-097-02-08" tag="JJB" text="further">
        <cmp x="1860" y="1104" width="59" height="76" />
        <cmp x="1926" y="1129" width="27" height="22" />
        <cmp x="1962" y="1109" width="56" height="50" />
        <cmp x="2021" y="1137" width="47" height="25" />
      </word>
      <upper-contour>
        <point x="343" y="1002" />
        <point x="2069" y="1002" />
      </upper-contour>
      <lower-contour>
        <point x="360" y="1179" />
        <point x="2069" y="1179" />
      </lower-contour>
    </line>
    <line ass="-649" asx="0" asy="1252" character-width="999" dss="-649" dsx="0" dsy="1355" fd0="13536" fd1="3178" fd2="-156" filter-width="4" id="b02-097-03" lbs="-645" lbx="0" lby="1313" segmentation="ok" slant="83000" stroke-width="6357" threshold="162" text="and decisive ones; but without it, we could not" ubs="-656" ubx="0" uby="1283">
      <word id="b02-097-03-00" tag="CC" text="and">
        <cmp x="362" y="1282" width="40" height="38" />
        <cmp x="411" y="1269" width="87" height="52" />
      </word>
      <word id="b02-097-03-01" tag="JJ" text="decisive">
        <cmp x="582" y="1269" width="46" height="51" />
        <cmp x="632" y="1287" width="81" height="34" />
        <cmp x="694" y="1290" width="9" height="8" />
        <cmp x="715" y="1276" width="7" height="12" />
        <cmp x="726" y="1295" width="37" height="29" />
        <cmp x="759" y="1280" width="8" height="10" />
        <cmp x="773" y="1288" width="57" height="34" />
      </word>
      <word id="b02-097-03-02" tag="CD1S" text="ones">
        <cmp x="909" y="1295" width="71" height="35" />
        <cmp x="990" y="1298" width="51" height="32" />
      </word>
      <word id="b02-097-03-03" tag=";" text=";">
        <cmp x="1050" y="1315" width="33" height="52" />
        <cmp x="1074" y="1286" width="5" height="10" />
      </word>
      <word id="b02-097-03-04" tag="CC" text="but">
        <cmp x="1159" y="1279" width="109" height="58" />
      </word>
      <word id="b02-097-03-05" tag="IN" text="without">
        <cmp x="1322" y="1281" width="268" height="56" />
      </word>
      <word id="b02-097-03-06" tag="PP3" text="it">
        <cmp x="1655" y="1281" width="77" height="46" />
        <cmp x="1687" y="1273" width="15" height="12" />
      </word>
      <word id="b02-097-03-07" tag="," text=",">
        <cmp x="1740" y="1311" width="16" height="29" />
      </word>
      <word id="b02-097-03-08" tag="PP1AS" text="we">
        <cmp x="1781" y="1289" width="75" height="45" />
      </word>
      <word id="b02-097-03-09" tag="MD" text="could">
        <cmp x="1900" y="1297" width="103" height="39" />
        <cmp x="2010" y="1291" width="17" height="50" />
        <cmp x="2030" y="1290" width="38" height="47" />
      </word>
      <word id="b02-097-03-10" tag="XNOT" text="not">
        <cmp x="2121" y="1305" width="66" height="33" />
        <cmp x="2191" y="1288" width="78" height="52" />
      </word>
      <upper-contour>
        <point x="360" y="1179" />
        <point x="2069" y="1179" />
      </upper-contour>
      <lower-contour>
        <point x="360" y="1367" />
        <point x="2169" y="1367" />
      </lower-contour>
    </line>
    <line ass="-278" asx="0" asy="1436" character-width="999" dss="-278" dsx="0" dsy="1535" fd0="13073" fd1="2868" fd2="-174" filter-width="4" id="b02-097-04" lbs="-274" lbx="0" lby="1501" segmentation="ok" slant="87999" stroke-width="6302" threshold="159" text="look for them. Federal Germany votes tomorrow" ubs="-285" ubx="0" uby="1472">
      <word id="b02-097-04-00" tag="VB" text="look">
        <cmp x="343" y="1439" width="47" height="61" />
        <cmp x="400" y="1471" width="21" height="29" />
        <cmp x="425" y="1447" width="38" height="56" />
      </word>
      <word id="b02-097-04-01" tag="IN" text="for">
        <cmp x="555" y="1449" width="101" height="71" />
      </word>
      <word id="b02-097-04-02" tag="PP3OS" text="them">
        <cmp x="715" y="1444" width="76" height="62" />
        <cmp x="789" y="1477" width="26" height="31" />
        <cmp x="823" y="1484" width="59" height="27" />
      </word>
      <word id="b02-097-04-03" tag="." text=".">
        <cmp x="895" y="1501" width="5" height="7" />
      </word>
      <word id="b02-097-04-04" sentence-start="yes" tag="JJ" text="Federal">
        <cmp x="976" y="1455" width="108" height="55" />
        <cmp x="1086" y="1475" width="38" height="30" />
        <cmp x="1129" y="1447" width="59" height="60" />
      </word>
      <word id="b02-097-04-05" tag="NP" text="Germany">
        <cmp x="1243" y="1464" width="61" height="78" />
        <cmp x="1322" y="1472" width="23" height="33" />
        <cmp x="1351" y="1479" width="87" height="31" />
        <cmp x="1444" y="1482" width="32" height="25" />
        <cmp x="1489" y="1484" width="102" height="50" />
      </word>
      <word id="b02-097-04-06" tag="VBZ" text="votes">
        <cmp x="1652" y="1477" width="38" height="36" />
        <cmp x="1685" y="1466" width="100" height="49" />
      </word>
      <word id="b02-097-04-07" tag="NR" text="tomorrow">
        <cmp x="1850" y="1465" width="136" height="50" />
        <cmp x="1991" y="1476" width="176" height="41" />
      </word>
      <upper-contour>
        <point x="360" y="1367" />
        <point x="2169" y="1367" />
      </upper-contour>
      <lower-contour>
        <point x="341" y="1543" />
        <point x="2090" y="1543" />
      </lower-contour>
    </line>
    <line ass="-456" asx="0" asy="1614" character-width="999" dss="-456" dsx="0" dsy="1716" fd0="13229" fd1="2885" fd2="144" filter-width="4" id="b02-097-05" lbs="-470" lbx="0" lby="1679" segmentation="ok" slant="81000" stroke-width="6201" threshold="162" text="and not a day too soon. There can seldom have" ubs="-427" ubx="0" uby="1651">
      <word id="b02-097-05-00" tag="CC" text="and">
        <cmp x="310" y="1646" width="114" height="35" />
        <cmp x="430" y="1630" width="32" height="48" />
      </word>
      <word id="b02-097-05-01" tag="XNOT" text="not">
        <cmp x="505" y="1643" width="133" height="47" />
      </word>
      <word id="b02-097-05-02" tag="AT" text="a">
        <cmp x="695" y="1662" width="34" height="32" />
      </word>
      <word id="b02-097-05-03" tag="NN" text="day">
        <cmp x="774" y="1652" width="43" height="49" />
        <cmp x="823" y="1663" width="33" height="28" />
        <cmp x="875" y="1664" width="34" height="59" />
      </word>
      <word id="b02-097-05-04" tag="QL" text="too">
        <cmp x="950" y="1622" width="75" height="67" />
      </word>
      <word id="b02-097-05-05" tag="RB" text="soon">
        <cmp x="1081" y="1659" width="37" height="29" />
        <cmp x="1129" y="1651" width="109" height="37" />
      </word>
      <word id="b02-097-05-06" tag="." text=".">
        <cmp x="1264" y="1677" width="5" height="7" />
      </word>
      <word id="b02-097-05-07" sentence-start="yes" tag="EX" text="There">
        <cmp x="1308" y="1630" width="160" height="60" />
      </word>
      <word id="b02-097-05-08" tag="MD" text="can">
        <cmp x="1486" y="1650" width="68" height="43" />
        <cmp x="1568" y="1667" width="27" height="26" />
      </word>
      <word id="b02-097-05-09" tag="RB" text="seldom">
        <cmp x="1622" y="1658" width="66" height="36" />
        <cmp x="1692" y="1651" width="12" height="43" />
        <cmp x="1706" y="1646" width="38" height="44" />
        <cmp x="1749" y="1662" width="103" height="37" />
      </word>
      <word id="b02-097-05-10" tag="HV" text="have">
        <cmp x="1930" y="1648" width="40" height="55" />
        <cmp x="1979" y="1671" width="32" height="28" />
        <cmp x="2033" y="1666" width="56" height="30" />
      </word>
      <upper-contour>
        <point x="341" y="1543" />
        <point x="2090" y="1543" />
      </upper-contour>
      <lower-contour>
        <point x="326" y="1723" />
        <point x="2077" y="1723" />
      </lower-contour>
    </line>
    <line ass="-405" asx="0" asy="1799" character-width="999" dss="-405" dsx="0" dsy="1886" fd0="13347" fd1="3286" fd2="-402" filter-width="4" id="b02-097-06" lbs="-430" lbx="0" lby="1855" segmentation="ok" slant="78000" stroke-width="6197" threshold="167" text="been an election campaign which more people" ubs="-357" ubx="0" uby="1827">
      <word id="b02-097-06-00" tag="BEN" text="been">
        <cmp x="328" y="1802" width="92" height="59" />
        <cmp x="426" y="1832" width="44" height="27" />
      </word>
      <word id="b02-097-06-01" tag="AT" text="an">
        <cmp x="541" y="1820" width="45" height="33" />
        <cmp x="591" y="1825" width="36" height="34" />
      </word>
      <word id="b02-097-06-02" tag="NN" text="election">
        <cmp x="651" y="1816" width="70" height="46" />
        <cmp x="729" y="1835" width="22" height="29" />
        <cmp x="767" y="1812" width="46" height="54" />
        <cmp x="814" y="1832" width="16" height="28" />
        <cmp x="829" y="1820" width="6" height="10" />
        <cmp x="839" y="1835" width="85" height="33" />
      </word>
      <word id="b02-097-06-03" tag="NN" text="campaign">
        <cmp x="991" y="1820" width="83" height="39" />
        <cmp x="1078" y="1832" width="77" height="30" />
        <cmp x="1160" y="1839" width="15" height="56" />
        <cmp x="1175" y="1839" width="16" height="26" />
        <cmp x="1197" y="1828" width="74" height="32" />
        <cmp x="1244" y="1838" width="54" height="49" />
        <cmp x="1271" y="1817" width="9" height="14" />
        <cmp x="1308" y="1834" width="61" height="37" />
      </word>
      <word id="b02-097-06-04" tag="WDT" text="which">
        <cmp x="1430" y="1822" width="65" height="41" />
        <cmp x="1488" y="1811" width="10" height="12" />
        <cmp x="1502" y="1831" width="26" height="31" />
        <cmp x="1526" y="1813" width="49" height="58" />
      </word>
      <word id="b02-097-06-05" tag="AP" text="more">
        <cmp x="1638" y="1821" width="66" height="47" />
        <cmp x="1709" y="1832" width="28" height="28" />
        <cmp x="1742" y="1830" width="54" height="34" />
      </word>
      <word id="b02-097-06-06" tag="NNS" text="people">
        <cmp x="1864" y="1828" width="31" height="66" />
        <cmp x="1904" y="1836" width="63" height="31" />
        <cmp x="1970" y="1840" width="38" height="54" />
        <cmp x="2017" y="1829" width="17" height="41" />
        <cmp x="2039" y="1844" width="37" height="28" />
      </word>
      <upper-contour>
        <point x="326" y="1723" />
        <point x="2077" y="1723" />
      </upper-contour>
      <lower-contour>
        <point x="326" y="1895" />
        <point x="2077" y="1895" />
      </lower-contour>
    </line>
    <line ass="-374" asx="0" asy="1978" character-width="999" dss="-374" dsx="0" dsy="2078" fd0="13232" fd1="2973" fd2="315" filter-width="4" id="b02-097-07" lbs="-383" lbx="0" lby="2039" segmentation="ok" slant="80000" stroke-width="6326" threshold="168" text="in and out of the country wanted to see over" ubs="-358" ubx="0" uby="2011">
      <word id="b02-097-07-00" tag="IN" text="in">
        <cmp x="276" y="2009" width="110" height="35" />
        <cmp x="366" y="1991" width="14" height="10" />
      </word>
      <word id="b02-097-07-01" tag="CC" text="and">
        <cmp x="452" y="2012" width="39" height="32" />
        <cmp x="499" y="2017" width="54" height="26" />
        <cmp x="560" y="1984" width="38" height="57" />
      </word>
      <word id="b02-097-07-02" tag="RP" text="out">
        <cmp x="660" y="2001" width="118" height="55" />
      </word>
      <word id="b02-097-07-03" tag="INO" text="of">
        <cmp x="870" y="2006" width="60" height="63" />
      </word>
      <word id="b02-097-07-04" tag="ATI" text="the">
        <cmp x="993" y="1997" width="74" height="56" />
        <cmp x="1074" y="2025" width="33" height="28" />
      </word>
      <word id="b02-097-07-05" tag="NN" text="country">
        <cmp x="1148" y="2007" width="84" height="36" />
        <cmp x="1246" y="2000" width="140" height="88" />
      </word>
      <word id="b02-097-07-06" tag="VBD" text="wanted">
        <cmp x="1407" y="2009" width="42" height="40" />
        <cmp x="1466" y="2014" width="30" height="30" />
        <cmp x="1511" y="1997" width="169" height="57" />
      </word>
      <word id="b02-097-07-07" tag="TO" text="to">
        <cmp x="1778" y="1991" width="39" height="56" />
      </word>
      <word id="b02-097-07-08" tag="VB" text="see">
        <cmp x="1878" y="2021" width="33" height="29" />
        <cmp x="1916" y="2024" width="64" height="29" />
      </word>
      <word id="b02-097-07-09" tag="RP" text="over">
        <cmp x="2012" y="2017" width="147" height="41" />
      </word>
      <upper-contour>
        <point x="326" y="1895" />
        <point x="2077" y="1895" />
      </upper-contour>
      <lower-contour>
        <point x="321" y="2069" />
        <point x="914" y="2069" />
      </lower-contour>
    </line>
    <line ass="-1289" asx="0" asy="2146" character-width="999" dss="-1289" dsx="0" dsy="2213" fd0="13852" fd1="3521" fd2="193" filter-width="4" id="b02-097-08" lbs="-1041" lbx="0" lby="2210" segmentation="ok" slant="80000" stroke-width="5973" threshold="164" text="and done with." ubs="-1786" ubx="0" uby="2176">
      <word id="b02-097-08-00" tag="CC" text="and">
        <cmp x="323" y="2177" width="43" height="35" />
        <cmp x="380" y="2188" width="35" height="27" />
        <cmp x="422" y="2174" width="38" height="47" />
      </word>
      <word id="b02-097-08-01" tag="VBN" text="done">
        <cmp x="519" y="2198" width="24" height="25" />
        <cmp x="546" y="2166" width="11" height="53" />
        <cmp x="570" y="2189" width="76" height="35" />
        <cmp x="657" y="2194" width="25" height="30" />
      </word>
      <word id="b02-097-08-02" tag="RI" text="with">
        <cmp x="735" y="2181" width="67" height="44" />
        <cmp x="803" y="2166" width="25" height="8" />
        <cmp x="813" y="2176" width="79" height="57" />
      </word>
      <word id="b02-097-08-03" tag="." text=".">
        <cmp x="909" y="2216" width="5" height="7" />
      </word>
      <upper-contour>
        <point x="321" y="2069" />
        <point x="914" y="2069" />
      </upper-contour>
    </line>
  </handwritten-part>
</form>

