<?xml version="1.0" encoding="ISO-8859-1"?>

<!DOCTYPE form SYSTEM 'http://www.iam.unibe.ch/~fki/iamdb/form-metadata.dtd'>

<form created="2002-01-14" height="3542" id="b02-102" last-modified="2002-07-17" skew="-95" status="final" version="3.0_beta" width="2479" writer-id="098">
  <machine-printed-part>
    <machine-print-line text="To Germany&apos;s Western allies the campaign has been a millstone weighing down and" />
    <machine-print-line text="almost paralysing their efforts to work out sensible ways of dealing with the Berlin" />
    <machine-print-line text="crisis. It need not have been such a burden if Western Governments had not been" />
    <machine-print-line text="convinced that they must do nothing to harm even remotely Dr Adenauer&apos;s chances" />
    <machine-print-line text="of being returned as Chancellor." />
  </machine-printed-part>
  <handwritten-part>
    <line ass="-243" asx="0" asy="717" character-width="999" dss="-243" dsx="0" dsy="828" fd0="15026" fd1="3420" fd2="-1320" filter-width="3" id="b02-102-00" lbs="-247" lbx="0" lby="781" segmentation="ok" slant="59999" stroke-width="5145" threshold="192" text="To Germany&apos;s Western allies the campaign has been a" ubs="-234" ubx="0" uby="750">
      <word id="b02-102-00-00" sentence-start="yes" tag="IN" text="To">
        <cmp x="379" y="734" width="28" height="49" />
        <cmp x="383" y="721" width="39" height="7" />
        <cmp x="396" y="749" width="36" height="36" />
      </word>
      <word id="b02-102-00-01" tag="NP$" text="Germany&apos;s">
        <cmp x="505" y="721" width="41" height="62" />
        <cmp x="516" y="753" width="26" height="32" />
        <cmp x="543" y="756" width="26" height="33" />
        <cmp x="565" y="760" width="27" height="30" />
        <cmp x="589" y="758" width="69" height="34" />
        <cmp x="652" y="759" width="36" height="31" />
        <cmp x="670" y="760" width="49" height="71" />
        <cmp x="731" y="722" width="16" height="24" />
        <cmp x="728" y="756" width="25" height="34" />
      </word>
      <word id="b02-102-00-02" tag="JJ" text="Western">
        <cmp x="825" y="721" width="56" height="63" />
        <cmp x="868" y="751" width="24" height="36" />
        <cmp x="884" y="757" width="27" height="30" />
        <cmp x="908" y="730" width="28" height="59" />
        <cmp x="928" y="755" width="27" height="34" />
        <cmp x="956" y="759" width="29" height="33" />
        <cmp x="977" y="755" width="37" height="35" />
        <cmp x="980" y="806" width="3" height="3" />
      </word>
      <word id="b02-102-00-03" tag="NNS" text="allies">
        <cmp x="1093" y="755" width="33" height="36" />
        <cmp x="1126" y="728" width="33" height="58" />
        <cmp x="1135" y="729" width="37" height="59" />
        <cmp x="1147" y="759" width="18" height="31" />
        <cmp x="1164" y="756" width="53" height="38" />
        <cmp x="1173" y="745" width="5" height="9" />
      </word>
      <word id="b02-102-00-04" tag="ATI" text="the">
        <cmp x="1270" y="733" width="35" height="51" />
        <cmp x="1296" y="731" width="29" height="54" />
        <cmp x="1327" y="754" width="28" height="35" />
      </word>
      <word id="b02-102-00-05" tag="NN" text="campaign">
        <cmp x="1417" y="753" width="29" height="38" />
        <cmp x="1441" y="754" width="36" height="38" />
        <cmp x="1473" y="759" width="55" height="31" />
        <cmp x="1516" y="757" width="51" height="53" />
        <cmp x="1567" y="753" width="31" height="33" />
        <cmp x="1587" y="757" width="55" height="79" />
        <cmp x="1597" y="761" width="15" height="25" />
        <cmp x="1627" y="733" width="5" height="8" />
        <cmp x="1648" y="753" width="38" height="33" />
      </word>
      <word id="b02-102-00-06" tag="HVZ" text="has">
        <cmp x="1746" y="728" width="34" height="60" />
        <cmp x="1774" y="756" width="29" height="33" />
        <cmp x="1800" y="758" width="27" height="29" />
      </word>
      <word id="b02-102-00-07" tag="BEN" text="been">
        <cmp x="1882" y="734" width="63" height="56" />
        <cmp x="1937" y="761" width="32" height="33" />
        <cmp x="1965" y="763" width="38" height="28" />
      </word>
      <word id="b02-102-00-08" tag="AT" text="a">
        <cmp x="2046" y="758" width="38" height="36" />
      </word>
      <lower-contour>
        <point x="377" y="836" />
        <point x="2002" y="836" />
      </lower-contour>
    </line>
    <line ass="-169" asx="0" asy="904" character-width="999" dss="-169" dsx="0" dsy="1025" fd0="15197" fd1="3364" fd2="-1407" filter-width="3" id="b02-102-01" lbs="-214" lbx="0" lby="964" segmentation="ok" slant="58000" stroke-width="5076" threshold="193" text="millstone weighing down and almost paralysing their" ubs="-80" ubx="0" uby="940">
      <word id="b02-102-01-00" tag="NN" text="millstone">
        <cmp x="347" y="933" width="58" height="38" />
        <cmp x="400" y="939" width="18" height="28" />
        <cmp x="417" y="910" width="36" height="55" />
        <cmp x="422" y="924" width="4" height="10" />
        <cmp x="432" y="912" width="29" height="55" />
        <cmp x="445" y="940" width="37" height="28" />
        <cmp x="475" y="915" width="58" height="53" />
        <cmp x="526" y="940" width="34" height="27" />
        <cmp x="559" y="941" width="25" height="32" />
      </word>
      <word id="b02-102-01-01" tag="VBG" text="weighing">
        <cmp x="669" y="937" width="53" height="38" />
        <cmp x="720" y="939" width="49" height="34" />
        <cmp x="747" y="940" width="54" height="81" />
        <cmp x="783" y="917" width="4" height="8" />
        <cmp x="804" y="908" width="31" height="56" />
        <cmp x="832" y="939" width="15" height="28" />
        <cmp x="842" y="937" width="59" height="92" />
        <cmp x="847" y="941" width="29" height="24" />
        <cmp x="860" y="915" width="4" height="10" />
        <cmp x="862" y="965" width="3" height="3" />
      </word>
      <word id="b02-102-01-02" tag="RP" text="down">
        <cmp x="958" y="920" width="71" height="58" />
        <cmp x="1029" y="938" width="49" height="28" />
        <cmp x="1074" y="936" width="36" height="32" />
      </word>
      <word id="b02-102-01-03" tag="CC" text="and">
        <cmp x="1164" y="938" width="33" height="30" />
        <cmp x="1190" y="941" width="33" height="30" />
        <cmp x="1220" y="919" width="46" height="52" />
      </word>
      <word id="b02-102-01-04" tag="RB" text="almost">
        <cmp x="1298" y="939" width="37" height="32" />
        <cmp x="1331" y="913" width="30" height="51" />
        <cmp x="1338" y="936" width="59" height="34" />
        <cmp x="1394" y="930" width="30" height="41" />
        <cmp x="1417" y="940" width="28" height="30" />
        <cmp x="1443" y="913" width="32" height="53" />
      </word>
      <word id="b02-102-01-05" tag="VBG" text="paralysing">
        <cmp x="1514" y="945" width="56" height="57" />
        <cmp x="1567" y="941" width="31" height="31" />
        <cmp x="1598" y="944" width="27" height="23" />
        <cmp x="1622" y="939" width="30" height="29" />
        <cmp x="1654" y="931" width="57" height="81" />
        <cmp x="1658" y="912" width="37" height="52" />
        <cmp x="1707" y="935" width="31" height="34" />
        <cmp x="1728" y="939" width="18" height="28" />
        <cmp x="1734" y="942" width="39" height="30" />
        <cmp x="1741" y="943" width="54" height="89" />
        <cmp x="1759" y="920" width="5" height="8" />
      </word>
      <word id="b02-102-01-06" tag="PP$" text="their">
        <cmp x="1867" y="914" width="57" height="61" />
        <cmp x="1931" y="944" width="23" height="29" />
        <cmp x="1954" y="948" width="16" height="26" />
        <cmp x="1973" y="948" width="28" height="25" />
        <cmp x="1979" y="927" width="7" height="7" />
      </word>
      <upper-contour>
        <point x="377" y="836" />
        <point x="2002" y="836" />
      </upper-contour>
      <lower-contour>
        <point x="345" y="1031" />
        <point x="2002" y="1031" />
      </lower-contour>
    </line>
    <line ass="-148" asx="0" asy="1080" character-width="999" dss="-148" dsx="0" dsy="1198" fd0="14831" fd1="3475" fd2="-968" filter-width="3" id="b02-102-02" lbs="-104" lbx="0" lby="1146" segmentation="ok" slant="58000" stroke-width="5103" threshold="192" text="efforts to work out sensible ways of dealing with" ubs="-236" ubx="0" uby="1111">
      <word id="b02-102-02-00" tag="NNS" text="efforts">
        <cmp x="347" y="1108" width="32" height="41" />
        <cmp x="391" y="1083" width="40" height="57" />
        <cmp x="417" y="1086" width="33" height="58" />
        <cmp x="437" y="1117" width="31" height="30" />
        <cmp x="466" y="1116" width="30" height="29" />
        <cmp x="495" y="1087" width="28" height="50" />
        <cmp x="512" y="1115" width="27" height="33" />
      </word>
      <word id="b02-102-02-01" tag="TO" text="to">
        <cmp x="609" y="1087" width="55" height="62" />
      </word>
      <word id="b02-102-02-02" tag="VB" text="work">
        <cmp x="737" y="1116" width="47" height="33" />
        <cmp x="783" y="1122" width="37" height="31" />
        <cmp x="813" y="1101" width="71" height="48" />
      </word>
      <word id="b02-102-02-03" tag="RP" text="out">
        <cmp x="963" y="1111" width="57" height="34" />
        <cmp x="1025" y="1094" width="34" height="50" />
      </word>
      <word id="b02-102-02-04" tag="JJ" text="sensible">
        <cmp x="1124" y="1116" width="40" height="31" />
        <cmp x="1149" y="1117" width="33" height="30" />
        <cmp x="1181" y="1115" width="37" height="29" />
        <cmp x="1210" y="1120" width="28" height="27" />
        <cmp x="1234" y="1122" width="15" height="23" />
        <cmp x="1258" y="1100" width="34" height="46" />
        <cmp x="1259" y="1099" width="5" height="7" />
        <cmp x="1295" y="1092" width="30" height="52" />
        <cmp x="1310" y="1115" width="30" height="34" />
      </word>
      <word id="b02-102-02-05" tag="NNS" text="ways">
        <cmp x="1429" y="1113" width="42" height="37" />
        <cmp x="1471" y="1116" width="86" height="77" />
      </word>
      <word id="b02-102-02-06" tag="INO" text="of">
        <cmp x="1617" y="1085" width="81" height="82" />
      </word>
      <word id="b02-102-02-07" tag="VBG" text="dealing">
        <cmp x="1742" y="1091" width="54" height="58" />
        <cmp x="1778" y="1114" width="31" height="36" />
        <cmp x="1802" y="1118" width="31" height="29" />
        <cmp x="1829" y="1089" width="35" height="59" />
        <cmp x="1841" y="1119" width="19" height="29" />
        <cmp x="1855" y="1119" width="36" height="31" />
        <cmp x="1862" y="1116" width="56" height="89" />
        <cmp x="1868" y="1097" width="7" height="12" />
      </word>
      <word id="b02-102-02-08" tag="IN" text="with">
        <cmp x="1966" y="1116" width="51" height="34" />
        <cmp x="2006" y="1121" width="17" height="26" />
        <cmp x="2024" y="1091" width="30" height="58" />
        <cmp x="2029" y="1106" width="3" height="7" />
        <cmp x="2045" y="1096" width="27" height="55" />
      </word>
      <upper-contour>
        <point x="345" y="1031" />
        <point x="2002" y="1031" />
      </upper-contour>
      <lower-contour>
        <point x="345" y="1204" />
        <point x="2072" y="1204" />
      </lower-contour>
    </line>
    <line ass="-2" asx="0" asy="1255" character-width="999" dss="-2" dsx="0" dsy="1334" fd0="14695" fd1="3397" fd2="-757" filter-width="3" id="b02-102-03" lbs="21" lbx="0" lby="1327" segmentation="ok" slant="63000" stroke-width="4919" threshold="193" text="the Berlin crisis. It need not have been such a burden" ubs="-48" ubx="0" uby="1297">
      <word id="b02-102-03-00" tag="ATI" text="the">
        <cmp x="346" y="1267" width="73" height="59" />
      </word>
      <word id="b02-102-03-01" tag="NP" text="Berlin">
        <cmp x="493" y="1256" width="102" height="71" />
        <cmp x="590" y="1270" width="29" height="53" />
        <cmp x="606" y="1302" width="12" height="21" />
        <cmp x="616" y="1302" width="27" height="25" />
        <cmp x="626" y="1275" width="7" height="11" />
      </word>
      <word id="b02-102-03-02" tag="NN" text="crisis">
        <cmp x="722" y="1300" width="33" height="35" />
        <cmp x="754" y="1306" width="41" height="27" />
        <cmp x="795" y="1299" width="34" height="29" />
        <cmp x="806" y="1282" width="6" height="8" />
        <cmp x="826" y="1301" width="14" height="24" />
        <cmp x="836" y="1299" width="33" height="29" />
        <cmp x="848" y="1280" width="5" height="10" />
      </word>
      <word id="b02-102-03-03" tag="." text=".">
        <cmp x="874" y="1322" width="8" height="9" />
      </word>
      <word id="b02-102-03-04" sentence-start="yes" tag="PP3" text="It">
        <cmp x="952" y="1275" width="29" height="52" />
        <cmp x="967" y="1274" width="33" height="49" />
      </word>
      <word id="b02-102-03-05" tag="MD" text="need">
        <cmp x="1055" y="1297" width="32" height="30" />
        <cmp x="1083" y="1297" width="31" height="33" />
        <cmp x="1109" y="1299" width="30" height="33" />
        <cmp x="1137" y="1277" width="52" height="54" />
      </word>
      <word id="b02-102-03-06" tag="XNOT" text="not">
        <cmp x="1226" y="1274" width="91" height="55" />
      </word>
      <word id="b02-102-03-07" tag="HV" text="have">
        <cmp x="1353" y="1276" width="34" height="48" />
        <cmp x="1385" y="1297" width="27" height="29" />
        <cmp x="1412" y="1297" width="32" height="28" />
        <cmp x="1430" y="1296" width="30" height="35" />
      </word>
      <word id="b02-102-03-08" tag="BEN" text="been">
        <cmp x="1533" y="1265" width="34" height="56" />
        <cmp x="1562" y="1296" width="54" height="33" />
        <cmp x="1616" y="1299" width="40" height="30" />
      </word>
      <word id="b02-102-03-09" tag="ABL" text="such">
        <cmp x="1724" y="1294" width="39" height="33" />
        <cmp x="1753" y="1298" width="34" height="29" />
        <cmp x="1793" y="1296" width="19" height="27" />
        <cmp x="1818" y="1273" width="26" height="58" />
      </word>
      <word id="b02-102-03-10" tag="AT" text="a">
        <cmp x="1898" y="1299" width="34" height="27" />
      </word>
      <word id="b02-102-03-11" tag="NN" text="burden">
        <cmp x="1992" y="1267" width="35" height="60" />
        <cmp x="2026" y="1298" width="27" height="31" />
        <cmp x="2053" y="1300" width="29" height="25" />
        <cmp x="2078" y="1274" width="49" height="55" />
        <cmp x="2114" y="1297" width="28" height="29" />
        <cmp x="2140" y="1301" width="34" height="26" />
      </word>
      <upper-contour>
        <point x="345" y="1204" />
        <point x="2072" y="1204" />
      </upper-contour>
      <lower-contour>
        <point x="344" y="1335" />
        <point x="2036" y="1335" />
      </lower-contour>
    </line>
    <line ass="-374" asx="0" asy="1434" character-width="999" dss="-374" dsx="0" dsy="1503" fd0="14998" fd1="3672" fd2="-1129" filter-width="3" id="b02-102-04" lbs="-376" lbx="0" lby="1499" segmentation="ok" slant="59999" stroke-width="4957" threshold="188" text="if Western Governments had not been convinced" ubs="-369" ubx="0" uby="1471">
      <word id="b02-102-04-00" tag="CS" text="if">
        <cmp x="342" y="1468" width="17" height="29" />
        <cmp x="360" y="1438" width="40" height="59" />
        <cmp x="361" y="1453" width="5" height="9" />
      </word>
      <word id="b02-102-04-01" tag="JJ" text="Western">
        <cmp x="484" y="1445" width="50" height="57" />
        <cmp x="524" y="1473" width="30" height="31" />
        <cmp x="548" y="1450" width="60" height="57" />
        <cmp x="601" y="1474" width="31" height="31" />
        <cmp x="631" y="1477" width="29" height="26" />
        <cmp x="655" y="1473" width="39" height="31" />
      </word>
      <word id="b02-102-04-02" tag="NNS" text="Governments">
        <cmp x="776" y="1451" width="45" height="53" />
        <cmp x="794" y="1477" width="53" height="29" />
        <cmp x="844" y="1477" width="33" height="30" />
        <cmp x="877" y="1476" width="34" height="28" />
        <cmp x="913" y="1480" width="27" height="22" />
        <cmp x="934" y="1478" width="33" height="26" />
        <cmp x="967" y="1475" width="59" height="30" />
        <cmp x="1025" y="1478" width="69" height="30" />
        <cmp x="1095" y="1452" width="37" height="49" />
        <cmp x="1117" y="1476" width="26" height="32" />
      </word>
      <word id="b02-102-04-03" tag="HVD" text="had">
        <cmp x="1211" y="1459" width="37" height="45" />
        <cmp x="1240" y="1452" width="5" height="6" />
        <cmp x="1247" y="1478" width="33" height="29" />
        <cmp x="1279" y="1455" width="49" height="52" />
      </word>
      <word id="b02-102-04-04" tag="XNOT" text="not">
        <cmp x="1382" y="1480" width="39" height="29" />
        <cmp x="1422" y="1477" width="32" height="36" />
        <cmp x="1456" y="1457" width="34" height="50" />
      </word>
      <word id="b02-102-04-05" tag="BEN" text="been">
        <cmp x="1544" y="1461" width="37" height="48" />
        <cmp x="1579" y="1484" width="35" height="28" />
        <cmp x="1610" y="1482" width="36" height="30" />
        <cmp x="1643" y="1487" width="38" height="27" />
      </word>
      <word id="b02-102-04-06" tag="VBN" text="convinced">
        <cmp x="1752" y="1477" width="69" height="37" />
        <cmp x="1813" y="1482" width="35" height="30" />
        <cmp x="1851" y="1484" width="28" height="26" />
        <cmp x="1874" y="1487" width="16" height="20" />
        <cmp x="1890" y="1480" width="39" height="29" />
        <cmp x="1908" y="1456" width="4" height="7" />
        <cmp x="1929" y="1481" width="31" height="29" />
        <cmp x="1951" y="1482" width="33" height="29" />
        <cmp x="1982" y="1462" width="53" height="52" />
      </word>
      <upper-contour>
        <point x="344" y="1335" />
        <point x="2036" y="1335" />
      </upper-contour>
      <lower-contour>
        <point x="340" y="1514" />
        <point x="2036" y="1514" />
      </lower-contour>
    </line>
    <line ass="179" asx="0" asy="1622" character-width="999" dss="179" dsx="0" dsy="1749" fd0="14538" fd1="3217" fd2="-994" filter-width="3" id="b02-102-05" lbs="269" lbx="0" lby="1692" segmentation="ok" slant="62000" stroke-width="5163" threshold="185" text="that they must do nothing to harm even remotely Dr" ubs="0" ubx="0" uby="1658">
      <word id="b02-102-05-00" tag="CS" text="that">
        <cmp x="340" y="1624" width="71" height="62" />
        <cmp x="414" y="1629" width="30" height="57" />
      </word>
      <word id="b02-102-05-01" tag="PP3AS" text="they">
        <cmp x="498" y="1620" width="57" height="65" />
        <cmp x="554" y="1652" width="52" height="90" />
      </word>
      <word id="b02-102-05-02" tag="MD" text="must">
        <cmp x="665" y="1649" width="51" height="38" />
        <cmp x="713" y="1655" width="35" height="33" />
        <cmp x="741" y="1657" width="27" height="33" />
        <cmp x="768" y="1629" width="36" height="57" />
      </word>
      <word id="b02-102-05-03" tag="DO" text="do">
        <cmp x="850" y="1632" width="56" height="60" />
        <cmp x="897" y="1657" width="30" height="31" />
      </word>
      <word id="b02-102-05-04" tag="PN" text="nothing">
        <cmp x="984" y="1660" width="42" height="34" />
        <cmp x="1023" y="1658" width="34" height="37" />
        <cmp x="1053" y="1640" width="60" height="54" />
        <cmp x="1113" y="1670" width="16" height="23" />
        <cmp x="1125" y="1667" width="34" height="25" />
        <cmp x="1131" y="1665" width="53" height="81" />
        <cmp x="1137" y="1643" width="5" height="10" />
      </word>
      <word id="b02-102-05-05" tag="TO" text="to">
        <cmp x="1258" y="1648" width="55" height="56" />
      </word>
      <word id="b02-102-05-06" tag="VB" text="harm">
        <cmp x="1379" y="1630" width="33" height="62" />
        <cmp x="1413" y="1660" width="28" height="31" />
        <cmp x="1437" y="1663" width="34" height="28" />
        <cmp x="1460" y="1664" width="56" height="29" />
      </word>
      <word id="b02-102-05-07" tag="RB" text="even">
        <cmp x="1567" y="1659" width="64" height="33" />
        <cmp x="1628" y="1666" width="67" height="28" />
      </word>
      <word id="b02-102-05-08" tag="RB" text="remotely">
        <cmp x="1777" y="1661" width="29" height="28" />
        <cmp x="1802" y="1657" width="37" height="35" />
        <cmp x="1840" y="1634" width="52" height="56" />
        <cmp x="1894" y="1633" width="31" height="52" />
        <cmp x="1912" y="1658" width="30" height="31" />
        <cmp x="1941" y="1664" width="54" height="80" />
        <cmp x="1952" y="1635" width="31" height="52" />
      </word>
      <word id="b02-102-05-09" tag="NPT" text="Dr">
        <cmp x="2062" y="1617" width="56" height="73" />
        <cmp x="2103" y="1667" width="28" height="23" />
      </word>
      <upper-contour>
        <point x="340" y="1514" />
        <point x="2036" y="1514" />
      </upper-contour>
      <lower-contour>
        <point x="338" y="1746" />
        <point x="2132" y="1746" />
      </lower-contour>
    </line>
    <line ass="-80" asx="0" asy="1788" character-width="999" dss="-80" dsx="0" dsy="1921" fd0="15105" fd1="3463" fd2="-1226" filter-width="3" id="b02-102-06" lbs="-101" lbx="0" lby="1865" segmentation="ok" slant="56000" stroke-width="5175" threshold="190" text="Adenauer&apos;s chances of being returned as Chancellor." ubs="-40" ubx="0" uby="1837">
      <word id="b02-102-06-00" tag="NP$" text="Adenauer&apos;s">
        <cmp x="340" y="1789" width="75" height="74" />
        <cmp x="391" y="1800" width="62" height="62" />
        <cmp x="432" y="1831" width="35" height="33" />
        <cmp x="461" y="1838" width="43" height="28" />
        <cmp x="506" y="1837" width="87" height="35" />
        <cmp x="595" y="1834" width="66" height="33" />
        <cmp x="682" y="1790" width="20" height="30" />
        <cmp x="665" y="1837" width="35" height="34" />
      </word>
      <word id="b02-102-06-01" tag="NNS" text="chances">
        <cmp x="789" y="1841" width="33" height="30" />
        <cmp x="830" y="1812" width="35" height="59" />
        <cmp x="864" y="1841" width="30" height="27" />
        <cmp x="893" y="1842" width="36" height="25" />
        <cmp x="933" y="1839" width="25" height="30" />
        <cmp x="961" y="1842" width="60" height="30" />
      </word>
      <word id="b02-102-06-02" tag="INO" text="of">
        <cmp x="1086" y="1838" width="31" height="27" />
        <cmp x="1114" y="1807" width="51" height="77" />
      </word>
      <word id="b02-102-06-03" tag="BEG" text="being">
        <cmp x="1228" y="1806" width="37" height="66" />
        <cmp x="1263" y="1837" width="31" height="33" />
        <cmp x="1292" y="1841" width="17" height="24" />
        <cmp x="1308" y="1839" width="33" height="26" />
        <cmp x="1310" y="1842" width="54" height="83" />
        <cmp x="1318" y="1813" width="9" height="17" />
      </word>
      <word id="b02-102-06-04" tag="VBN" text="returned">
        <cmp x="1423" y="1834" width="34" height="29" />
        <cmp x="1446" y="1832" width="31" height="34" />
        <cmp x="1480" y="1806" width="58" height="62" />
        <cmp x="1541" y="1839" width="35" height="24" />
        <cmp x="1569" y="1835" width="35" height="26" />
        <cmp x="1605" y="1830" width="33" height="32" />
        <cmp x="1634" y="1807" width="55" height="58" />
      </word>
      <word id="b02-102-06-05" tag="IN" text="as">
        <cmp x="1743" y="1830" width="66" height="38" />
      </word>
      <word id="b02-102-06-06" tag="NPT" text="Chancellor">
        <cmp x="1880" y="1802" width="75" height="66" />
        <cmp x="1954" y="1838" width="35" height="32" />
        <cmp x="1990" y="1840" width="39" height="28" />
        <cmp x="2032" y="1835" width="28" height="34" />
        <cmp x="2060" y="1834" width="33" height="37" />
        <cmp x="2092" y="1812" width="43" height="60" />
        <cmp x="2107" y="1810" width="40" height="61" />
        <cmp x="2124" y="1834" width="33" height="33" />
        <cmp x="2151" y="1839" width="39" height="30" />
      </word>
      <word id="b02-102-06-07" tag="." text=".">
        <cmp x="2178" y="1871" width="7" height="6" />
      </word>
      <upper-contour>
        <point x="338" y="1746" />
        <point x="2132" y="1746" />
      </upper-contour>
    </line>
  </handwritten-part>
</form>

