<?xml version="1.0" encoding="ISO-8859-1"?>

<!DOCTYPE form SYSTEM 'http://www.iam.unibe.ch/~fki/iamdb/form-metadata.dtd'>

<form created="2002-01-14" height="3542" id="b03-025" last-modified="2002-07-17" skew="-95" status="final" version="3.0_beta" width="2479" writer-id="100">
  <machine-printed-part>
    <machine-print-line text="But discussion on current points of east-west conflict could not go much farther than," />
    <machine-print-line text="for example, the truism that policies of menace and mutual disarmament cannot be" />
    <machine-print-line text="followed together. What the council has done - and it is an achievement - is to make" />
    <machine-print-line text="religious contact across the greatest political barrier in what is not yet a unitary" />
    <machine-print-line text="world." />
  </machine-printed-part>
  <handwritten-part>
    <line ass="-333" asx="0" asy="729" character-width="999" dss="-333" dsx="0" dsy="854" fd0="13728" fd1="2862" fd2="-490" filter-width="4" id="b03-025-00" lbs="-348" lbx="0" lby="809" segmentation="ok" slant="111000" stroke-width="6179" threshold="175" text="But discussion on current points of east-west con-" ubs="-302" ubx="0" uby="788">
      <word id="b03-025-00-00" sentence-start="yes" tag="CC" text="But">
        <cmp x="397" y="746" width="125" height="68" />
        <cmp x="490" y="744" width="54" height="68" />
      </word>
      <word id="b03-025-00-01" tag="NN" text="discussion">
        <cmp x="619" y="752" width="58" height="67" />
        <cmp x="657" y="758" width="8" height="11" />
        <cmp x="670" y="785" width="44" height="33" />
        <cmp x="722" y="788" width="117" height="32" />
        <cmp x="826" y="762" width="11" height="13" />
        <cmp x="841" y="797" width="18" height="15" />
        <cmp x="863" y="793" width="28" height="24" />
        <cmp x="891" y="793" width="45" height="24" />
      </word>
      <word id="b03-025-00-02" tag="IN" text="on">
        <cmp x="1006" y="788" width="82" height="31" />
      </word>
      <word id="b03-025-00-03" tag="JJ" text="current">
        <cmp x="1124" y="791" width="74" height="32" />
        <cmp x="1197" y="797" width="20" height="21" />
        <cmp x="1221" y="798" width="23" height="22" />
        <cmp x="1246" y="792" width="77" height="30" />
        <cmp x="1307" y="754" width="40" height="69" />
      </word>
      <word id="b03-025-00-04" tag="NNS" text="points">
        <cmp x="1400" y="793" width="67" height="71" />
        <cmp x="1454" y="759" width="14" height="15" />
        <cmp x="1469" y="796" width="18" height="24" />
        <cmp x="1487" y="751" width="47" height="74" />
        <cmp x="1541" y="796" width="19" height="23" />
      </word>
      <word id="b03-025-00-05" tag="INO" text="of">
        <cmp x="1611" y="791" width="34" height="28" />
        <cmp x="1644" y="741" width="33" height="78" />
      </word>
      <word id="b03-025-00-06" tag="NR" text="east-west">
        <cmp x="1732" y="791" width="88" height="34" />
        <cmp x="1811" y="741" width="39" height="80" />
        <cmp x="1874" y="798" width="25" height="9" />
        <cmp x="1916" y="796" width="56" height="23" />
        <cmp x="1973" y="794" width="64" height="32" />
        <cmp x="2031" y="748" width="25" height="83" />
      </word>
      <word id="b03-025-00-07" tag="NN-" text="con-">
        <cmp x="2119" y="784" width="95" height="40" />
        <cmp x="2228" y="798" width="36" height="15" />
      </word>
      <lower-contour>
        <point x="409" y="864" />
        <point x="2265" y="864" />
      </lower-contour>
    </line>
    <line ass="-519" asx="0" asy="906" character-width="999" dss="-519" dsx="0" dsy="1023" fd0="13258" fd1="3670" fd2="-110" filter-width="4" id="b03-025-01" lbs="-505" lbx="0" lby="984" segmentation="ok" slant="105000" stroke-width="6217" threshold="175" text="flict could not go much farther than, for example, the" ubs="-548" ubx="0" uby="957">
      <word id="b03-025-01-00" tag="-NN" text="flict">
        <cmp x="411" y="915" width="24" height="76" />
        <cmp x="439" y="929" width="25" height="59" />
        <cmp x="453" y="933" width="10" height="11" />
        <cmp x="468" y="964" width="11" height="19" />
        <cmp x="479" y="956" width="25" height="28" />
        <cmp x="500" y="919" width="33" height="63" />
      </word>
      <word id="b03-025-01-01" tag="MD" text="could">
        <cmp x="604" y="923" width="165" height="74" />
      </word>
      <word id="b03-025-01-02" tag="XNOT" text="not">
        <cmp x="804" y="965" width="66" height="29" />
        <cmp x="866" y="916" width="38" height="78" />
      </word>
      <word id="b03-025-01-03" tag="VB" text="go">
        <cmp x="960" y="968" width="46" height="64" />
        <cmp x="990" y="967" width="29" height="28" />
      </word>
      <word id="b03-025-01-04" tag="RB" text="much">
        <cmp x="1065" y="974" width="60" height="26" />
        <cmp x="1121" y="971" width="42" height="23" />
        <cmp x="1163" y="934" width="69" height="60" />
      </word>
      <word id="b03-025-01-05" tag="RBR" text="farther">
        <cmp x="1285" y="929" width="57" height="70" />
        <cmp x="1343" y="936" width="138" height="65" />
      </word>
      <word id="b03-025-01-06" tag="IN" text="than">
        <cmp x="1530" y="929" width="88" height="71" />
        <cmp x="1620" y="983" width="40" height="20" />
      </word>
      <word id="b03-025-01-07" tag="," text=",">
        <cmp x="1672" y="1001" width="22" height="33" />
      </word>
      <word id="b03-025-01-08" tag="IN" text="for">
        <cmp x="1721" y="925" width="23" height="75" />
        <cmp x="1743" y="970" width="26" height="27" />
        <cmp x="1776" y="970" width="23" height="23" />
      </word>
      <word id="b03-025-01-09" tag="NN" text="example">
        <cmp x="1857" y="966" width="108" height="36" />
        <cmp x="1965" y="977" width="58" height="21" />
        <cmp x="2035" y="981" width="27" height="51" />
        <cmp x="2063" y="940" width="22" height="62" />
        <cmp x="2089" y="976" width="49" height="25" />
      </word>
      <word id="b03-025-01-10" tag="," text=",">
        <cmp x="2147" y="998" width="16" height="44" />
      </word>
      <word id="b03-025-01-11" tag="ATI" text="the">
        <cmp x="2179" y="925" width="102" height="81" />
      </word>
      <upper-contour>
        <point x="409" y="864" />
        <point x="2265" y="864" />
      </upper-contour>
      <lower-contour>
        <point x="409" y="1041" />
        <point x="2282" y="1041" />
      </lower-contour>
    </line>
    <line ass="-514" asx="0" asy="1081" character-width="999" dss="-514" dsx="0" dsy="1202" fd0="13640" fd1="3205" fd2="-157" filter-width="4" id="b03-025-02" lbs="-501" lbx="0" lby="1163" segmentation="ok" slant="108000" stroke-width="6155" threshold="175" text="truism that policies of menace and mutual disarmament" ubs="-540" ubx="0" uby="1140">
      <word id="b03-025-02-00" tag="NN" text="truism">
        <cmp x="406" y="1096" width="54" height="72" />
        <cmp x="464" y="1142" width="50" height="31" />
        <cmp x="485" y="1126" width="11" height="12" />
        <cmp x="506" y="1150" width="16" height="18" />
        <cmp x="509" y="1142" width="4" height="4" />
        <cmp x="526" y="1143" width="76" height="33" />
      </word>
      <word id="b03-025-02-01" tag="CS" text="that">
        <cmp x="668" y="1108" width="99" height="63" />
        <cmp x="753" y="1108" width="39" height="64" />
      </word>
      <word id="b03-025-02-02" tag="NNS" text="policies">
        <cmp x="859" y="1151" width="50" height="59" />
        <cmp x="906" y="1116" width="21" height="60" />
        <cmp x="928" y="1123" width="8" height="9" />
        <cmp x="933" y="1152" width="9" height="23" />
        <cmp x="946" y="1151" width="30" height="30" />
        <cmp x="964" y="1122" width="17" height="17" />
        <cmp x="977" y="1151" width="13" height="24" />
        <cmp x="992" y="1151" width="60" height="34" />
      </word>
      <word id="b03-025-02-03" tag="INO" text="of">
        <cmp x="1104" y="1147" width="26" height="28" />
        <cmp x="1135" y="1093" width="37" height="81" />
      </word>
      <word id="b03-025-02-04" tag="NN" text="menace">
        <cmp x="1217" y="1151" width="125" height="27" />
        <cmp x="1347" y="1152" width="65" height="28" />
        <cmp x="1410" y="1152" width="46" height="26" />
      </word>
      <word id="b03-025-02-05" tag="CC" text="and">
        <cmp x="1504" y="1155" width="32" height="20" />
        <cmp x="1534" y="1114" width="76" height="64" />
      </word>
      <word id="b03-025-02-06" tag="JJ" text="mutual">
        <cmp x="1665" y="1154" width="51" height="22" />
        <cmp x="1714" y="1160" width="48" height="18" />
        <cmp x="1748" y="1119" width="30" height="68" />
        <cmp x="1784" y="1157" width="86" height="23" />
        <cmp x="1861" y="1116" width="21" height="63" />
      </word>
      <word id="b03-025-02-07" tag="NN" text="disarmament">
        <cmp x="1933" y="1115" width="43" height="67" />
        <cmp x="1981" y="1125" width="10" height="13" />
        <cmp x="1982" y="1156" width="13" height="22" />
        <cmp x="2002" y="1154" width="18" height="31" />
        <cmp x="2024" y="1154" width="37" height="26" />
        <cmp x="2067" y="1158" width="21" height="19" />
        <cmp x="2099" y="1156" width="91" height="30" />
        <cmp x="2198" y="1158" width="116" height="24" />
        <cmp x="2312" y="1112" width="30" height="72" />
      </word>
      <upper-contour>
        <point x="409" y="1041" />
        <point x="2282" y="1041" />
      </upper-contour>
      <lower-contour>
        <point x="404" y="1210" />
        <point x="2343" y="1210" />
      </lower-contour>
    </line>
    <line ass="-361" asx="0" asy="1269" character-width="999" dss="-361" dsx="0" dsy="1390" fd0="13226" fd1="2842" fd2="-371" filter-width="4" id="b03-025-03" lbs="-374" lbx="0" lby="1346" segmentation="ok" slant="105000" stroke-width="6183" threshold="175" text="cannot be followed together. What the council has done -" ubs="-335" ubx="0" uby="1320">
      <word id="b03-025-03-00" tag="MDX" text="cannot">
        <cmp x="402" y="1315" width="32" height="32" />
        <cmp x="434" y="1323" width="138" height="30" />
        <cmp x="574" y="1289" width="50" height="62" />
      </word>
      <word id="b03-025-03-01" tag="BE" text="be">
        <cmp x="677" y="1286" width="94" height="60" />
      </word>
      <word id="b03-025-03-02" tag="VBN" text="followed">
        <cmp x="821" y="1284" width="35" height="67" />
        <cmp x="854" y="1330" width="21" height="28" />
        <cmp x="876" y="1291" width="20" height="63" />
        <cmp x="894" y="1297" width="23" height="61" />
        <cmp x="915" y="1323" width="28" height="31" />
        <cmp x="942" y="1326" width="48" height="25" />
        <cmp x="992" y="1289" width="72" height="68" />
      </word>
      <word id="b03-025-03-03" tag="RB" text="together">
        <cmp x="1123" y="1293" width="30" height="73" />
        <cmp x="1155" y="1332" width="83" height="67" />
        <cmp x="1231" y="1288" width="56" height="65" />
        <cmp x="1274" y="1296" width="95" height="59" />
      </word>
      <word id="b03-025-03-04" tag="." text=".">
        <cmp x="1392" y="1346" width="6" height="9" />
      </word>
      <word id="b03-025-03-05" sentence-start="yes" tag="WDT" text="What">
        <cmp x="1456" y="1290" width="145" height="67" />
        <cmp x="1589" y="1288" width="30" height="76" />
      </word>
      <word id="b03-025-03-06" tag="ATI" text="the">
        <cmp x="1691" y="1296" width="27" height="62" />
        <cmp x="1694" y="1356" width="10" height="10" />
        <cmp x="1709" y="1298" width="98" height="65" />
      </word>
      <word id="b03-025-03-07" tag="NN" text="council">
        <cmp x="1839" y="1327" width="43" height="38" />
        <cmp x="1870" y="1325" width="80" height="33" />
        <cmp x="1944" y="1334" width="43" height="24" />
        <cmp x="1994" y="1335" width="30" height="26" />
        <cmp x="2018" y="1300" width="13" height="15" />
        <cmp x="2028" y="1337" width="16" height="21" />
        <cmp x="2044" y="1290" width="25" height="76" />
      </word>
      <word id="b03-025-03-08" tag="HVZ" text="has">
        <cmp x="2113" y="1297" width="69" height="60" />
        <cmp x="2181" y="1335" width="17" height="34" />
      </word>
      <word id="b03-025-03-09" tag="VBN" text="done">
        <cmp x="2245" y="1285" width="39" height="72" />
        <cmp x="2285" y="1330" width="27" height="28" />
        <cmp x="2313" y="1335" width="82" height="29" />
      </word>
      <word id="b03-025-03-10" tag="*-" text="-">
        <cmp x="2398" y="1335" width="31" height="11" />
      </word>
      <upper-contour>
        <point x="404" y="1210" />
        <point x="2343" y="1210" />
      </upper-contour>
      <lower-contour>
        <point x="400" y="1399" />
        <point x="2287" y="1399" />
      </lower-contour>
    </line>
    <line ass="-210" asx="0" asy="1458" character-width="999" dss="-210" dsx="0" dsy="1565" fd0="13821" fd1="2983" fd2="36" filter-width="4" id="b03-025-04" lbs="-166" lbx="0" lby="1526" segmentation="ok" slant="108999" stroke-width="6014" threshold="175" text="and it is an achievement - is to make religious con-" ubs="-297" ubx="0" uby="1502">
      <word id="b03-025-04-00" tag="CC" text="and">
        <cmp x="381" y="1499" width="36" height="30" />
        <cmp x="414" y="1507" width="37" height="18" />
        <cmp x="453" y="1468" width="33" height="63" />
      </word>
      <word id="b03-025-04-01" tag="PP3" text="it">
        <cmp x="523" y="1481" width="11" height="19" />
        <cmp x="537" y="1503" width="18" height="27" />
        <cmp x="543" y="1465" width="45" height="65" />
      </word>
      <word id="b03-025-04-02" tag="BEZ" text="is">
        <cmp x="621" y="1486" width="17" height="14" />
        <cmp x="643" y="1509" width="32" height="26" />
      </word>
      <word id="b03-025-04-03" tag="AT" text="an">
        <cmp x="728" y="1508" width="39" height="23" />
        <cmp x="757" y="1495" width="4" height="5" />
        <cmp x="763" y="1513" width="55" height="15" />
      </word>
      <word id="b03-025-04-04" tag="NN" text="achievement">
        <cmp x="899" y="1472" width="95" height="68" />
        <cmp x="984" y="1478" width="15" height="15" />
        <cmp x="1000" y="1511" width="49" height="28" />
        <cmp x="1046" y="1510" width="31" height="22" />
        <cmp x="1087" y="1507" width="180" height="30" />
        <cmp x="1257" y="1464" width="35" height="73" />
      </word>
      <word id="b03-025-04-05" tag="*-" text="-">
        <cmp x="1327" y="1507" width="35" height="6" />
      </word>
      <word id="b03-025-04-06" tag="BEZ" text="is">
        <cmp x="1379" y="1479" width="11" height="12" />
        <cmp x="1387" y="1507" width="50" height="34" />
      </word>
      <word id="b03-025-04-07" tag="TO" text="to">
        <cmp x="1472" y="1471" width="60" height="65" />
      </word>
      <word id="b03-025-04-08" tag="VB" text="make">
        <cmp x="1580" y="1466" width="171" height="79" />
      </word>
      <word id="b03-025-04-09" tag="JJ" text="religious">
        <cmp x="1798" y="1503" width="23" height="28" />
        <cmp x="1826" y="1511" width="42" height="28" />
        <cmp x="1849" y="1480" width="39" height="55" />
        <cmp x="1866" y="1484" width="12" height="10" />
        <cmp x="1892" y="1509" width="47" height="63" />
        <cmp x="1910" y="1486" width="11" height="19" />
        <cmp x="1926" y="1509" width="15" height="25" />
        <cmp x="1943" y="1504" width="98" height="31" />
      </word>
      <word id="b03-025-04-10" tag="NN-" text="con-">
        <cmp x="2123" y="1498" width="53" height="41" />
        <cmp x="2161" y="1502" width="84" height="32" />
        <cmp x="2254" y="1511" width="32" height="10" />
      </word>
      <upper-contour>
        <point x="400" y="1399" />
        <point x="2287" y="1399" />
      </upper-contour>
      <lower-contour>
        <point x="385" y="1572" />
        <point x="2175" y="1572" />
      </lower-contour>
    </line>
    <line ass="-461" asx="0" asy="1625" character-width="999" dss="-461" dsx="0" dsy="1740" fd0="13942" fd1="3392" fd2="-32" filter-width="4" id="b03-025-05" lbs="-463" lbx="0" lby="1700" segmentation="ok" slant="107000" stroke-width="5856" threshold="162" text="tact across the greatest political barrier in what" ubs="-458" ubx="0" uby="1678">
      <word id="b03-025-05-00" tag="-NN" text="tact">
        <cmp x="387" y="1636" width="72" height="68" />
        <cmp x="455" y="1686" width="32" height="16" />
        <cmp x="469" y="1634" width="41" height="68" />
      </word>
      <word id="b03-025-05-01" tag="IN" text="across">
        <cmp x="602" y="1686" width="52" height="28" />
        <cmp x="650" y="1680" width="32" height="31" />
        <cmp x="684" y="1679" width="18" height="25" />
        <cmp x="706" y="1685" width="32" height="27" />
        <cmp x="746" y="1685" width="25" height="29" />
        <cmp x="767" y="1682" width="24" height="39" />
        <cmp x="787" y="1686" width="7" height="5" />
      </word>
      <word id="b03-025-05-02" tag="ATI" text="the">
        <cmp x="879" y="1639" width="37" height="67" />
        <cmp x="898" y="1650" width="93" height="54" />
      </word>
      <word id="b03-025-05-03" tag="JJT" text="greatest">
        <cmp x="1040" y="1683" width="46" height="66" />
        <cmp x="1075" y="1686" width="18" height="17" />
        <cmp x="1101" y="1684" width="63" height="21" />
        <cmp x="1152" y="1643" width="90" height="69" />
        <cmp x="1224" y="1639" width="45" height="71" />
      </word>
      <word id="b03-025-05-04" tag="JJ" text="political">
        <cmp x="1333" y="1684" width="61" height="56" />
        <cmp x="1385" y="1646" width="21" height="67" />
        <cmp x="1410" y="1653" width="13" height="13" />
        <cmp x="1412" y="1686" width="16" height="20" />
        <cmp x="1434" y="1637" width="27" height="72" />
        <cmp x="1460" y="1650" width="13" height="16" />
        <cmp x="1467" y="1693" width="10" height="10" />
        <cmp x="1480" y="1675" width="27" height="31" />
        <cmp x="1509" y="1685" width="37" height="24" />
        <cmp x="1547" y="1650" width="21" height="65" />
      </word>
      <word id="b03-025-05-05" tag="NN" text="barrier">
        <cmp x="1637" y="1654" width="36" height="61" />
        <cmp x="1678" y="1688" width="31" height="27" />
        <cmp x="1711" y="1691" width="18" height="22" />
        <cmp x="1736" y="1687" width="17" height="25" />
        <cmp x="1746" y="1649" width="16" height="17" />
        <cmp x="1768" y="1694" width="9" height="17" />
        <cmp x="1786" y="1692" width="55" height="24" />
      </word>
      <word id="b03-025-05-06" tag="IN" text="in">
        <cmp x="1878" y="1656" width="12" height="17" />
        <cmp x="1895" y="1683" width="15" height="30" />
        <cmp x="1915" y="1693" width="52" height="28" />
      </word>
      <word id="b03-025-05-07" tag="WDT" text="what">
        <cmp x="2018" y="1697" width="59" height="23" />
        <cmp x="2070" y="1643" width="49" height="73" />
        <cmp x="2119" y="1695" width="38" height="30" />
        <cmp x="2151" y="1648" width="23" height="83" />
      </word>
      <upper-contour>
        <point x="385" y="1572" />
        <point x="2175" y="1572" />
      </upper-contour>
      <lower-contour>
        <point x="385" y="1749" />
        <point x="1514" y="1749" />
      </lower-contour>
    </line>
    <line ass="-158" asx="0" asy="1808" character-width="999" dss="-158" dsx="0" dsy="1919" fd0="13923" fd1="3909" fd2="937" filter-width="4" id="b03-025-06" lbs="-53" lbx="0" lby="1888" segmentation="ok" slant="98000" stroke-width="6024" threshold="175" text="is not yet a unitary world." ubs="-369" ubx="0" uby="1860">
      <word id="b03-025-06-00" tag="BEZ" text="is">
        <cmp x="376" y="1826" width="18" height="18" />
        <cmp x="404" y="1857" width="13" height="28" />
        <cmp x="411" y="1849" width="20" height="36" />
      </word>
      <word id="b03-025-06-01" tag="XNOT" text="not">
        <cmp x="514" y="1859" width="61" height="28" />
        <cmp x="578" y="1811" width="22" height="81" />
      </word>
      <word id="b03-025-06-02" tag="RB" text="yet">
        <cmp x="673" y="1864" width="44" height="57" />
        <cmp x="718" y="1826" width="59" height="71" />
      </word>
      <word id="b03-025-06-03" tag="AT" text="a">
        <cmp x="873" y="1862" width="45" height="28" />
      </word>
      <word id="b03-025-06-04" tag="JJ" text="unitary">
        <cmp x="1023" y="1869" width="83" height="18" />
        <cmp x="1093" y="1824" width="14" height="14" />
        <cmp x="1112" y="1870" width="11" height="18" />
        <cmp x="1130" y="1815" width="76" height="78" />
        <cmp x="1207" y="1869" width="44" height="41" />
      </word>
      <word id="b03-025-06-05" tag="NN" text="world">
        <cmp x="1321" y="1866" width="80" height="25" />
        <cmp x="1407" y="1863" width="13" height="19" />
        <cmp x="1421" y="1819" width="21" height="67" />
        <cmp x="1444" y="1825" width="41" height="74" />
      </word>
      <word id="b03-025-06-06" tag="." text=".">
        <cmp x="1504" y="1882" width="9" height="8" />
      </word>
      <upper-contour>
        <point x="385" y="1749" />
        <point x="1514" y="1749" />
      </upper-contour>
    </line>
  </handwritten-part>
</form>

