<?xml version="1.0" encoding="ISO-8859-1"?>

<!DOCTYPE form SYSTEM 'http://www.iam.unibe.ch/~fki/iamdb/form-metadata.dtd'>

<form created="2002-01-14" height="3542" id="b03-114" last-modified="2002-07-24" skew="-95" status="final" version="3.0_beta" width="2479" writer-id="106">
  <machine-printed-part>
    <machine-print-line text="In any case, fahrenheit need not lose heart. Once before, and that not so long ago," />
    <machine-print-line text="the authorities ganged up to alter the habits of the people. That effort was to enforce" />
    <machine-print-line text="the adoption of the twenty-four hour clock. Then, also, the B.B.C. were roped in." />
    <machine-print-line text="The only result was that the well-meaning corporation became very unpopular." />
  </machine-printed-part>
  <handwritten-part>
    <line ass="53" asx="0" asy="700" character-width="999" dss="53" dsx="0" dsy="835" fd0="13394" fd1="3188" fd2="135" filter-width="4" id="b03-114-00" lbs="56" lbx="0" lby="782" segmentation="ok" slant="84000" stroke-width="5824" threshold="191" text="In any case, fahrenheit need not lose heart." ubs="48" ubx="0" uby="758">
      <word id="b03-114-00-00" sentence-start="yes" tag="IN" text="In">
        <cmp x="357" y="739" width="8" height="33" />
        <cmp x="361" y="701" width="22" height="32" />
        <cmp x="362" y="735" width="4" height="4" />
        <cmp x="384" y="765" width="4" height="6" />
        <cmp x="385" y="759" width="28" height="24" />
      </word>
      <word id="b03-114-00-01" tag="DTI" text="any">
        <cmp x="488" y="746" width="180" height="90" />
      </word>
      <word id="b03-114-00-02" tag="NN" text="case">
        <cmp x="713" y="754" width="182" height="35" />
      </word>
      <word id="b03-114-00-03" tag="," text=",">
        <cmp x="926" y="784" width="11" height="32" />
      </word>
      <word id="b03-114-00-04" tag="NN" text="fahrenheit">
        <cmp x="1015" y="700" width="447" height="117" />
        <cmp x="1402" y="707" width="7" height="13" />
      </word>
      <word id="b03-114-00-05" tag="MD" text="need">
        <cmp x="1505" y="739" width="154" height="57" />
      </word>
      <word id="b03-114-00-06" tag="XNOT" text="not">
        <cmp x="1722" y="721" width="133" height="67" />
      </word>
      <word id="b03-114-00-07" tag="VB" text="lose">
        <cmp x="1875" y="722" width="157" height="68" />
      </word>
      <word id="b03-114-00-08" tag="NN" text="heart">
        <cmp x="2084" y="705" width="214" height="84" />
      </word>
      <word id="b03-114-00-09" tag="." text=".">
        <cmp x="2304" y="787" width="7" height="7" />
      </word>
      <lower-contour>
        <point x="355" y="837" />
        <point x="2311" y="837" />
      </lower-contour>
    </line>
    <line ass="-934" asx="0" asy="840" character-width="999" dss="-934" dsx="0" dsy="1041" fd0="13125" fd1="3467" fd2="449" filter-width="3" id="b03-114-01" lbs="-945" lbx="0" lby="945" segmentation="ok" slant="82000" stroke-width="5643" threshold="191" text="Once before, and that not so long ago, the" ubs="-913" ubx="0" uby="922">
      <word id="b03-114-01-00" sentence-start="yes" tag="RB" text="Once">
        <cmp x="299" y="853" width="54" height="96" />
        <cmp x="350" y="920" width="3" height="5" />
        <cmp x="354" y="917" width="120" height="29" />
      </word>
      <word id="b03-114-01-01" tag="RI" text="before">
        <cmp x="515" y="853" width="273" height="140" />
      </word>
      <word id="b03-114-01-02" tag="," text=",">
        <cmp x="807" y="963" width="10" height="38" />
      </word>
      <word id="b03-114-01-03" tag="CC" text="and">
        <cmp x="846" y="912" width="162" height="66" />
      </word>
      <word id="b03-114-01-04" tag="DT" text="that">
        <cmp x="1081" y="896" width="196" height="83" />
      </word>
      <word id="b03-114-01-05" tag="XNOT" text="not">
        <cmp x="1323" y="898" width="135" height="75" />
      </word>
      <word id="b03-114-01-06" tag="QL" text="so">
        <cmp x="1498" y="940" width="102" height="29" />
      </word>
      <word id="b03-114-01-07" tag="RB" text="long">
        <cmp x="1661" y="903" width="222" height="170" />
      </word>
      <word id="b03-114-01-08" tag="RB" text="ago">
        <cmp x="1955" y="936" width="161" height="104" />
      </word>
      <word id="b03-114-01-09" tag="," text=",">
        <cmp x="2142" y="967" width="12" height="33" />
      </word>
      <word id="b03-114-01-10" tag="ATI" text="the">
        <cmp x="2219" y="876" width="116" height="102" />
      </word>
      <upper-contour>
        <point x="355" y="837" />
        <point x="2311" y="837" />
      </upper-contour>
      <lower-contour>
        <point x="297" y="1045" />
        <point x="1784" y="1070" />
        <point x="1828" y="1072" />
        <point x="1974" y="1039" />
        <point x="2235" y="1039" />
      </lower-contour>
    </line>
    <line ass="-66" asx="0" asy="1048" character-width="999" dss="-66" dsx="0" dsy="1203" fd0="13281" fd1="3268" fd2="-119" filter-width="4" id="b03-114-02" lbs="-30" lbx="0" lby="1139" segmentation="ok" slant="85000" stroke-width="5845" threshold="191" text="authorities ganged up to alter the habits" ubs="-137" ubx="0" uby="1107">
      <word id="b03-114-02-00" tag="NNS" text="authorities">
        <cmp x="293" y="1049" width="532" height="98" />
        <cmp x="758" y="1082" width="9" height="8" />
      </word>
      <word id="b03-114-02-01" tag="VBD" text="ganged">
        <cmp x="872" y="1088" width="295" height="118" />
      </word>
      <word id="b03-114-02-02" tag="RP" text="up">
        <cmp x="1230" y="1109" width="115" height="67" />
        <cmp x="1238" y="1106" width="5" height="4" />
      </word>
      <word id="b03-114-02-03" tag="TO" text="to">
        <cmp x="1397" y="1075" width="61" height="77" />
      </word>
      <word id="b03-114-02-04" tag="VB" text="alter">
        <cmp x="1476" y="1064" width="198" height="80" />
      </word>
      <word id="b03-114-02-05" tag="ATI" text="the">
        <cmp x="1738" y="1071" width="119" height="80" />
      </word>
      <word id="b03-114-02-06" tag="NNS" text="habits">
        <cmp x="1924" y="1056" width="310" height="91" />
        <cmp x="2152" y="1074" width="15" height="13" />
        <cmp x="2207" y="1138" width="7" height="5" />
      </word>
      <upper-contour>
        <point x="297" y="1045" />
        <point x="1784" y="1070" />
        <point x="1828" y="1072" />
        <point x="1974" y="1039" />
        <point x="2235" y="1039" />
      </upper-contour>
      <lower-contour>
        <point x="308" y="1206" />
        <point x="2135" y="1206" />
      </lower-contour>
    </line>
    <line ass="413" asx="0" asy="1232" character-width="999" dss="413" dsx="0" dsy="1389" fd0="12637" fd1="3127" fd2="-259" filter-width="3" id="b03-114-03" lbs="475" lbx="0" lby="1332" segmentation="ok" slant="77000" stroke-width="5641" threshold="184" text="of the people. That effort was to enforce" ubs="288" ubx="0" uby="1299">
      <word id="b03-114-03-00" tag="INO" text="of">
        <cmp x="310" y="1236" width="84" height="120" />
      </word>
      <word id="b03-114-03-01" tag="ATI" text="the" />
      <word id="b03-114-03-02" tag="NNS" text="people">
        <cmp x="502" y="1236" width="313" height="126" />
      </word>
      <word id="b03-114-03-03" tag="." text=".">
        <cmp x="835" y="1317" width="9" height="7" />
      </word>
      <word id="b03-114-03-04" sentence-start="yes" tag="DT" text="That">
        <cmp x="922" y="1224" width="238" height="102" />
        <cmp x="955" y="1243" width="25" height="99" />
      </word>
      <word id="b03-114-03-05" tag="NN" text="effort">
        <cmp x="1177" y="1226" width="242" height="134" />
      </word>
      <word id="b03-114-03-06" tag="BEDZ" text="was">
        <cmp x="1445" y="1289" width="176" height="31" />
      </word>
      <word id="b03-114-03-07" tag="TO" text="to">
        <cmp x="1668" y="1233" width="62" height="91" />
      </word>
      <word id="b03-114-03-08" tag="VB" text="enforce">
        <cmp x="1760" y="1241" width="374" height="137" />
      </word>
      <upper-contour>
        <point x="308" y="1206" />
        <point x="2135" y="1206" />
      </upper-contour>
      <lower-contour>
        <point x="308" y="1377" />
        <point x="2135" y="1377" />
      </lower-contour>
    </line>
    <line ass="243" asx="0" asy="1396" character-width="999" dss="243" dsx="0" dsy="1566" fd0="12698" fd1="3214" fd2="38" filter-width="3" id="b03-114-04" lbs="346" lbx="0" lby="1509" segmentation="ok" slant="83000" stroke-width="5494" threshold="182" text="the adoption of the twenty-four hour" ubs="38" ubx="0" uby="1470">
      <word id="b03-114-04-00" tag="ATI" text="the">
        <cmp x="294" y="1395" width="115" height="114" />
      </word>
      <word id="b03-114-04-01" tag="NN" text="adoption">
        <cmp x="465" y="1423" width="180" height="87" />
        <cmp x="646" y="1404" width="340" height="125" />
        <cmp x="873" y="1419" width="13" height="13" />
      </word>
      <word id="b03-114-04-02" tag="INO" text="of">
        <cmp x="1089" y="1408" width="100" height="120" />
      </word>
      <word id="b03-114-04-03" tag="ATI" text="the">
        <cmp x="1290" y="1406" width="120" height="89" />
      </word>
      <word id="b03-114-04-04" tag="CD" text="twenty-four">
        <cmp x="1496" y="1412" width="305" height="144" />
        <cmp x="1515" y="1409" width="6" height="6" />
        <cmp x="1756" y="1541" width="3" height="5" />
        <cmp x="1843" y="1478" width="13" height="7" />
        <cmp x="1884" y="1417" width="177" height="142" />
      </word>
      <word id="b03-114-04-05" tag="NN" text="hour">
        <cmp x="2105" y="1409" width="188" height="89" />
      </word>
      <upper-contour>
        <point x="308" y="1377" />
        <point x="2135" y="1377" />
      </upper-contour>
      <lower-contour>
        <point x="301" y="1559" />
        <point x="2051" y="1559" />
      </lower-contour>
    </line>
    <line ass="-392" asx="0" asy="1561" character-width="999" dss="-392" dsx="0" dsy="1697" fd0="13367" fd1="2879" fd2="-65" filter-width="3" id="b03-114-05" lbs="-334" lbx="0" lby="1660" segmentation="ok" slant="83000" stroke-width="5263" threshold="182" text="clock. Then, also, the B.B.C. were" ubs="-506" ubx="0" uby="1636">
      <word id="b03-114-05-00" tag="NN" text="clock">
        <cmp x="303" y="1564" width="103" height="115" />
        <cmp x="405" y="1566" width="115" height="113" />
      </word>
      <word id="b03-114-05-01" tag="." text=".">
        <cmp x="559" y="1676" width="13" height="10" />
      </word>
      <word id="b03-114-05-02" sentence-start="yes" tag="RN" text="Then">
        <cmp x="655" y="1574" width="239" height="109" />
        <cmp x="675" y="1597" width="23" height="93" />
        <cmp x="698" y="1589" width="7" height="15" />
      </word>
      <word id="b03-114-05-03" tag="," text=",">
        <cmp x="920" y="1670" width="6" height="34" />
      </word>
      <word id="b03-114-05-04" tag="RB" text="also">
        <cmp x="978" y="1614" width="180" height="68" />
        <cmp x="1010" y="1652" width="3" height="5" />
        <cmp x="1072" y="1607" width="14" height="12" />
      </word>
      <word id="b03-114-05-05" tag="," text=",">
        <cmp x="1176" y="1679" width="8" height="26" />
      </word>
      <word id="b03-114-05-06" tag="ATI" text="the">
        <cmp x="1248" y="1591" width="135" height="72" />
        <cmp x="1312" y="1581" width="9" height="4" />
        <cmp x="1325" y="1581" width="3" height="9" />
      </word>
      <word id="b03-114-05-07" tag="NP" text="B.B.C.">
        <cmp x="1513" y="1583" width="48" height="96" />
        <cmp x="1527" y="1578" width="4" height="3" />
        <cmp x="1581" y="1663" width="13" height="10" />
        <cmp x="1636" y="1598" width="50" height="79" />
        <cmp x="1645" y="1591" width="6" height="7" />
        <cmp x="1704" y="1669" width="13" height="9" />
        <cmp x="1748" y="1592" width="65" height="91" />
        <cmp x="1837" y="1674" width="8" height="5" />
      </word>
      <word id="b03-114-05-08" tag="BED" text="were">
        <cmp x="1848" y="1638" width="202" height="44" />
      </word>
      <upper-contour>
        <point x="301" y="1559" />
        <point x="2051" y="1559" />
      </upper-contour>
      <lower-contour>
        <point x="313" y="1705" />
        <point x="2051" y="1705" />
      </lower-contour>
    </line>
    <line ass="243" asx="0" asy="1758" character-width="999" dss="243" dsx="0" dsy="1911" fd0="12809" fd1="3410" fd2="368" filter-width="3" id="b03-114-06" lbs="37" lbx="0" lby="1855" segmentation="ok" slant="82000" stroke-width="5404" threshold="182" text="roped in. The only result was" ubs="654" ubx="0" uby="1838">
      <word id="b03-114-06-00" tag="VBN" text="roped">
        <cmp x="315" y="1788" width="289" height="118" />
      </word>
      <word id="b03-114-06-01" tag="RP" text="in">
        <cmp x="694" y="1825" width="117" height="39" />
        <cmp x="697" y="1821" width="7" height="5" />
        <cmp x="704" y="1774" width="11" height="11" />
      </word>
      <word id="b03-114-06-02" tag="." text=".">
        <cmp x="886" y="1851" width="13" height="13" />
      </word>
      <word id="b03-114-06-03" sentence-start="yes" tag="ATI" text="The">
        <cmp x="985" y="1754" width="167" height="104" />
        <cmp x="1013" y="1768" width="20" height="101" />
      </word>
      <word id="b03-114-06-04" tag="AP" text="only">
        <cmp x="1196" y="1774" width="256" height="133" />
      </word>
      <word id="b03-114-06-05" tag="NN" text="result">
        <cmp x="1540" y="1764" width="317" height="93" />
        <cmp x="1782" y="1772" width="12" height="11" />
        <cmp x="1797" y="1773" width="5" height="12" />
      </word>
      <word id="b03-114-06-06" tag="BEDZ" text="was">
        <cmp x="1921" y="1818" width="74" height="32" />
        <cmp x="1995" y="1819" width="99" height="35" />
      </word>
      <upper-contour>
        <point x="313" y="1705" />
        <point x="2051" y="1705" />
      </upper-contour>
      <lower-contour>
        <point x="313" y="1907" />
        <point x="2095" y="1907" />
      </lower-contour>
    </line>
    <line ass="-296" asx="0" asy="1916" character-width="999" dss="-296" dsx="0" dsy="2102" fd0="12999" fd1="2672" fd2="73" filter-width="4" id="b03-114-07" lbs="-286" lbx="0" lby="2025" segmentation="ok" slant="81000" stroke-width="5794" threshold="191" text="that the well-meaning corporation" ubs="-314" ubx="0" uby="1995">
      <word id="b03-114-07-00" tag="CS" text="that">
        <cmp x="313" y="1930" width="172" height="114" />
      </word>
      <word id="b03-114-07-01" tag="ATI" text="the">
        <cmp x="555" y="1920" width="117" height="112" />
      </word>
      <word id="b03-114-07-02" tag="JJ" text="well-meaning">
        <cmp x="752" y="1941" width="261" height="92" />
        <cmp x="1049" y="2000" width="31" height="6" />
        <cmp x="1115" y="1989" width="361" height="122" />
        <cmp x="1360" y="1978" width="10" height="10" />
      </word>
      <word id="b03-114-07-03" tag="NN" text="corporation">
        <cmp x="1551" y="1961" width="588" height="130" />
        <cmp x="2060" y="1956" width="13" height="14" />
      </word>
      <upper-contour>
        <point x="313" y="1907" />
        <point x="2095" y="1907" />
      </upper-contour>
      <lower-contour>
        <point x="311" y="2098" />
        <point x="1406" y="2111" />
        <point x="1978" y="2111" />
      </lower-contour>
    </line>
    <line ass="-764" asx="0" asy="2097" character-width="999" dss="-764" dsx="0" dsy="2286" fd0="12746" fd1="3407" fd2="401" filter-width="3" id="b03-114-08" lbs="-758" lbx="0" lby="2196" segmentation="ok" slant="81000" stroke-width="5373" threshold="182" text="became very unpopular." ubs="-775" ubx="0" uby="2173">
      <word id="b03-114-08-00" tag="VBD" text="became">
        <cmp x="275" y="2102" width="465" height="114" />
      </word>
      <word id="b03-114-08-01" tag="QL" text="very">
        <cmp x="856" y="2153" width="233" height="134" />
      </word>
      <word id="b03-114-08-02" tag="JJ" text="unpopular">
        <cmp x="1250" y="2135" width="665" height="171" />
      </word>
      <word id="b03-114-08-03" tag="." text=".">
        <cmp x="1962" y="2224" width="15" height="14" />
      </word>
      <upper-contour>
        <point x="311" y="2098" />
        <point x="1406" y="2111" />
        <point x="1978" y="2111" />
      </upper-contour>
    </line>
  </handwritten-part>
</form>

