<?xml version="1.0" encoding="ISO-8859-1"?>

<!DOCTYPE form SYSTEM 'http://www.iam.unibe.ch/~fki/iamdb/form-metadata.dtd'>

<form created="2002-01-14" height="3542" id="b03-104" last-modified="2002-07-17" skew="-191" status="final" version="3.0_beta" width="2479" writer-id="104">
  <machine-printed-part>
    <machine-print-line text="It is true that SIR GRAHAM said there is at the moment &amp;quot;an awful mess up&amp;quot; in the" />
    <machine-print-line text="measurement of temperatures. This, however, seems a matter of the convenience of" />
    <machine-print-line text="specialists. The ordinary British man and woman is conscious of no difficulty. Rather" />
    <machine-print-line text="than fifty million people having to be put out for the sake of 50,000 is there any reason" />
    <machine-print-line text="why the centigrade countries should not change to fahrenheit?" />
  </machine-printed-part>
  <handwritten-part>
    <line ass="-289" asx="0" asy="701" character-width="999" dss="-289" dsx="0" dsy="792" fd0="13599" fd1="3240" fd2="-198" filter-width="3" id="b03-104-00" lbs="-280" lbx="0" lby="783" segmentation="ok" slant="68000" stroke-width="5346" threshold="182" text="It is true that SIR GRAHAM said there is" ubs="-308" ubx="0" uby="751">
      <word id="b03-104-00-00" sentence-start="yes" tag="PP3" text="It">
        <cmp x="375" y="716" width="41" height="69" />
        <cmp x="418" y="729" width="31" height="63" />
      </word>
      <word id="b03-104-00-01" tag="BEZ" text="is">
        <cmp x="479" y="750" width="60" height="42" />
        <cmp x="495" y="717" width="7" height="8" />
      </word>
      <word id="b03-104-00-02" tag="JJ" text="true">
        <cmp x="588" y="721" width="63" height="75" />
        <cmp x="618" y="715" width="3" height="7" />
        <cmp x="657" y="754" width="48" height="34" />
        <cmp x="716" y="762" width="40" height="29" />
      </word>
      <word id="b03-104-00-03" tag="CS" text="that">
        <cmp x="819" y="706" width="87" height="85" />
        <cmp x="911" y="752" width="51" height="34" />
        <cmp x="970" y="714" width="40" height="78" />
      </word>
      <word id="b03-104-00-04" tag="NPT" text="SIR">
        <cmp x="1089" y="717" width="51" height="63" />
        <cmp x="1145" y="737" width="23" height="47" />
        <cmp x="1180" y="738" width="45" height="51" />
      </word>
      <word id="b03-104-00-05" tag="NP" text="GRAHAM">
        <cmp x="1271" y="738" width="44" height="49" />
        <cmp x="1295" y="763" width="26" height="26" />
        <cmp x="1342" y="748" width="19" height="45" />
        <cmp x="1345" y="741" width="40" height="50" />
        <cmp x="1401" y="737" width="37" height="54" />
        <cmp x="1450" y="738" width="50" height="60" />
        <cmp x="1503" y="746" width="43" height="49" />
        <cmp x="1558" y="744" width="58" height="47" />
      </word>
      <word id="b03-104-00-06" tag="VBD" text="said">
        <cmp x="1678" y="755" width="37" height="42" />
        <cmp x="1712" y="759" width="89" height="42" />
        <cmp x="1796" y="736" width="8" height="7" />
        <cmp x="1817" y="740" width="63" height="63" />
      </word>
      <word id="b03-104-00-07" tag="EX" text="there">
        <cmp x="1925" y="724" width="35" height="64" />
        <cmp x="1947" y="734" width="110" height="62" />
        <cmp x="2062" y="765" width="30" height="30" />
      </word>
      <word id="b03-104-00-08" tag="BEZ" text="is">
        <cmp x="2122" y="761" width="52" height="36" />
        <cmp x="2133" y="734" width="8" height="7" />
      </word>
      <lower-contour>
        <point x="373" y="802" />
        <point x="2175" y="802" />
      </lower-contour>
    </line>
    <line ass="-362" asx="0" asy="873" character-width="999" dss="-362" dsx="0" dsy="1000" fd0="13791" fd1="2833" fd2="5" filter-width="3" id="b03-104-01" lbs="-375" lbx="0" lby="957" segmentation="ok" slant="66999" stroke-width="5326" threshold="182" text="at the moment &amp;quot;an awful mess up&amp;quot; in" ubs="-336" ubx="0" uby="932">
      <word id="b03-104-01-00" tag="IN" text="at">
        <cmp x="352" y="924" width="61" height="39" />
        <cmp x="415" y="896" width="40" height="65" />
      </word>
      <word id="b03-104-01-01" tag="ATI" text="the">
        <cmp x="484" y="898" width="39" height="65" />
        <cmp x="525" y="896" width="80" height="67" />
      </word>
      <word id="b03-104-01-02" tag="NN" text="moment">
        <cmp x="665" y="928" width="84" height="35" />
        <cmp x="763" y="933" width="30" height="36" />
        <cmp x="771" y="950" width="3" height="6" />
        <cmp x="814" y="931" width="101" height="36" />
        <cmp x="915" y="938" width="106" height="39" />
        <cmp x="1013" y="908" width="53" height="73" />
      </word>
      <word id="b03-104-01-03" tag="*&apos;" text="&quot;">
        <cmp x="1128" y="892" width="19" height="36" />
      </word>
      <word id="b03-104-01-04" tag="AT" text="an">
        <cmp x="1150" y="931" width="137" height="44" />
      </word>
      <word id="b03-104-01-05" tag="JJ" text="awful">
        <cmp x="1327" y="928" width="57" height="35" />
        <cmp x="1394" y="935" width="64" height="36" />
        <cmp x="1467" y="883" width="103" height="108" />
        <cmp x="1578" y="909" width="24" height="59" />
        <cmp x="1587" y="921" width="21" height="47" />
      </word>
      <word id="b03-104-01-06" tag="NN" text="mess">
        <cmp x="1653" y="932" width="82" height="34" />
        <cmp x="1750" y="934" width="112" height="38" />
      </word>
      <word id="b03-104-01-07" tag="RP" text="up">
        <cmp x="1917" y="940" width="55" height="36" />
        <cmp x="1928" y="934" width="6" height="6" />
        <cmp x="1969" y="940" width="64" height="73" />
      </word>
      <word id="b03-104-01-08" tag="**&apos;" text="&quot;">
        <cmp x="2073" y="897" width="21" height="30" />
      </word>
      <word id="b03-104-01-09" tag="IN" text="in">
        <cmp x="2113" y="933" width="77" height="42" />
        <cmp x="2147" y="890" width="7" height="6" />
      </word>
      <upper-contour>
        <point x="373" y="802" />
        <point x="2175" y="802" />
      </upper-contour>
      <lower-contour>
        <point x="350" y="1012" />
        <point x="2191" y="1012" />
      </lower-contour>
    </line>
    <line ass="-249" asx="0" asy="1053" character-width="999" dss="-249" dsx="0" dsy="1190" fd0="13677" fd1="2901" fd2="-242" filter-width="3" id="b03-104-02" lbs="-169" lbx="0" lby="1143" segmentation="ok" slant="70000" stroke-width="5303" threshold="182" text="the measurement of temperatures. This," ubs="-409" ubx="0" uby="1109">
      <word id="b03-104-02-00" tag="ATI" text="the">
        <cmp x="333" y="1065" width="90" height="76" />
        <cmp x="367" y="1056" width="5" height="6" />
        <cmp x="434" y="1108" width="38" height="37" />
      </word>
      <word id="b03-104-02-01" tag="NN" text="measurement">
        <cmp x="528" y="1101" width="79" height="46" />
        <cmp x="628" y="1111" width="26" height="33" />
        <cmp x="667" y="1109" width="50" height="34" />
        <cmp x="732" y="1103" width="31" height="41" />
        <cmp x="773" y="1105" width="144" height="46" />
        <cmp x="925" y="1108" width="87" height="41" />
        <cmp x="1030" y="1114" width="106" height="38" />
        <cmp x="1133" y="1081" width="45" height="73" />
      </word>
      <word id="b03-104-02-02" tag="INO" text="of">
        <cmp x="1212" y="1111" width="22" height="32" />
        <cmp x="1246" y="1082" width="34" height="88" />
        <cmp x="1277" y="1066" width="14" height="32" />
      </word>
      <word id="b03-104-02-03" tag="NNS" text="temperatures">
        <cmp x="1328" y="1081" width="41" height="66" />
        <cmp x="1380" y="1111" width="189" height="87" />
        <cmp x="1588" y="1112" width="72" height="40" />
        <cmp x="1671" y="1119" width="57" height="34" />
        <cmp x="1739" y="1076" width="88" height="78" />
        <cmp x="1838" y="1118" width="35" height="32" />
        <cmp x="1882" y="1119" width="70" height="37" />
      </word>
      <word id="b03-104-02-04" tag="." text=".">
        <cmp x="1982" y="1145" width="5" height="6" />
      </word>
      <word id="b03-104-02-05" sentence-start="yes" tag="DT" text="This">
        <cmp x="2049" y="1083" width="44" height="10" />
        <cmp x="2051" y="1101" width="21" height="43" />
        <cmp x="2071" y="1093" width="4" height="3" />
        <cmp x="2088" y="1086" width="109" height="69" />
        <cmp x="2165" y="1096" width="7" height="9" />
      </word>
      <word id="b03-104-02-06" tag="," text=",">
        <cmp x="2208" y="1150" width="16" height="32" />
      </word>
      <upper-contour>
        <point x="350" y="1012" />
        <point x="2191" y="1012" />
      </upper-contour>
      <lower-contour>
        <point x="349" y="1198" />
        <point x="2225" y="1198" />
      </lower-contour>
    </line>
    <line ass="-423" asx="0" asy="1218" character-width="999" dss="-423" dsx="0" dsy="1336" fd0="13652" fd1="2760" fd2="-331" filter-width="3" id="b03-104-03" lbs="-395" lbx="0" lby="1316" segmentation="ok" slant="68000" stroke-width="5329" threshold="182" text="however, seems a matter of the convenience" ubs="-479" ubx="0" uby="1283">
      <word id="b03-104-03-00" tag="RB" text="however">
        <cmp x="351" y="1222" width="48" height="89" />
        <cmp x="416" y="1276" width="113" height="47" />
        <cmp x="542" y="1278" width="28" height="43" />
        <cmp x="587" y="1277" width="139" height="52" />
      </word>
      <word id="b03-104-03-01" tag="," text=",">
        <cmp x="738" y="1317" width="11" height="25" />
      </word>
      <word id="b03-104-03-02" tag="VBZ" text="seems">
        <cmp x="802" y="1277" width="41" height="43" />
        <cmp x="849" y="1287" width="29" height="38" />
        <cmp x="880" y="1288" width="43" height="39" />
        <cmp x="946" y="1282" width="119" height="47" />
      </word>
      <word id="b03-104-03-03" tag="AT" text="a">
        <cmp x="1122" y="1289" width="55" height="38" />
      </word>
      <word id="b03-104-03-04" tag="NN" text="matter">
        <cmp x="1224" y="1283" width="80" height="44" />
        <cmp x="1317" y="1291" width="54" height="33" />
        <cmp x="1380" y="1235" width="111" height="89" />
      </word>
      <word id="b03-104-03-05" tag="INO" text="of">
        <cmp x="1522" y="1294" width="32" height="37" />
        <cmp x="1565" y="1243" width="51" height="103" />
      </word>
      <word id="b03-104-03-06" tag="ATI" text="the">
        <cmp x="1654" y="1241" width="75" height="90" />
        <cmp x="1734" y="1298" width="31" height="33" />
      </word>
      <word id="b03-104-03-07" tag="NN" text="convenience">
        <cmp x="1829" y="1290" width="28" height="39" />
        <cmp x="1868" y="1292" width="104" height="44" />
        <cmp x="1989" y="1293" width="34" height="37" />
        <cmp x="2032" y="1299" width="23" height="28" />
        <cmp x="2060" y="1301" width="55" height="31" />
        <cmp x="2127" y="1301" width="15" height="30" />
        <cmp x="2137" y="1266" width="4" height="5" />
        <cmp x="2159" y="1299" width="78" height="36" />
        <cmp x="2249" y="1301" width="36" height="30" />
        <cmp x="2289" y="1305" width="46" height="28" />
      </word>
      <upper-contour>
        <point x="349" y="1198" />
        <point x="2225" y="1198" />
      </upper-contour>
      <lower-contour>
        <point x="349" y="1345" />
        <point x="2187" y="1345" />
      </lower-contour>
    </line>
    <line ass="-316" asx="0" asy="1405" character-width="999" dss="-316" dsx="0" dsy="1556" fd0="13733" fd1="2614" fd2="-771" filter-width="3" id="b03-104-04" lbs="-407" lbx="0" lby="1490" segmentation="ok" slant="73000" stroke-width="5346" threshold="182" text="of specialists. The ordinary British man" ubs="-133" ubx="0" uby="1468">
      <word id="b03-104-04-00" tag="INO" text="of">
        <cmp x="340" y="1462" width="29" height="40" />
        <cmp x="375" y="1421" width="41" height="103" />
        <cmp x="413" y="1409" width="18" height="39" />
      </word>
      <word id="b03-104-04-01" tag="NNS" text="specialists">
        <cmp x="456" y="1453" width="35" height="52" />
        <cmp x="479" y="1462" width="59" height="98" />
        <cmp x="557" y="1472" width="39" height="34" />
        <cmp x="609" y="1470" width="69" height="39" />
        <cmp x="676" y="1442" width="6" height="7" />
        <cmp x="701" y="1471" width="57" height="37" />
        <cmp x="765" y="1435" width="31" height="69" />
        <cmp x="790" y="1471" width="58" height="40" />
        <cmp x="810" y="1438" width="8" height="7" />
        <cmp x="866" y="1429" width="47" height="75" />
      </word>
      <word id="b03-104-04-02" tag="." text=".">
        <cmp x="939" y="1499" width="7" height="6" />
      </word>
      <word id="b03-104-04-03" sentence-start="yes" tag="ATI" text="The">
        <cmp x="1002" y="1424" width="51" height="10" />
        <cmp x="1006" y="1446" width="20" height="50" />
        <cmp x="1034" y="1432" width="94" height="67" />
      </word>
      <word id="b03-104-04-04" tag="JJ" text="ordinary">
        <cmp x="1163" y="1467" width="40" height="36" />
        <cmp x="1214" y="1473" width="34" height="37" />
        <cmp x="1257" y="1449" width="93" height="60" />
        <cmp x="1351" y="1451" width="5" height="5" />
        <cmp x="1375" y="1473" width="49" height="31" />
        <cmp x="1431" y="1478" width="51" height="31" />
        <cmp x="1497" y="1476" width="30" height="34" />
        <cmp x="1535" y="1476" width="41" height="82" />
      </word>
      <word id="b03-104-04-05" tag="JNP" text="British">
        <cmp x="1648" y="1440" width="88" height="76" />
        <cmp x="1737" y="1476" width="14" height="34" />
        <cmp x="1752" y="1438" width="5" height="7" />
        <cmp x="1759" y="1429" width="60" height="79" />
        <cmp x="1822" y="1445" width="5" height="7" />
        <cmp x="1829" y="1476" width="35" height="38" />
        <cmp x="1869" y="1442" width="45" height="74" />
      </word>
      <word id="b03-104-04-06" tag="NN" text="man">
        <cmp x="1982" y="1480" width="70" height="33" />
        <cmp x="2060" y="1480" width="126" height="35" />
      </word>
      <upper-contour>
        <point x="349" y="1345" />
        <point x="2187" y="1345" />
      </upper-contour>
      <lower-contour>
        <point x="338" y="1562" />
        <point x="2187" y="1562" />
      </lower-contour>
    </line>
    <line ass="-725" asx="0" asy="1583" character-width="999" dss="-725" dsx="0" dsy="1717" fd0="13758" fd1="3034" fd2="-285" filter-width="3" id="b03-104-05" lbs="-785" lbx="0" lby="1669" segmentation="ok" slant="68999" stroke-width="5300" threshold="182" text="and woman is conscious of no difficulty." ubs="-607" ubx="0" uby="1641">
      <word id="b03-104-05-00" tag="CC" text="and">
        <cmp x="333" y="1632" width="132" height="43" />
        <cmp x="489" y="1617" width="68" height="61" />
      </word>
      <word id="b03-104-05-01" tag="NN" text="woman">
        <cmp x="607" y="1633" width="71" height="45" />
        <cmp x="701" y="1643" width="35" height="41" />
        <cmp x="757" y="1651" width="98" height="38" />
        <cmp x="865" y="1651" width="134" height="38" />
      </word>
      <word id="b03-104-05-02" tag="BEZ" text="is">
        <cmp x="1062" y="1644" width="61" height="47" />
        <cmp x="1082" y="1617" width="8" height="6" />
      </word>
      <word id="b03-104-05-03" tag="JJ" text="conscious">
        <cmp x="1191" y="1640" width="32" height="38" />
        <cmp x="1244" y="1644" width="106" height="42" />
        <cmp x="1369" y="1649" width="30" height="36" />
        <cmp x="1418" y="1652" width="30" height="33" />
        <cmp x="1464" y="1652" width="180" height="41" />
        <cmp x="1484" y="1606" width="7" height="5" />
      </word>
      <word id="b03-104-05-04" tag="INO" text="of">
        <cmp x="1705" y="1658" width="33" height="36" />
        <cmp x="1746" y="1606" width="48" height="105" />
      </word>
      <word id="b03-104-05-05" tag="ATI" text="no">
        <cmp x="1817" y="1655" width="68" height="34" />
        <cmp x="1884" y="1661" width="28" height="33" />
      </word>
      <word id="b03-104-05-06" tag="NN" text="difficulty">
        <cmp x="1943" y="1635" width="82" height="59" />
        <cmp x="2029" y="1635" width="6" height="8" />
        <cmp x="2031" y="1610" width="57" height="98" />
        <cmp x="2083" y="1648" width="5" height="6" />
        <cmp x="2102" y="1661" width="31" height="36" />
        <cmp x="2137" y="1665" width="49" height="35" />
        <cmp x="2199" y="1642" width="24" height="56" />
        <cmp x="2217" y="1644" width="49" height="57" />
        <cmp x="2244" y="1685" width="38" height="61" />
      </word>
      <word id="b03-104-05-07" tag="." text=".">
        <cmp x="2304" y="1700" width="8" height="4" />
      </word>
      <upper-contour>
        <point x="338" y="1562" />
        <point x="2187" y="1562" />
      </upper-contour>
      <lower-contour>
        <point x="336" y="1744" />
        <point x="2170" y="1744" />
      </lower-contour>
    </line>
    <line ass="-452" asx="0" asy="1764" character-width="999" dss="-452" dsx="0" dsy="1917" fd0="13612" fd1="2914" fd2="-374" filter-width="3" id="b03-104-06" lbs="-531" lbx="0" lby="1851" segmentation="ok" slant="66999" stroke-width="5284" threshold="182" text="Rather than fifty million people having" ubs="-294" ubx="0" uby="1826">
      <word id="b03-104-06-00" sentence-start="yes" tag="RB" text="Rather">
        <cmp x="338" y="1788" width="46" height="70" />
        <cmp x="361" y="1798" width="7" height="8" />
        <cmp x="390" y="1826" width="52" height="35" />
        <cmp x="447" y="1790" width="42" height="78" />
        <cmp x="488" y="1804" width="51" height="64" />
        <cmp x="546" y="1829" width="84" height="41" />
      </word>
      <word id="b03-104-06-01" tag="IN" text="than">
        <cmp x="676" y="1771" width="50" height="92" />
        <cmp x="716" y="1795" width="47" height="63" />
        <cmp x="767" y="1824" width="49" height="35" />
        <cmp x="830" y="1832" width="46" height="30" />
      </word>
      <word id="b03-104-06-02" tag="CD" text="fifty">
        <cmp x="922" y="1780" width="63" height="100" />
        <cmp x="987" y="1802" width="5" height="6" />
        <cmp x="1000" y="1776" width="82" height="111" />
        <cmp x="1075" y="1834" width="44" height="86" />
      </word>
      <word id="b03-104-06-03" tag="CD" text="million">
        <cmp x="1176" y="1823" width="96" height="41" />
        <cmp x="1267" y="1806" width="7" height="8" />
        <cmp x="1296" y="1798" width="26" height="65" />
        <cmp x="1305" y="1807" width="26" height="63" />
        <cmp x="1336" y="1835" width="15" height="33" />
        <cmp x="1351" y="1809" width="6" height="7" />
        <cmp x="1376" y="1833" width="88" height="37" />
      </word>
      <word id="b03-104-06-04" tag="NNS" text="people">
        <cmp x="1499" y="1823" width="60" height="83" />
        <cmp x="1581" y="1835" width="76" height="34" />
        <cmp x="1656" y="1829" width="68" height="85" />
        <cmp x="1736" y="1815" width="27" height="53" />
        <cmp x="1766" y="1837" width="38" height="31" />
      </word>
      <word id="b03-104-06-05" tag="HVG" text="having">
        <cmp x="1864" y="1792" width="56" height="73" />
        <cmp x="1896" y="1787" width="4" height="3" />
        <cmp x="1921" y="1831" width="51" height="37" />
        <cmp x="1982" y="1831" width="70" height="39" />
        <cmp x="2051" y="1808" width="6" height="6" />
        <cmp x="2066" y="1837" width="51" height="34" />
        <cmp x="2123" y="1841" width="46" height="91" />
      </word>
      <upper-contour>
        <point x="336" y="1744" />
        <point x="2170" y="1744" />
      </upper-contour>
      <lower-contour>
        <point x="349" y="1931" />
        <point x="2170" y="1931" />
      </lower-contour>
    </line>
    <line ass="-84" asx="0" asy="1945" character-width="999" dss="-84" dsx="0" dsy="2089" fd0="13293" fd1="2841" fd2="-52" filter-width="3" id="b03-104-07" lbs="-71" lbx="0" lby="2040" segmentation="ok" slant="68000" stroke-width="5422" threshold="182" text="to be put out for the sake of 50,000 is there" ubs="-110" ubx="0" uby="2010">
      <word id="b03-104-07-00" tag="TO" text="to">
        <cmp x="351" y="1947" width="70" height="88" />
      </word>
      <word id="b03-104-07-01" tag="BE" text="be">
        <cmp x="475" y="1958" width="36" height="82" />
        <cmp x="524" y="2002" width="39" height="41" />
      </word>
      <word id="b03-104-07-02" tag="VBN" text="put">
        <cmp x="587" y="1997" width="139" height="94" />
        <cmp x="729" y="1976" width="42" height="76" />
      </word>
      <word id="b03-104-07-03" tag="RP" text="out">
        <cmp x="817" y="2001" width="121" height="42" />
        <cmp x="947" y="1975" width="45" height="71" />
        <cmp x="980" y="1969" width="6" height="4" />
      </word>
      <word id="b03-104-07-04" tag="IN" text="for">
        <cmp x="1042" y="1954" width="72" height="111" />
        <cmp x="1132" y="2011" width="28" height="33" />
      </word>
      <word id="b03-104-07-05" tag="ATI" text="the">
        <cmp x="1190" y="1949" width="70" height="93" />
        <cmp x="1279" y="2010" width="30" height="33" />
      </word>
      <word id="b03-104-07-06" tag="NN" text="sake">
        <cmp x="1361" y="1995" width="34" height="48" />
        <cmp x="1396" y="2008" width="52" height="33" />
        <cmp x="1463" y="1979" width="25" height="60" />
        <cmp x="1472" y="2006" width="61" height="39" />
      </word>
      <word id="b03-104-07-07" tag="INO" text="of">
        <cmp x="1592" y="2010" width="25" height="33" />
        <cmp x="1621" y="1947" width="60" height="124" />
      </word>
      <word id="b03-104-07-08" tag="CD" text="50,000">
        <cmp x="1723" y="1996" width="36" height="54" />
        <cmp x="1753" y="1997" width="38" height="7" />
        <cmp x="1787" y="2016" width="29" height="36" />
        <cmp x="1831" y="1968" width="13" height="21" />
        <cmp x="1846" y="2012" width="129" height="42" />
      </word>
      <word id="b03-104-07-09" tag="BEZ" text="is">
        <cmp x="2035" y="2018" width="57" height="28" />
        <cmp x="2055" y="1976" width="8" height="9" />
      </word>
      <word id="b03-104-07-10" tag="EX" text="there">
        <cmp x="2124" y="1965" width="110" height="80" />
        <cmp x="2234" y="2019" width="33" height="28" />
        <cmp x="2274" y="2019" width="36" height="26" />
      </word>
      <upper-contour>
        <point x="349" y="1931" />
        <point x="2170" y="1931" />
      </upper-contour>
      <lower-contour>
        <point x="349" y="2093" />
        <point x="2311" y="2093" />
      </lower-contour>
    </line>
    <line ass="-842" asx="0" asy="2116" character-width="999" dss="-842" dsx="0" dsy="2268" fd0="13577" fd1="2695" fd2="-575" filter-width="3" id="b03-104-08" lbs="-915" lbx="0" lby="2201" segmentation="ok" slant="66000" stroke-width="5315" threshold="182" text="any reason why the centigrade countries" ubs="-696" ubx="0" uby="2176">
      <word id="b03-104-08-00" tag="DTI" text="any">
        <cmp x="326" y="2163" width="134" height="51" />
        <cmp x="478" y="2187" width="41" height="89" />
      </word>
      <word id="b03-104-08-01" tag="NN" text="reason">
        <cmp x="591" y="2165" width="174" height="54" />
        <cmp x="785" y="2188" width="107" height="41" />
      </word>
      <word id="b03-104-08-02" tag="WRB" text="why">
        <cmp x="958" y="2142" width="130" height="81" />
        <cmp x="1102" y="2190" width="49" height="81" />
      </word>
      <word id="b03-104-08-03" tag="ATI" text="the">
        <cmp x="1204" y="2141" width="125" height="89" />
        <cmp x="1237" y="2136" width="5" height="4" />
      </word>
      <word id="b03-104-08-04" tag="NN" text="centigrade">
        <cmp x="1401" y="2184" width="44" height="36" />
        <cmp x="1457" y="2185" width="42" height="37" />
        <cmp x="1502" y="2199" width="4" height="3" />
        <cmp x="1507" y="2192" width="56" height="32" />
        <cmp x="1567" y="2151" width="44" height="78" />
        <cmp x="1610" y="2175" width="7" height="5" />
        <cmp x="1625" y="2192" width="45" height="87" />
        <cmp x="1684" y="2198" width="36" height="34" />
        <cmp x="1724" y="2195" width="62" height="38" />
        <cmp x="1791" y="2165" width="72" height="67" />
        <cmp x="1860" y="2200" width="39" height="30" />
      </word>
      <word id="b03-104-08-05" tag="NNS" text="countries">
        <cmp x="1950" y="2189" width="30" height="39" />
        <cmp x="1991" y="2197" width="102" height="34" />
        <cmp x="2106" y="2207" width="42" height="27" />
        <cmp x="2163" y="2158" width="59" height="85" />
        <cmp x="2230" y="2205" width="90" height="40" />
        <cmp x="2254" y="2166" width="6" height="7" />
      </word>
      <upper-contour>
        <point x="349" y="2093" />
        <point x="2311" y="2093" />
      </upper-contour>
      <lower-contour>
        <point x="355" y="2279" />
        <point x="2066" y="2279" />
      </lower-contour>
    </line>
    <line ass="-226" asx="0" asy="2291" character-width="999" dss="-226" dsx="0" dsy="2446" fd0="13907" fd1="3017" fd2="-113" filter-width="3" id="b03-104-09" lbs="-225" lbx="0" lby="2395" segmentation="ok" slant="66000" stroke-width="5204" threshold="182" text="should not change to fahrenheit?" ubs="-227" ubx="0" uby="2364">
      <word id="b03-104-09-00" tag="MD" text="should">
        <cmp x="357" y="2337" width="31" height="52" />
        <cmp x="388" y="2309" width="109" height="91" />
        <cmp x="515" y="2364" width="59" height="40" />
        <cmp x="583" y="2347" width="21" height="55" />
        <cmp x="612" y="2332" width="65" height="69" />
      </word>
      <word id="b03-104-09-01" tag="XNOT" text="not">
        <cmp x="729" y="2361" width="107" height="41" />
        <cmp x="846" y="2332" width="38" height="71" />
      </word>
      <word id="b03-104-09-02" tag="VB" text="change">
        <cmp x="940" y="2361" width="35" height="37" />
        <cmp x="978" y="2321" width="55" height="75" />
        <cmp x="1039" y="2362" width="134" height="40" />
        <cmp x="1192" y="2366" width="100" height="86" />
      </word>
      <word id="b03-104-09-03" tag="IN" text="to">
        <cmp x="1359" y="2306" width="65" height="95" />
      </word>
      <word id="b03-104-09-04" tag="NN" text="fahrenheit">
        <cmp x="1495" y="2298" width="68" height="121" />
        <cmp x="1543" y="2359" width="64" height="36" />
        <cmp x="1613" y="2329" width="46" height="72" />
        <cmp x="1665" y="2370" width="30" height="36" />
        <cmp x="1709" y="2373" width="37" height="31" />
        <cmp x="1751" y="2378" width="47" height="31" />
        <cmp x="1810" y="2335" width="47" height="66" />
        <cmp x="1864" y="2369" width="58" height="36" />
        <cmp x="1918" y="2340" width="5" height="5" />
        <cmp x="1943" y="2329" width="41" height="85" />
      </word>
      <word id="b03-104-09-05" tag="?" text="?">
        <cmp x="2024" y="2405" width="7" height="7" />
        <cmp x="2031" y="2316" width="34" height="66" />
      </word>
      <upper-contour>
        <point x="355" y="2279" />
        <point x="2066" y="2279" />
      </upper-contour>
    </line>
  </handwritten-part>
</form>

