<?xml version="1.0" encoding="ISO-8859-1"?>

<!DOCTYPE form SYSTEM 'http://www.iam.unibe.ch/~fki/iamdb/form-metadata.dtd'>

<form created="2002-01-14" height="3542" id="b03-092" last-modified="2002-07-17" skew="-222" status="final" version="3.0_beta" width="2479" writer-id="102">
  <machine-printed-part>
    <machine-print-line text="Comprehensive legislation is obviously preferable. They should not, however, disdain" />
    <machine-print-line text="this opportunity of obtaining a useful sample of parliamentary opinion by at least" />
    <machine-print-line text="allowing these Bills a fair run. Centigrade v. Fahrenheit. The fight is on. The" />
    <machine-print-line text="challenger has behind it not only the authority of the SECRETARY of STATE for" />
    <machine-print-line text="AIR but also the backing of the DIRECTOR GENERAL of the Meteorological Office." />
  </machine-printed-part>
  <handwritten-part>
    <line ass="-433" asx="0" asy="732" character-width="999" dss="-433" dsx="0" dsy="814" fd0="12929" fd1="3102" fd2="-1558" filter-width="3" id="b03-092-00" lbs="-463" lbx="0" lby="775" segmentation="ok" slant="98000" stroke-width="5472" threshold="152" text="Comprehensive legislation is obviously preferable. They should not," ubs="-373" ubx="0" uby="747">
      <word id="b03-092-00-00" sentence-start="yes" tag="JJ" text="Comprehensive">
        <cmp x="376" y="748" width="25" height="31" />
        <cmp x="397" y="752" width="115" height="34" />
        <cmp x="517" y="743" width="50" height="36" />
        <cmp x="563" y="751" width="31" height="31" />
        <cmp x="592" y="751" width="24" height="30" />
        <cmp x="609" y="748" width="12" height="31" />
        <cmp x="613" y="742" width="7" height="5" />
        <cmp x="627" y="750" width="16" height="28" />
        <cmp x="639" y="748" width="32" height="31" />
      </word>
      <word id="b03-092-00-01" tag="NN" text="legislation">
        <cmp x="714" y="746" width="29" height="38" />
        <cmp x="744" y="759" width="25" height="55" />
        <cmp x="766" y="747" width="11" height="37" />
        <cmp x="781" y="756" width="21" height="26" />
        <cmp x="798" y="745" width="44" height="37" />
        <cmp x="836" y="745" width="29" height="39" />
        <cmp x="853" y="743" width="11" height="12" />
        <cmp x="867" y="756" width="60" height="26" />
      </word>
      <word id="b03-092-00-02" tag="BEZ" text="is">
        <cmp x="967" y="761" width="6" height="24" />
        <cmp x="969" y="747" width="6" height="10" />
        <cmp x="977" y="760" width="25" height="25" />
      </word>
      <word id="b03-092-00-03" tag="RB" text="obviously">
        <cmp x="1025" y="746" width="48" height="40" />
        <cmp x="1073" y="756" width="18" height="28" />
        <cmp x="1094" y="743" width="7" height="11" />
        <cmp x="1096" y="759" width="9" height="25" />
        <cmp x="1107" y="759" width="31" height="23" />
        <cmp x="1139" y="754" width="35" height="28" />
        <cmp x="1177" y="752" width="24" height="32" />
        <cmp x="1204" y="749" width="50" height="75" />
      </word>
      <word id="b03-092-00-04" tag="JJ" text="preferable">
        <cmp x="1296" y="760" width="23" height="45" />
        <cmp x="1322" y="755" width="17" height="33" />
        <cmp x="1340" y="755" width="24" height="30" />
        <cmp x="1366" y="747" width="44" height="55" />
        <cmp x="1408" y="745" width="85" height="40" />
        <cmp x="1494" y="743" width="41" height="41" />
      </word>
      <word id="b03-092-00-05" tag="." text=".">
        <cmp x="1564" y="779" width="5" height="6" />
      </word>
      <word id="b03-092-00-06" sentence-start="yes" tag="PP3AS" text="They">
        <cmp x="1593" y="751" width="79" height="36" />
        <cmp x="1605" y="762" width="9" height="24" />
      </word>
      <word id="b03-092-00-07" tag="MD" text="should">
        <cmp x="1701" y="761" width="25" height="26" />
        <cmp x="1724" y="750" width="22" height="38" />
        <cmp x="1744" y="748" width="106" height="42" />
      </word>
      <word id="b03-092-00-08" tag="XNOT" text="not">
        <cmp x="1884" y="763" width="30" height="28" />
        <cmp x="1907" y="750" width="47" height="37" />
      </word>
      <word id="b03-092-00-09" tag="," text=",">
        <cmp x="1965" y="781" width="6" height="25" />
      </word>
      <lower-contour>
        <point x="374" y="824" />
        <point x="1972" y="824" />
      </lower-contour>
    </line>
    <line ass="-814" asx="0" asy="895" character-width="999" dss="-814" dsx="0" dsy="982" fd0="12597" fd1="3334" fd2="-1265" filter-width="3" id="b03-092-01" lbs="-838" lbx="0" lby="947" segmentation="ok" slant="92000" stroke-width="5583" threshold="152" text="however, disdain this opportunity of obtaining a useful sample of" ubs="-765" ubx="0" uby="917">
      <word id="b03-092-01-00" tag="RB" text="however">
        <cmp x="375" y="920" width="24" height="34" />
        <cmp x="394" y="927" width="59" height="27" />
        <cmp x="457" y="926" width="20" height="30" />
        <cmp x="479" y="926" width="40" height="29" />
        <cmp x="522" y="925" width="48" height="31" />
      </word>
      <word id="b03-092-01-01" tag="," text=",">
        <cmp x="587" y="956" width="5" height="22" />
      </word>
      <word id="b03-092-01-02" tag="VB" text="disdain">
        <cmp x="615" y="927" width="38" height="32" />
        <cmp x="644" y="917" width="8" height="11" />
        <cmp x="658" y="921" width="98" height="37" />
        <cmp x="744" y="912" width="6" height="10" />
        <cmp x="758" y="928" width="32" height="27" />
      </word>
      <word id="b03-092-01-03" tag="DT" text="this">
        <cmp x="806" y="926" width="61" height="47" />
        <cmp x="854" y="918" width="8" height="10" />
        <cmp x="869" y="932" width="26" height="29" />
      </word>
      <word id="b03-092-01-04" tag="NN" text="opportunity">
        <cmp x="926" y="934" width="25" height="24" />
        <cmp x="952" y="932" width="27" height="42" />
        <cmp x="978" y="920" width="144" height="53" />
        <cmp x="1119" y="912" width="7" height="11" />
        <cmp x="1122" y="930" width="8" height="29" />
        <cmp x="1137" y="925" width="50" height="74" />
      </word>
      <word id="b03-092-01-05" tag="INO" text="of">
        <cmp x="1226" y="938" width="26" height="22" />
        <cmp x="1257" y="926" width="21" height="63" />
      </word>
      <word id="b03-092-01-06" tag="VBG" text="obtaining">
        <cmp x="1308" y="921" width="48" height="42" />
        <cmp x="1354" y="924" width="17" height="38" />
        <cmp x="1369" y="934" width="43" height="29" />
        <cmp x="1400" y="920" width="7" height="9" />
        <cmp x="1417" y="936" width="34" height="28" />
        <cmp x="1451" y="934" width="53" height="32" />
        <cmp x="1470" y="917" width="9" height="11" />
        <cmp x="1506" y="940" width="32" height="61" />
      </word>
      <word id="b03-092-01-07" tag="AT" text="a">
        <cmp x="1585" y="940" width="32" height="27" />
      </word>
      <word id="b03-092-01-08" tag="JJ" text="useful">
        <cmp x="1651" y="937" width="42" height="34" />
        <cmp x="1696" y="940" width="26" height="29" />
        <cmp x="1722" y="930" width="73" height="52" />
      </word>
      <word id="b03-092-01-09" tag="NN" text="sample">
        <cmp x="1829" y="942" width="61" height="28" />
        <cmp x="1887" y="939" width="41" height="29" />
        <cmp x="1929" y="939" width="28" height="43" />
        <cmp x="1958" y="932" width="34" height="39" />
      </word>
      <word id="b03-092-01-10" tag="INO" text="of">
        <cmp x="2025" y="927" width="52" height="65" />
      </word>
      <upper-contour>
        <point x="374" y="824" />
        <point x="1972" y="824" />
      </upper-contour>
      <lower-contour>
        <point x="373" y="1000" />
        <point x="2077" y="1000" />
      </lower-contour>
    </line>
    <line ass="-482" asx="0" asy="1083" character-width="999" dss="-482" dsx="0" dsy="1175" fd0="12629" fd1="2820" fd2="-1200" filter-width="3" id="b03-092-02" lbs="-482" lbx="0" lby="1131" segmentation="ok" slant="91000" stroke-width="5560" threshold="152" text="parliamentary opinion by at least allowing these Bills a fair run." ubs="-481" ubx="0" uby="1102">
      <word id="b03-092-02-00" tag="JJ" text="parliamentary">
        <cmp x="364" y="1107" width="66" height="52" />
        <cmp x="437" y="1103" width="26" height="35" />
        <cmp x="453" y="1096" width="8" height="10" />
        <cmp x="467" y="1114" width="31" height="24" />
        <cmp x="495" y="1108" width="70" height="30" />
        <cmp x="569" y="1113" width="31" height="26" />
        <cmp x="599" y="1101" width="89" height="69" />
      </word>
      <word id="b03-092-02-01" tag="NN" text="opinion">
        <cmp x="731" y="1112" width="52" height="50" />
        <cmp x="783" y="1110" width="11" height="31" />
        <cmp x="786" y="1096" width="7" height="11" />
        <cmp x="799" y="1111" width="36" height="31" />
        <cmp x="822" y="1096" width="11" height="11" />
        <cmp x="842" y="1108" width="58" height="33" />
      </word>
      <word id="b03-092-02-02" tag="IN" text="by">
        <cmp x="946" y="1100" width="44" height="83" />
      </word>
      <word id="b03-092-02-03" tag="RB21" text="at">
        <cmp x="1006" y="1117" width="34" height="25" />
        <cmp x="1040" y="1102" width="20" height="38" />
      </word>
      <word id="b03-092-02-04" tag="RB22" text="least">
        <cmp x="1083" y="1101" width="29" height="43" />
        <cmp x="1112" y="1111" width="46" height="32" />
        <cmp x="1154" y="1098" width="21" height="38" />
      </word>
      <word id="b03-092-02-05" tag="VBG" text="allowing">
        <cmp x="1218" y="1104" width="63" height="38" />
        <cmp x="1280" y="1110" width="58" height="31" />
        <cmp x="1341" y="1116" width="44" height="28" />
        <cmp x="1361" y="1101" width="11" height="14" />
        <cmp x="1389" y="1116" width="29" height="55" />
      </word>
      <word id="b03-092-02-06" tag="DTS" text="these">
        <cmp x="1456" y="1104" width="84" height="42" />
        <cmp x="1538" y="1108" width="45" height="36" />
      </word>
      <word id="b03-092-02-07" tag="NNS" text="Bills">
        <cmp x="1618" y="1105" width="46" height="39" />
        <cmp x="1662" y="1097" width="9" height="11" />
        <cmp x="1663" y="1112" width="10" height="31" />
        <cmp x="1678" y="1104" width="54" height="43" />
      </word>
      <word id="b03-092-02-08" tag="AT" text="a">
        <cmp x="1779" y="1119" width="31" height="28" />
      </word>
      <word id="b03-092-02-09" tag="JJ" text="fair">
        <cmp x="1832" y="1110" width="20" height="58" />
        <cmp x="1851" y="1119" width="60" height="30" />
        <cmp x="1884" y="1099" width="9" height="10" />
        <cmp x="1907" y="1117" width="19" height="27" />
      </word>
      <word id="b03-092-02-10" tag="NN" text="run">
        <cmp x="1953" y="1118" width="95" height="31" />
      </word>
      <word id="b03-092-02-11" tag="." text=".">
        <cmp x="2071" y="1138" width="6" height="7" />
      </word>
      <upper-contour>
        <point x="373" y="1000" />
        <point x="2077" y="1000" />
      </upper-contour>
      <lower-contour>
        <point x="366" y="1183" />
        <point x="2077" y="1183" />
      </lower-contour>
    </line>
    <line ass="-490" asx="0" asy="1258" character-width="999" dss="-490" dsx="0" dsy="1350" fd0="12651" fd1="2718" fd2="-1486" filter-width="3" id="b03-092-03" lbs="-562" lbx="0" lby="1306" segmentation="ok" slant="91000" stroke-width="5538" threshold="152" text="Centigrade v. Fahrenheit. The fight is on. The challenger has behind" ubs="-346" ubx="0" uby="1282">
      <word id="b03-092-03-00" sentence-start="yes" tag="NN" text="Centigrade">
        <cmp x="368" y="1277" width="48" height="39" />
        <cmp x="415" y="1275" width="52" height="41" />
        <cmp x="456" y="1273" width="6" height="5" />
        <cmp x="470" y="1289" width="24" height="66" />
        <cmp x="497" y="1287" width="47" height="31" />
        <cmp x="541" y="1276" width="54" height="41" />
      </word>
      <word id="b03-092-03-01" tag="IN" text="v.">
        <cmp x="623" y="1288" width="19" height="34" />
        <cmp x="650" y="1312" width="5" height="8" />
      </word>
      <word id="b03-092-03-02" tag="NN" text="Fahrenheit">
        <cmp x="691" y="1281" width="28" height="6" />
        <cmp x="693" y="1280" width="264" height="42" />
        <cmp x="929" y="1273" width="8" height="9" />
        <cmp x="951" y="1276" width="25" height="35" />
      </word>
      <word id="b03-092-03-03" tag="." text=".">
        <cmp x="985" y="1311" width="7" height="7" />
      </word>
      <word id="b03-092-03-04" sentence-start="yes" tag="ATI" text="The">
        <cmp x="1027" y="1281" width="75" height="38" />
        <cmp x="1039" y="1291" width="8" height="27" />
      </word>
      <word id="b03-092-03-05" tag="NN" text="fight">
        <cmp x="1119" y="1278" width="27" height="58" />
        <cmp x="1136" y="1279" width="10" height="12" />
        <cmp x="1147" y="1295" width="27" height="62" />
        <cmp x="1173" y="1277" width="59" height="46" />
      </word>
      <word id="b03-092-03-06" tag="BEZ" text="is">
        <cmp x="1260" y="1279" width="10" height="11" />
        <cmp x="1263" y="1295" width="8" height="26" />
        <cmp x="1271" y="1290" width="32" height="29" />
      </word>
      <word id="b03-092-03-07" tag="RP" text="on">
        <cmp x="1321" y="1295" width="29" height="25" />
        <cmp x="1348" y="1291" width="30" height="33" />
      </word>
      <word id="b03-092-03-08" tag="." text=".">
        <cmp x="1403" y="1319" width="6" height="6" />
      </word>
      <word id="b03-092-03-09" sentence-start="yes" tag="ATI" text="The">
        <cmp x="1440" y="1287" width="30" height="35" />
        <cmp x="1469" y="1285" width="46" height="37" />
      </word>
      <word id="b03-092-03-10" tag="NN" text="challenger">
        <cmp x="1545" y="1295" width="29" height="29" />
        <cmp x="1572" y="1290" width="29" height="35" />
        <cmp x="1600" y="1286" width="123" height="39" />
        <cmp x="1724" y="1293" width="81" height="70" />
      </word>
      <word id="b03-092-03-11" tag="HVZ" text="has">
        <cmp x="1838" y="1288" width="32" height="39" />
        <cmp x="1866" y="1296" width="32" height="29" />
        <cmp x="1895" y="1295" width="18" height="30" />
      </word>
      <word id="b03-092-03-12" tag="IN" text="behind">
        <cmp x="1940" y="1286" width="51" height="38" />
        <cmp x="1991" y="1287" width="83" height="39" />
        <cmp x="2040" y="1277" width="12" height="12" />
        <cmp x="2072" y="1282" width="35" height="48" />
      </word>
      <upper-contour>
        <point x="366" y="1183" />
        <point x="2077" y="1183" />
      </upper-contour>
      <lower-contour>
        <point x="373" y="1362" />
        <point x="2071" y="1362" />
      </lower-contour>
    </line>
    <line ass="-285" asx="0" asy="1451" character-width="999" dss="-285" dsx="0" dsy="1535" fd0="12623" fd1="3550" fd2="-900" filter-width="3" id="b03-092-04" lbs="-354" lbx="0" lby="1493" segmentation="ok" slant="90000" stroke-width="5562" threshold="152" text="it not only the authority of the SECRETARY of STATE for AIR" ubs="-147" ubx="0" uby="1463">
      <word id="b03-092-04-00" tag="PP3" text="it">
        <cmp x="375" y="1456" width="6" height="6" />
        <cmp x="375" y="1470" width="6" height="26" />
        <cmp x="389" y="1456" width="19" height="42" />
      </word>
      <word id="b03-092-04-01" tag="XNOT" text="not">
        <cmp x="435" y="1471" width="25" height="27" />
        <cmp x="452" y="1459" width="47" height="39" />
      </word>
      <word id="b03-092-04-02" tag="RB" text="only">
        <cmp x="523" y="1459" width="103" height="80" />
      </word>
      <word id="b03-092-04-03" tag="ATI" text="the">
        <cmp x="670" y="1460" width="81" height="38" />
      </word>
      <word id="b03-092-04-04" tag="NN" text="authority">
        <cmp x="791" y="1470" width="66" height="31" />
        <cmp x="860" y="1458" width="57" height="40" />
        <cmp x="912" y="1465" width="44" height="31" />
        <cmp x="960" y="1456" width="5" height="8" />
        <cmp x="960" y="1471" width="7" height="24" />
        <cmp x="970" y="1459" width="51" height="77" />
      </word>
      <word id="b03-092-04-05" tag="INO" text="of">
        <cmp x="1071" y="1458" width="51" height="60" />
      </word>
      <word id="b03-092-04-06" tag="ATI" text="the">
        <cmp x="1162" y="1464" width="67" height="41" />
      </word>
      <word id="b03-092-04-07" tag="NN" text="SECRETARY">
        <cmp x="1289" y="1459" width="25" height="35" />
        <cmp x="1315" y="1464" width="33" height="30" />
        <cmp x="1346" y="1464" width="32" height="30" />
        <cmp x="1381" y="1464" width="31" height="31" />
        <cmp x="1411" y="1466" width="28" height="29" />
        <cmp x="1441" y="1464" width="27" height="35" />
        <cmp x="1471" y="1462" width="37" height="39" />
        <cmp x="1505" y="1463" width="38" height="37" />
        <cmp x="1534" y="1465" width="36" height="46" />
      </word>
      <word id="b03-092-04-08" tag="INO" text="of">
        <cmp x="1606" y="1480" width="39" height="22" />
        <cmp x="1647" y="1465" width="19" height="64" />
      </word>
      <word id="b03-092-04-09" tag="NN" text="STATE">
        <cmp x="1697" y="1469" width="45" height="35" />
        <cmp x="1738" y="1468" width="37" height="36" />
        <cmp x="1769" y="1463" width="34" height="7" />
        <cmp x="1784" y="1469" width="9" height="30" />
        <cmp x="1800" y="1467" width="39" height="36" />
      </word>
      <word id="b03-092-04-10" tag="IN" text="for">
        <cmp x="1877" y="1464" width="50" height="61" />
        <cmp x="1925" y="1471" width="22" height="29" />
      </word>
      <word id="b03-092-04-11" tag="NN" text="AIR">
        <cmp x="1970" y="1463" width="41" height="41" />
        <cmp x="2010" y="1466" width="12" height="35" />
        <cmp x="2023" y="1463" width="47" height="38" />
      </word>
      <upper-contour>
        <point x="373" y="1362" />
        <point x="2071" y="1362" />
      </upper-contour>
      <lower-contour>
        <point x="373" y="1541" />
        <point x="2071" y="1541" />
      </lower-contour>
    </line>
    <line ass="-507" asx="0" asy="1624" character-width="999" dss="-507" dsx="0" dsy="1705" fd0="12513" fd1="3473" fd2="-1155" filter-width="3" id="b03-092-05" lbs="-509" lbx="0" lby="1668" segmentation="ok" slant="90000" stroke-width="5709" threshold="152" text="but also the backing of the DIRECTOR GENERAL of the Meteoro-" ubs="-505" ubx="0" uby="1637">
      <word id="b03-092-05-00" tag="CC" text="but">
        <cmp x="375" y="1631" width="23" height="45" />
        <cmp x="398" y="1647" width="31" height="27" />
        <cmp x="428" y="1635" width="16" height="33" />
      </word>
      <word id="b03-092-05-01" tag="RB" text="also">
        <cmp x="475" y="1648" width="32" height="26" />
        <cmp x="505" y="1637" width="12" height="33" />
        <cmp x="517" y="1643" width="26" height="32" />
        <cmp x="543" y="1647" width="32" height="23" />
      </word>
      <word id="b03-092-05-02" tag="ATI" text="the">
        <cmp x="617" y="1631" width="74" height="42" />
      </word>
      <word id="b03-092-05-03" tag="NN" text="backing">
        <cmp x="724" y="1638" width="87" height="42" />
        <cmp x="806" y="1636" width="37" height="41" />
        <cmp x="844" y="1649" width="51" height="30" />
        <cmp x="861" y="1633" width="15" height="12" />
        <cmp x="897" y="1651" width="29" height="62" />
      </word>
      <word id="b03-092-05-04" tag="INO" text="of">
        <cmp x="977" y="1637" width="59" height="66" />
      </word>
      <word id="b03-092-05-05" tag="ATI" text="the">
        <cmp x="1062" y="1641" width="80" height="43" />
      </word>
      <word id="b03-092-05-06" tag="NN" text="DIRECTOR">
        <cmp x="1190" y="1644" width="47" height="39" />
        <cmp x="1243" y="1649" width="9" height="37" />
        <cmp x="1257" y="1646" width="38" height="39" />
        <cmp x="1289" y="1648" width="33" height="33" />
        <cmp x="1317" y="1646" width="36" height="34" />
        <cmp x="1344" y="1643" width="29" height="39" />
        <cmp x="1375" y="1649" width="38" height="29" />
        <cmp x="1417" y="1644" width="44" height="37" />
      </word>
      <word id="b03-092-05-07" tag="JJ" text="GENERAL">
        <cmp x="1496" y="1645" width="97" height="36" />
        <cmp x="1593" y="1646" width="65" height="35" />
        <cmp x="1659" y="1646" width="80" height="38" />
      </word>
      <word id="b03-092-05-08" tag="INO" text="of">
        <cmp x="1776" y="1658" width="30" height="22" />
        <cmp x="1807" y="1645" width="20" height="61" />
      </word>
      <word id="b03-092-05-09" tag="ATI" text="the">
        <cmp x="1849" y="1645" width="75" height="44" />
      </word>
      <word id="b03-092-05-10" tag="JJ-" text="Meteoro-">
        <cmp x="1950" y="1647" width="28" height="44" />
        <cmp x="1981" y="1656" width="28" height="32" />
        <cmp x="2007" y="1648" width="84" height="40" />
        <cmp x="2095" y="1659" width="48" height="31" />
        <cmp x="2163" y="1658" width="23" height="8" />
      </word>
      <upper-contour>
        <point x="373" y="1541" />
        <point x="2071" y="1541" />
      </upper-contour>
      <lower-contour>
        <point x="381" y="1679" />
        <point x="745" y="1679" />
      </lower-contour>
    </line>
    <line ass="-1492" asx="0" asy="1789" character-width="999" dss="-1492" dsx="0" dsy="1879" fd0="12471" fd1="2776" fd2="-1208" filter-width="4" id="b03-092-06" lbs="-491" lbx="0" lby="1858" segmentation="ok" slant="90000" stroke-width="5762" threshold="152" text="logical Office." ubs="-3493" ubx="0" uby="1797">
      <word id="b03-092-06-00" tag="-JJ" text="logical">
        <cmp x="383" y="1820" width="5" height="40" />
        <cmp x="388" y="1829" width="61" height="59" />
        <cmp x="436" y="1815" width="10" height="7" />
        <cmp x="452" y="1817" width="76" height="38" />
      </word>
      <word id="b03-092-06-01" tag="NN" text="Office">
        <cmp x="586" y="1808" width="76" height="69" />
        <cmp x="654" y="1808" width="8" height="7" />
        <cmp x="662" y="1822" width="46" height="34" />
      </word>
      <word id="b03-092-06-02" tag="." text=".">
        <cmp x="739" y="1847" width="6" height="7" />
      </word>
      <upper-contour>
        <point x="381" y="1679" />
        <point x="745" y="1679" />
      </upper-contour>
    </line>
  </handwritten-part>
</form>

