<?xml version="1.0" encoding="ISO-8859-1"?>

<!DOCTYPE form SYSTEM 'http://www.iam.unibe.ch/~fki/iamdb/form-metadata.dtd'>

<form created="2002-01-14" height="3542" id="b04-116" last-modified="2002-07-17" skew="30" status="final" version="3.0_beta" width="2479" writer-id="111">
  <machine-printed-part>
    <machine-print-line text="And as the British Government stepped up the pace of change, so the Africans stepped" />
    <machine-print-line text="up their demands. TODAY, in London, that rash and thoughtless policy has caused" />
    <machine-print-line text="a crisis - a crisis that never should have happened. No wonder there is doubt and" />
    <machine-print-line text="fearful heart-searching. If the Government now reverses its plan to give the Africans" />
    <machine-print-line text="control in Northern Rhodesia it may indeed face difficulties from African politicians" />
    <machine-print-line text="greedy for power." />
  </machine-printed-part>
  <handwritten-part>
    <line ass="-375" asx="0" asy="731" character-width="999" dss="-375" dsx="0" dsy="829" fd0="13365" fd1="2289" fd2="-1327" filter-width="3" id="b04-116-00" lbs="-412" lbx="0" lby="789" segmentation="ok" slant="102000" stroke-width="5237" threshold="162" text="And as the British Government stepped up the pace" ubs="-303" ubx="0" uby="760">
      <word id="b04-116-00-00" sentence-start="yes" tag="CC" text="And">
        <cmp x="334" y="741" width="43" height="71" />
        <cmp x="383" y="763" width="90" height="51" />
      </word>
      <word id="b04-116-00-01" tag="CS" text="as">
        <cmp x="520" y="760" width="75" height="39" />
      </word>
      <word id="b04-116-00-02" tag="ATI" text="the">
        <cmp x="655" y="740" width="34" height="58" />
        <cmp x="689" y="737" width="35" height="55" />
        <cmp x="729" y="761" width="26" height="33" />
      </word>
      <word id="b04-116-00-03" tag="JNP" text="British">
        <cmp x="801" y="737" width="53" height="59" />
        <cmp x="856" y="758" width="54" height="28" />
        <cmp x="900" y="744" width="24" height="44" />
        <cmp x="931" y="764" width="11" height="30" />
        <cmp x="932" y="754" width="5" height="7" />
        <cmp x="947" y="742" width="57" height="59" />
      </word>
      <word id="b04-116-00-04" tag="NN" text="Government">
        <cmp x="1059" y="749" width="34" height="87" />
        <cmp x="1101" y="773" width="31" height="31" />
        <cmp x="1133" y="763" width="77" height="38" />
        <cmp x="1214" y="770" width="116" height="27" />
        <cmp x="1331" y="757" width="113" height="41" />
      </word>
      <word id="b04-116-00-05" tag="VBD" text="stepped">
        <cmp x="1488" y="759" width="43" height="42" />
        <cmp x="1530" y="760" width="34" height="37" />
        <cmp x="1566" y="769" width="53" height="43" />
        <cmp x="1621" y="760" width="73" height="45" />
      </word>
      <word id="b04-116-00-06" tag="RP" text="up">
        <cmp x="1721" y="773" width="74" height="42" />
      </word>
      <word id="b04-116-00-07" tag="ATI" text="the">
        <cmp x="1826" y="754" width="34" height="50" />
        <cmp x="1868" y="752" width="31" height="52" />
        <cmp x="1908" y="772" width="32" height="36" />
      </word>
      <word id="b04-116-00-08" tag="NN" text="pace">
        <cmp x="1973" y="769" width="80" height="61" />
        <cmp x="2058" y="772" width="59" height="32" />
      </word>
      <lower-contour>
        <point x="332" y="836" />
        <point x="2119" y="836" />
      </lower-contour>
    </line>
    <line ass="273" asx="0" asy="921" character-width="999" dss="273" dsx="0" dsy="1017" fd0="13307" fd1="3072" fd2="-1089" filter-width="3" id="b04-116-01" lbs="304" lbx="0" lby="988" segmentation="ok" slant="90000" stroke-width="5263" threshold="162" text="of change, so the Africans stepped up their demands." ubs="211" ubx="0" uby="954">
      <word id="b04-116-01-00" tag="INO" text="of">
        <cmp x="320" y="952" width="29" height="30" />
        <cmp x="350" y="930" width="34" height="82" />
      </word>
      <word id="b04-116-01-01" tag="NN" text="change">
        <cmp x="417" y="919" width="136" height="64" />
        <cmp x="556" y="950" width="25" height="49" />
        <cmp x="585" y="953" width="27" height="34" />
      </word>
      <word id="b04-116-01-02" tag="," text=",">
        <cmp x="645" y="972" width="12" height="26" />
      </word>
      <word id="b04-116-01-03" tag="CS" text="so">
        <cmp x="677" y="947" width="28" height="35" />
        <cmp x="712" y="950" width="36" height="32" />
      </word>
      <word id="b04-116-01-04" tag="ATI" text="the">
        <cmp x="798" y="935" width="39" height="48" />
        <cmp x="836" y="923" width="31" height="56" />
        <cmp x="870" y="951" width="27" height="31" />
      </word>
      <word id="b04-116-01-05" tag="NNPS" text="Africans">
        <cmp x="977" y="919" width="41" height="61" />
        <cmp x="1028" y="919" width="199" height="79" />
        <cmp x="1084" y="945" width="4" height="4" />
      </word>
      <word id="b04-116-01-06" tag="VBD" text="stepped">
        <cmp x="1304" y="941" width="55" height="43" />
        <cmp x="1356" y="948" width="28" height="32" />
        <cmp x="1387" y="950" width="53" height="47" />
        <cmp x="1440" y="940" width="69" height="44" />
      </word>
      <word id="b04-116-01-07" tag="RP" text="up">
        <cmp x="1572" y="936" width="86" height="75" />
      </word>
      <word id="b04-116-01-08" tag="PP$" text="their">
        <cmp x="1695" y="935" width="37" height="45" />
        <cmp x="1727" y="919" width="44" height="55" />
        <cmp x="1774" y="943" width="86" height="36" />
        <cmp x="1822" y="936" width="6" height="7" />
      </word>
      <word id="b04-116-01-09" tag="NNS" text="demands">
        <cmp x="1886" y="934" width="277" height="45" />
        <cmp x="2169" y="945" width="25" height="34" />
      </word>
      <word id="b04-116-01-10" tag="." text=".">
        <cmp x="2210" y="978" width="5" height="5" />
      </word>
      <upper-contour>
        <point x="332" y="836" />
        <point x="2119" y="836" />
      </upper-contour>
      <lower-contour>
        <point x="318" y="1012" />
        <point x="2176" y="1012" />
      </lower-contour>
    </line>
    <line ass="-91" asx="0" asy="1084" character-width="999" dss="-91" dsx="0" dsy="1179" fd0="13371" fd1="2635" fd2="-1125" filter-width="3" id="b04-116-02" lbs="-68" lbx="0" lby="1157" segmentation="ok" slant="90000" stroke-width="5266" threshold="162" text="TODAY, in London, that rash and thoughtless policy has" ubs="-136" ubx="0" uby="1120">
      <word id="b04-116-02-00" sentence-start="yes" tag="NR" text="TODAY">
        <cmp x="320" y="1103" width="50" height="43" />
        <cmp x="354" y="1114" width="35" height="40" />
        <cmp x="389" y="1111" width="35" height="46" />
        <cmp x="440" y="1108" width="35" height="44" />
        <cmp x="478" y="1112" width="34" height="60" />
      </word>
      <word id="b04-116-02-01" tag="," text=",">
        <cmp x="545" y="1154" width="13" height="24" />
      </word>
      <word id="b04-116-02-02" tag="IN" text="in">
        <cmp x="594" y="1117" width="7" height="8" />
        <cmp x="597" y="1133" width="54" height="31" />
      </word>
      <word id="b04-116-02-03" tag="NP" text="London">
        <cmp x="709" y="1087" width="29" height="64" />
        <cmp x="740" y="1122" width="64" height="36" />
        <cmp x="805" y="1118" width="40" height="45" />
        <cmp x="848" y="1130" width="76" height="30" />
      </word>
      <word id="b04-116-02-04" tag="," text=",">
        <cmp x="943" y="1157" width="12" height="19" />
      </word>
      <word id="b04-116-02-05" tag="DT" text="that">
        <cmp x="977" y="1108" width="41" height="55" />
        <cmp x="1019" y="1102" width="24" height="50" />
        <cmp x="1050" y="1117" width="42" height="36" />
        <cmp x="1093" y="1116" width="25" height="38" />
      </word>
      <word id="b04-116-02-06" tag="JJ" text="rash">
        <cmp x="1176" y="1120" width="99" height="42" />
        <cmp x="1275" y="1101" width="28" height="55" />
      </word>
      <word id="b04-116-02-07" tag="CC" text="and">
        <cmp x="1334" y="1124" width="78" height="35" />
        <cmp x="1413" y="1115" width="39" height="45" />
      </word>
      <word id="b04-116-02-08" tag="JJ" text="thoughtless">
        <cmp x="1503" y="1114" width="28" height="45" />
        <cmp x="1537" y="1110" width="23" height="50" />
        <cmp x="1567" y="1125" width="28" height="33" />
        <cmp x="1600" y="1127" width="31" height="30" />
        <cmp x="1638" y="1105" width="91" height="78" />
        <cmp x="1714" y="1115" width="28" height="6" />
        <cmp x="1744" y="1112" width="59" height="46" />
        <cmp x="1804" y="1122" width="20" height="36" />
      </word>
      <word id="b04-116-02-09" tag="NN" text="policy">
        <cmp x="1871" y="1102" width="122" height="72" />
        <cmp x="1991" y="1117" width="6" height="6" />
        <cmp x="1999" y="1125" width="36" height="43" />
      </word>
      <word id="b04-116-02-10" tag="HVZ" text="has">
        <cmp x="2081" y="1113" width="31" height="49" />
        <cmp x="2115" y="1128" width="59" height="33" />
      </word>
      <upper-contour>
        <point x="318" y="1012" />
        <point x="2176" y="1012" />
      </upper-contour>
      <lower-contour>
        <point x="325" y="1183" />
        <point x="2176" y="1183" />
      </lower-contour>
    </line>
    <line ass="-67" asx="0" asy="1275" character-width="999" dss="-67" dsx="0" dsy="1358" fd0="13824" fd1="3570" fd2="-901" filter-width="3" id="b04-116-03" lbs="-55" lbx="0" lby="1335" segmentation="ok" slant="97000" stroke-width="5353" threshold="162" text="caused a crisis - a crisis that never should have happened." ubs="-90" ubx="0" uby="1304">
      <word id="b04-116-03-00" tag="VBN" text="caused">
        <cmp x="327" y="1300" width="145" height="40" />
        <cmp x="472" y="1290" width="53" height="49" />
      </word>
      <word id="b04-116-03-01" tag="AT" text="a">
        <cmp x="573" y="1303" width="42" height="37" />
      </word>
      <word id="b04-116-03-02" tag="NN" text="crisis">
        <cmp x="649" y="1301" width="72" height="39" />
        <cmp x="718" y="1306" width="30" height="35" />
        <cmp x="756" y="1309" width="15" height="28" />
        <cmp x="766" y="1302" width="5" height="7" />
        <cmp x="773" y="1306" width="27" height="35" />
      </word>
      <word id="b04-116-03-03" tag="*-" text="-">
        <cmp x="835" y="1316" width="17" height="5" />
      </word>
      <word id="b04-116-03-04" tag="AT" text="a">
        <cmp x="883" y="1301" width="44" height="34" />
      </word>
      <word id="b04-116-03-05" tag="NN" text="crisis">
        <cmp x="965" y="1300" width="74" height="35" />
        <cmp x="1028" y="1302" width="6" height="7" />
        <cmp x="1042" y="1304" width="22" height="33" />
        <cmp x="1068" y="1304" width="17" height="30" />
        <cmp x="1073" y="1302" width="7" height="5" />
        <cmp x="1088" y="1300" width="23" height="35" />
      </word>
      <word id="b04-116-03-06" tag="WP" text="that">
        <cmp x="1137" y="1282" width="42" height="54" />
        <cmp x="1175" y="1282" width="38" height="55" />
        <cmp x="1218" y="1306" width="58" height="34" />
        <cmp x="1250" y="1298" width="26" height="9" />
      </word>
      <word id="b04-116-03-07" tag="RB" text="never">
        <cmp x="1310" y="1306" width="45" height="30" />
        <cmp x="1352" y="1302" width="27" height="34" />
        <cmp x="1383" y="1302" width="62" height="35" />
      </word>
      <word id="b04-116-03-08" tag="MD" text="should">
        <cmp x="1498" y="1293" width="28" height="34" />
        <cmp x="1516" y="1300" width="3" height="3" />
        <cmp x="1523" y="1279" width="31" height="50" />
        <cmp x="1561" y="1305" width="29" height="31" />
        <cmp x="1596" y="1305" width="33" height="28" />
        <cmp x="1628" y="1287" width="73" height="51" />
      </word>
      <word id="b04-116-03-09" tag="HV" text="have">
        <cmp x="1732" y="1279" width="40" height="53" />
        <cmp x="1777" y="1303" width="43" height="32" />
        <cmp x="1822" y="1307" width="55" height="34" />
      </word>
      <word id="b04-116-03-10" tag="VBN" text="happened">
        <cmp x="1916" y="1280" width="30" height="57" />
        <cmp x="1953" y="1309" width="48" height="44" />
        <cmp x="2002" y="1311" width="61" height="51" />
        <cmp x="2064" y="1314" width="32" height="30" />
        <cmp x="2096" y="1317" width="41" height="25" />
        <cmp x="2141" y="1294" width="65" height="51" />
      </word>
      <word id="b04-116-03-11" tag="." text=".">
        <cmp x="2225" y="1339" width="5" height="6" />
      </word>
      <upper-contour>
        <point x="325" y="1183" />
        <point x="2176" y="1183" />
      </upper-contour>
      <lower-contour>
        <point x="326" y="1362" />
        <point x="2142" y="1362" />
      </lower-contour>
    </line>
    <line ass="-38" asx="0" asy="1457" character-width="999" dss="-38" dsx="0" dsy="1543" fd0="13354" fd1="2584" fd2="-1106" filter-width="3" id="b04-116-04" lbs="-25" lbx="0" lby="1516" segmentation="ok" slant="95000" stroke-width="5187" threshold="162" text="No wonder there is doubt and fearful heart-searching." ubs="-64" ubx="0" uby="1485">
      <word id="b04-116-04-00" sentence-start="yes" tag="ATI" text="No">
        <cmp x="328" y="1459" width="47" height="53" />
        <cmp x="381" y="1482" width="32" height="31" />
      </word>
      <word id="b04-116-04-01" tag="NN" text="wonder">
        <cmp x="474" y="1485" width="80" height="39" />
        <cmp x="563" y="1473" width="77" height="49" />
        <cmp x="647" y="1485" width="53" height="34" />
      </word>
      <word id="b04-116-04-02" tag="EX" text="there">
        <cmp x="739" y="1463" width="34" height="54" />
        <cmp x="775" y="1465" width="67" height="56" />
        <cmp x="852" y="1492" width="33" height="26" />
      </word>
      <word id="b04-116-04-03" tag="BEZ" text="is">
        <cmp x="941" y="1480" width="5" height="5" />
        <cmp x="941" y="1490" width="9" height="25" />
        <cmp x="953" y="1482" width="29" height="33" />
      </word>
      <word id="b04-116-04-04" tag="NN" text="doubt">
        <cmp x="1023" y="1470" width="47" height="46" />
        <cmp x="1073" y="1471" width="91" height="42" />
        <cmp x="1164" y="1470" width="35" height="44" />
      </word>
      <word id="b04-116-04-05" tag="CC" text="and">
        <cmp x="1226" y="1483" width="39" height="32" />
        <cmp x="1271" y="1488" width="44" height="28" />
        <cmp x="1319" y="1472" width="45" height="47" />
      </word>
      <word id="b04-116-04-06" tag="JJ" text="fearful">
        <cmp x="1399" y="1459" width="32" height="84" />
        <cmp x="1429" y="1483" width="90" height="36" />
        <cmp x="1522" y="1468" width="22" height="71" />
        <cmp x="1551" y="1475" width="65" height="51" />
      </word>
      <word id="b04-116-04-07" tag="NN" text="heart-searching">
        <cmp x="1657" y="1461" width="40" height="55" />
        <cmp x="1706" y="1484" width="84" height="33" />
        <cmp x="1787" y="1480" width="28" height="32" />
        <cmp x="1832" y="1499" width="15" height="6" />
        <cmp x="1860" y="1482" width="105" height="37" />
        <cmp x="1972" y="1479" width="148" height="54" />
        <cmp x="2037" y="1483" width="4" height="6" />
      </word>
      <word id="b04-116-04-08" tag="." text=".">
        <cmp x="2136" y="1516" width="6" height="6" />
      </word>
      <upper-contour>
        <point x="326" y="1362" />
        <point x="2142" y="1362" />
      </upper-contour>
      <lower-contour>
        <point x="326" y="1544" />
        <point x="2034" y="1544" />
      </lower-contour>
    </line>
    <line ass="-179" asx="0" asy="1630" character-width="999" dss="-179" dsx="0" dsy="1731" fd0="13479" fd1="3579" fd2="-777" filter-width="3" id="b04-116-05" lbs="-213" lbx="0" lby="1687" segmentation="ok" slant="96000" stroke-width="5118" threshold="162" text="If the Government now reverses its plan to give the" ubs="-110" ubx="0" uby="1661">
      <word id="b04-116-05-00" sentence-start="yes" tag="CS" text="If">
        <cmp x="311" y="1638" width="75" height="82" />
      </word>
      <word id="b04-116-05-01" tag="ATI" text="the">
        <cmp x="435" y="1639" width="33" height="53" />
        <cmp x="477" y="1638" width="60" height="57" />
      </word>
      <word id="b04-116-05-02" tag="NN" text="Government">
        <cmp x="559" y="1641" width="44" height="92" />
        <cmp x="608" y="1661" width="29" height="32" />
        <cmp x="643" y="1652" width="71" height="39" />
        <cmp x="719" y="1664" width="39" height="27" />
        <cmp x="763" y="1671" width="52" height="25" />
        <cmp x="822" y="1668" width="23" height="31" />
        <cmp x="854" y="1664" width="71" height="35" />
        <cmp x="901" y="1657" width="31" height="8" />
      </word>
      <word id="b04-116-05-03" tag="RN" text="now">
        <cmp x="987" y="1658" width="68" height="36" />
        <cmp x="1059" y="1658" width="47" height="31" />
      </word>
      <word id="b04-116-05-04" tag="VBZ" text="reverses">
        <cmp x="1163" y="1650" width="36" height="35" />
        <cmp x="1201" y="1656" width="31" height="37" />
        <cmp x="1235" y="1651" width="64" height="43" />
        <cmp x="1301" y="1659" width="21" height="34" />
        <cmp x="1328" y="1655" width="65" height="46" />
      </word>
      <word id="b04-116-05-05" tag="PP$" text="its">
        <cmp x="1435" y="1666" width="7" height="27" />
        <cmp x="1439" y="1643" width="4" height="5" />
        <cmp x="1445" y="1650" width="25" height="9" />
        <cmp x="1445" y="1660" width="10" height="33" />
        <cmp x="1457" y="1662" width="23" height="34" />
      </word>
      <word id="b04-116-05-06" tag="NN" text="plan">
        <cmp x="1530" y="1644" width="123" height="70" />
      </word>
      <word id="b04-116-05-07" tag="TO" text="to">
        <cmp x="1676" y="1652" width="38" height="46" />
        <cmp x="1709" y="1667" width="28" height="30" />
      </word>
      <word id="b04-116-05-08" tag="VB" text="give">
        <cmp x="1776" y="1661" width="48" height="53" />
        <cmp x="1815" y="1652" width="4" height="6" />
        <cmp x="1828" y="1661" width="54" height="32" />
      </word>
      <word id="b04-116-05-09" tag="ATI" text="the">
        <cmp x="1916" y="1648" width="37" height="44" />
        <cmp x="1951" y="1638" width="35" height="47" />
        <cmp x="1991" y="1659" width="42" height="32" />
      </word>
      <upper-contour>
        <point x="326" y="1544" />
        <point x="2034" y="1544" />
      </upper-contour>
      <lower-contour>
        <point x="309" y="1733" />
        <point x="2034" y="1733" />
      </lower-contour>
    </line>
    <line ass="-129" asx="0" asy="1801" character-width="999" dss="-129" dsx="0" dsy="1896" fd0="13488" fd1="2618" fd2="-1318" filter-width="3" id="b04-116-06" lbs="-162" lbx="0" lby="1870" segmentation="ok" slant="97000" stroke-width="5195" threshold="162" text="Africans control in Northern Rhodesia it may indeed face" ubs="-62" ubx="0" uby="1843">
      <word id="b04-116-06-00" tag="NNPS" text="Africans">
        <cmp x="311" y="1804" width="43" height="71" />
        <cmp x="353" y="1803" width="23" height="90" />
        <cmp x="373" y="1840" width="156" height="36" />
        <cmp x="413" y="1844" width="5" height="5" />
        <cmp x="533" y="1842" width="17" height="36" />
      </word>
      <word id="b04-116-06-01" tag="NN" text="control">
        <cmp x="596" y="1842" width="53" height="40" />
        <cmp x="652" y="1843" width="61" height="33" />
        <cmp x="686" y="1836" width="28" height="8" />
        <cmp x="716" y="1847" width="21" height="23" />
        <cmp x="745" y="1847" width="25" height="24" />
        <cmp x="776" y="1823" width="28" height="49" />
      </word>
      <word id="b04-116-06-02" tag="IN" text="in">
        <cmp x="854" y="1828" width="10" height="7" />
        <cmp x="855" y="1840" width="8" height="27" />
        <cmp x="868" y="1844" width="56" height="20" />
      </word>
      <word id="b04-116-06-03" tag="NP" text="Northern">
        <cmp x="961" y="1820" width="44" height="47" />
        <cmp x="1013" y="1829" width="75" height="36" />
        <cmp x="1095" y="1826" width="24" height="41" />
        <cmp x="1120" y="1833" width="48" height="36" />
        <cmp x="1171" y="1848" width="48" height="24" />
      </word>
      <word id="b04-116-06-04" tag="NP" text="Rhodesia">
        <cmp x="1266" y="1824" width="37" height="58" />
        <cmp x="1308" y="1829" width="24" height="50" />
        <cmp x="1337" y="1847" width="29" height="28" />
        <cmp x="1367" y="1840" width="61" height="37" />
        <cmp x="1435" y="1843" width="38" height="29" />
        <cmp x="1464" y="1839" width="4" height="5" />
        <cmp x="1472" y="1839" width="43" height="30" />
      </word>
      <word id="b04-116-06-05" tag="PP3" text="it">
        <cmp x="1565" y="1849" width="9" height="25" />
        <cmp x="1573" y="1827" width="4" height="7" />
        <cmp x="1580" y="1834" width="24" height="44" />
      </word>
      <word id="b04-116-06-06" tag="MD" text="may">
        <cmp x="1646" y="1845" width="63" height="31" />
        <cmp x="1714" y="1841" width="69" height="60" />
      </word>
      <word id="b04-116-06-07" tag="RB" text="indeed">
        <cmp x="1834" y="1826" width="6" height="7" />
        <cmp x="1834" y="1843" width="8" height="25" />
        <cmp x="1847" y="1848" width="43" height="28" />
        <cmp x="1894" y="1833" width="157" height="47" />
      </word>
      <word id="b04-116-06-08" tag="VB" text="face">
        <cmp x="2096" y="1819" width="39" height="75" />
        <cmp x="2136" y="1842" width="43" height="33" />
        <cmp x="2178" y="1848" width="72" height="29" />
      </word>
      <upper-contour>
        <point x="309" y="1733" />
        <point x="2034" y="1733" />
      </upper-contour>
      <lower-contour>
        <point x="310" y="1901" />
        <point x="2130" y="1901" />
      </lower-contour>
    </line>
    <line ass="-392" asx="0" asy="1986" character-width="999" dss="-392" dsx="0" dsy="2072" fd0="13766" fd1="2637" fd2="-1568" filter-width="3" id="b04-116-07" lbs="-369" lbx="0" lby="2049" segmentation="ok" slant="101000" stroke-width="5182" threshold="162" text="difficulties from African politicians greedy for power." ubs="-438" ubx="0" uby="2018">
      <word id="b04-116-07-00" tag="NNS" text="difficulties">
        <cmp x="312" y="2004" width="62" height="44" />
        <cmp x="361" y="2005" width="5" height="10" />
        <cmp x="376" y="1996" width="71" height="80" />
        <cmp x="440" y="2023" width="6" height="5" />
        <cmp x="451" y="2020" width="61" height="33" />
        <cmp x="514" y="2006" width="54" height="43" />
        <cmp x="581" y="2024" width="9" height="22" />
        <cmp x="584" y="2015" width="6" height="6" />
        <cmp x="595" y="2016" width="31" height="34" />
        <cmp x="624" y="2016" width="22" height="30" />
      </word>
      <word id="b04-116-07-01" tag="IN" text="from">
        <cmp x="691" y="1996" width="51" height="82" />
        <cmp x="746" y="2035" width="31" height="30" />
        <cmp x="780" y="2039" width="56" height="23" />
      </word>
      <word id="b04-116-07-02" tag="JNP" text="African">
        <cmp x="894" y="2002" width="48" height="55" />
        <cmp x="956" y="1997" width="72" height="82" />
        <cmp x="1018" y="2023" width="6" height="6" />
        <cmp x="1032" y="2024" width="57" height="30" />
        <cmp x="1091" y="2027" width="47" height="30" />
      </word>
      <word id="b04-116-07-03" tag="NNS" text="politicians">
        <cmp x="1183" y="2024" width="31" height="54" />
        <cmp x="1216" y="2029" width="28" height="27" />
        <cmp x="1248" y="2008" width="36" height="46" />
        <cmp x="1274" y="2020" width="6" height="7" />
        <cmp x="1286" y="2011" width="30" height="43" />
        <cmp x="1322" y="2028" width="18" height="24" />
        <cmp x="1335" y="2018" width="5" height="5" />
        <cmp x="1349" y="2020" width="40" height="32" />
        <cmp x="1383" y="2014" width="8" height="5" />
        <cmp x="1394" y="2020" width="38" height="30" />
        <cmp x="1435" y="2029" width="46" height="26" />
        <cmp x="1486" y="2024" width="18" height="32" />
      </word>
      <word id="b04-116-07-04" tag="JJ" text="greedy">
        <cmp x="1574" y="2019" width="34" height="55" />
        <cmp x="1611" y="2026" width="19" height="27" />
        <cmp x="1633" y="2023" width="23" height="28" />
        <cmp x="1662" y="2028" width="22" height="24" />
        <cmp x="1687" y="2018" width="69" height="60" />
      </word>
      <word id="b04-116-07-05" tag="IN" text="for">
        <cmp x="1787" y="1999" width="31" height="74" />
        <cmp x="1824" y="2027" width="31" height="26" />
        <cmp x="1856" y="2033" width="26" height="26" />
      </word>
      <word id="b04-116-07-06" tag="NN" text="power">
        <cmp x="1936" y="2019" width="64" height="62" />
        <cmp x="2004" y="2022" width="97" height="35" />
      </word>
      <word id="b04-116-07-07" tag="." text=".">
        <cmp x="2125" y="2048" width="5" height="6" />
      </word>
      <upper-contour>
        <point x="310" y="1901" />
        <point x="2130" y="1901" />
      </upper-contour>
    </line>
  </handwritten-part>
</form>

