<?xml version="1.0" encoding="ISO-8859-1"?>

<!DOCTYPE form SYSTEM 'http://www.iam.unibe.ch/~fki/iamdb/form-metadata.dtd'>

<form created="2002-01-14" height="3542" id="b04-034" last-modified="2002-07-25" skew="30" status="final" version="3.0_beta" width="2479" writer-id="108">
  <machine-printed-part>
    <machine-print-line text="The Government should settle this argument with two words to the B.B.C.: - Go" />
    <machine-print-line text="ahead! ONE man beyond all others is saddened by the deaths of two elderly sisters" />
    <machine-print-line text="who killed themselves because they had to leave their cottage. Mr. John Crabb, clerk" />
    <machine-print-line text="to Newmarket urban council, says: &quot;I shall always feel this as a personal failure.&quot;" />
  </machine-printed-part>
  <handwritten-part>
    <line ass="-177" asx="0" asy="730" character-width="999" dss="-177" dsx="0" dsy="849" fd0="12432" fd1="2649" fd2="-891" filter-width="4" id="b04-034-00" lbs="-212" lbx="0" lby="806" segmentation="ok" slant="90000" stroke-width="6174" threshold="162" text="The Government should settle this argument with two words to" ubs="-106" ubx="0" uby="771">
      <word id="b04-034-00-00" sentence-start="yes" tag="ATI" text="The">
        <cmp x="340" y="757" width="47" height="44" />
        <cmp x="388" y="749" width="61" height="60" />
      </word>
      <word id="b04-034-00-01" tag="NN" text="Government">
        <cmp x="506" y="745" width="252" height="68" />
      </word>
      <word id="b04-034-00-02" tag="MD" text="should">
        <cmp x="788" y="745" width="143" height="72" />
      </word>
      <word id="b04-034-00-03" tag="VB" text="settle">
        <cmp x="975" y="773" width="50" height="42" />
        <cmp x="1022" y="751" width="78" height="74" />
      </word>
      <word id="b04-034-00-04" tag="DT" text="this">
        <cmp x="1152" y="740" width="98" height="73" />
        <cmp x="1210" y="735" width="7" height="6" />
      </word>
      <word id="b04-034-00-05" tag="NN" text="argument">
        <cmp x="1314" y="751" width="201" height="104" />
      </word>
      <word id="b04-034-00-06" tag="IN" text="with">
        <cmp x="1549" y="749" width="132" height="66" />
        <cmp x="1600" y="755" width="6" height="6" />
      </word>
      <word id="b04-034-00-07" tag="CD" text="two">
        <cmp x="1727" y="766" width="79" height="47" />
      </word>
      <word id="b04-034-00-08" tag="NNS" text="words">
        <cmp x="1846" y="753" width="133" height="59" />
      </word>
      <word id="b04-034-00-09" tag="IN" text="to">
        <cmp x="2023" y="749" width="27" height="67" />
      </word>
      <lower-contour>
        <point x="365" y="855" />
        <point x="2051" y="855" />
      </lower-contour>
    </line>
    <line ass="-427" asx="0" asy="910" character-width="999" dss="-427" dsx="0" dsy="1020" fd0="12742" fd1="3050" fd2="-257" filter-width="4" id="b04-034-01" lbs="-526" lbx="0" lby="974" segmentation="ok" slant="79000" stroke-width="6287" threshold="162" text="the B.B.C.: - Go ahead! ONE man beyond all others is saddened" ubs="-228" ubx="0" uby="954">
      <word id="b04-034-01-00" tag="ATI" text="the">
        <cmp x="367" y="919" width="68" height="62" />
      </word>
      <word id="b04-034-01-01" tag="NP" text="B.B.C.">
        <cmp x="487" y="933" width="34" height="51" />
        <cmp x="525" y="968" width="6" height="9" />
        <cmp x="542" y="926" width="29" height="55" />
        <cmp x="583" y="968" width="6" height="9" />
        <cmp x="607" y="939" width="29" height="43" />
        <cmp x="640" y="970" width="7" height="8" />
      </word>
      <word id="b04-034-01-02" tag=":" text=":">
        <cmp x="669" y="956" width="7" height="8" />
        <cmp x="671" y="971" width="6" height="9" />
      </word>
      <word id="b04-034-01-03" tag="*-" text="-">
        <cmp x="728" y="963" width="25" height="8" />
      </word>
      <word id="b04-034-01-04" sentence-start="yes" tag="VB" text="Go">
        <cmp x="793" y="934" width="46" height="57" />
      </word>
      <word id="b04-034-01-05" tag="RB" text="ahead">
        <cmp x="886" y="920" width="132" height="70" />
      </word>
      <word id="b04-034-01-06" tag="!" text="!">
        <cmp x="1039" y="975" width="7" height="7" />
        <cmp x="1040" y="923" width="9" height="45" />
      </word>
      <word id="b04-034-01-07" sentence-start="yes" tag="CD1" text="ONE">
        <cmp x="1121" y="946" width="26" height="39" />
        <cmp x="1149" y="943" width="57" height="47" />
      </word>
      <word id="b04-034-01-08" tag="NN" text="man">
        <cmp x="1261" y="959" width="111" height="33" />
      </word>
      <word id="b04-034-01-09" tag="IN" text="beyond">
        <cmp x="1418" y="920" width="143" height="111" />
      </word>
      <word id="b04-034-01-10" tag="ABN" text="all">
        <cmp x="1586" y="927" width="63" height="70" />
      </word>
      <word id="b04-034-01-11" tag="APS" text="others">
        <cmp x="1698" y="959" width="26" height="29" />
        <cmp x="1721" y="937" width="91" height="56" />
      </word>
      <word id="b04-034-01-12" tag="BEZ" text="is">
        <cmp x="1854" y="964" width="33" height="27" />
        <cmp x="1860" y="954" width="5" height="6" />
      </word>
      <word id="b04-034-01-13" tag="VBN" text="saddened">
        <cmp x="1939" y="944" width="71" height="50" />
        <cmp x="2010" y="939" width="104" height="63" />
      </word>
      <upper-contour>
        <point x="365" y="855" />
        <point x="2051" y="855" />
      </upper-contour>
      <lower-contour>
        <point x="365" y="1032" />
        <point x="2115" y="1032" />
      </lower-contour>
    </line>
    <line ass="-232" asx="0" asy="1082" character-width="999" dss="-232" dsx="0" dsy="1228" fd0="12287" fd1="2376" fd2="-1152" filter-width="4" id="b04-034-02" lbs="-182" lbx="0" lby="1165" segmentation="ok" slant="90000" stroke-width="6226" threshold="162" text="by the deaths of two elderly sisters who killed themselves because" ubs="-330" ubx="0" uby="1119">
      <word id="b04-034-02-00" tag="IN" text="by">
        <cmp x="365" y="1094" width="58" height="137" />
      </word>
      <word id="b04-034-02-01" tag="ATI" text="the">
        <cmp x="473" y="1100" width="62" height="69" />
      </word>
      <word id="b04-034-02-02" tag="NNS" text="deaths">
        <cmp x="584" y="1101" width="163" height="73" />
      </word>
      <word id="b04-034-02-03" tag="INO" text="of">
        <cmp x="776" y="1099" width="46" height="97" />
      </word>
      <word id="b04-034-02-04" tag="CD" text="two">
        <cmp x="853" y="1123" width="76" height="53" />
      </word>
      <word id="b04-034-02-05" tag="JJ" text="elderly">
        <cmp x="978" y="1093" width="166" height="136" />
      </word>
      <word id="b04-034-02-06" tag="NNS" text="sisters">
        <cmp x="1187" y="1132" width="52" height="40" />
        <cmp x="1190" y="1118" width="7" height="6" />
        <cmp x="1242" y="1105" width="75" height="65" />
      </word>
      <word id="b04-034-02-07" tag="WP" text="who">
        <cmp x="1366" y="1104" width="91" height="70" />
      </word>
      <word id="b04-034-02-08" tag="VBD" text="killed">
        <cmp x="1492" y="1098" width="149" height="76" />
        <cmp x="1507" y="1090" width="6" height="5" />
      </word>
      <word id="b04-034-02-09" tag="PPLS" text="themselves">
        <cmp x="1714" y="1105" width="233" height="71" />
      </word>
      <word id="b04-034-02-10" tag="CS" text="because">
        <cmp x="1983" y="1099" width="141" height="72" />
      </word>
      <upper-contour>
        <point x="365" y="1032" />
        <point x="2115" y="1032" />
      </upper-contour>
      <lower-contour>
        <point x="381" y="1231" />
        <point x="1989" y="1231" />
      </lower-contour>
    </line>
    <line ass="118" asx="0" asy="1273" character-width="999" dss="118" dsx="0" dsy="1402" fd0="12208" fd1="2174" fd2="-612" filter-width="4" id="b04-034-03" lbs="305" lbx="0" lby="1356" segmentation="ok" slant="84000" stroke-width="6342" threshold="162" text="they had to leave their cottage. Mr. John Crabb, clerk to" ubs="-253" ubx="0" uby="1308">
      <word id="b04-034-03-00" tag="PP3AS" text="they">
        <cmp x="383" y="1273" width="103" height="130" />
      </word>
      <word id="b04-034-03-01" tag="HVD" text="had">
        <cmp x="510" y="1283" width="85" height="70" />
      </word>
      <word id="b04-034-03-02" tag="TO" text="to">
        <cmp x="645" y="1292" width="30" height="64" />
      </word>
      <word id="b04-034-03-03" tag="VB" text="leave">
        <cmp x="706" y="1282" width="133" height="73" />
      </word>
      <word id="b04-034-03-04" tag="PP$" text="their">
        <cmp x="887" y="1283" width="131" height="67" />
        <cmp x="971" y="1292" width="10" height="6" />
      </word>
      <word id="b04-034-03-05" tag="NN" text="cottage">
        <cmp x="1071" y="1314" width="41" height="40" />
        <cmp x="1104" y="1289" width="118" height="102" />
      </word>
      <word id="b04-034-03-06" tag="." text=".">
        <cmp x="1233" y="1336" width="6" height="6" />
      </word>
      <word id="b04-034-03-07" sentence-start="yes" tag="NPT" text="Mr.">
        <cmp x="1297" y="1289" width="68" height="66" />
        <cmp x="1368" y="1334" width="6" height="6" />
      </word>
      <word id="b04-034-03-08" tag="NP" text="John">
        <cmp x="1429" y="1300" width="39" height="39" />
        <cmp x="1461" y="1278" width="91" height="65" />
      </word>
      <word id="b04-034-03-09" tag="NP" text="Crabb">
        <cmp x="1600" y="1299" width="39" height="53" />
        <cmp x="1640" y="1288" width="83" height="71" />
      </word>
      <word id="b04-034-03-10" tag="," text=",">
        <cmp x="1732" y="1334" width="12" height="20" />
      </word>
      <word id="b04-034-03-11" tag="NN" text="clerk">
        <cmp x="1766" y="1286" width="130" height="64" />
      </word>
      <word id="b04-034-03-12" tag="IN" text="to">
        <cmp x="1947" y="1285" width="41" height="70" />
      </word>
      <upper-contour>
        <point x="381" y="1231" />
        <point x="1989" y="1231" />
      </upper-contour>
      <lower-contour>
        <point x="381" y="1403" />
        <point x="1989" y="1403" />
      </lower-contour>
    </line>
    <line ass="-241" asx="0" asy="1446" character-width="999" dss="-241" dsx="0" dsy="1576" fd0="12837" fd1="2983" fd2="-667" filter-width="4" id="b04-034-04" lbs="-292" lbx="0" lby="1519" segmentation="ok" slant="84000" stroke-width="6294" threshold="162" text="Newmarket urban council, says: &quot;I shall always feel this as a" ubs="-141" ubx="0" uby="1492">
      <word id="b04-034-04-00" tag="NP" text="Newmarket">
        <cmp x="380" y="1471" width="49" height="53" />
        <cmp x="425" y="1453" width="219" height="74" />
      </word>
      <word id="b04-034-04-01" tag="JJ" text="urban">
        <cmp x="685" y="1459" width="155" height="74" />
      </word>
      <word id="b04-034-04-02" tag="NN" text="council">
        <cmp x="897" y="1491" width="101" height="41" />
        <cmp x="1005" y="1484" width="6" height="6" />
        <cmp x="1005" y="1468" width="54" height="67" />
      </word>
      <word id="b04-034-04-03" tag="," text=",">
        <cmp x="1073" y="1515" width="11" height="20" />
      </word>
      <word id="b04-034-04-04" tag="VBZ" text="says">
        <cmp x="1116" y="1484" width="25" height="38" />
        <cmp x="1148" y="1497" width="68" height="85" />
      </word>
      <word id="b04-034-04-05" tag=":" text=":">
        <cmp x="1241" y="1508" width="6" height="6" />
        <cmp x="1242" y="1489" width="7" height="6" />
      </word>
      <word id="b04-034-04-06" sentence-start="yes" tag="*&apos;" text="&quot;">
        <cmp x="1281" y="1459" width="13" height="27" />
      </word>
      <word id="b04-034-04-07" tag="PP1A" text="I">
        <cmp x="1317" y="1468" width="28" height="44" />
        <cmp x="1319" y="1453" width="34" height="17" />
      </word>
      <word id="b04-034-04-08" tag="MD" text="shall">
        <cmp x="1379" y="1460" width="118" height="70" />
      </word>
      <word id="b04-034-04-09" tag="RB" text="always">
        <cmp x="1541" y="1456" width="158" height="120" />
      </word>
      <word id="b04-034-04-10" tag="VB" text="feel">
        <cmp x="1751" y="1461" width="94" height="96" />
      </word>
      <word id="b04-034-04-11" tag="DT" text="this">
        <cmp x="1855" y="1466" width="93" height="66" />
        <cmp x="1917" y="1470" width="9" height="8" />
      </word>
      <word id="b04-034-04-12" tag="IN" text="as">
        <cmp x="1984" y="1491" width="49" height="31" />
      </word>
      <word id="b04-034-04-13" tag="AT" text="a">
        <cmp x="2062" y="1498" width="46" height="28" />
      </word>
      <upper-contour>
        <point x="381" y="1403" />
        <point x="1989" y="1403" />
      </upper-contour>
      <lower-contour>
        <point x="379" y="1533" />
        <point x="838" y="1533" />
      </lower-contour>
    </line>
    <line ass="3321" asx="0" asy="1659" character-width="999" dss="3321" dsx="0" dsy="1761" fd0="13056" fd1="3108" fd2="-100" filter-width="4" id="b04-034-05" lbs="1434" lbx="0" lby="1719" segmentation="ok" slant="74000" stroke-width="6560" threshold="162" text="personal failure.&quot;" ubs="7094" ubx="0" uby="1731">
      <word id="b04-034-05-00" tag="JJ" text="personal">
        <cmp x="381" y="1666" width="75" height="55" />
        <cmp x="457" y="1631" width="95" height="75" />
      </word>
      <word id="b04-034-05-01" tag="NN" text="failure">
        <cmp x="584" y="1636" width="174" height="92" />
        <cmp x="638" y="1650" width="8" height="7" />
      </word>
      <word id="b04-034-05-02" tag="." text=".">
        <cmp x="789" y="1684" width="6" height="7" />
      </word>
      <word id="b04-034-05-03" tag="**&apos;" text="&quot;">
        <cmp x="818" y="1631" width="8" height="17" />
        <cmp x="826" y="1631" width="11" height="20" />
      </word>
      <upper-contour>
        <point x="379" y="1533" />
        <point x="838" y="1533" />
      </upper-contour>
    </line>
  </handwritten-part>
</form>

