<?xml version="1.0" encoding="ISO-8859-1"?>

<!DOCTYPE form SYSTEM 'http://www.iam.unibe.ch/~fki/iamdb/form-metadata.dtd'>

<form created="2002-01-14" height="3542" id="b04-060" last-modified="2002-07-17" skew="-63" status="final" version="3.0_beta" width="2479" writer-id="109">
  <machine-printed-part>
    <machine-print-line text="It is equally certain that the British Government will welcome them. How splendid" />
    <machine-print-line text="it would be if, just for once, the Government were to voice the real feelings of the" />
    <machine-print-line text="British people. And tell Makarios they are not prepared to accept him on such terms." />
    <machine-print-line text="GOOD cheer for the week-end. Ford Motors are to put 13,000 men back on a five-day" />
    <machine-print-line text="week." />
  </machine-printed-part>
  <handwritten-part>
    <line ass="-561" asx="0" asy="691" character-width="999" dss="-561" dsx="0" dsy="828" fd0="13002" fd1="2771" fd2="-1158" filter-width="3" id="b04-060-00" lbs="-523" lbx="0" lby="782" segmentation="ok" slant="84000" stroke-width="5368" threshold="186" text="It is equally certain that the British Government" ubs="-636" ubx="0" uby="750">
      <word id="b04-060-00-00" sentence-start="yes" tag="PP3" text="It">
        <cmp x="352" y="714" width="15" height="78" />
        <cmp x="368" y="718" width="20" height="66" />
      </word>
      <word id="b04-060-00-01" tag="BEZ" text="is">
        <cmp x="426" y="760" width="11" height="33" />
        <cmp x="436" y="744" width="9" height="9" />
        <cmp x="443" y="752" width="26" height="38" />
        <cmp x="461" y="753" width="7" height="7" />
      </word>
      <word id="b04-060-00-02" tag="RB" text="equally">
        <cmp x="530" y="747" width="30" height="45" />
        <cmp x="557" y="755" width="31" height="74" />
        <cmp x="591" y="757" width="32" height="37" />
        <cmp x="630" y="757" width="31" height="37" />
        <cmp x="668" y="708" width="39" height="87" />
        <cmp x="689" y="710" width="45" height="85" />
        <cmp x="707" y="760" width="41" height="75" />
      </word>
      <word id="b04-060-00-03" tag="JJ" text="certain">
        <cmp x="824" y="755" width="89" height="37" />
        <cmp x="917" y="705" width="74" height="94" />
        <cmp x="991" y="746" width="5" height="18" />
        <cmp x="1005" y="769" width="27" height="28" />
      </word>
      <word id="b04-060-00-04" tag="CS" text="that">
        <cmp x="1095" y="726" width="17" height="78" />
        <cmp x="1127" y="712" width="24" height="87" />
        <cmp x="1158" y="768" width="33" height="27" />
        <cmp x="1198" y="704" width="18" height="91" />
      </word>
      <word id="b04-060-00-05" tag="ATI" text="the">
        <cmp x="1275" y="711" width="22" height="89" />
        <cmp x="1300" y="711" width="51" height="87" />
      </word>
      <word id="b04-060-00-06" tag="JNP" text="British">
        <cmp x="1401" y="724" width="92" height="78" />
        <cmp x="1404" y="748" width="8" height="50" />
        <cmp x="1492" y="743" width="5" height="6" />
        <cmp x="1507" y="722" width="37" height="77" />
        <cmp x="1544" y="755" width="11" height="11" />
        <cmp x="1552" y="766" width="32" height="36" />
        <cmp x="1599" y="720" width="23" height="75" />
      </word>
      <word id="b04-060-00-07" tag="NN" text="Government">
        <cmp x="1680" y="738" width="73" height="69" />
        <cmp x="1757" y="775" width="27" height="31" />
        <cmp x="1790" y="766" width="32" height="33" />
        <cmp x="1825" y="768" width="27" height="27" />
        <cmp x="1848" y="774" width="29" height="32" />
        <cmp x="1883" y="767" width="132" height="37" />
        <cmp x="2025" y="723" width="26" height="80" />
      </word>
      <lower-contour>
        <point x="350" y="835" />
        <point x="2052" y="835" />
      </lower-contour>
    </line>
    <line ass="-479" asx="0" asy="882" character-width="999" dss="-479" dsx="0" dsy="1009" fd0="13151" fd1="2883" fd2="-1297" filter-width="3" id="b04-060-01" lbs="-417" lbx="0" lby="969" segmentation="ok" slant="89000" stroke-width="5291" threshold="182" text="will welcome them. How splendid it would be if, just" ubs="-602" ubx="0" uby="935">
      <word id="b04-060-01-00" tag="MD" text="will">
        <cmp x="325" y="929" width="56" height="44" />
        <cmp x="382" y="940" width="6" height="25" />
        <cmp x="385" y="915" width="7" height="10" />
        <cmp x="396" y="892" width="12" height="74" />
        <cmp x="411" y="893" width="12" height="72" />
      </word>
      <word id="b04-060-01-01" tag="VB" text="welcome">
        <cmp x="456" y="887" width="118" height="94" />
        <cmp x="557" y="944" width="54" height="38" />
        <cmp x="609" y="948" width="43" height="32" />
        <cmp x="660" y="942" width="31" height="38" />
      </word>
      <word id="b04-060-01-02" tag="PP3OS" text="them">
        <cmp x="749" y="910" width="22" height="75" />
        <cmp x="774" y="902" width="25" height="77" />
        <cmp x="802" y="944" width="27" height="37" />
        <cmp x="830" y="946" width="43" height="35" />
      </word>
      <word id="b04-060-01-03" tag="." text=".">
        <cmp x="890" y="975" width="9" height="11" />
      </word>
      <word id="b04-060-01-04" sentence-start="yes" tag="WRB" text="How">
        <cmp x="948" y="906" width="67" height="79" />
        <cmp x="1018" y="946" width="52" height="32" />
      </word>
      <word id="b04-060-01-05" tag="JJ" text="splendid">
        <cmp x="1106" y="948" width="35" height="33" />
        <cmp x="1142" y="947" width="29" height="72" />
        <cmp x="1177" y="908" width="8" height="75" />
        <cmp x="1186" y="950" width="29" height="34" />
        <cmp x="1222" y="958" width="13" height="22" />
        <cmp x="1235" y="957" width="15" height="24" />
        <cmp x="1253" y="908" width="35" height="77" />
        <cmp x="1299" y="961" width="5" height="17" />
        <cmp x="1302" y="934" width="5" height="6" />
        <cmp x="1309" y="953" width="25" height="26" />
        <cmp x="1335" y="911" width="8" height="71" />
        <cmp x="1337" y="905" width="3" height="5" />
      </word>
      <word id="b04-060-01-06" tag="PP3" text="it">
        <cmp x="1403" y="961" width="7" height="23" />
        <cmp x="1407" y="941" width="3" height="3" />
        <cmp x="1421" y="910" width="19" height="71" />
      </word>
      <word id="b04-060-01-07" tag="MD" text="would">
        <cmp x="1492" y="946" width="79" height="39" />
        <cmp x="1573" y="957" width="35" height="28" />
        <cmp x="1618" y="909" width="30" height="76" />
        <cmp x="1631" y="910" width="32" height="76" />
      </word>
      <word id="b04-060-01-08" tag="BE" text="be">
        <cmp x="1696" y="921" width="66" height="67" />
      </word>
      <word id="b04-060-01-09" tag="CS" text="if">
        <cmp x="1824" y="959" width="7" height="28" />
        <cmp x="1825" y="954" width="5" height="3" />
        <cmp x="1827" y="926" width="8" height="13" />
        <cmp x="1844" y="921" width="35" height="66" />
      </word>
      <word id="b04-060-01-10" tag="," text=",">
        <cmp x="1882" y="981" width="17" height="20" />
      </word>
      <word id="b04-060-01-11" tag="RB" text="just">
        <cmp x="1943" y="954" width="29" height="57" />
        <cmp x="1964" y="929" width="6" height="5" />
        <cmp x="1979" y="946" width="62" height="38" />
        <cmp x="2054" y="911" width="23" height="64" />
      </word>
      <upper-contour>
        <point x="350" y="835" />
        <point x="2052" y="835" />
      </upper-contour>
      <lower-contour>
        <point x="323" y="1019" />
        <point x="2078" y="1019" />
      </lower-contour>
    </line>
    <line ass="-424" asx="0" asy="1061" character-width="999" dss="-424" dsx="0" dsy="1181" fd0="13087" fd1="2738" fd2="-968" filter-width="3" id="b04-060-02" lbs="-424" lbx="0" lby="1147" segmentation="ok" slant="87000" stroke-width="5405" threshold="186" text="for once, the Government were to voice the real feelings of" ubs="-423" ubx="0" uby="1117">
      <word id="b04-060-02-00" tag="RB21" text="for">
        <cmp x="323" y="1065" width="41" height="84" />
        <cmp x="372" y="1118" width="27" height="25" />
      </word>
      <word id="b04-060-02-01" tag="RB22" text="once">
        <cmp x="426" y="1121" width="32" height="35" />
        <cmp x="462" y="1121" width="27" height="28" />
        <cmp x="498" y="1119" width="48" height="33" />
      </word>
      <word id="b04-060-02-02" tag="," text=",">
        <cmp x="588" y="1151" width="17" height="24" />
      </word>
      <word id="b04-060-02-03" tag="ATI" text="the">
        <cmp x="650" y="1084" width="21" height="68" />
        <cmp x="674" y="1087" width="20" height="70" />
        <cmp x="701" y="1123" width="24" height="31" />
      </word>
      <word id="b04-060-02-04" tag="NN" text="Government">
        <cmp x="761" y="1083" width="50" height="67" />
        <cmp x="803" y="1124" width="31" height="27" />
        <cmp x="836" y="1124" width="25" height="28" />
        <cmp x="863" y="1119" width="29" height="33" />
        <cmp x="890" y="1125" width="51" height="32" />
        <cmp x="948" y="1128" width="37" height="28" />
        <cmp x="988" y="1124" width="53" height="32" />
        <cmp x="1055" y="1084" width="24" height="71" />
      </word>
      <word id="b04-060-02-05" tag="BED" text="were">
        <cmp x="1118" y="1114" width="73" height="43" />
        <cmp x="1194" y="1124" width="47" height="31" />
      </word>
      <word id="b04-060-02-06" tag="TO" text="to">
        <cmp x="1274" y="1075" width="52" height="77" />
      </word>
      <word id="b04-060-02-07" tag="VB" text="voice">
        <cmp x="1360" y="1126" width="56" height="35" />
        <cmp x="1423" y="1138" width="7" height="22" />
        <cmp x="1427" y="1118" width="13" height="12" />
        <cmp x="1439" y="1131" width="62" height="32" />
      </word>
      <word id="b04-060-02-08" tag="ATI" text="the">
        <cmp x="1556" y="1101" width="18" height="59" />
        <cmp x="1576" y="1090" width="64" height="70" />
      </word>
      <word id="b04-060-02-09" tag="JJ" text="real">
        <cmp x="1681" y="1128" width="88" height="35" />
        <cmp x="1774" y="1084" width="35" height="80" />
      </word>
      <word id="b04-060-02-10" tag="NNS" text="feelings">
        <cmp x="1830" y="1081" width="92" height="80" />
        <cmp x="1932" y="1134" width="8" height="23" />
        <cmp x="1936" y="1113" width="7" height="16" />
        <cmp x="1950" y="1132" width="23" height="24" />
        <cmp x="1975" y="1127" width="34" height="69" />
        <cmp x="2013" y="1130" width="35" height="34" />
      </word>
      <word id="b04-060-02-11" tag="INO" text="of">
        <cmp x="2072" y="1131" width="25" height="33" />
        <cmp x="2104" y="1099" width="28" height="65" />
      </word>
      <upper-contour>
        <point x="323" y="1019" />
        <point x="2078" y="1019" />
      </upper-contour>
      <lower-contour>
        <point x="322" y="1196" />
        <point x="2003" y="1196" />
      </lower-contour>
    </line>
    <line ass="-88" asx="0" asy="1249" character-width="999" dss="-88" dsx="0" dsy="1367" fd0="13092" fd1="2628" fd2="-1448" filter-width="3" id="b04-060-03" lbs="174" lbx="0" lby="1341" segmentation="ok" slant="89000" stroke-width="5409" threshold="182" text="the British people. And tell Makarios they are not" ubs="-615" ubx="0" uby="1291">
      <word id="b04-060-03-00" tag="ATI" text="the">
        <cmp x="324" y="1255" width="45" height="81" />
        <cmp x="370" y="1297" width="27" height="36" />
      </word>
      <word id="b04-060-03-01" tag="JNP" text="British">
        <cmp x="461" y="1268" width="49" height="68" />
        <cmp x="517" y="1302" width="37" height="34" />
        <cmp x="552" y="1292" width="3" height="3" />
        <cmp x="567" y="1265" width="36" height="65" />
        <cmp x="604" y="1290" width="10" height="5" />
        <cmp x="612" y="1299" width="28" height="33" />
        <cmp x="647" y="1260" width="25" height="69" />
      </word>
      <word id="b04-060-03-02" tag="NN" text="people">
        <cmp x="734" y="1300" width="95" height="70" />
        <cmp x="832" y="1308" width="30" height="58" />
        <cmp x="870" y="1260" width="8" height="77" />
        <cmp x="885" y="1307" width="27" height="31" />
      </word>
      <word id="b04-060-03-03" tag="." text=".">
        <cmp x="942" y="1334" width="8" height="6" />
      </word>
      <word id="b04-060-03-04" sentence-start="yes" tag="CC" text="And">
        <cmp x="994" y="1251" width="72" height="92" />
        <cmp x="1070" y="1261" width="39" height="78" />
      </word>
      <word id="b04-060-03-05" tag="VB" text="tell">
        <cmp x="1172" y="1272" width="25" height="76" />
        <cmp x="1197" y="1308" width="25" height="36" />
        <cmp x="1224" y="1265" width="55" height="76" />
      </word>
      <word id="b04-060-03-06" tag="NP" text="Makarios">
        <cmp x="1314" y="1273" width="57" height="73" />
        <cmp x="1345" y="1310" width="31" height="38" />
        <cmp x="1383" y="1274" width="32" height="73" />
        <cmp x="1413" y="1314" width="33" height="29" />
        <cmp x="1452" y="1306" width="33" height="37" />
        <cmp x="1485" y="1315" width="9" height="30" />
        <cmp x="1492" y="1301" width="4" height="4" />
        <cmp x="1496" y="1306" width="6" height="5" />
        <cmp x="1503" y="1315" width="31" height="30" />
        <cmp x="1535" y="1311" width="37" height="33" />
        <cmp x="1559" y="1311" width="7" height="11" />
      </word>
      <word id="b04-060-03-07" tag="PP3AS" text="they">
        <cmp x="1636" y="1281" width="22" height="63" />
        <cmp x="1661" y="1273" width="25" height="69" />
        <cmp x="1694" y="1306" width="64" height="64" />
      </word>
      <word id="b04-060-03-08" tag="BER" text="are">
        <cmp x="1785" y="1311" width="33" height="31" />
        <cmp x="1826" y="1306" width="57" height="32" />
      </word>
      <word id="b04-060-03-09" tag="XNOT" text="not">
        <cmp x="1915" y="1314" width="4" height="3" />
        <cmp x="1915" y="1309" width="29" height="30" />
        <cmp x="1944" y="1311" width="35" height="29" />
        <cmp x="1981" y="1273" width="21" height="64" />
        <cmp x="1982" y="1268" width="3" height="3" />
      </word>
      <upper-contour>
        <point x="322" y="1196" />
        <point x="2003" y="1196" />
      </upper-contour>
      <lower-contour>
        <point x="322" y="1370" />
        <point x="2003" y="1370" />
      </lower-contour>
    </line>
    <line ass="-51" asx="0" asy="1443" character-width="999" dss="-51" dsx="0" dsy="1566" fd0="13364" fd1="3325" fd2="-746" filter-width="3" id="b04-060-04" lbs="79" lbx="0" lby="1522" segmentation="ok" slant="90000" stroke-width="5522" threshold="186" text="prepared to accept him on such terms. GOOD cheer" ubs="-313" ubx="0" uby="1483">
      <word id="b04-060-04-00" tag="VBN" text="prepared">
        <cmp x="321" y="1484" width="28" height="82" />
        <cmp x="354" y="1489" width="46" height="30" />
        <cmp x="405" y="1487" width="57" height="62" />
        <cmp x="468" y="1489" width="46" height="33" />
        <cmp x="516" y="1451" width="31" height="71" />
      </word>
      <word id="b04-060-04-01" tag="TO" text="to">
        <cmp x="619" y="1454" width="49" height="67" />
      </word>
      <word id="b04-060-04-02" tag="VB" text="accept">
        <cmp x="710" y="1486" width="37" height="31" />
        <cmp x="751" y="1486" width="45" height="32" />
        <cmp x="796" y="1486" width="32" height="32" />
        <cmp x="834" y="1445" width="53" height="106" />
      </word>
      <word id="b04-060-04-03" tag="PP3O" text="him">
        <cmp x="949" y="1445" width="48" height="72" />
        <cmp x="988" y="1468" width="7" height="8" />
        <cmp x="999" y="1492" width="40" height="27" />
      </word>
      <word id="b04-060-04-04" tag="IN" text="on">
        <cmp x="1101" y="1489" width="30" height="33" />
        <cmp x="1134" y="1496" width="27" height="30" />
      </word>
      <word id="b04-060-04-05" tag="ABL" text="such">
        <cmp x="1217" y="1483" width="35" height="38" />
        <cmp x="1252" y="1488" width="30" height="31" />
        <cmp x="1286" y="1489" width="24" height="30" />
        <cmp x="1314" y="1446" width="3" height="6" />
        <cmp x="1314" y="1453" width="30" height="66" />
      </word>
      <word id="b04-060-04-06" tag="NNS" text="terms">
        <cmp x="1392" y="1459" width="64" height="66" />
        <cmp x="1459" y="1491" width="27" height="30" />
        <cmp x="1486" y="1494" width="48" height="27" />
        <cmp x="1535" y="1487" width="30" height="40" />
      </word>
      <word id="b04-060-04-07" tag="." text=".">
        <cmp x="1593" y="1515" width="13" height="9" />
      </word>
      <word id="b04-060-04-08" sentence-start="yes" tag="JJ" text="GOOD">
        <cmp x="1649" y="1459" width="66" height="69" />
        <cmp x="1694" y="1468" width="102" height="56" />
        <cmp x="1799" y="1464" width="52" height="57" />
      </word>
      <word id="b04-060-04-09" tag="NN" text="cheer">
        <cmp x="1926" y="1445" width="60" height="80" />
        <cmp x="1989" y="1490" width="27" height="34" />
        <cmp x="2015" y="1494" width="31" height="29" />
        <cmp x="2051" y="1495" width="33" height="26" />
      </word>
      <upper-contour>
        <point x="322" y="1370" />
        <point x="2003" y="1370" />
      </upper-contour>
      <lower-contour>
        <point x="319" y="1567" />
        <point x="2082" y="1567" />
      </lower-contour>
    </line>
    <line ass="-529" asx="0" asy="1603" character-width="999" dss="-529" dsx="0" dsy="1716" fd0="12832" fd1="2756" fd2="-844" filter-width="3" id="b04-060-05" lbs="-559" lbx="0" lby="1684" segmentation="ok" slant="90000" stroke-width="5531" threshold="186" text="for the week-end. Ford Motors are to put 13,000" ubs="-468" ubx="0" uby="1656">
      <word id="b04-060-05-00" tag="IN" text="for">
        <cmp x="311" y="1611" width="29" height="76" />
        <cmp x="326" y="1660" width="56" height="32" />
        <cmp x="342" y="1611" width="7" height="4" />
      </word>
      <word id="b04-060-05-01" tag="ATI" text="the">
        <cmp x="445" y="1619" width="23" height="75" />
        <cmp x="471" y="1612" width="59" height="82" />
      </word>
      <word id="b04-060-05-02" tag="NN" text="week-end">
        <cmp x="607" y="1620" width="152" height="72" />
        <cmp x="717" y="1612" width="6" height="7" />
        <cmp x="770" y="1675" width="24" height="6" />
        <cmp x="812" y="1655" width="62" height="40" />
        <cmp x="883" y="1612" width="31" height="81" />
      </word>
      <word id="b04-060-05-03" tag="." text=".">
        <cmp x="941" y="1688" width="11" height="10" />
      </word>
      <word id="b04-060-05-04" sentence-start="yes" tag="NP" text="Ford">
        <cmp x="991" y="1622" width="106" height="11" />
        <cmp x="1023" y="1645" width="29" height="53" />
        <cmp x="1056" y="1667" width="29" height="30" />
        <cmp x="1092" y="1620" width="60" height="78" />
      </word>
      <word id="b04-060-05-05" tag="NNS" text="Motors">
        <cmp x="1228" y="1622" width="49" height="77" />
        <cmp x="1264" y="1665" width="30" height="38" />
        <cmp x="1300" y="1622" width="52" height="75" />
        <cmp x="1353" y="1663" width="52" height="37" />
      </word>
      <word id="b04-060-05-06" tag="BER" text="are">
        <cmp x="1467" y="1661" width="35" height="38" />
        <cmp x="1512" y="1665" width="27" height="32" />
        <cmp x="1537" y="1664" width="33" height="33" />
      </word>
      <word id="b04-060-05-07" tag="TO" text="to">
        <cmp x="1633" y="1632" width="26" height="69" />
        <cmp x="1642" y="1627" width="5" height="3" />
        <cmp x="1658" y="1670" width="33" height="31" />
      </word>
      <word id="b04-060-05-08" tag="VB" text="put">
        <cmp x="1755" y="1661" width="27" height="72" />
        <cmp x="1785" y="1666" width="40" height="29" />
        <cmp x="1829" y="1626" width="24" height="71" />
      </word>
      <word id="b04-060-05-09" tag="CD" text="13,000">
        <cmp x="1908" y="1656" width="8" height="46" />
        <cmp x="1925" y="1654" width="35" height="47" />
        <cmp x="1967" y="1689" width="6" height="16" />
        <cmp x="1977" y="1655" width="66" height="49" />
        <cmp x="2044" y="1659" width="37" height="39" />
      </word>
      <upper-contour>
        <point x="319" y="1567" />
        <point x="2082" y="1567" />
      </upper-contour>
      <lower-contour>
        <point x="315" y="1703" />
        <point x="1499" y="1703" />
      </lower-contour>
    </line>
    <line ass="-491" asx="0" asy="1790" character-width="999" dss="-491" dsx="0" dsy="1901" fd0="13258" fd1="3416" fd2="-490" filter-width="3" id="b04-060-06" lbs="-510" lbx="0" lby="1870" segmentation="ok" slant="90000" stroke-width="5438" threshold="182" text="men back on a five-day week." ubs="-453" ubx="0" uby="1839">
      <word id="b04-060-06-00" tag="NNS" text="men">
        <cmp x="317" y="1828" width="74" height="47" />
        <cmp x="390" y="1843" width="28" height="27" />
      </word>
      <word id="b04-060-06-01" tag="RP" text="back">
        <cmp x="478" y="1805" width="61" height="71" />
        <cmp x="547" y="1843" width="26" height="32" />
        <cmp x="577" y="1796" width="30" height="80" />
      </word>
      <word id="b04-060-06-02" tag="IN" text="on">
        <cmp x="690" y="1840" width="34" height="38" />
        <cmp x="727" y="1844" width="26" height="31" />
      </word>
      <word id="b04-060-06-03" tag="AT" text="a">
        <cmp x="807" y="1846" width="34" height="31" />
      </word>
      <word id="b04-060-06-04" tag="JJB" text="five-day">
        <cmp x="903" y="1819" width="40" height="63" />
        <cmp x="943" y="1868" width="7" height="21" />
        <cmp x="949" y="1843" width="7" height="7" />
        <cmp x="963" y="1856" width="31" height="30" />
        <cmp x="1000" y="1850" width="30" height="34" />
        <cmp x="1050" y="1863" width="25" height="7" />
        <cmp x="1097" y="1808" width="35" height="70" />
        <cmp x="1136" y="1850" width="89" height="63" />
      </word>
      <word id="b04-060-06-05" tag="NN" text="week">
        <cmp x="1284" y="1843" width="110" height="41" />
        <cmp x="1399" y="1809" width="39" height="73" />
      </word>
      <word id="b04-060-06-06" tag="." text=".">
        <cmp x="1484" y="1871" width="14" height="12" />
      </word>
      <upper-contour>
        <point x="315" y="1703" />
        <point x="1499" y="1703" />
      </upper-contour>
    </line>
  </handwritten-part>
</form>

