<?xml version="1.0" encoding="ISO-8859-1"?>

<!DOCTYPE form SYSTEM 'http://www.iam.unibe.ch/~fki/iamdb/form-metadata.dtd'>

<form created="2002-01-14" height="3542" id="b04-140" last-modified="2002-07-17" skew="0" status="final" version="3.0_beta" width="2479" writer-id="112">
  <machine-printed-part>
    <machine-print-line text="BEFORE the war he urged the British people to welcome Hitler&apos;s troops as tourists." />
    <machine-print-line text="After the war he favoured a preventive war against Russia. Now he wants Britain to" />
    <machine-print-line text="demolish her defences. Throughout the years Lord Russell and his supporters have" />
    <machine-print-line text="been able to pursue their eccentric campaigns in freedom. They should ask themselves" />
    <machine-print-line text="this question: How long would that freedom last if their policies were adopted?" />
  </machine-printed-part>
  <handwritten-part>
    <line ass="-351" asx="0" asy="690" character-width="999" dss="-351" dsx="0" dsy="861" fd0="12159" fd1="2248" fd2="-939" filter-width="3" id="b04-140-00" lbs="-174" lbx="0" lby="802" segmentation="ok" slant="92999" stroke-width="5538" threshold="182" text="BEFORE the war he urged the British people" ubs="-705" ubx="0" uby="752">
      <word id="b04-140-00-00" sentence-start="yes" tag="IN" text="BEFORE">
        <cmp x="356" y="701" width="62" height="108" />
        <cmp x="436" y="709" width="49" height="96" />
        <cmp x="479" y="709" width="60" height="97" />
        <cmp x="542" y="717" width="53" height="85" />
        <cmp x="598" y="706" width="46" height="101" />
        <cmp x="645" y="704" width="48" height="95" />
      </word>
      <word id="b04-140-00-01" tag="ATI" text="the">
        <cmp x="781" y="719" width="102" height="88" />
      </word>
      <word id="b04-140-00-02" tag="NN" text="war">
        <cmp x="940" y="765" width="114" height="49" />
      </word>
      <word id="b04-140-00-03" tag="PP3A" text="he">
        <cmp x="1130" y="715" width="63" height="112" />
      </word>
      <word id="b04-140-00-04" tag="VBD" text="urged">
        <cmp x="1241" y="776" width="94" height="35" />
        <cmp x="1345" y="733" width="108" height="138" />
      </word>
      <word id="b04-140-00-05" tag="ATI" text="the">
        <cmp x="1511" y="714" width="90" height="87" />
      </word>
      <word id="b04-140-00-06" tag="JNP" text="British">
        <cmp x="1685" y="701" width="93" height="99" />
        <cmp x="1790" y="784" width="11" height="21" />
        <cmp x="1796" y="725" width="11" height="22" />
        <cmp x="1826" y="713" width="44" height="108" />
        <cmp x="1869" y="756" width="7" height="13" />
        <cmp x="1872" y="775" width="3" height="8" />
        <cmp x="1883" y="771" width="25" height="44" />
        <cmp x="1918" y="716" width="38" height="93" />
      </word>
      <word id="b04-140-00-07" tag="NN" text="people">
        <cmp x="2020" y="778" width="102" height="70" />
        <cmp x="2124" y="780" width="22" height="68" />
        <cmp x="2155" y="733" width="43" height="75" />
      </word>
      <lower-contour>
        <point x="354" y="871" />
        <point x="1948" y="871" />
      </lower-contour>
    </line>
    <line ass="-198" asx="0" asy="898" character-width="999" dss="-198" dsx="0" dsy="1027" fd0="12446" fd1="2228" fd2="-481" filter-width="3" id="b04-140-01" lbs="-143" lbx="0" lby="984" segmentation="ok" slant="90000" stroke-width="5389" threshold="182" text="to welcome Hitler&apos;s troops as tourists." ubs="-308" ubx="0" uby="946">
      <word id="b04-140-01-00" tag="TO" text="to">
        <cmp x="344" y="903" width="59" height="76" />
      </word>
      <word id="b04-140-01-01" tag="VB" text="welcome">
        <cmp x="470" y="905" width="293" height="86" />
      </word>
      <word id="b04-140-01-02" tag="NP$" text="Hitler&apos;s">
        <cmp x="860" y="902" width="208" height="92" />
        <cmp x="1073" y="912" width="11" height="29" />
        <cmp x="1116" y="947" width="22" height="37" />
      </word>
      <word id="b04-140-01-03" tag="NNS" text="troops">
        <cmp x="1208" y="919" width="138" height="76" />
        <cmp x="1351" y="952" width="69" height="81" />
      </word>
      <word id="b04-140-01-04" tag="IN" text="as">
        <cmp x="1490" y="950" width="74" height="41" />
      </word>
      <word id="b04-140-01-05" tag="NNS" text="tourists">
        <cmp x="1663" y="903" width="166" height="85" />
        <cmp x="1819" y="924" width="12" height="38" />
        <cmp x="1845" y="906" width="70" height="82" />
      </word>
      <word id="b04-140-01-06" tag="." text=".">
        <cmp x="1938" y="984" width="9" height="9" />
      </word>
      <upper-contour>
        <point x="354" y="871" />
        <point x="1948" y="871" />
      </upper-contour>
      <lower-contour>
        <point x="342" y="1033" />
        <point x="1948" y="1033" />
      </lower-contour>
    </line>
    <line ass="92" asx="0" asy="1053" character-width="999" dss="92" dsx="0" dsy="1280" fd0="12408" fd1="3156" fd2="71" filter-width="3" id="b04-140-02" lbs="189" lbx="0" lby="1172" segmentation="ok" slant="92000" stroke-width="5317" threshold="182" text="After the war he favoured a preventive war against" ubs="-100" ubx="0" uby="1133">
      <word id="b04-140-02-00" sentence-start="yes" tag="IN" text="After">
        <cmp x="328" y="1053" width="50" height="117" />
        <cmp x="372" y="1059" width="98" height="210" />
      </word>
      <word id="b04-140-02-01" tag="ATI" text="the">
        <cmp x="549" y="1090" width="86" height="87" />
      </word>
      <word id="b04-140-02-02" tag="NN" text="war">
        <cmp x="695" y="1127" width="117" height="59" />
      </word>
      <word id="b04-140-02-03" tag="PP3A" text="he">
        <cmp x="876" y="1104" width="53" height="80" />
      </word>
      <word id="b04-140-02-04" tag="VBD" text="favoured">
        <cmp x="1004" y="1056" width="294" height="224" />
      </word>
      <word id="b04-140-02-05" tag="AT" text="a">
        <cmp x="1352" y="1142" width="47" height="27" />
      </word>
      <word id="b04-140-02-06" tag="JJ" text="preventive">
        <cmp x="1450" y="1095" width="280" height="117" />
        <cmp x="1730" y="1130" width="65" height="46" />
      </word>
      <word id="b04-140-02-07" tag="NN" text="war">
        <cmp x="1835" y="1127" width="112" height="49" />
      </word>
      <word id="b04-140-02-08" tag="IN" text="against">
        <cmp x="1992" y="1132" width="141" height="90" />
        <cmp x="2132" y="1121" width="7" height="26" />
        <cmp x="2147" y="1141" width="69" height="39" />
        <cmp x="2223" y="1080" width="24" height="109" />
      </word>
      <upper-contour>
        <point x="342" y="1033" />
        <point x="1948" y="1033" />
      </upper-contour>
      <lower-contour>
        <point x="326" y="1216" />
        <point x="374" y="1269" />
        <point x="663" y="1227" />
        <point x="1005" y="1280" />
        <point x="1234" y="1222" />
        <point x="2248" y="1222" />
      </lower-contour>
    </line>
    <line ass="-96" asx="0" asy="1228" character-width="999" dss="-96" dsx="0" dsy="1355" fd0="12692" fd1="2240" fd2="-520" filter-width="3" id="b04-140-03" lbs="-126" lbx="0" lby="1336" segmentation="ok" slant="95000" stroke-width="5311" threshold="182" text="Russia. Now he wants Britain to demolish her" ubs="-36" ubx="0" uby="1308">
      <word id="b04-140-03-00" tag="NP" text="Russia">
        <cmp x="305" y="1231" width="201" height="112" />
        <cmp x="488" y="1290" width="67" height="56" />
      </word>
      <word id="b04-140-03-01" tag="." text=".">
        <cmp x="585" y="1347" width="10" height="9" />
      </word>
      <word id="b04-140-03-02" sentence-start="yes" tag="RN" text="Now">
        <cmp x="663" y="1230" width="71" height="120" />
        <cmp x="746" y="1299" width="138" height="56" />
      </word>
      <word id="b04-140-03-03" tag="PP3A" text="he">
        <cmp x="933" y="1261" width="75" height="74" />
      </word>
      <word id="b04-140-03-04" tag="VBZ" text="wants">
        <cmp x="1055" y="1266" width="240" height="80" />
      </word>
      <word id="b04-140-03-05" tag="NP" text="Britain">
        <cmp x="1378" y="1237" width="106" height="106" />
        <cmp x="1470" y="1269" width="10" height="23" />
        <cmp x="1499" y="1273" width="95" height="61" />
        <cmp x="1585" y="1292" width="64" height="45" />
      </word>
      <word id="b04-140-03-06" tag="TO" text="to">
        <cmp x="1700" y="1251" width="86" height="77" />
      </word>
      <word id="b04-140-03-07" tag="VB" text="demolish">
        <cmp x="1840" y="1283" width="144" height="56" />
        <cmp x="1983" y="1264" width="91" height="84" />
        <cmp x="2077" y="1301" width="44" height="54" />
        <cmp x="2130" y="1267" width="32" height="83" />
      </word>
      <word id="b04-140-03-08" tag="PP$" text="her">
        <cmp x="2208" y="1276" width="94" height="78" />
      </word>
      <upper-contour>
        <point x="326" y="1216" />
        <point x="374" y="1269" />
        <point x="663" y="1227" />
        <point x="1005" y="1280" />
        <point x="1234" y="1222" />
        <point x="2248" y="1222" />
      </upper-contour>
      <lower-contour>
        <point x="315" y="1356" />
        <point x="2152" y="1356" />
      </lower-contour>
    </line>
    <line ass="199" asx="0" asy="1435" character-width="999" dss="199" dsx="0" dsy="1619" fd0="12220" fd1="2861" fd2="-111" filter-width="3" id="b04-140-04" lbs="79" lbx="0" lby="1531" segmentation="ok" slant="90000" stroke-width="5338" threshold="182" text="defences. Throughout the years Lord Russell" ubs="440" ubx="0" uby="1510">
      <word id="b04-140-04-00" tag="NNS" text="defences">
        <cmp x="317" y="1434" width="281" height="144" />
      </word>
      <word id="b04-140-04-01" tag="." text=".">
        <cmp x="621" y="1516" width="11" height="6" />
      </word>
      <word id="b04-140-04-02" sentence-start="yes" tag="IN" text="Throughout">
        <cmp x="686" y="1438" width="82" height="40" />
        <cmp x="728" y="1469" width="12" height="71" />
        <cmp x="777" y="1448" width="404" height="149" />
      </word>
      <word id="b04-140-04-03" tag="ATI" text="the">
        <cmp x="1247" y="1456" width="94" height="89" />
      </word>
      <word id="b04-140-04-04" tag="NNS" text="years">
        <cmp x="1406" y="1489" width="191" height="127" />
      </word>
      <word id="b04-140-04-05" tag="NPT" text="Lord">
        <cmp x="1651" y="1442" width="177" height="99" />
      </word>
      <word id="b04-140-04-06" tag="NP" text="Russell">
        <cmp x="1874" y="1434" width="236" height="102" />
        <cmp x="2116" y="1438" width="35" height="92" />
      </word>
      <upper-contour>
        <point x="315" y="1356" />
        <point x="2152" y="1356" />
      </upper-contour>
      <lower-contour>
        <point x="315" y="1604" />
        <point x="1418" y="1616" />
        <point x="1500" y="1541" />
        <point x="2152" y="1541" />
      </lower-contour>
    </line>
    <line ass="174" asx="0" asy="1606" character-width="999" dss="174" dsx="0" dsy="1765" fd0="12472" fd1="2889" fd2="-131" filter-width="3" id="b04-140-05" lbs="132" lbx="0" lby="1696" segmentation="ok" slant="90000" stroke-width="5438" threshold="182" text="and his supporters have been able to pursue their" ubs="259" ubx="0" uby="1670">
      <word id="b04-140-05-00" tag="CC" text="and">
        <cmp x="312" y="1636" width="129" height="67" />
      </word>
      <word id="b04-140-05-01" tag="PP$" text="his">
        <cmp x="496" y="1625" width="62" height="79" />
        <cmp x="545" y="1649" width="42" height="66" />
      </word>
      <word id="b04-140-05-02" tag="NNS" text="supporters">
        <cmp x="660" y="1653" width="202" height="111" />
        <cmp x="869" y="1619" width="42" height="78" />
        <cmp x="912" y="1668" width="57" height="34" />
      </word>
      <word id="b04-140-05-03" tag="HV" text="have">
        <cmp x="1019" y="1616" width="134" height="69" />
      </word>
      <word id="b04-140-05-04" tag="BEN" text="been">
        <cmp x="1220" y="1605" width="174" height="85" />
      </word>
      <word id="b04-140-05-05" tag="JJ" text="able">
        <cmp x="1448" y="1655" width="45" height="29" />
        <cmp x="1496" y="1602" width="101" height="91" />
      </word>
      <word id="b04-140-05-06" tag="TO" text="to">
        <cmp x="1651" y="1602" width="70" height="84" />
      </word>
      <word id="b04-140-05-07" tag="VB" text="pursue">
        <cmp x="1750" y="1641" width="153" height="109" />
        <cmp x="1918" y="1661" width="118" height="47" />
      </word>
      <word id="b04-140-05-08" tag="PP$" text="their">
        <cmp x="2089" y="1617" width="131" height="88" />
        <cmp x="2213" y="1644" width="44" height="53" />
      </word>
      <upper-contour>
        <point x="315" y="1604" />
        <point x="1418" y="1616" />
        <point x="1500" y="1541" />
        <point x="2152" y="1541" />
      </upper-contour>
      <lower-contour>
        <point x="310" y="1764" />
        <point x="2258" y="1764" />
      </lower-contour>
    </line>
    <line ass="-4" asx="0" asy="1778" character-width="999" dss="-4" dsx="0" dsy="1951" fd0="12845" fd1="3081" fd2="-250" filter-width="3" id="b04-140-06" lbs="-91" lbx="0" lby="1877" segmentation="ok" slant="91000" stroke-width="5446" threshold="182" text="eccentric campaigns in freedom. They should" ubs="168" ubx="0" uby="1855">
      <word id="b04-140-06-00" tag="JJ" text="eccentric">
        <cmp x="295" y="1806" width="286" height="82" />
        <cmp x="555" y="1827" width="16" height="28" />
        <cmp x="586" y="1840" width="31" height="42" />
      </word>
      <word id="b04-140-06-01" tag="NNS" text="campaigns">
        <cmp x="686" y="1836" width="323" height="109" />
        <cmp x="996" y="1843" width="17" height="11" />
        <cmp x="1028" y="1846" width="127" height="77" />
      </word>
      <word id="b04-140-06-02" tag="IN" text="in">
        <cmp x="1232" y="1863" width="15" height="21" />
        <cmp x="1234" y="1832" width="66" height="52" />
      </word>
      <word id="b04-140-06-03" tag="NN" text="freedom">
        <cmp x="1378" y="1779" width="339" height="174" />
      </word>
      <word id="b04-140-06-04" tag="." text=".">
        <cmp x="1762" y="1893" width="8" height="8" />
      </word>
      <word id="b04-140-06-05" sentence-start="yes" tag="PP3AS" text="They">
        <cmp x="1831" y="1809" width="63" height="74" />
        <cmp x="1896" y="1796" width="115" height="140" />
      </word>
      <word id="b04-140-06-06" tag="MD" text="should">
        <cmp x="2043" y="1798" width="237" height="90" />
      </word>
      <upper-contour>
        <point x="310" y="1764" />
        <point x="2258" y="1764" />
      </upper-contour>
      <lower-contour>
        <point x="295" y="1953" />
        <point x="2271" y="1953" />
      </lower-contour>
    </line>
    <line ass="-471" asx="0" asy="1953" character-width="999" dss="-471" dsx="0" dsy="2108" fd0="12716" fd1="2349" fd2="-178" filter-width="3" id="b04-140-07" lbs="-433" lbx="0" lby="2043" segmentation="ok" slant="90000" stroke-width="5405" threshold="182" text="ask themselves this question: How long would" ubs="-546" ubx="0" uby="2010">
      <word id="b04-140-07-00" tag="VB" text="ask">
        <cmp x="297" y="1981" width="148" height="75" />
      </word>
      <word id="b04-140-07-01" tag="PPLS" text="themselves">
        <cmp x="481" y="1969" width="423" height="91" />
      </word>
      <word id="b04-140-07-02" tag="DT" text="this">
        <cmp x="982" y="1985" width="101" height="65" />
        <cmp x="1081" y="2023" width="30" height="31" />
      </word>
      <word id="b04-140-07-03" tag="NN" text="question">
        <cmp x="1173" y="1964" width="232" height="153" />
        <cmp x="1402" y="2004" width="6" height="11" />
        <cmp x="1423" y="2027" width="73" height="28" />
      </word>
      <word id="b04-140-07-04" tag=":" text=":">
        <cmp x="1538" y="2037" width="8" height="11" />
        <cmp x="1540" y="2019" width="5" height="14" />
      </word>
      <word id="b04-140-07-05" sentence-start="yes" tag="WRB" text="How">
        <cmp x="1641" y="1989" width="46" height="77" />
        <cmp x="1691" y="1978" width="151" height="89" />
        <cmp x="1842" y="2027" width="34" height="14" />
      </word>
      <word id="b04-140-07-06" tag="RB" text="long">
        <cmp x="1928" y="1988" width="129" height="138" />
      </word>
      <word id="b04-140-07-07" tag="MD" text="would">
        <cmp x="2087" y="1984" width="130" height="83" />
        <cmp x="2235" y="1992" width="35" height="74" />
      </word>
      <upper-contour>
        <point x="295" y="1953" />
        <point x="2271" y="1953" />
      </upper-contour>
      <lower-contour>
        <point x="317" y="2126" />
        <point x="2271" y="2126" />
      </lower-contour>
    </line>
    <line ass="-39" asx="0" asy="2147" character-width="999" dss="-39" dsx="0" dsy="2312" fd0="12285" fd1="2812" fd2="-269" filter-width="3" id="b04-140-08" lbs="-119" lbx="0" lby="2237" segmentation="ok" slant="90000" stroke-width="5296" threshold="182" text="that freedom last if their policies were adopted?" ubs="119" ubx="0" uby="2212">
      <word id="b04-140-08-00" tag="DT" text="that">
        <cmp x="319" y="2150" width="158" height="89" />
      </word>
      <word id="b04-140-08-01" tag="NN" text="freedom">
        <cmp x="549" y="2149" width="300" height="165" />
      </word>
      <word id="b04-140-08-02" tag="VB" text="last">
        <cmp x="897" y="2163" width="170" height="83" />
      </word>
      <word id="b04-140-08-03" tag="CS" text="if">
        <cmp x="1104" y="2229" width="8" height="24" />
        <cmp x="1133" y="2177" width="11" height="14" />
        <cmp x="1133" y="2169" width="46" height="138" />
      </word>
      <word id="b04-140-08-04" tag="PP$" text="their">
        <cmp x="1278" y="2166" width="145" height="82" />
        <cmp x="1408" y="2211" width="18" height="16" />
        <cmp x="1435" y="2220" width="20" height="38" />
      </word>
      <word id="b04-140-08-05" tag="NNS" text="policies">
        <cmp x="1517" y="2166" width="124" height="119" />
        <cmp x="1628" y="2197" width="36" height="23" />
        <cmp x="1659" y="2210" width="44" height="35" />
        <cmp x="1694" y="2198" width="74" height="49" />
      </word>
      <word id="b04-140-08-06" tag="BED" text="were">
        <cmp x="1865" y="2205" width="139" height="41" />
      </word>
      <word id="b04-140-08-07" tag="VBN" text="adopted">
        <cmp x="2056" y="2175" width="153" height="108" />
        <cmp x="2212" y="2185" width="3" height="6" />
        <cmp x="2215" y="2163" width="98" height="80" />
      </word>
      <word id="b04-140-08-08" tag="?" text="?">
        <cmp x="2335" y="2149" width="50" height="61" />
        <cmp x="2362" y="2233" width="7" height="14" />
      </word>
      <upper-contour>
        <point x="317" y="2126" />
        <point x="2271" y="2126" />
      </upper-contour>
    </line>
  </handwritten-part>
</form>

