<?xml version="1.0" encoding="ISO-8859-1"?>

<!DOCTYPE form SYSTEM 'http://www.iam.unibe.ch/~fki/iamdb/form-metadata.dtd'>

<form created="2002-01-14" height="3542" id="b04-187" last-modified="2002-07-17" skew="-127" status="final" version="3.0_beta" width="2479" writer-id="114">
  <machine-printed-part>
    <machine-print-line text="THE Palace cinema at Buckley, near Chester, will be reopened next week by Barry" />
    <machine-print-line text="Flanagan and Eric Platt, both aged 19. Eric says: &amp;quot;We believe in the cinema. And" />
    <machine-print-line text="we know what people want.&amp;quot; The combination of enthusiasm and shrewd anticipation" />
    <machine-print-line text="of public taste has launched many great enterprises. Barry and Eric have enthusiasm." />
    <machine-print-line text="They are backed by a resurgent film industry." />
  </machine-printed-part>
  <handwritten-part>
    <line ass="-240" asx="0" asy="714" character-width="999" dss="-240" dsx="0" dsy="857" fd0="13083" fd1="2807" fd2="-1247" filter-width="3" id="b04-187-00" lbs="-199" lbx="0" lby="792" segmentation="ok" slant="87999" stroke-width="4877" threshold="182" text="THE Palace cinema at Buckley, near Chester, will be" ubs="-322" ubx="0" uby="751">
      <word id="b04-187-00-00" sentence-start="yes" tag="ATI" text="THE">
        <cmp x="331" y="727" width="47" height="11" />
        <cmp x="351" y="744" width="10" height="57" />
        <cmp x="374" y="749" width="29" height="47" />
        <cmp x="416" y="739" width="29" height="50" />
        <cmp x="422" y="789" width="32" height="10" />
      </word>
      <word id="b04-187-00-01" tag="NP" text="Palace">
        <cmp x="521" y="725" width="37" height="66" />
        <cmp x="547" y="753" width="43" height="38" />
        <cmp x="587" y="730" width="63" height="69" />
        <cmp x="654" y="759" width="43" height="42" />
      </word>
      <word id="b04-187-00-02" tag="NN" text="cinema">
        <cmp x="735" y="750" width="35" height="47" />
        <cmp x="773" y="754" width="8" height="8" />
        <cmp x="778" y="750" width="66" height="43" />
        <cmp x="852" y="754" width="61" height="36" />
        <cmp x="918" y="756" width="44" height="36" />
      </word>
      <word id="b04-187-00-03" tag="IN" text="at">
        <cmp x="994" y="738" width="63" height="59" />
      </word>
      <word id="b04-187-00-04" tag="NP" text="Buckley">
        <cmp x="1097" y="732" width="86" height="72" />
        <cmp x="1184" y="764" width="25" height="34" />
        <cmp x="1212" y="736" width="12" height="63" />
        <cmp x="1220" y="764" width="22" height="29" />
        <cmp x="1251" y="731" width="70" height="133" />
      </word>
      <word id="b04-187-00-05" tag="," text=",">
        <cmp x="1343" y="802" width="6" height="22" />
      </word>
      <word id="b04-187-00-06" tag="IN" text="near">
        <cmp x="1382" y="744" width="142" height="63" />
      </word>
      <word id="b04-187-00-07" tag="NP" text="Chester">
        <cmp x="1573" y="721" width="72" height="75" />
        <cmp x="1650" y="759" width="26" height="41" />
        <cmp x="1676" y="755" width="25" height="47" />
        <cmp x="1702" y="727" width="64" height="70" />
      </word>
      <word id="b04-187-00-08" tag="," text=",">
        <cmp x="1794" y="798" width="5" height="22" />
      </word>
      <word id="b04-187-00-09" tag="MD" text="will">
        <cmp x="1850" y="747" width="46" height="57" />
        <cmp x="1907" y="781" width="5" height="15" />
        <cmp x="1913" y="740" width="6" height="4" />
        <cmp x="1920" y="729" width="54" height="67" />
      </word>
      <word id="b04-187-00-10" tag="BE" text="be">
        <cmp x="2020" y="724" width="34" height="73" />
        <cmp x="2058" y="773" width="22" height="30" />
      </word>
      <lower-contour>
        <point x="329" y="864" />
        <point x="1964" y="864" />
      </lower-contour>
    </line>
    <line ass="-255" asx="0" asy="891" character-width="999" dss="-255" dsx="0" dsy="1043" fd0="12941" fd1="2642" fd2="-1213" filter-width="3" id="b04-187-01" lbs="-192" lbx="0" lby="976" segmentation="ok" slant="87000" stroke-width="4972" threshold="182" text="reopened next week by Barry Flanagan and Eric" ubs="-381" ubx="0" uby="934">
      <word id="b04-187-01-00" tag="VBN" text="reopened">
        <cmp x="329" y="922" width="94" height="60" />
        <cmp x="427" y="911" width="64" height="104" />
        <cmp x="493" y="919" width="93" height="56" />
      </word>
      <word id="b04-187-01-01" tag="AP" text="next">
        <cmp x="633" y="929" width="104" height="53" />
        <cmp x="752" y="901" width="15" height="72" />
      </word>
      <word id="b04-187-01-02" tag="NN" text="week">
        <cmp x="815" y="929" width="43" height="56" />
        <cmp x="861" y="946" width="23" height="28" />
        <cmp x="885" y="947" width="24" height="27" />
        <cmp x="915" y="903" width="35" height="80" />
      </word>
      <word id="b04-187-01-03" tag="IN" text="by">
        <cmp x="1008" y="897" width="28" height="84" />
        <cmp x="1039" y="946" width="23" height="85" />
      </word>
      <word id="b04-187-01-04" tag="NP" text="Barry">
        <cmp x="1122" y="912" width="146" height="123" />
      </word>
      <word id="b04-187-01-05" tag="NP" text="Flanagan">
        <cmp x="1319" y="943" width="26" height="46" />
        <cmp x="1321" y="906" width="37" height="33" />
        <cmp x="1341" y="918" width="33" height="61" />
        <cmp x="1375" y="948" width="19" height="27" />
        <cmp x="1396" y="935" width="120" height="116" />
        <cmp x="1525" y="947" width="34" height="37" />
        <cmp x="1555" y="946" width="56" height="36" />
      </word>
      <word id="b04-187-01-06" tag="CC" text="and">
        <cmp x="1670" y="927" width="117" height="64" />
      </word>
      <word id="b04-187-01-07" tag="NP" text="Eric">
        <cmp x="1837" y="924" width="34" height="60" />
        <cmp x="1847" y="969" width="30" height="21" />
        <cmp x="1875" y="934" width="37" height="47" />
        <cmp x="1915" y="937" width="11" height="5" />
        <cmp x="1931" y="941" width="32" height="39" />
      </word>
      <upper-contour>
        <point x="329" y="864" />
        <point x="1964" y="864" />
      </upper-contour>
      <lower-contour>
        <point x="341" y="1051" />
        <point x="1964" y="1051" />
      </lower-contour>
    </line>
    <line ass="-48" asx="0" asy="1068" character-width="999" dss="-48" dsx="0" dsy="1228" fd0="13063" fd1="2970" fd2="-496" filter-width="3" id="b04-187-02" lbs="32" lbx="0" lby="1154" segmentation="ok" slant="87000" stroke-width="4965" threshold="182" text="Platt, both aged 19. Eric says: &amp;quot;We believe in the" ubs="-208" ubx="0" uby="1115">
      <word id="b04-187-02-00" tag="NP" text="Platt">
        <cmp x="343" y="1079" width="38" height="76" />
        <cmp x="366" y="1085" width="106" height="72" />
      </word>
      <word id="b04-187-02-01" tag="," text=",">
        <cmp x="512" y="1146" width="7" height="33" />
      </word>
      <word id="b04-187-02-02" tag="ABX" text="both">
        <cmp x="561" y="1070" width="33" height="85" />
        <cmp x="594" y="1127" width="23" height="27" />
        <cmp x="629" y="1080" width="47" height="69" />
      </word>
      <word id="b04-187-02-03" tag="JJ" text="aged">
        <cmp x="713" y="1116" width="64" height="111" />
        <cmp x="786" y="1087" width="57" height="64" />
      </word>
      <word id="b04-187-02-04" tag="CD" text="19">
        <cmp x="899" y="1106" width="10" height="56" />
        <cmp x="914" y="1105" width="29" height="55" />
      </word>
      <word id="b04-187-02-05" tag="." text=".">
        <cmp x="969" y="1151" width="8" height="8" />
      </word>
      <word id="b04-187-02-06" sentence-start="yes" tag="NP" text="Eric">
        <cmp x="1030" y="1089" width="28" height="68" />
        <cmp x="1040" y="1144" width="27" height="19" />
        <cmp x="1062" y="1110" width="44" height="47" />
        <cmp x="1106" y="1112" width="7" height="5" />
        <cmp x="1116" y="1122" width="22" height="34" />
      </word>
      <word id="b04-187-02-07" tag="VBZ" text="says">
        <cmp x="1172" y="1110" width="22" height="49" />
        <cmp x="1199" y="1120" width="63" height="111" />
        <cmp x="1269" y="1114" width="27" height="42" />
      </word>
      <word id="b04-187-02-08" tag=":" text=":">
        <cmp x="1323" y="1122" width="8" height="6" />
        <cmp x="1325" y="1144" width="6" height="6" />
      </word>
      <word id="b04-187-02-09" sentence-start="yes" tag="*&apos;" text="&quot;">
        <cmp x="1392" y="1088" width="4" height="19" />
        <cmp x="1399" y="1096" width="6" height="8" />
      </word>
      <word id="b04-187-02-10" tag="PP1AS" text="We">
        <cmp x="1439" y="1086" width="46" height="70" />
        <cmp x="1491" y="1119" width="22" height="31" />
      </word>
      <word id="b04-187-02-11" tag="VB" text="believe">
        <cmp x="1546" y="1079" width="33" height="74" />
        <cmp x="1582" y="1125" width="27" height="38" />
        <cmp x="1615" y="1081" width="42" height="84" />
        <cmp x="1664" y="1114" width="4" height="4" />
        <cmp x="1669" y="1124" width="57" height="35" />
        <cmp x="1737" y="1128" width="29" height="37" />
      </word>
      <word id="b04-187-02-12" tag="IN" text="in">
        <cmp x="1808" y="1119" width="57" height="39" />
        <cmp x="1837" y="1095" width="6" height="5" />
      </word>
      <word id="b04-187-02-13" tag="ATI" text="the">
        <cmp x="1927" y="1086" width="91" height="76" />
      </word>
      <upper-contour>
        <point x="341" y="1051" />
        <point x="1964" y="1051" />
      </upper-contour>
      <lower-contour>
        <point x="341" y="1231" />
        <point x="1882" y="1231" />
      </lower-contour>
    </line>
    <line ass="-594" asx="0" asy="1240" character-width="999" dss="-594" dsx="0" dsy="1376" fd0="13145" fd1="3014" fd2="-539" filter-width="3" id="b04-187-03" lbs="-675" lbx="0" lby="1318" segmentation="ok" slant="89000" stroke-width="4976" threshold="182" text="cinema. And we know what people want.&amp;quot; The" ubs="-430" ubx="0" uby="1292">
      <word id="b04-187-03-00" tag="NN" text="cinema">
        <cmp x="340" y="1276" width="33" height="56" />
        <cmp x="379" y="1284" width="7" height="4" />
        <cmp x="380" y="1288" width="76" height="45" />
        <cmp x="459" y="1284" width="66" height="51" />
        <cmp x="528" y="1302" width="22" height="21" />
        <cmp x="553" y="1321" width="15" height="9" />
      </word>
      <word id="b04-187-03-01" tag="." text=".">
        <cmp x="605" y="1326" width="6" height="5" />
      </word>
      <word id="b04-187-03-02" sentence-start="yes" tag="CC" text="And">
        <cmp x="659" y="1264" width="78" height="67" />
        <cmp x="742" y="1264" width="28" height="62" />
      </word>
      <word id="b04-187-03-03" tag="PP1AS" text="we">
        <cmp x="817" y="1289" width="42" height="46" />
        <cmp x="861" y="1300" width="26" height="29" />
      </word>
      <word id="b04-187-03-04" tag="VB" text="know">
        <cmp x="917" y="1250" width="104" height="87" />
        <cmp x="1024" y="1293" width="44" height="36" />
      </word>
      <word id="b04-187-03-05" tag="WDT" text="what">
        <cmp x="1107" y="1290" width="41" height="37" />
        <cmp x="1110" y="1280" width="5" height="10" />
        <cmp x="1157" y="1263" width="29" height="61" />
        <cmp x="1193" y="1301" width="20" height="22" />
        <cmp x="1217" y="1272" width="45" height="57" />
      </word>
      <word id="b04-187-03-06" tag="NNS" text="people">
        <cmp x="1290" y="1281" width="83" height="108" />
        <cmp x="1374" y="1285" width="82" height="107" />
      </word>
      <word id="b04-187-03-07" tag="VB" text="want">
        <cmp x="1486" y="1292" width="67" height="47" />
        <cmp x="1554" y="1328" width="14" height="9" />
        <cmp x="1569" y="1295" width="46" height="44" />
        <cmp x="1633" y="1270" width="24" height="78" />
      </word>
      <word id="b04-187-03-08" tag="." text=".">
        <cmp x="1676" y="1328" width="6" height="7" />
      </word>
      <word id="b04-187-03-09" tag="**&apos;" text="&quot;">
        <cmp x="1700" y="1261" width="6" height="15" />
        <cmp x="1709" y="1268" width="7" height="11" />
      </word>
      <word id="b04-187-03-10" sentence-start="yes" tag="ATI" text="The">
        <cmp x="1771" y="1266" width="70" height="73" />
        <cmp x="1792" y="1296" width="5" height="50" />
        <cmp x="1851" y="1306" width="30" height="38" />
      </word>
      <upper-contour>
        <point x="341" y="1231" />
        <point x="1882" y="1231" />
      </upper-contour>
      <lower-contour>
        <point x="338" y="1392" />
        <point x="1882" y="1392" />
      </lower-contour>
    </line>
    <line ass="-100" asx="0" asy="1426" character-width="999" dss="-100" dsx="0" dsy="1570" fd0="13440" fd1="3033" fd2="-1072" filter-width="3" id="b04-187-04" lbs="-117" lbx="0" lby="1504" segmentation="ok" slant="87999" stroke-width="4923" threshold="182" text="combination of enthusiasm and shrewd anticipation" ubs="-66" ubx="0" uby="1476">
      <word id="b04-187-04-00" tag="NN" text="combination">
        <cmp x="336" y="1453" width="109" height="72" />
        <cmp x="450" y="1444" width="29" height="55" />
        <cmp x="488" y="1478" width="5" height="21" />
        <cmp x="493" y="1450" width="8" height="9" />
        <cmp x="503" y="1455" width="123" height="63" />
        <cmp x="634" y="1491" width="5" height="22" />
        <cmp x="638" y="1467" width="10" height="7" />
        <cmp x="656" y="1476" width="69" height="35" />
      </word>
      <word id="b04-187-04-01" tag="INO" text="of">
        <cmp x="771" y="1478" width="25" height="35" />
        <cmp x="794" y="1429" width="34" height="143" />
      </word>
      <word id="b04-187-04-02" tag="NN" text="enthusiasm">
        <cmp x="867" y="1448" width="61" height="57" />
        <cmp x="936" y="1446" width="23" height="62" />
        <cmp x="966" y="1440" width="69" height="64" />
        <cmp x="1040" y="1470" width="43" height="46" />
        <cmp x="1080" y="1463" width="7" height="7" />
        <cmp x="1099" y="1478" width="21" height="31" />
        <cmp x="1121" y="1501" width="8" height="7" />
        <cmp x="1126" y="1470" width="23" height="49" />
        <cmp x="1157" y="1472" width="63" height="35" />
        <cmp x="1244" y="1437" width="4" height="6" />
      </word>
      <word id="b04-187-04-03" tag="CC" text="and">
        <cmp x="1266" y="1468" width="48" height="49" />
        <cmp x="1313" y="1442" width="65" height="72" />
      </word>
      <word id="b04-187-04-04" tag="JJ" text="shrewd">
        <cmp x="1427" y="1466" width="23" height="50" />
        <cmp x="1459" y="1457" width="16" height="51" />
        <cmp x="1488" y="1460" width="93" height="55" />
        <cmp x="1593" y="1448" width="32" height="68" />
      </word>
      <word id="b04-187-04-05" tag="NN" text="anticipation">
        <cmp x="1680" y="1471" width="83" height="41" />
        <cmp x="1776" y="1441" width="23" height="68" />
        <cmp x="1799" y="1493" width="5" height="17" />
        <cmp x="1804" y="1467" width="6" height="7" />
        <cmp x="1826" y="1476" width="38" height="37" />
        <cmp x="1865" y="1459" width="6" height="7" />
        <cmp x="1882" y="1464" width="56" height="103" />
        <cmp x="1936" y="1456" width="52" height="67" />
        <cmp x="1990" y="1502" width="5" height="15" />
        <cmp x="2006" y="1462" width="8" height="8" />
        <cmp x="2006" y="1483" width="76" height="39" />
      </word>
      <upper-contour>
        <point x="338" y="1392" />
        <point x="1882" y="1392" />
      </upper-contour>
      <lower-contour>
        <point x="334" y="1572" />
        <point x="1749" y="1572" />
      </lower-contour>
    </line>
    <line ass="-547" asx="0" asy="1596" character-width="999" dss="-547" dsx="0" dsy="1769" fd0="12790" fd1="2586" fd2="-946" filter-width="3" id="b04-187-05" lbs="-507" lbx="0" lby="1679" segmentation="ok" slant="90000" stroke-width="4977" threshold="182" text="of public taste has launched many great" ubs="-627" ubx="0" uby="1641">
      <word id="b04-187-05-00" tag="INO" text="of">
        <cmp x="333" y="1653" width="22" height="36" />
        <cmp x="360" y="1603" width="28" height="152" />
      </word>
      <word id="b04-187-05-01" tag="JJ" text="public">
        <cmp x="432" y="1614" width="77" height="129" />
        <cmp x="513" y="1609" width="30" height="66" />
        <cmp x="546" y="1623" width="40" height="60" />
        <cmp x="599" y="1635" width="7" height="6" />
        <cmp x="604" y="1650" width="31" height="37" />
      </word>
      <word id="b04-187-05-02" tag="NN" text="taste">
        <cmp x="681" y="1606" width="30" height="90" />
        <cmp x="702" y="1660" width="39" height="28" />
        <cmp x="743" y="1648" width="21" height="42" />
        <cmp x="764" y="1616" width="30" height="74" />
        <cmp x="788" y="1652" width="25" height="39" />
      </word>
      <word id="b04-187-05-03" tag="HVZ" text="has">
        <cmp x="880" y="1606" width="27" height="80" />
        <cmp x="910" y="1651" width="19" height="35" />
        <cmp x="926" y="1678" width="13" height="8" />
        <cmp x="945" y="1644" width="19" height="46" />
      </word>
      <word id="b04-187-05-04" tag="VBN" text="launched">
        <cmp x="1003" y="1605" width="145" height="89" />
        <cmp x="1155" y="1624" width="113" height="65" />
      </word>
      <word id="b04-187-05-05" tag="AP" text="many">
        <cmp x="1326" y="1631" width="74" height="74" />
        <cmp x="1402" y="1666" width="30" height="27" />
        <cmp x="1441" y="1647" width="91" height="122" />
      </word>
      <word id="b04-187-05-06" tag="JJ" text="great">
        <cmp x="1600" y="1659" width="32" height="125" />
        <cmp x="1639" y="1635" width="109" height="69" />
      </word>
      <upper-contour>
        <point x="334" y="1572" />
        <point x="1749" y="1572" />
      </upper-contour>
      <lower-contour>
        <point x="331" y="1784" />
        <point x="1749" y="1784" />
      </lower-contour>
    </line>
    <line ass="-520" asx="0" asy="1777" character-width="999" dss="-520" dsx="0" dsy="1923" fd0="13410" fd1="2981" fd2="-931" filter-width="3" id="b04-187-06" lbs="-555" lbx="0" lby="1855" segmentation="ok" slant="87999" stroke-width="4998" threshold="182" text="enterprises. Barry and Eric have enthusiasm. They" ubs="-450" ubx="0" uby="1826">
      <word id="b04-187-06-00" tag="NNS" text="enterprises">
        <cmp x="328" y="1803" width="60" height="64" />
        <cmp x="390" y="1797" width="76" height="65" />
        <cmp x="472" y="1805" width="80" height="89" />
        <cmp x="552" y="1819" width="7" height="7" />
        <cmp x="568" y="1824" width="41" height="38" />
        <cmp x="612" y="1823" width="17" height="44" />
      </word>
      <word id="b04-187-06-01" tag="." text=".">
        <cmp x="662" y="1864" width="5" height="4" />
      </word>
      <word id="b04-187-06-02" sentence-start="yes" tag="NP" text="Barry">
        <cmp x="727" y="1800" width="38" height="69" />
        <cmp x="772" y="1828" width="23" height="29" />
        <cmp x="793" y="1818" width="108" height="114" />
      </word>
      <word id="b04-187-06-03" tag="CC" text="and">
        <cmp x="939" y="1828" width="111" height="41" />
        <cmp x="1050" y="1810" width="8" height="55" />
      </word>
      <word id="b04-187-06-04" tag="NP" text="Eric">
        <cmp x="1110" y="1823" width="23" height="46" />
        <cmp x="1114" y="1803" width="23" height="20" />
        <cmp x="1119" y="1864" width="20" height="11" />
        <cmp x="1144" y="1823" width="41" height="48" />
        <cmp x="1189" y="1826" width="7" height="6" />
        <cmp x="1197" y="1834" width="27" height="40" />
      </word>
      <word id="b04-187-06-05" tag="HV" text="have">
        <cmp x="1273" y="1790" width="33" height="85" />
        <cmp x="1314" y="1839" width="69" height="32" />
        <cmp x="1394" y="1837" width="31" height="33" />
      </word>
      <word id="b04-187-06-06" tag="NN" text="enthusiasm">
        <cmp x="1458" y="1829" width="71" height="46" />
        <cmp x="1541" y="1806" width="17" height="58" />
        <cmp x="1573" y="1804" width="81" height="71" />
        <cmp x="1668" y="1827" width="43" height="53" />
        <cmp x="1715" y="1824" width="8" height="5" />
        <cmp x="1717" y="1849" width="40" height="26" />
        <cmp x="1756" y="1839" width="24" height="41" />
        <cmp x="1786" y="1820" width="78" height="58" />
      </word>
      <word id="b04-187-06-07" tag="." text=".">
        <cmp x="1887" y="1865" width="6" height="7" />
      </word>
      <word id="b04-187-06-08" sentence-start="yes" tag="PP3AS" text="They">
        <cmp x="1946" y="1798" width="44" height="11" />
        <cmp x="1969" y="1818" width="5" height="58" />
        <cmp x="1987" y="1807" width="30" height="64" />
        <cmp x="2031" y="1835" width="55" height="103" />
      </word>
      <upper-contour>
        <point x="331" y="1784" />
        <point x="1749" y="1784" />
      </upper-contour>
      <lower-contour>
        <point x="332" y="1932" />
        <point x="1882" y="1932" />
      </lower-contour>
    </line>
    <line ass="-362" asx="0" asy="1942" character-width="999" dss="-362" dsx="0" dsy="2125" fd0="13108" fd1="2576" fd2="-857" filter-width="3" id="b04-187-07" lbs="-243" lbx="0" lby="2044" segmentation="ok" slant="84000" stroke-width="4961" threshold="182" text="are backed by a resurgent film industry." ubs="-599" ubx="0" uby="2003">
      <word id="b04-187-07-00" tag="BER" text="are">
        <cmp x="334" y="1994" width="91" height="50" />
      </word>
      <word id="b04-187-07-01" tag="VBN" text="backed">
        <cmp x="469" y="1956" width="38" height="83" />
        <cmp x="510" y="1981" width="165" height="62" />
      </word>
      <word id="b04-187-07-02" tag="IN" text="by">
        <cmp x="746" y="1965" width="34" height="77" />
        <cmp x="785" y="2012" width="29" height="87" />
      </word>
      <word id="b04-187-07-03" tag="AT" text="a">
        <cmp x="874" y="2019" width="22" height="29" />
        <cmp x="895" y="2041" width="21" height="7" />
      </word>
      <word id="b04-187-07-04" tag="JJ" text="resurgent">
        <cmp x="977" y="1985" width="167" height="62" />
        <cmp x="1151" y="2009" width="33" height="117" />
        <cmp x="1195" y="2007" width="63" height="42" />
        <cmp x="1275" y="1989" width="25" height="67" />
      </word>
      <word id="b04-187-07-05" tag="NN" text="film">
        <cmp x="1352" y="1951" width="55" height="174" />
        <cmp x="1409" y="1989" width="34" height="57" />
        <cmp x="1448" y="2003" width="75" height="50" />
      </word>
      <word id="b04-187-07-06" tag="NN" text="industry">
        <cmp x="1573" y="1956" width="13" height="6" />
        <cmp x="1574" y="1979" width="137" height="80" />
        <cmp x="1719" y="2006" width="26" height="47" />
        <cmp x="1731" y="1986" width="125" height="152" />
      </word>
      <word id="b04-187-07-07" tag="." text=".">
        <cmp x="1869" y="2049" width="12" height="9" />
      </word>
      <upper-contour>
        <point x="332" y="1932" />
        <point x="1882" y="1932" />
      </upper-contour>
    </line>
  </handwritten-part>
</form>

