<?xml version="1.0" encoding="ISO-8859-1"?>

<!DOCTYPE form SYSTEM 'http://www.iam.unibe.ch/~fki/iamdb/form-metadata.dtd'>

<form created="2002-01-14" height="3542" id="b04-054" last-modified="2002-07-17" skew="-63" status="final" version="3.0_beta" width="2479" writer-id="109">
  <machine-printed-part>
    <machine-print-line text="ARCHBISHOP MAKARIOS puts the Commonwealth on trial. His ex-Eoka Govern-" />
    <machine-print-line text="ment decides that Cyprus will join it for five years. During this period Britain will" />
    <machine-print-line text="be expected to subsidise and defend the Cypriots. They will enjoy all the trading" />
    <machine-print-line text="benefits of Imperial Preference. It is a safe bet that at the end of five years Makarios" />
    <machine-print-line text="and company will sign on again." />
  </machine-printed-part>
  <handwritten-part>
    <line ass="-719" asx="0" asy="717" character-width="999" dss="-719" dsx="0" dsy="822" fd0="13159" fd1="2645" fd2="-1689" filter-width="3" id="b04-054-00" lbs="-473" lbx="0" lby="796" segmentation="ok" slant="89000" stroke-width="5445" threshold="186" text="ARCHBISHOP MAKARIOS puts the Commonwealth on trial." ubs="-1211" ubx="0" uby="741">
      <word id="b04-054-00-00" sentence-start="yes" tag="NPT" text="ARCHBISHOP">
        <cmp x="335" y="729" width="47" height="80" />
        <cmp x="388" y="729" width="73" height="70" />
        <cmp x="465" y="740" width="33" height="58" />
        <cmp x="501" y="739" width="44" height="60" />
        <cmp x="551" y="748" width="9" height="52" />
        <cmp x="571" y="747" width="31" height="49" />
        <cmp x="597" y="748" width="7" height="8" />
        <cmp x="616" y="745" width="32" height="52" />
        <cmp x="647" y="751" width="39" height="45" />
        <cmp x="693" y="746" width="33" height="53" />
        <cmp x="700" y="757" width="3" height="4" />
      </word>
      <word id="b04-054-00-01" tag="NP" text="MAKARIOS">
        <cmp x="773" y="763" width="13" height="44" />
        <cmp x="782" y="746" width="39" height="64" />
        <cmp x="821" y="744" width="31" height="63" />
        <cmp x="852" y="744" width="34" height="51" />
        <cmp x="878" y="745" width="37" height="63" />
        <cmp x="927" y="746" width="32" height="60" />
        <cmp x="974" y="759" width="8" height="45" />
        <cmp x="986" y="761" width="41" height="46" />
        <cmp x="1026" y="755" width="38" height="47" />
      </word>
      <word id="b04-054-00-02" tag="VBZ" text="puts">
        <cmp x="1109" y="777" width="25" height="59" />
        <cmp x="1137" y="783" width="26" height="30" />
        <cmp x="1164" y="748" width="43" height="61" />
      </word>
      <word id="b04-054-00-03" tag="ATI" text="the">
        <cmp x="1246" y="742" width="18" height="67" />
        <cmp x="1268" y="737" width="46" height="71" />
      </word>
      <word id="b04-054-00-04" tag="NN" text="Commonwealth">
        <cmp x="1374" y="757" width="59" height="57" />
        <cmp x="1394" y="784" width="26" height="27" />
        <cmp x="1421" y="786" width="38" height="24" />
        <cmp x="1462" y="787" width="37" height="22" />
        <cmp x="1504" y="782" width="36" height="26" />
        <cmp x="1545" y="782" width="30" height="24" />
        <cmp x="1587" y="780" width="106" height="27" />
        <cmp x="1700" y="750" width="9" height="62" />
        <cmp x="1718" y="758" width="18" height="46" />
        <cmp x="1741" y="742" width="20" height="68" />
      </word>
      <word id="b04-054-00-05" tag="IN" text="on">
        <cmp x="1807" y="781" width="34" height="32" />
        <cmp x="1847" y="791" width="25" height="20" />
      </word>
      <word id="b04-054-00-06" tag="NN" text="trial">
        <cmp x="1924" y="747" width="59" height="66" />
        <cmp x="1983" y="777" width="11" height="13" />
        <cmp x="1987" y="742" width="78" height="74" />
      </word>
      <word id="b04-054-00-07" tag="." text=".">
        <cmp x="2077" y="805" width="11" height="11" />
      </word>
      <lower-contour>
        <point x="333" y="836" />
        <point x="2089" y="836" />
      </lower-contour>
    </line>
    <line ass="158" asx="0" asy="919" character-width="999" dss="158" dsx="0" dsy="1022" fd0="13907" fd1="3242" fd2="-691" filter-width="3" id="b04-054-01" lbs="154" lbx="0" lby="989" segmentation="ok" slant="89000" stroke-width="5317" threshold="188" text="His ex-Eoka Government decides that Cyprus will join it for" ubs="166" ubx="0" uby="966">
      <word id="b04-054-01-00" sentence-start="yes" tag="PP$" text="His">
        <cmp x="333" y="920" width="32" height="67" />
        <cmp x="371" y="966" width="10" height="22" />
        <cmp x="374" y="944" width="7" height="5" />
        <cmp x="389" y="960" width="24" height="28" />
      </word>
      <word id="b04-054-01-01" tag="JJB" text="ex-Eoka">
        <cmp x="452" y="956" width="49" height="31" />
        <cmp x="517" y="969" width="21" height="6" />
        <cmp x="568" y="937" width="43" height="58" />
        <cmp x="596" y="961" width="29" height="29" />
        <cmp x="633" y="931" width="26" height="59" />
        <cmp x="661" y="956" width="27" height="26" />
      </word>
      <word id="b04-054-01-02" tag="NN" text="Government">
        <cmp x="738" y="931" width="45" height="55" />
        <cmp x="779" y="965" width="28" height="26" />
        <cmp x="809" y="957" width="49" height="34" />
        <cmp x="864" y="962" width="21" height="25" />
        <cmp x="887" y="964" width="28" height="23" />
        <cmp x="923" y="964" width="41" height="24" />
        <cmp x="968" y="959" width="56" height="28" />
        <cmp x="1034" y="925" width="19" height="61" />
      </word>
      <word id="b04-054-01-03" tag="VBZ" text="decides">
        <cmp x="1116" y="922" width="29" height="66" />
        <cmp x="1148" y="963" width="25" height="27" />
        <cmp x="1176" y="965" width="26" height="24" />
        <cmp x="1211" y="977" width="8" height="12" />
        <cmp x="1217" y="958" width="10" height="6" />
        <cmp x="1227" y="930" width="31" height="60" />
        <cmp x="1262" y="963" width="24" height="26" />
        <cmp x="1286" y="965" width="25" height="27" />
      </word>
      <word id="b04-054-01-04" tag="CS" text="that">
        <cmp x="1372" y="928" width="21" height="66" />
        <cmp x="1398" y="928" width="19" height="62" />
        <cmp x="1419" y="967" width="31" height="24" />
        <cmp x="1458" y="922" width="26" height="68" />
      </word>
      <word id="b04-054-01-05" tag="NP" text="Cyprus">
        <cmp x="1517" y="946" width="45" height="45" />
        <cmp x="1541" y="971" width="38" height="47" />
        <cmp x="1583" y="965" width="25" height="41" />
        <cmp x="1615" y="965" width="23" height="23" />
        <cmp x="1637" y="965" width="32" height="24" />
        <cmp x="1670" y="959" width="25" height="31" />
      </word>
      <word id="b04-054-01-06" tag="MD" text="will">
        <cmp x="1743" y="964" width="49" height="28" />
        <cmp x="1799" y="973" width="7" height="15" />
        <cmp x="1801" y="948" width="7" height="6" />
        <cmp x="1815" y="931" width="11" height="56" />
        <cmp x="1832" y="933" width="9" height="56" />
      </word>
      <word id="b04-054-01-07" tag="VB" text="join">
        <cmp x="1867" y="971" width="24" height="44" />
        <cmp x="1889" y="948" width="6" height="6" />
        <cmp x="1896" y="964" width="22" height="24" />
        <cmp x="1924" y="965" width="7" height="20" />
        <cmp x="1930" y="947" width="5" height="10" />
        <cmp x="1941" y="962" width="24" height="25" />
      </word>
      <word id="b04-054-01-08" tag="PP3" text="it">
        <cmp x="2004" y="966" width="6" height="17" />
        <cmp x="2007" y="946" width="6" height="6" />
        <cmp x="2024" y="925" width="18" height="55" />
      </word>
      <word id="b04-054-01-09" tag="IN" text="for">
        <cmp x="2069" y="931" width="47" height="57" />
        <cmp x="2121" y="964" width="23" height="22" />
      </word>
      <upper-contour>
        <point x="333" y="836" />
        <point x="2089" y="836" />
      </upper-contour>
      <lower-contour>
        <point x="331" y="1018" />
        <point x="2081" y="1018" />
      </lower-contour>
    </line>
    <line ass="-200" asx="0" asy="1092" character-width="999" dss="-200" dsx="0" dsy="1199" fd0="13515" fd1="3787" fd2="-411" filter-width="3" id="b04-054-02" lbs="-311" lbx="0" lby="1158" segmentation="ok" slant="83000" stroke-width="5342" threshold="186" text="five years. During this period Britain will be expected" ubs="21" ubx="0" uby="1141">
      <word id="b04-054-02-00" tag="CD" text="five">
        <cmp x="332" y="1095" width="31" height="73" />
        <cmp x="358" y="1147" width="7" height="22" />
        <cmp x="359" y="1127" width="5" height="7" />
        <cmp x="374" y="1142" width="26" height="23" />
        <cmp x="402" y="1137" width="28" height="30" />
      </word>
      <word id="b04-054-02-01" tag="NNS" text="years">
        <cmp x="484" y="1137" width="28" height="64" />
        <cmp x="510" y="1137" width="22" height="31" />
        <cmp x="531" y="1142" width="24" height="23" />
        <cmp x="563" y="1135" width="20" height="28" />
        <cmp x="580" y="1136" width="24" height="29" />
      </word>
      <word id="b04-054-02-02" tag="." text=".">
        <cmp x="626" y="1160" width="13" height="13" />
      </word>
      <word id="b04-054-02-03" sentence-start="yes" tag="IN" text="During">
        <cmp x="703" y="1106" width="67" height="62" />
        <cmp x="777" y="1141" width="22" height="25" />
        <cmp x="805" y="1142" width="6" height="22" />
        <cmp x="807" y="1127" width="5" height="9" />
        <cmp x="820" y="1144" width="23" height="21" />
        <cmp x="848" y="1140" width="27" height="59" />
      </word>
      <word id="b04-054-02-04" tag="DT" text="this">
        <cmp x="929" y="1106" width="20" height="65" />
        <cmp x="953" y="1111" width="45" height="61" />
        <cmp x="1000" y="1130" width="6" height="5" />
        <cmp x="1003" y="1142" width="23" height="27" />
        <cmp x="1022" y="1145" width="5" height="3" />
      </word>
      <word id="b04-054-02-05" tag="NN" text="period">
        <cmp x="1088" y="1132" width="56" height="71" />
        <cmp x="1149" y="1144" width="33" height="24" />
        <cmp x="1182" y="1132" width="13" height="13" />
        <cmp x="1190" y="1145" width="27" height="24" />
        <cmp x="1220" y="1114" width="26" height="56" />
      </word>
      <word id="b04-054-02-06" tag="NP" text="Britain">
        <cmp x="1310" y="1119" width="41" height="52" />
        <cmp x="1358" y="1144" width="37" height="27" />
        <cmp x="1406" y="1099" width="70" height="70" />
        <cmp x="1477" y="1129" width="6" height="6" />
        <cmp x="1487" y="1148" width="22" height="20" />
      </word>
      <word id="b04-054-02-07" tag="MD" text="will">
        <cmp x="1568" y="1139" width="52" height="30" />
        <cmp x="1626" y="1148" width="10" height="18" />
        <cmp x="1632" y="1125" width="5" height="6" />
        <cmp x="1647" y="1102" width="17" height="60" />
        <cmp x="1657" y="1107" width="15" height="56" />
      </word>
      <word id="b04-054-02-08" tag="BE" text="be">
        <cmp x="1713" y="1116" width="59" height="58" />
      </word>
      <word id="b04-054-02-09" tag="VBN" text="expected">
        <cmp x="1843" y="1136" width="62" height="35" />
        <cmp x="1900" y="1143" width="23" height="55" />
        <cmp x="1930" y="1142" width="30" height="26" />
        <cmp x="1961" y="1146" width="25" height="25" />
        <cmp x="1995" y="1101" width="45" height="65" />
        <cmp x="2045" y="1111" width="35" height="57" />
        <cmp x="2076" y="1106" width="3" height="5" />
      </word>
      <upper-contour>
        <point x="331" y="1018" />
        <point x="2081" y="1018" />
      </upper-contour>
      <lower-contour>
        <point x="330" y="1203" />
        <point x="2046" y="1203" />
      </lower-contour>
    </line>
    <line ass="-464" asx="0" asy="1262" character-width="999" dss="-464" dsx="0" dsy="1368" fd0="13648" fd1="3239" fd2="-736" filter-width="3" id="b04-054-03" lbs="-495" lbx="0" lby="1333" segmentation="ok" slant="86000" stroke-width="5248" threshold="182" text="to subsidise and defend the Cypriots. They will enjoy" ubs="-401" ubx="0" uby="1312">
      <word id="b04-054-03-00" tag="TO" text="to">
        <cmp x="323" y="1266" width="43" height="84" />
      </word>
      <word id="b04-054-03-01" tag="VB" text="subsidise">
        <cmp x="421" y="1307" width="29" height="33" />
        <cmp x="451" y="1320" width="30" height="23" />
        <cmp x="455" y="1314" width="3" height="3" />
        <cmp x="488" y="1279" width="28" height="64" />
        <cmp x="517" y="1317" width="26" height="27" />
        <cmp x="549" y="1329" width="7" height="13" />
        <cmp x="555" y="1295" width="6" height="9" />
        <cmp x="566" y="1285" width="31" height="56" />
        <cmp x="590" y="1281" width="4" height="3" />
        <cmp x="607" y="1324" width="7" height="21" />
        <cmp x="610" y="1301" width="6" height="7" />
        <cmp x="624" y="1313" width="26" height="32" />
        <cmp x="653" y="1314" width="29" height="31" />
      </word>
      <word id="b04-054-03-02" tag="CC" text="and">
        <cmp x="739" y="1314" width="28" height="28" />
        <cmp x="776" y="1320" width="31" height="22" />
        <cmp x="811" y="1319" width="25" height="25" />
        <cmp x="837" y="1287" width="7" height="55" />
      </word>
      <word id="b04-054-03-03" tag="VB" text="defend">
        <cmp x="900" y="1284" width="27" height="62" />
        <cmp x="929" y="1319" width="24" height="31" />
        <cmp x="964" y="1287" width="48" height="62" />
        <cmp x="1018" y="1328" width="28" height="19" />
        <cmp x="1020" y="1328" width="3" height="3" />
        <cmp x="1052" y="1294" width="31" height="52" />
      </word>
      <word id="b04-054-03-04" tag="ATI" text="the">
        <cmp x="1137" y="1287" width="16" height="56" />
        <cmp x="1164" y="1288" width="54" height="61" />
        <cmp x="1168" y="1284" width="4" height="3" />
      </word>
      <word id="b04-054-03-05" tag="NNPS" text="Cypriots">
        <cmp x="1280" y="1291" width="38" height="55" />
        <cmp x="1312" y="1327" width="11" height="13" />
        <cmp x="1312" y="1321" width="32" height="41" />
        <cmp x="1341" y="1319" width="34" height="60" />
        <cmp x="1383" y="1317" width="36" height="27" />
        <cmp x="1420" y="1315" width="5" height="3" />
        <cmp x="1427" y="1324" width="26" height="24" />
        <cmp x="1461" y="1281" width="24" height="70" />
        <cmp x="1486" y="1321" width="26" height="28" />
      </word>
      <word id="b04-054-03-06" tag="." text=".">
        <cmp x="1540" y="1346" width="6" height="8" />
      </word>
      <word id="b04-054-03-07" sentence-start="yes" tag="PP3AS" text="They">
        <cmp x="1593" y="1292" width="50" height="55" />
        <cmp x="1652" y="1285" width="83" height="86" />
      </word>
      <word id="b04-054-03-08" tag="MD" text="will">
        <cmp x="1775" y="1318" width="50" height="25" />
        <cmp x="1776" y="1319" width="5" height="6" />
        <cmp x="1829" y="1329" width="5" height="13" />
        <cmp x="1830" y="1298" width="8" height="6" />
        <cmp x="1844" y="1284" width="8" height="56" />
        <cmp x="1861" y="1287" width="8" height="52" />
      </word>
      <word id="b04-054-03-09" tag="VB" text="enjoy">
        <cmp x="1899" y="1312" width="26" height="35" />
        <cmp x="1931" y="1321" width="28" height="23" />
        <cmp x="1944" y="1317" width="26" height="52" />
        <cmp x="1969" y="1285" width="5" height="6" />
        <cmp x="1975" y="1291" width="4" height="4" />
        <cmp x="1977" y="1317" width="25" height="24" />
        <cmp x="2006" y="1315" width="37" height="62" />
        <cmp x="2042" y="1341" width="3" height="3" />
      </word>
      <upper-contour>
        <point x="330" y="1203" />
        <point x="2046" y="1203" />
      </upper-contour>
      <lower-contour>
        <point x="321" y="1379" />
        <point x="2023" y="1379" />
      </lower-contour>
    </line>
    <line ass="-235" asx="0" asy="1431" character-width="999" dss="-235" dsx="0" dsy="1561" fd0="12991" fd1="2943" fd2="-574" filter-width="3" id="b04-054-04" lbs="-189" lbx="0" lby="1520" segmentation="ok" slant="86000" stroke-width="5218" threshold="189" text="all the trading benefits of Imperial Preference. It is a" ubs="-328" ubx="0" uby="1489">
      <word id="b04-054-04-00" tag="ABN" text="all">
        <cmp x="311" y="1472" width="31" height="40" />
        <cmp x="343" y="1434" width="12" height="77" />
        <cmp x="357" y="1436" width="9" height="66" />
      </word>
      <word id="b04-054-04-01" tag="ATI" text="the">
        <cmp x="413" y="1445" width="18" height="79" />
        <cmp x="440" y="1442" width="22" height="81" />
        <cmp x="471" y="1487" width="22" height="34" />
      </word>
      <word id="b04-054-04-02" tag="NN" text="trading">
        <cmp x="538" y="1440" width="72" height="83" />
        <cmp x="615" y="1447" width="25" height="78" />
        <cmp x="643" y="1502" width="6" height="21" />
        <cmp x="663" y="1501" width="18" height="22" />
        <cmp x="688" y="1499" width="26" height="66" />
      </word>
      <word id="b04-054-04-03" tag="NNS" text="benefits">
        <cmp x="774" y="1461" width="25" height="72" />
        <cmp x="778" y="1456" width="4" height="3" />
        <cmp x="805" y="1497" width="23" height="32" />
        <cmp x="834" y="1497" width="55" height="30" />
        <cmp x="904" y="1457" width="33" height="73" />
        <cmp x="939" y="1485" width="6" height="5" />
        <cmp x="952" y="1450" width="40" height="75" />
      </word>
      <word id="b04-054-04-04" tag="INO" text="of">
        <cmp x="1060" y="1498" width="34" height="30" />
        <cmp x="1099" y="1467" width="28" height="64" />
      </word>
      <word id="b04-054-04-05" tag="JJ" text="Imperial">
        <cmp x="1170" y="1473" width="10" height="58" />
        <cmp x="1175" y="1467" width="5" height="4" />
        <cmp x="1189" y="1505" width="38" height="29" />
        <cmp x="1231" y="1503" width="29" height="61" />
        <cmp x="1264" y="1498" width="25" height="27" />
        <cmp x="1294" y="1504" width="32" height="24" />
        <cmp x="1325" y="1494" width="11" height="8" />
        <cmp x="1342" y="1506" width="37" height="27" />
        <cmp x="1388" y="1460" width="9" height="65" />
      </word>
      <word id="b04-054-04-06" tag="NN" text="Preference">
        <cmp x="1449" y="1458" width="42" height="75" />
        <cmp x="1488" y="1491" width="39" height="34" />
        <cmp x="1532" y="1451" width="44" height="72" />
        <cmp x="1583" y="1496" width="50" height="31" />
        <cmp x="1637" y="1504" width="30" height="24" />
        <cmp x="1676" y="1501" width="25" height="26" />
        <cmp x="1709" y="1501" width="32" height="26" />
      </word>
      <word id="b04-054-04-07" tag="." text=".">
        <cmp x="1782" y="1519" width="13" height="13" />
      </word>
      <word id="b04-054-04-08" sentence-start="yes" tag="PP3" text="It">
        <cmp x="1838" y="1468" width="10" height="60" />
        <cmp x="1853" y="1465" width="27" height="54" />
      </word>
      <word id="b04-054-04-09" tag="BEZ" text="is">
        <cmp x="1902" y="1505" width="6" height="24" />
        <cmp x="1906" y="1489" width="6" height="6" />
        <cmp x="1922" y="1497" width="22" height="32" />
      </word>
      <word id="b04-054-04-10" tag="AT" text="a">
        <cmp x="1994" y="1498" width="28" height="30" />
      </word>
      <upper-contour>
        <point x="321" y="1379" />
        <point x="2023" y="1379" />
      </upper-contour>
      <lower-contour>
        <point x="309" y="1565" />
        <point x="2023" y="1565" />
      </lower-contour>
    </line>
    <line ass="-248" asx="0" asy="1628" character-width="999" dss="-248" dsx="0" dsy="1742" fd0="13130" fd1="3044" fd2="-502" filter-width="3" id="b04-054-05" lbs="-218" lbx="0" lby="1702" segmentation="ok" slant="90000" stroke-width="5382" threshold="186" text="safe bet that at the end of five years Makarios and" ubs="-308" ubx="0" uby="1672">
      <word id="b04-054-05-00" tag="JJ" text="safe">
        <cmp x="311" y="1668" width="30" height="41" />
        <cmp x="339" y="1675" width="33" height="30" />
        <cmp x="377" y="1633" width="34" height="72" />
        <cmp x="400" y="1674" width="29" height="31" />
      </word>
      <word id="b04-054-05-01" tag="NN" text="bet">
        <cmp x="491" y="1640" width="84" height="66" />
      </word>
      <word id="b04-054-05-02" tag="CS" text="that">
        <cmp x="644" y="1644" width="23" height="64" />
        <cmp x="668" y="1643" width="57" height="65" />
        <cmp x="733" y="1634" width="21" height="70" />
      </word>
      <word id="b04-054-05-03" tag="IN" text="at">
        <cmp x="822" y="1677" width="30" height="28" />
        <cmp x="858" y="1637" width="19" height="62" />
      </word>
      <word id="b04-054-05-04" tag="ATI" text="the">
        <cmp x="915" y="1639" width="19" height="65" />
        <cmp x="934" y="1638" width="51" height="69" />
      </word>
      <word id="b04-054-05-05" tag="NN" text="end">
        <cmp x="1061" y="1674" width="62" height="34" />
        <cmp x="1128" y="1642" width="27" height="62" />
      </word>
      <word id="b04-054-05-06" tag="INO" text="of">
        <cmp x="1217" y="1676" width="23" height="29" />
        <cmp x="1253" y="1641" width="25" height="68" />
      </word>
      <word id="b04-054-05-07" tag="CD" text="five">
        <cmp x="1326" y="1641" width="37" height="76" />
        <cmp x="1358" y="1662" width="7" height="7" />
        <cmp x="1374" y="1684" width="29" height="24" />
        <cmp x="1411" y="1676" width="25" height="29" />
      </word>
      <word id="b04-054-05-08" tag="NNS" text="years">
        <cmp x="1474" y="1677" width="32" height="72" />
        <cmp x="1477" y="1681" width="5" height="3" />
        <cmp x="1512" y="1680" width="25" height="29" />
        <cmp x="1537" y="1682" width="30" height="26" />
        <cmp x="1575" y="1682" width="24" height="25" />
        <cmp x="1595" y="1678" width="30" height="32" />
      </word>
      <word id="b04-054-05-09" tag="NP" text="Makarios">
        <cmp x="1694" y="1654" width="14" height="55" />
        <cmp x="1704" y="1636" width="40" height="74" />
        <cmp x="1730" y="1683" width="31" height="30" />
        <cmp x="1774" y="1636" width="29" height="77" />
        <cmp x="1803" y="1681" width="33" height="32" />
        <cmp x="1847" y="1688" width="35" height="22" />
        <cmp x="1874" y="1662" width="7" height="6" />
        <cmp x="1894" y="1685" width="33" height="27" />
        <cmp x="1934" y="1681" width="25" height="31" />
      </word>
      <word id="b04-054-05-10" tag="CC" text="and">
        <cmp x="2020" y="1681" width="27" height="27" />
        <cmp x="2053" y="1685" width="27" height="23" />
        <cmp x="2085" y="1687" width="23" height="21" />
        <cmp x="2112" y="1649" width="7" height="56" />
      </word>
      <upper-contour>
        <point x="309" y="1565" />
        <point x="2023" y="1565" />
      </upper-contour>
      <lower-contour>
        <point x="309" y="1710" />
        <point x="1267" y="1710" />
      </lower-contour>
    </line>
    <line ass="-396" asx="0" asy="1816" character-width="999" dss="-396" dsx="0" dsy="1919" fd0="13819" fd1="2988" fd2="-963" filter-width="3" id="b04-054-06" lbs="-41" lbx="0" lby="1886" segmentation="ok" slant="83000" stroke-width="5383" threshold="186" text="company will sign on again." ubs="-1105" ubx="0" uby="1841">
      <word id="b04-054-06-00" tag="NN" text="company">
        <cmp x="310" y="1842" width="50" height="39" />
        <cmp x="367" y="1848" width="38" height="28" />
        <cmp x="409" y="1844" width="51" height="67" />
        <cmp x="466" y="1852" width="69" height="63" />
      </word>
      <word id="b04-054-06-01" tag="MD" text="will">
        <cmp x="608" y="1852" width="47" height="37" />
        <cmp x="658" y="1866" width="7" height="19" />
        <cmp x="664" y="1840" width="7" height="8" />
        <cmp x="677" y="1825" width="11" height="59" />
        <cmp x="692" y="1822" width="12" height="62" />
      </word>
      <word id="b04-054-06-02" tag="VB" text="sign">
        <cmp x="751" y="1850" width="29" height="37" />
        <cmp x="782" y="1869" width="6" height="16" />
        <cmp x="788" y="1841" width="13" height="15" />
        <cmp x="796" y="1862" width="26" height="59" />
        <cmp x="829" y="1862" width="26" height="25" />
      </word>
      <word id="b04-054-06-03" tag="RP" text="on">
        <cmp x="915" y="1853" width="27" height="33" />
        <cmp x="946" y="1864" width="26" height="23" />
      </word>
      <word id="b04-054-06-04" tag="RB" text="again">
        <cmp x="1030" y="1855" width="33" height="29" />
        <cmp x="1070" y="1859" width="31" height="68" />
        <cmp x="1107" y="1860" width="59" height="33" />
        <cmp x="1169" y="1843" width="5" height="10" />
        <cmp x="1179" y="1862" width="29" height="28" />
      </word>
      <word id="b04-054-06-05" tag="." text=".">
        <cmp x="1256" y="1875" width="10" height="11" />
      </word>
      <upper-contour>
        <point x="309" y="1710" />
        <point x="1267" y="1710" />
      </upper-contour>
    </line>
  </handwritten-part>
</form>

