<?xml version="1.0" encoding="ISO-8859-1"?>

<!DOCTYPE form SYSTEM 'http://www.iam.unibe.ch/~fki/iamdb/form-metadata.dtd'>

<form created="2002-01-14" height="3542" id="b04-134" last-modified="2002-07-24" skew="-95" status="final" version="3.0_beta" width="2479" writer-id="112">
  <machine-printed-part>
    <machine-print-line text="For expansion today means still greater prosperity tomorrow. BERTRAND RUS-" />
    <machine-print-line text="SELL, the 88-year-old standard bearer of the Ban-the-Bomb crusade, has a devoted" />
    <machine-print-line text="following. Thousands march with him - and sit with him too. It is said by some that" />
    <machine-print-line text="he is a saint; by others that he is a prophet. He is, in fact, a philosopher with a highly" />
    <machine-print-line text="developed sense of publicity who has been spectacularly wrong on the great issues of" />
    <machine-print-line text="our time." />
  </machine-printed-part>
  <handwritten-part>
    <line ass="515" asx="0" asy="722" character-width="999" dss="515" dsx="0" dsy="883" fd0="13005" fd1="2245" fd2="-600" filter-width="3" id="b04-134-00" lbs="535" lbx="0" lby="811" segmentation="ok" slant="91000" stroke-width="5223" threshold="182" text="For expansion today means still greater" ubs="475" ubx="0" uby="785">
      <word id="b04-134-00-00" sentence-start="yes" tag="CS" text="For">
        <cmp x="364" y="719" width="71" height="85" />
        <cmp x="406" y="769" width="61" height="36" />
      </word>
      <word id="b04-134-00-01" tag="NN" text="expansion">
        <cmp x="548" y="767" width="273" height="85" />
        <cmp x="814" y="754" width="5" height="4" />
        <cmp x="820" y="758" width="3" height="3" />
        <cmp x="846" y="776" width="66" height="32" />
      </word>
      <word id="b04-134-00-02" tag="NR" text="today">
        <cmp x="1005" y="726" width="54" height="82" />
        <cmp x="1079" y="729" width="104" height="145" />
      </word>
      <word id="b04-134-00-03" tag="VBZ" text="means">
        <cmp x="1275" y="764" width="225" height="43" />
      </word>
      <word id="b04-134-00-04" tag="RB" text="still">
        <cmp x="1582" y="771" width="24" height="37" />
        <cmp x="1613" y="726" width="51" height="81" />
        <cmp x="1672" y="730" width="55" height="71" />
      </word>
      <word id="b04-134-00-05" tag="JJR" text="greater">
        <cmp x="1817" y="748" width="228" height="102" />
      </word>
      <lower-contour>
        <point x="362" y="874" />
        <point x="2046" y="874" />
      </lower-contour>
    </line>
    <line ass="984" asx="0" asy="916" character-width="999" dss="984" dsx="0" dsy="1055" fd0="12439" fd1="1956" fd2="-2140" filter-width="3" id="b04-134-01" lbs="751" lbx="0" lby="1007" segmentation="ok" slant="90000" stroke-width="5406" threshold="182" text="prosperity tomorrow. BERTRAND RUSSELL," ubs="1449" ubx="0" uby="979">
      <word id="b04-134-01-00" tag="NN" text="prosperity">
        <cmp x="337" y="941" width="99" height="103" />
        <cmp x="443" y="953" width="138" height="94" />
        <cmp x="573" y="937" width="13" height="10" />
        <cmp x="609" y="912" width="66" height="134" />
      </word>
      <word id="b04-134-01-01" tag="NR" text="tomorrow">
        <cmp x="764" y="925" width="356" height="69" />
      </word>
      <word id="b04-134-01-02" tag="." text=".">
        <cmp x="1133" y="998" width="7" height="8" />
      </word>
      <word id="b04-134-01-03" sentence-start="yes" tag="NP" text="BERTRAND">
        <cmp x="1259" y="894" width="85" height="98" />
        <cmp x="1345" y="903" width="52" height="85" />
        <cmp x="1394" y="896" width="52" height="95" />
        <cmp x="1451" y="905" width="71" height="13" />
        <cmp x="1471" y="918" width="14" height="78" />
        <cmp x="1514" y="901" width="47" height="96" />
        <cmp x="1567" y="911" width="54" height="91" />
        <cmp x="1623" y="906" width="61" height="99" />
        <cmp x="1699" y="892" width="62" height="97" />
      </word>
      <word id="b04-134-01-04" tag="NP" text="RUSSELL">
        <cmp x="1846" y="892" width="48" height="104" />
        <cmp x="1895" y="899" width="60" height="91" />
        <cmp x="1951" y="898" width="74" height="93" />
        <cmp x="2004" y="916" width="5" height="6" />
        <cmp x="2031" y="907" width="36" height="84" />
        <cmp x="2048" y="899" width="46" height="15" />
        <cmp x="2085" y="897" width="83" height="96" />
      </word>
      <word id="b04-134-01-05" tag="," text=",">
        <cmp x="2168" y="986" width="26" height="32" />
      </word>
      <upper-contour>
        <point x="362" y="874" />
        <point x="2046" y="874" />
      </upper-contour>
      <lower-contour>
        <point x="344" y="1048" />
        <point x="2123" y="1048" />
      </lower-contour>
    </line>
    <line ass="-413" asx="0" asy="1068" character-width="999" dss="-413" dsx="0" dsy="1252" fd0="12200" fd1="1931" fd2="-956" filter-width="3" id="b04-134-02" lbs="-360" lbx="0" lby="1160" segmentation="ok" slant="90000" stroke-width="5456" threshold="182" text="the 88-year-old standard bearer of the Ban-" ubs="-519" ubx="0" uby="1127">
      <word id="b04-134-02-00" tag="ATI" text="the">
        <cmp x="346" y="1077" width="78" height="90" />
      </word>
      <word id="b04-134-02-01" tag="JJB" text="88-year-old">
        <cmp x="479" y="1097" width="29" height="58" />
        <cmp x="518" y="1081" width="32" height="80" />
        <cmp x="566" y="1134" width="49" height="12" />
        <cmp x="625" y="1120" width="131" height="137" />
        <cmp x="767" y="1143" width="33" height="12" />
        <cmp x="826" y="1075" width="105" height="99" />
      </word>
      <word id="b04-134-02-02" tag="NN" text="standard">
        <cmp x="994" y="1119" width="25" height="48" />
        <cmp x="1022" y="1078" width="279" height="96" />
      </word>
      <word id="b04-134-02-03" tag="NN" text="bearer">
        <cmp x="1380" y="1087" width="208" height="90" />
      </word>
      <word id="b04-134-02-04" tag="INO" text="of">
        <cmp x="1637" y="1095" width="66" height="159" />
      </word>
      <word id="b04-134-02-05" tag="ATI" text="the">
        <cmp x="1759" y="1091" width="104" height="87" />
      </word>
      <word id="b04-134-02-06" tag="JJB--" text="Ban-">
        <cmp x="1906" y="1102" width="151" height="85" />
        <cmp x="2081" y="1146" width="41" height="7" />
      </word>
      <upper-contour>
        <point x="344" y="1048" />
        <point x="2123" y="1048" />
      </upper-contour>
      <lower-contour>
        <point x="344" y="1258" />
        <point x="1959" y="1258" />
      </lower-contour>
    </line>
    <line ass="-13" asx="0" asy="1267" character-width="999" dss="-13" dsx="0" dsy="1428" fd0="12363" fd1="2703" fd2="-456" filter-width="3" id="b04-134-03" lbs="-28" lbx="0" lby="1351" segmentation="ok" slant="89000" stroke-width="5425" threshold="182" text="the-Bomb crusade, has devoted following." ubs="17" ubx="0" uby="1320">
      <word id="b04-134-03-00" tag="-JJB" text="the-Bomb">
        <cmp x="343" y="1273" width="72" height="71" />
        <cmp x="439" y="1318" width="35" height="12" />
        <cmp x="496" y="1268" width="131" height="89" />
        <cmp x="640" y="1289" width="36" height="61" />
      </word>
      <word id="b04-134-03-01" tag="NN" text="crusade">
        <cmp x="750" y="1281" width="285" height="86" />
      </word>
      <word id="b04-134-03-02" tag="," text=",">
        <cmp x="1078" y="1347" width="12" height="37" />
      </word>
      <word id="b04-134-03-03" tag="HVZ" text="has">
        <cmp x="1133" y="1280" width="104" height="72" />
      </word>
      <word id="b04-134-03-04" tag="JJ" text="devoted">
        <cmp x="1296" y="1289" width="126" height="66" />
        <cmp x="1431" y="1277" width="91" height="78" />
      </word>
      <word id="b04-134-03-05" tag="NN" text="following">
        <cmp x="1569" y="1268" width="237" height="156" />
        <cmp x="1795" y="1297" width="9" height="7" />
        <cmp x="1814" y="1323" width="94" height="107" />
      </word>
      <word id="b04-134-03-06" tag="." text=".">
        <cmp x="1944" y="1347" width="14" height="15" />
      </word>
      <upper-contour>
        <point x="344" y="1258" />
        <point x="1959" y="1258" />
      </upper-contour>
      <lower-contour>
        <point x="341" y="1429" />
        <point x="1959" y="1429" />
      </lower-contour>
    </line>
    <line ass="-224" asx="0" asy="1440" character-width="999" dss="-224" dsx="0" dsy="1548" fd0="12870" fd1="2830" fd2="173" filter-width="3" id="b04-134-04" lbs="-180" lbx="0" lby="1535" segmentation="ok" slant="90000" stroke-width="5352" threshold="182" text="Thousands march with him - and sit with him" ubs="-311" ubx="0" uby="1504">
      <word id="b04-134-04-00" sentence-start="yes" tag="CDS" text="Thousands">
        <cmp x="317" y="1450" width="49" height="83" />
        <cmp x="369" y="1442" width="319" height="109" />
      </word>
      <word id="b04-134-04-01" tag="VB" text="march">
        <cmp x="751" y="1461" width="229" height="81" />
      </word>
      <word id="b04-134-04-02" tag="IN" text="with">
        <cmp x="1038" y="1506" width="58" height="32" />
        <cmp x="1093" y="1514" width="18" height="17" />
        <cmp x="1115" y="1459" width="101" height="90" />
      </word>
      <word id="b04-134-04-03" tag="PP3O" text="him">
        <cmp x="1261" y="1463" width="72" height="72" />
        <cmp x="1313" y="1478" width="11" height="13" />
        <cmp x="1347" y="1500" width="90" height="44" />
      </word>
      <word id="b04-134-04-04" tag="*-" text="-">
        <cmp x="1471" y="1521" width="44" height="14" />
      </word>
      <word id="b04-134-04-05" tag="CC" text="and">
        <cmp x="1554" y="1472" width="165" height="73" />
      </word>
      <word id="b04-134-04-06" tag="VB" text="sit">
        <cmp x="1758" y="1505" width="39" height="39" />
        <cmp x="1785" y="1454" width="47" height="101" />
      </word>
      <word id="b04-134-04-07" tag="IN" text="with">
        <cmp x="1897" y="1506" width="75" height="38" />
        <cmp x="1966" y="1459" width="8" height="27" />
        <cmp x="1988" y="1459" width="64" height="87" />
      </word>
      <word id="b04-134-04-08" tag="PP3O" text="him">
        <cmp x="2097" y="1468" width="64" height="73" />
        <cmp x="2157" y="1480" width="91" height="67" />
      </word>
      <upper-contour>
        <point x="341" y="1429" />
        <point x="1959" y="1429" />
      </upper-contour>
      <lower-contour>
        <point x="315" y="1555" />
        <point x="2221" y="1555" />
      </lower-contour>
    </line>
    <line ass="-241" asx="0" asy="1614" character-width="999" dss="-241" dsx="0" dsy="1770" fd0="12619" fd1="2907" fd2="16" filter-width="3" id="b04-134-05" lbs="-182" lbx="0" lby="1704" segmentation="ok" slant="90000" stroke-width="5403" threshold="182" text="too. It is said by some that he is a saint; by" ubs="-361" ubx="0" uby="1663">
      <word id="b04-134-05-00" tag="RB" text="too">
        <cmp x="315" y="1628" width="87" height="77" />
      </word>
      <word id="b04-134-05-01" tag="." text=".">
        <cmp x="415" y="1699" width="10" height="9" />
      </word>
      <word id="b04-134-05-02" sentence-start="yes" tag="PP3" text="It">
        <cmp x="508" y="1636" width="42" height="78" />
        <cmp x="564" y="1633" width="24" height="76" />
      </word>
      <word id="b04-134-05-03" tag="BEZ" text="is">
        <cmp x="638" y="1661" width="28" height="45" />
      </word>
      <word id="b04-134-05-04" tag="VBN" text="said">
        <cmp x="724" y="1664" width="113" height="44" />
        <cmp x="815" y="1619" width="67" height="89" />
      </word>
      <word id="b04-134-05-05" tag="IN" text="by">
        <cmp x="933" y="1639" width="90" height="122" />
      </word>
      <word id="b04-134-05-06" tag="DTI" text="some">
        <cmp x="1071" y="1665" width="177" height="53" />
      </word>
      <word id="b04-134-05-07" tag="CS" text="that">
        <cmp x="1308" y="1620" width="175" height="100" />
      </word>
      <word id="b04-134-05-08" tag="PP3A" text="he">
        <cmp x="1538" y="1625" width="67" height="89" />
      </word>
      <word id="b04-134-05-09" tag="BEZ" text="is">
        <cmp x="1667" y="1671" width="14" height="32" />
        <cmp x="1678" y="1663" width="46" height="54" />
      </word>
      <word id="b04-134-05-10" tag="AT" text="a">
        <cmp x="1756" y="1675" width="44" height="34" />
        <cmp x="1773" y="1685" width="5" height="3" />
      </word>
      <word id="b04-134-05-11" tag="NN" text="saint">
        <cmp x="1836" y="1658" width="88" height="62" />
        <cmp x="1919" y="1646" width="104" height="68" />
      </word>
      <word id="b04-134-05-12" tag=";" text=";">
        <cmp x="2041" y="1712" width="16" height="35" />
        <cmp x="2056" y="1682" width="9" height="17" />
      </word>
      <word id="b04-134-05-13" tag="IN" text="by">
        <cmp x="2138" y="1641" width="82" height="140" />
      </word>
      <upper-contour>
        <point x="315" y="1555" />
        <point x="2221" y="1555" />
      </upper-contour>
      <lower-contour>
        <point x="313" y="1761" />
        <point x="2162" y="1761" />
      </lower-contour>
    </line>
    <line ass="-313" asx="0" asy="1780" character-width="999" dss="-313" dsx="0" dsy="1932" fd0="12658" fd1="2661" fd2="135" filter-width="3" id="b04-134-06" lbs="-252" lbx="0" lby="1878" segmentation="ok" slant="90000" stroke-width="5640" threshold="182" text="others that he is a prophet. He is, in fact, a" ubs="-435" ubx="0" uby="1837">
      <word id="b04-134-06-00" tag="APS" text="others">
        <cmp x="299" y="1782" width="151" height="119" />
      </word>
      <word id="b04-134-06-01" tag="CS" text="that">
        <cmp x="578" y="1806" width="153" height="89" />
      </word>
      <word id="b04-134-06-02" tag="PP3A" text="he">
        <cmp x="791" y="1804" width="53" height="75" />
      </word>
      <word id="b04-134-06-03" tag="BEZ" text="is">
        <cmp x="894" y="1805" width="28" height="20" />
        <cmp x="900" y="1833" width="15" height="43" />
        <cmp x="920" y="1832" width="26" height="42" />
      </word>
      <word id="b04-134-06-04" tag="AT" text="a">
        <cmp x="1024" y="1835" width="37" height="45" />
      </word>
      <word id="b04-134-06-05" tag="NN" text="prophet">
        <cmp x="1111" y="1793" width="265" height="147" />
      </word>
      <word id="b04-134-06-06" tag="." text=".">
        <cmp x="1404" y="1874" width="6" height="9" />
      </word>
      <word id="b04-134-06-07" sentence-start="yes" tag="PP3A" text="He">
        <cmp x="1513" y="1797" width="77" height="82" />
      </word>
      <word id="b04-134-06-08" tag="BEZ" text="is">
        <cmp x="1635" y="1850" width="24" height="29" />
        <cmp x="1656" y="1822" width="35" height="63" />
      </word>
      <word id="b04-134-06-09" tag="," text=",">
        <cmp x="1725" y="1870" width="23" height="54" />
      </word>
      <word id="b04-134-06-10" tag="IN" text="in">
        <cmp x="1788" y="1853" width="14" height="38" />
        <cmp x="1803" y="1822" width="59" height="64" />
      </word>
      <word id="b04-134-06-11" tag="NN" text="fact">
        <cmp x="1922" y="1807" width="140" height="136" />
      </word>
      <word id="b04-134-06-12" tag="," text=",">
        <cmp x="2065" y="1891" width="20" height="31" />
      </word>
      <word id="b04-134-06-13" tag="AT" text="a">
        <cmp x="2114" y="1860" width="47" height="28" />
      </word>
      <upper-contour>
        <point x="313" y="1761" />
        <point x="2162" y="1761" />
      </upper-contour>
      <lower-contour>
        <point x="306" y="1942" />
        <point x="2162" y="1942" />
      </lower-contour>
    </line>
    <line ass="-178" asx="0" asy="1968" character-width="999" dss="-178" dsx="0" dsy="2149" fd0="12380" fd1="2201" fd2="-1003" filter-width="3" id="b04-134-07" lbs="-133" lbx="0" lby="2056" segmentation="ok" slant="90000" stroke-width="5354" threshold="182" text="philosopher with a highly developed sense of publicity" ubs="-269" ubx="0" uby="2023">
      <word id="b04-134-07-00" tag="NN" text="philosopher">
        <cmp x="308" y="1972" width="103" height="107" />
        <cmp x="391" y="1990" width="10" height="13" />
        <cmp x="419" y="1972" width="118" height="92" />
        <cmp x="543" y="2028" width="37" height="75" />
        <cmp x="579" y="1985" width="96" height="75" />
      </word>
      <word id="b04-134-07-01" tag="IN" text="with">
        <cmp x="697" y="2030" width="80" height="28" />
        <cmp x="767" y="1992" width="11" height="24" />
        <cmp x="780" y="1974" width="86" height="100" />
      </word>
      <word id="b04-134-07-02" tag="AT" text="a">
        <cmp x="901" y="2031" width="43" height="28" />
      </word>
      <word id="b04-134-07-03" tag="RB" text="highly">
        <cmp x="989" y="1983" width="65" height="76" />
        <cmp x="1047" y="1977" width="191" height="152" />
      </word>
      <word id="b04-134-07-04" tag="JJ" text="developed">
        <cmp x="1282" y="1973" width="385" height="137" />
      </word>
      <word id="b04-134-07-05" tag="NN" text="sense">
        <cmp x="1718" y="2019" width="194" height="53" />
      </word>
      <word id="b04-134-07-06" tag="INO" text="of">
        <cmp x="1961" y="1983" width="70" height="167" />
      </word>
      <word id="b04-134-07-07" tag="NN" text="publicity">
        <cmp x="2068" y="2031" width="48" height="89" />
        <cmp x="2120" y="2040" width="42" height="27" />
        <cmp x="2159" y="1992" width="54" height="78" />
        <cmp x="2215" y="2040" width="80" height="33" />
        <cmp x="2228" y="1995" width="13" height="32" />
        <cmp x="2284" y="2009" width="10" height="41" />
        <cmp x="2298" y="1988" width="68" height="170" />
      </word>
      <upper-contour>
        <point x="306" y="1942" />
        <point x="2162" y="1942" />
      </upper-contour>
      <lower-contour>
        <point x="318" y="2149" />
        <point x="2242" y="2149" />
      </lower-contour>
    </line>
    <line ass="-833" asx="0" asy="2147" character-width="999" dss="-833" dsx="0" dsy="2305" fd0="12546" fd1="2607" fd2="-586" filter-width="3" id="b04-134-08" lbs="-814" lbx="0" lby="2230" segmentation="ok" slant="90000" stroke-width="5432" threshold="182" text="who has been spectacularly wrong on the great" ubs="-873" ubx="0" uby="2200">
      <word id="b04-134-08-00" tag="WP" text="who">
        <cmp x="320" y="2162" width="110" height="88" />
      </word>
      <word id="b04-134-08-01" tag="HVZ" text="has">
        <cmp x="486" y="2162" width="111" height="79" />
      </word>
      <word id="b04-134-08-02" tag="BEN" text="been">
        <cmp x="662" y="2162" width="175" height="85" />
      </word>
      <word id="b04-134-08-03" tag="RB" text="spectacularly">
        <cmp x="891" y="2169" width="219" height="137" />
        <cmp x="1121" y="2166" width="273" height="160" />
      </word>
      <word id="b04-134-08-04" tag="JJ" text="wrong">
        <cmp x="1484" y="2207" width="177" height="106" />
      </word>
      <word id="b04-134-08-05" tag="IN" text="on">
        <cmp x="1735" y="2223" width="82" height="31" />
      </word>
      <word id="b04-134-08-06" tag="ATI" text="the">
        <cmp x="1876" y="2175" width="85" height="80" />
      </word>
      <word id="b04-134-08-07" tag="JJ" text="great">
        <cmp x="2042" y="2191" width="199" height="104" />
      </word>
      <upper-contour>
        <point x="318" y="2149" />
        <point x="2242" y="2149" />
      </upper-contour>
      <lower-contour>
        <point x="356" y="2306" />
        <point x="1229" y="2306" />
      </lower-contour>
    </line>
    <line ass="-637" asx="0" asy="2324" character-width="999" dss="-637" dsx="0" dsy="2461" fd0="13321" fd1="2998" fd2="195" filter-width="3" id="b04-134-09" lbs="-629" lbx="0" lby="2412" segmentation="ok" slant="92999" stroke-width="5254" threshold="182" text="issues of our time." ubs="-652" ubx="0" uby="2387">
      <word id="b04-134-09-00" tag="NNS" text="issues">
        <cmp x="358" y="2370" width="14" height="49" />
        <cmp x="376" y="2351" width="11" height="31" />
        <cmp x="395" y="2366" width="177" height="57" />
      </word>
      <word id="b04-134-09-01" tag="INO" text="of">
        <cmp x="636" y="2332" width="84" height="138" />
      </word>
      <word id="b04-134-09-02" tag="PP$" text="our">
        <cmp x="784" y="2380" width="107" height="44" />
      </word>
      <word id="b04-134-09-03" tag="NN" text="time">
        <cmp x="995" y="2337" width="57" height="92" />
        <cmp x="1039" y="2363" width="3" height="5" />
        <cmp x="1065" y="2395" width="117" height="35" />
        <cmp x="1179" y="2395" width="16" height="36" />
      </word>
      <word id="b04-134-09-04" tag="." text=".">
        <cmp x="1221" y="2424" width="8" height="8" />
      </word>
      <upper-contour>
        <point x="356" y="2306" />
        <point x="1229" y="2306" />
      </upper-contour>
    </line>
  </handwritten-part>
</form>

