<?xml version="1.0" encoding="ISO-8859-1"?>

<!DOCTYPE form SYSTEM 'http://www.iam.unibe.ch/~fki/iamdb/form-metadata.dtd'>

<form created="2002-01-14" height="3542" id="b04-128" last-modified="2002-07-17" skew="0" status="final" version="3.0_beta" width="2479" writer-id="111">
  <machine-printed-part>
    <machine-print-line text="Top of the table, at the moment, is the chemical industry. Then comes engineering," />
    <machine-print-line text="followed by iron and steel. Even the staid and timid Treasury is cheered by the" />
    <machine-print-line text="tremendous upsurge in investment. It reports that new factory building this year is" />
    <machine-print-line text="likely to be 40 per cent up on 1960. Britain&apos;s business men are right to back their" />
    <machine-print-line text="faith with cash." />
  </machine-printed-part>
  <handwritten-part>
    <line ass="-470" asx="0" asy="727" character-width="999" dss="-470" dsx="0" dsy="816" fd0="13165" fd1="3406" fd2="-625" filter-width="3" id="b04-128-00" lbs="-441" lbx="0" lby="792" segmentation="ok" slant="96000" stroke-width="5023" threshold="162" text="Top of the table, at the moment, is the chemical industry." ubs="-528" ubx="0" uby="757">
      <word id="b04-128-00-00" sentence-start="yes" tag="NN" text="Top">
        <cmp x="336" y="731" width="49" height="12" />
        <cmp x="361" y="739" width="42" height="56" />
        <cmp x="405" y="760" width="31" height="53" />
      </word>
      <word id="b04-128-00-01" tag="INO" text="of">
        <cmp x="484" y="759" width="31" height="36" />
        <cmp x="514" y="738" width="25" height="83" />
      </word>
      <word id="b04-128-00-02" tag="ATI" text="the">
        <cmp x="569" y="748" width="28" height="46" />
        <cmp x="600" y="743" width="27" height="48" />
        <cmp x="630" y="760" width="29" height="33" />
      </word>
      <word id="b04-128-00-03" tag="NN" text="table">
        <cmp x="701" y="745" width="29" height="47" />
        <cmp x="725" y="743" width="104" height="50" />
      </word>
      <word id="b04-128-00-04" tag="," text=",">
        <cmp x="852" y="794" width="8" height="25" />
      </word>
      <word id="b04-128-00-05" tag="IN" text="at">
        <cmp x="888" y="771" width="57" height="31" />
        <cmp x="919" y="759" width="38" height="10" />
      </word>
      <word id="b04-128-00-06" tag="ATI" text="the">
        <cmp x="986" y="753" width="33" height="48" />
        <cmp x="1026" y="750" width="26" height="46" />
        <cmp x="1052" y="772" width="35" height="34" />
      </word>
      <word id="b04-128-00-07" tag="NN" text="moment">
        <cmp x="1129" y="767" width="87" height="33" />
        <cmp x="1211" y="776" width="61" height="25" />
        <cmp x="1273" y="767" width="92" height="40" />
      </word>
      <word id="b04-128-00-08" tag="," text=",">
        <cmp x="1389" y="803" width="12" height="20" />
      </word>
      <word id="b04-128-00-09" tag="BEZ" text="is">
        <cmp x="1429" y="770" width="34" height="36" />
        <cmp x="1431" y="763" width="5" height="5" />
      </word>
      <word id="b04-128-00-10" tag="ATI" text="the">
        <cmp x="1503" y="752" width="35" height="51" />
        <cmp x="1542" y="751" width="29" height="48" />
        <cmp x="1573" y="771" width="27" height="33" />
      </word>
      <word id="b04-128-00-11" tag="JJ" text="chemical">
        <cmp x="1646" y="741" width="55" height="62" />
        <cmp x="1707" y="771" width="111" height="33" />
        <cmp x="1811" y="766" width="5" height="6" />
        <cmp x="1821" y="772" width="77" height="32" />
        <cmp x="1899" y="755" width="25" height="51" />
      </word>
      <word id="b04-128-00-12" tag="NN" text="industry">
        <cmp x="1977" y="777" width="11" height="29" />
        <cmp x="1982" y="761" width="7" height="11" />
        <cmp x="1990" y="765" width="149" height="43" />
        <cmp x="2140" y="775" width="44" height="37" />
        <cmp x="2148" y="763" width="43" height="8" />
        <cmp x="2188" y="786" width="61" height="43" />
      </word>
      <word id="b04-128-00-13" tag="." text=".">
        <cmp x="2287" y="813" width="5" height="6" />
      </word>
      <lower-contour>
        <point x="336" y="831" />
        <point x="2192" y="831" />
      </lower-contour>
    </line>
    <line ass="-98" asx="0" asy="915" character-width="999" dss="-98" dsx="0" dsy="1002" fd0="13258" fd1="3297" fd2="-866" filter-width="3" id="b04-128-01" lbs="-58" lbx="0" lby="978" segmentation="ok" slant="92999" stroke-width="5088" threshold="162" text="Then comes engineering, followed by iron and steel." ubs="-179" ubx="0" uby="945">
      <word id="b04-128-01-00" sentence-start="yes" tag="RN" text="Then">
        <cmp x="338" y="917" width="74" height="61" />
        <cmp x="413" y="940" width="32" height="35" />
        <cmp x="446" y="945" width="49" height="32" />
      </word>
      <word id="b04-128-01-01" tag="VBZ" text="comes">
        <cmp x="569" y="930" width="138" height="49" />
        <cmp x="711" y="947" width="20" height="32" />
      </word>
      <word id="b04-128-01-02" tag="NN" text="engineering">
        <cmp x="809" y="950" width="31" height="35" />
        <cmp x="843" y="956" width="41" height="24" />
        <cmp x="890" y="949" width="53" height="49" />
        <cmp x="933" y="946" width="5" height="5" />
        <cmp x="945" y="955" width="37" height="27" />
        <cmp x="988" y="949" width="29" height="32" />
        <cmp x="1025" y="947" width="125" height="32" />
        <cmp x="1102" y="940" width="6" height="7" />
        <cmp x="1151" y="950" width="33" height="51" />
      </word>
      <word id="b04-128-01-03" tag="," text=",">
        <cmp x="1214" y="981" width="10" height="24" />
      </word>
      <word id="b04-128-01-04" tag="VBN" text="followed">
        <cmp x="1266" y="918" width="24" height="77" />
        <cmp x="1291" y="931" width="91" height="49" />
        <cmp x="1394" y="939" width="101" height="39" />
      </word>
      <word id="b04-128-01-05" tag="IN" text="by">
        <cmp x="1551" y="922" width="58" height="62" />
      </word>
      <word id="b04-128-01-06" tag="NN" text="iron">
        <cmp x="1658" y="934" width="6" height="7" />
        <cmp x="1660" y="950" width="33" height="33" />
        <cmp x="1701" y="954" width="35" height="27" />
        <cmp x="1735" y="956" width="54" height="27" />
      </word>
      <word id="b04-128-01-07" tag="CC" text="and">
        <cmp x="1837" y="946" width="40" height="33" />
        <cmp x="1882" y="936" width="88" height="44" />
      </word>
      <word id="b04-128-01-08" tag="NN" text="steel">
        <cmp x="2027" y="939" width="51" height="44" />
        <cmp x="2068" y="952" width="77" height="30" />
        <cmp x="2148" y="941" width="11" height="41" />
      </word>
      <word id="b04-128-01-09" tag="." text=".">
        <cmp x="2186" y="972" width="6" height="6" />
      </word>
      <upper-contour>
        <point x="336" y="831" />
        <point x="2192" y="831" />
      </upper-contour>
      <lower-contour>
        <point x="341" y="1005" />
        <point x="2192" y="1005" />
      </lower-contour>
    </line>
    <line ass="-199" asx="0" asy="1089" character-width="999" dss="-199" dsx="0" dsy="1177" fd0="13372" fd1="2694" fd2="-1132" filter-width="3" id="b04-128-02" lbs="-239" lbx="0" lby="1152" segmentation="ok" slant="96000" stroke-width="5082" threshold="162" text="Even the staid and timid Treasury is cheered by the" ubs="-121" ubx="0" uby="1122">
      <word id="b04-128-02-00" sentence-start="yes" tag="RB" text="Even">
        <cmp x="343" y="1092" width="36" height="61" />
        <cmp x="377" y="1119" width="100" height="40" />
      </word>
      <word id="b04-128-02-01" tag="ATI" text="the">
        <cmp x="532" y="1108" width="71" height="49" />
        <cmp x="610" y="1120" width="29" height="36" />
      </word>
      <word id="b04-128-02-02" tag="JJ" text="staid">
        <cmp x="727" y="1119" width="29" height="34" />
        <cmp x="741" y="1109" width="35" height="49" />
        <cmp x="771" y="1117" width="58" height="39" />
        <cmp x="823" y="1114" width="5" height="4" />
        <cmp x="831" y="1112" width="40" height="49" />
      </word>
      <word id="b04-128-02-03" tag="CC" text="and">
        <cmp x="922" y="1125" width="33" height="34" />
        <cmp x="961" y="1133" width="45" height="23" />
        <cmp x="1010" y="1119" width="40" height="43" />
      </word>
      <word id="b04-128-02-04" tag="JJ" text="timid">
        <cmp x="1122" y="1101" width="29" height="51" />
        <cmp x="1150" y="1134" width="106" height="25" />
        <cmp x="1155" y="1113" width="6" height="7" />
        <cmp x="1247" y="1126" width="5" height="5" />
        <cmp x="1259" y="1116" width="39" height="47" />
      </word>
      <word id="b04-128-02-05" tag="NP" text="Treasury">
        <cmp x="1347" y="1105" width="53" height="50" />
        <cmp x="1393" y="1124" width="35" height="32" />
        <cmp x="1429" y="1125" width="84" height="35" />
        <cmp x="1515" y="1127" width="90" height="57" />
      </word>
      <word id="b04-128-02-06" tag="BEZ" text="is">
        <cmp x="1630" y="1132" width="8" height="25" />
        <cmp x="1631" y="1121" width="8" height="7" />
        <cmp x="1650" y="1125" width="21" height="32" />
      </word>
      <word id="b04-128-02-07" tag="VBN" text="cheered">
        <cmp x="1741" y="1098" width="54" height="56" />
        <cmp x="1801" y="1125" width="26" height="29" />
        <cmp x="1831" y="1124" width="49" height="30" />
        <cmp x="1889" y="1112" width="86" height="46" />
      </word>
      <word id="b04-128-02-08" tag="IN" text="by">
        <cmp x="2015" y="1105" width="34" height="45" />
        <cmp x="2045" y="1127" width="35" height="49" />
      </word>
      <word id="b04-128-02-09" tag="ATI" text="the">
        <cmp x="2111" y="1116" width="39" height="49" />
        <cmp x="2154" y="1112" width="29" height="49" />
        <cmp x="2190" y="1136" width="33" height="34" />
      </word>
      <upper-contour>
        <point x="341" y="1005" />
        <point x="2192" y="1005" />
      </upper-contour>
      <lower-contour>
        <point x="341" y="1184" />
        <point x="2224" y="1184" />
      </lower-contour>
    </line>
    <line ass="-298" asx="0" asy="1276" character-width="999" dss="-298" dsx="0" dsy="1349" fd0="13860" fd1="2579" fd2="-1354" filter-width="3" id="b04-128-03" lbs="-309" lbx="0" lby="1332" segmentation="ok" slant="97000" stroke-width="4976" threshold="162" text="tremendous upsurge in investment. It reports that new" ubs="-276" ubx="0" uby="1304">
      <word id="b04-128-03-00" tag="JJ" text="tremendous">
        <cmp x="338" y="1279" width="47" height="52" />
        <cmp x="379" y="1302" width="17" height="32" />
        <cmp x="400" y="1297" width="24" height="36" />
        <cmp x="428" y="1301" width="83" height="37" />
        <cmp x="512" y="1313" width="41" height="25" />
        <cmp x="558" y="1311" width="28" height="32" />
        <cmp x="586" y="1296" width="9" height="38" />
        <cmp x="597" y="1306" width="29" height="29" />
        <cmp x="631" y="1304" width="30" height="31" />
        <cmp x="662" y="1304" width="21" height="31" />
      </word>
      <word id="b04-128-03-01" tag="NN" text="upsurge">
        <cmp x="735" y="1300" width="55" height="36" />
        <cmp x="788" y="1305" width="14" height="44" />
        <cmp x="798" y="1309" width="26" height="25" />
        <cmp x="834" y="1302" width="25" height="38" />
        <cmp x="860" y="1308" width="60" height="30" />
        <cmp x="925" y="1306" width="26" height="47" />
        <cmp x="955" y="1308" width="28" height="32" />
      </word>
      <word id="b04-128-03-02" tag="IN" text="in">
        <cmp x="1034" y="1291" width="10" height="10" />
        <cmp x="1037" y="1308" width="9" height="27" />
        <cmp x="1047" y="1314" width="52" height="18" />
      </word>
      <word id="b04-128-03-03" tag="NN" text="investment">
        <cmp x="1176" y="1309" width="27" height="29" />
        <cmp x="1185" y="1289" width="11" height="12" />
        <cmp x="1195" y="1312" width="42" height="23" />
        <cmp x="1236" y="1305" width="53" height="36" />
        <cmp x="1292" y="1301" width="41" height="40" />
        <cmp x="1343" y="1314" width="56" height="28" />
        <cmp x="1403" y="1310" width="25" height="32" />
        <cmp x="1428" y="1307" width="74" height="33" />
      </word>
      <word id="b04-128-03-04" tag="." text=".">
        <cmp x="1522" y="1332" width="5" height="5" />
      </word>
      <word id="b04-128-03-05" sentence-start="yes" tag="PP3" text="It">
        <cmp x="1583" y="1286" width="35" height="59" />
        <cmp x="1619" y="1294" width="22" height="51" />
      </word>
      <word id="b04-128-03-06" tag="VBZ" text="reports">
        <cmp x="1699" y="1311" width="38" height="32" />
        <cmp x="1738" y="1314" width="29" height="35" />
        <cmp x="1770" y="1306" width="65" height="49" />
        <cmp x="1837" y="1309" width="48" height="32" />
        <cmp x="1854" y="1304" width="36" height="7" />
        <cmp x="1890" y="1309" width="24" height="31" />
      </word>
      <word id="b04-128-03-07" tag="DT" text="that">
        <cmp x="1954" y="1305" width="29" height="43" />
        <cmp x="1993" y="1306" width="25" height="37" />
        <cmp x="2028" y="1315" width="70" height="29" />
        <cmp x="2062" y="1307" width="45" height="7" />
      </word>
      <word id="b04-128-03-08" tag="JJ" text="new">
        <cmp x="2135" y="1312" width="74" height="33" />
        <cmp x="2210" y="1312" width="45" height="26" />
      </word>
      <upper-contour>
        <point x="341" y="1184" />
        <point x="2224" y="1184" />
      </upper-contour>
      <lower-contour>
        <point x="342" y="1355" />
        <point x="2211" y="1355" />
      </lower-contour>
    </line>
    <line ass="-233" asx="0" asy="1432" character-width="999" dss="-233" dsx="0" dsy="1536" fd0="13529" fd1="2682" fd2="-1094" filter-width="3" id="b04-128-04" lbs="-94" lbx="0" lby="1514" segmentation="ok" slant="90000" stroke-width="5051" threshold="162" text="factory building this year is likely to be 40 per cent" ubs="-513" ubx="0" uby="1473">
      <word id="b04-128-04-00" tag="NN" text="factory">
        <cmp x="344" y="1435" width="35" height="100" />
        <cmp x="376" y="1469" width="38" height="39" />
        <cmp x="417" y="1462" width="48" height="48" />
        <cmp x="464" y="1476" width="28" height="36" />
        <cmp x="498" y="1478" width="42" height="50" />
      </word>
      <word id="b04-128-04-01" tag="NN" text="building">
        <cmp x="601" y="1459" width="30" height="53" />
        <cmp x="633" y="1476" width="57" height="36" />
        <cmp x="682" y="1475" width="5" height="4" />
        <cmp x="694" y="1465" width="78" height="51" />
        <cmp x="773" y="1471" width="5" height="7" />
        <cmp x="781" y="1484" width="45" height="26" />
        <cmp x="830" y="1480" width="33" height="53" />
      </word>
      <word id="b04-128-04-02" tag="DT" text="this">
        <cmp x="907" y="1454" width="28" height="54" />
        <cmp x="947" y="1453" width="58" height="54" />
        <cmp x="991" y="1471" width="10" height="6" />
        <cmp x="1010" y="1478" width="19" height="34" />
      </word>
      <word id="b04-128-04-03" tag="NN" text="year">
        <cmp x="1095" y="1479" width="130" height="55" />
      </word>
      <word id="b04-128-04-04" tag="BEZ" text="is">
        <cmp x="1288" y="1488" width="8" height="26" />
        <cmp x="1291" y="1474" width="6" height="7" />
        <cmp x="1306" y="1478" width="21" height="39" />
      </word>
      <word id="b04-128-04-05" tag="JJ" text="likely">
        <cmp x="1390" y="1467" width="60" height="52" />
        <cmp x="1444" y="1479" width="5" height="5" />
        <cmp x="1458" y="1478" width="36" height="36" />
        <cmp x="1477" y="1498" width="16" height="16" />
        <cmp x="1495" y="1472" width="79" height="72" />
      </word>
      <word id="b04-128-04-06" tag="TO" text="to">
        <cmp x="1605" y="1476" width="32" height="47" />
        <cmp x="1634" y="1493" width="25" height="29" />
      </word>
      <word id="b04-128-04-07" tag="BE" text="be">
        <cmp x="1716" y="1475" width="65" height="42" />
      </word>
      <word id="b04-128-04-08" tag="CD" text="40">
        <cmp x="1853" y="1473" width="30" height="50" />
        <cmp x="1890" y="1477" width="38" height="41" />
      </word>
      <word id="b04-128-04-09" tag="NNU21" text="per">
        <cmp x="1968" y="1492" width="69" height="48" />
      </word>
      <word id="b04-128-04-10" tag="NNU22" text="cent">
        <cmp x="2073" y="1490" width="56" height="31" />
        <cmp x="2127" y="1490" width="75" height="29" />
        <cmp x="2175" y="1482" width="35" height="8" />
      </word>
      <upper-contour>
        <point x="342" y="1355" />
        <point x="2211" y="1355" />
      </upper-contour>
      <lower-contour>
        <point x="349" y="1544" />
        <point x="2211" y="1544" />
      </lower-contour>
    </line>
    <line ass="-167" asx="0" asy="1636" character-width="999" dss="-167" dsx="0" dsy="1719" fd0="13793" fd1="2904" fd2="-895" filter-width="3" id="b04-128-05" lbs="-38" lbx="0" lby="1696" segmentation="ok" slant="90000" stroke-width="5087" threshold="162" text="up on 1960. Britain&apos;s business men are right to back" ubs="-425" ubx="0" uby="1657">
      <word id="b04-128-05-00" tag="RP" text="up">
        <cmp x="351" y="1660" width="40" height="37" />
        <cmp x="397" y="1668" width="32" height="51" />
      </word>
      <word id="b04-128-05-01" tag="IN" text="on">
        <cmp x="484" y="1661" width="29" height="32" />
        <cmp x="515" y="1666" width="40" height="28" />
      </word>
      <word id="b04-128-05-02" tag="CD" text="1960">
        <cmp x="636" y="1649" width="23" height="43" />
        <cmp x="668" y="1644" width="24" height="62" />
        <cmp x="690" y="1653" width="47" height="46" />
      </word>
      <word id="b04-128-05-03" tag="." text=".">
        <cmp x="784" y="1685" width="5" height="5" />
      </word>
      <word id="b04-128-05-04" sentence-start="yes" tag="NP$" text="Britain&apos;s">
        <cmp x="829" y="1641" width="57" height="56" />
        <cmp x="844" y="1647" width="13" height="46" />
        <cmp x="907" y="1660" width="44" height="34" />
        <cmp x="942" y="1654" width="6" height="5" />
        <cmp x="951" y="1644" width="29" height="50" />
        <cmp x="972" y="1658" width="63" height="36" />
        <cmp x="1022" y="1655" width="6" height="6" />
        <cmp x="1039" y="1668" width="42" height="29" />
        <cmp x="1101" y="1661" width="6" height="20" />
        <cmp x="1119" y="1663" width="20" height="35" />
      </word>
      <word id="b04-128-05-05" tag="NN" text="business">
        <cmp x="1201" y="1641" width="25" height="49" />
        <cmp x="1229" y="1662" width="31" height="32" />
        <cmp x="1265" y="1666" width="84" height="33" />
        <cmp x="1301" y="1660" width="6" height="8" />
        <cmp x="1356" y="1669" width="37" height="32" />
        <cmp x="1402" y="1669" width="13" height="32" />
      </word>
      <word id="b04-128-05-06" tag="NNS" text="men">
        <cmp x="1479" y="1671" width="95" height="32" />
        <cmp x="1578" y="1676" width="48" height="24" />
      </word>
      <word id="b04-128-05-07" tag="BER" text="are">
        <cmp x="1691" y="1668" width="50" height="35" />
        <cmp x="1735" y="1678" width="21" height="19" />
        <cmp x="1765" y="1674" width="28" height="29" />
      </word>
      <word id="b04-128-05-08" tag="JJ" text="right">
        <cmp x="1835" y="1665" width="63" height="36" />
        <cmp x="1891" y="1668" width="6" height="6" />
        <cmp x="1898" y="1653" width="99" height="72" />
      </word>
      <word id="b04-128-05-09" tag="TO" text="to">
        <cmp x="2013" y="1655" width="32" height="47" />
        <cmp x="2041" y="1670" width="35" height="27" />
      </word>
      <word id="b04-128-05-10" tag="VB" text="back">
        <cmp x="2112" y="1646" width="33" height="55" />
        <cmp x="2152" y="1665" width="47" height="36" />
        <cmp x="2200" y="1669" width="78" height="37" />
        <cmp x="2256" y="1688" width="31" height="12" />
      </word>
      <upper-contour>
        <point x="349" y="1544" />
        <point x="2211" y="1544" />
      </upper-contour>
      <lower-contour>
        <point x="352" y="1719" />
        <point x="1096" y="1719" />
      </lower-contour>
    </line>
    <line ass="-580" asx="0" asy="1806" character-width="999" dss="-580" dsx="0" dsy="1888" fd0="13315" fd1="3070" fd2="-1340" filter-width="3" id="b04-128-06" lbs="-550" lbx="0" lby="1864" segmentation="ok" slant="90000" stroke-width="5141" threshold="162" text="their faith with cash." ubs="-638" ubx="0" uby="1825">
      <word id="b04-128-06-00" tag="PP$" text="their">
        <cmp x="354" y="1811" width="35" height="55" />
        <cmp x="391" y="1811" width="32" height="54" />
        <cmp x="426" y="1832" width="44" height="36" />
        <cmp x="463" y="1830" width="5" height="5" />
        <cmp x="468" y="1843" width="37" height="32" />
      </word>
      <word id="b04-128-06-01" tag="NN" text="faith">
        <cmp x="575" y="1813" width="30" height="81" />
        <cmp x="608" y="1829" width="62" height="41" />
        <cmp x="657" y="1822" width="5" height="6" />
        <cmp x="666" y="1823" width="23" height="48" />
        <cmp x="696" y="1815" width="27" height="57" />
      </word>
      <word id="b04-128-06-02" tag="IN" text="with">
        <cmp x="779" y="1838" width="45" height="40" />
        <cmp x="830" y="1825" width="38" height="46" />
        <cmp x="831" y="1846" width="8" height="24" />
        <cmp x="867" y="1824" width="25" height="47" />
      </word>
      <word id="b04-128-06-03" tag="NN" text="cash">
        <cmp x="943" y="1834" width="56" height="40" />
        <cmp x="1004" y="1838" width="18" height="39" />
        <cmp x="1029" y="1819" width="29" height="53" />
      </word>
      <word id="b04-128-06-04" tag="." text=".">
        <cmp x="1091" y="1869" width="5" height="6" />
      </word>
      <upper-contour>
        <point x="352" y="1719" />
        <point x="1096" y="1719" />
      </upper-contour>
    </line>
  </handwritten-part>
</form>

