<?xml version="1.0" encoding="ISO-8859-1"?>

<!DOCTYPE form SYSTEM 'http://www.iam.unibe.ch/~fki/iamdb/form-metadata.dtd'>

<form created="2002-01-14" height="3542" id="b04-169" last-modified="2002-07-17" skew="-95" status="final" version="3.0_beta" width="2479" writer-id="113">
  <machine-printed-part>
    <machine-print-line text="They have earned his strictures. And his contempt. SOME people are for ever" />
    <machine-print-line text="complaining that teenagers earn too much and spend it all when they get it. Now a" />
    <machine-print-line text="survey of the Post Office Savings Bank shows how wrong that idea is. The biggest" />
    <machine-print-line text="group of depositors in the bank is made up of boys and girls aged 15 to 19." />
  </machine-printed-part>
  <handwritten-part>
    <line ass="-420" asx="0" asy="729" character-width="999" dss="-420" dsx="0" dsy="861" fd0="13314" fd1="3087" fd2="82" filter-width="4" id="b04-169-00" lbs="-331" lbx="0" lby="795" segmentation="err" slant="95000" stroke-width="5875" threshold="172" text="They have earned his strictures. And his" ubs="-598" ubx="0" uby="768">
      <word id="b04-169-00-00" sentence-start="yes" tag="PP3AS" text="They">
        <cmp x="312" y="741" width="103" height="58" />
        <cmp x="417" y="781" width="20" height="20" />
        <cmp x="440" y="768" width="69" height="97" />
      </word>
      <word id="b04-169-00-01" tag="HV" text="have">
        <cmp x="551" y="734" width="68" height="69" />
        <cmp x="622" y="778" width="23" height="24" />
        <cmp x="648" y="773" width="6" height="12" />
        <cmp x="663" y="771" width="20" height="26" />
      </word>
      <word id="b04-169-00-02" tag="VBN" text="earned">
        <cmp x="742" y="771" width="29" height="34" />
        <cmp x="772" y="776" width="102" height="27" />
        <cmp x="887" y="774" width="21" height="25" />
        <cmp x="917" y="738" width="33" height="70" />
      </word>
      <word id="b04-169-00-03" tag="PP$" text="his">
        <cmp x="1003" y="737" width="83" height="73" />
        <cmp x="1069" y="754" width="21" height="18" />
        <cmp x="1084" y="778" width="21" height="28" />
        <cmp x="1106" y="780" width="6" height="6" />
      </word>
      <word id="b04-169-00-04" tag="NNS" text="strictures">
        <cmp x="1170" y="777" width="24" height="35" />
        <cmp x="1182" y="775" width="12" height="10" />
        <cmp x="1208" y="740" width="60" height="69" />
        <cmp x="1268" y="761" width="8" height="6" />
        <cmp x="1272" y="784" width="31" height="27" />
        <cmp x="1321" y="753" width="68" height="59" />
        <cmp x="1328" y="748" width="5" height="4" />
        <cmp x="1396" y="779" width="56" height="28" />
      </word>
      <word id="b04-169-00-05" tag="." text=".">
        <cmp x="1550" y="744" width="87" height="72" />
      </word>
      <word id="b04-169-00-06" sentence-start="yes" tag="CC" text="And">
        <cmp x="1641" y="745" width="41" height="63" />
      </word>
      <word id="b04-169-00-07" tag="PP$" text="his">
        <cmp x="1742" y="742" width="69" height="60" />
        <cmp x="1805" y="751" width="12" height="14" />
        <cmp x="1820" y="773" width="27" height="33" />
      </word>
      <lower-contour>
        <point x="330" y="866" />
        <point x="1848" y="866" />
      </lower-contour>
    </line>
    <line ass="-124" asx="0" asy="903" character-width="999" dss="-124" dsx="0" dsy="1063" fd0="13266" fd1="2699" fd2="-778" filter-width="4" id="b04-169-01" lbs="-73" lbx="0" lby="982" segmentation="ok" slant="98000" stroke-width="5722" threshold="172" text="contempt. SOME people are for ever complaining" ubs="-227" ubx="0" uby="956">
      <word id="b04-169-01-00" tag="NN" text="contempt">
        <cmp x="332" y="938" width="30" height="43" />
        <cmp x="363" y="957" width="103" height="24" />
        <cmp x="472" y="951" width="31" height="63" />
        <cmp x="516" y="963" width="46" height="15" />
        <cmp x="577" y="918" width="60" height="64" />
      </word>
      <word id="b04-169-01-01" tag="." text=".">
        <cmp x="655" y="968" width="5" height="7" />
      </word>
      <word id="b04-169-01-02" sentence-start="yes" tag="DTI" text="SOME">
        <cmp x="717" y="925" width="40" height="58" />
        <cmp x="768" y="935" width="27" height="44" />
        <cmp x="808" y="940" width="41" height="40" />
        <cmp x="861" y="943" width="28" height="31" />
        <cmp x="865" y="928" width="41" height="6" />
        <cmp x="874" y="951" width="31" height="9" />
      </word>
      <word id="b04-169-01-03" tag="NNS" text="people">
        <cmp x="971" y="954" width="61" height="78" />
        <cmp x="1033" y="965" width="25" height="24" />
        <cmp x="1067" y="933" width="86" height="91" />
      </word>
      <word id="b04-169-01-04" tag="BER" text="are">
        <cmp x="1228" y="956" width="39" height="37" />
        <cmp x="1269" y="955" width="51" height="34" />
      </word>
      <word id="b04-169-01-05" tag="RB21" text="for">
        <cmp x="1393" y="930" width="24" height="120" />
        <cmp x="1422" y="956" width="51" height="34" />
      </word>
      <word id="b04-169-01-06" tag="RB22" text="ever">
        <cmp x="1533" y="957" width="30" height="36" />
        <cmp x="1570" y="965" width="18" height="26" />
        <cmp x="1595" y="966" width="5" height="13" />
        <cmp x="1602" y="957" width="52" height="35" />
      </word>
      <word id="b04-169-01-07" tag="VBG" text="complaining">
        <cmp x="1708" y="953" width="24" height="36" />
        <cmp x="1726" y="951" width="10" height="6" />
        <cmp x="1737" y="963" width="28" height="23" />
        <cmp x="1768" y="964" width="66" height="21" />
        <cmp x="1848" y="959" width="34" height="74" />
        <cmp x="1850" y="963" width="5" height="5" />
        <cmp x="1890" y="909" width="35" height="80" />
        <cmp x="1914" y="956" width="66" height="34" />
        <cmp x="1959" y="934" width="13" height="12" />
        <cmp x="1986" y="967" width="23" height="20" />
        <cmp x="1988" y="961" width="4" height="5" />
        <cmp x="2012" y="966" width="17" height="23" />
        <cmp x="2037" y="966" width="9" height="24" />
        <cmp x="2038" y="940" width="12" height="14" />
        <cmp x="2060" y="975" width="16" height="9" />
        <cmp x="2085" y="975" width="30" height="11" />
        <cmp x="2098" y="974" width="52" height="95" />
      </word>
      <upper-contour>
        <point x="330" y="866" />
        <point x="1848" y="866" />
      </upper-contour>
      <lower-contour>
        <point x="339" y="1068" />
        <point x="2141" y="1068" />
      </lower-contour>
    </line>
    <line ass="-619" asx="0" asy="1069" character-width="999" dss="-619" dsx="0" dsy="1225" fd0="13094" fd1="3178" fd2="-265" filter-width="3" id="b04-169-02" lbs="-639" lbx="0" lby="1151" segmentation="ok" slant="90000" stroke-width="5703" threshold="172" text="that teenagers earn too much and spend it all" ubs="-578" ubx="0" uby="1130">
      <word id="b04-169-02-00" tag="CS" text="that">
        <cmp x="341" y="1073" width="83" height="80" />
        <cmp x="433" y="1126" width="15" height="25" />
        <cmp x="448" y="1129" width="20" height="20" />
        <cmp x="471" y="1086" width="30" height="64" />
      </word>
      <word id="b04-169-02-01" tag="NNS" text="teenagers">
        <cmp x="609" y="1085" width="37" height="84" />
        <cmp x="651" y="1130" width="20" height="30" />
        <cmp x="680" y="1142" width="41" height="12" />
        <cmp x="726" y="1139" width="51" height="22" />
        <cmp x="782" y="1139" width="74" height="96" />
        <cmp x="864" y="1140" width="23" height="34" />
      </word>
      <word id="b04-169-02-02" tag="VB" text="earn">
        <cmp x="965" y="1132" width="32" height="36" />
        <cmp x="998" y="1143" width="95" height="27" />
      </word>
      <word id="b04-169-02-03" tag="QL" text="too">
        <cmp x="1153" y="1093" width="80" height="76" />
        <cmp x="1194" y="1138" width="10" height="9" />
      </word>
      <word id="b04-169-02-04" tag="AP" text="much">
        <cmp x="1282" y="1142" width="63" height="27" />
        <cmp x="1352" y="1149" width="37" height="16" />
        <cmp x="1391" y="1150" width="19" height="22" />
        <cmp x="1410" y="1113" width="29" height="54" />
        <cmp x="1439" y="1152" width="6" height="6" />
        <cmp x="1443" y="1158" width="18" height="12" />
      </word>
      <word id="b04-169-02-05" tag="CC" text="and">
        <cmp x="1520" y="1089" width="137" height="86" />
      </word>
      <word id="b04-169-02-06" tag="VB" text="spend">
        <cmp x="1725" y="1132" width="23" height="38" />
        <cmp x="1750" y="1138" width="4" height="7" />
        <cmp x="1761" y="1142" width="34" height="55" />
        <cmp x="1780" y="1156" width="3" height="3" />
        <cmp x="1805" y="1143" width="69" height="26" />
        <cmp x="1879" y="1147" width="21" height="26" />
        <cmp x="1901" y="1107" width="21" height="68" />
      </word>
      <word id="b04-169-02-07" tag="PP3" text="it">
        <cmp x="1961" y="1145" width="9" height="30" />
        <cmp x="1967" y="1110" width="9" height="12" />
        <cmp x="1978" y="1113" width="32" height="64" />
      </word>
      <word id="b04-169-02-08" tag="ABN" text="all">
        <cmp x="2041" y="1102" width="65" height="75" />
        <cmp x="2100" y="1168" width="5" height="3" />
        <cmp x="2109" y="1114" width="30" height="60" />
      </word>
      <upper-contour>
        <point x="339" y="1068" />
        <point x="2141" y="1068" />
      </upper-contour>
      <lower-contour>
        <point x="339" y="1235" />
        <point x="2128" y="1235" />
      </lower-contour>
    </line>
    <line ass="-261" asx="0" asy="1270" character-width="999" dss="-261" dsx="0" dsy="1416" fd0="13144" fd1="2992" fd2="-36" filter-width="4" id="b04-169-03" lbs="-211" lbx="0" lby="1340" segmentation="ok" slant="95000" stroke-width="5816" threshold="172" text="when they get it. Now a survey of the Post" ubs="-362" ubx="0" uby="1312">
      <word id="b04-169-03-00" tag="WRB" text="when">
        <cmp x="341" y="1307" width="58" height="36" />
        <cmp x="399" y="1276" width="127" height="66" />
      </word>
      <word id="b04-169-03-01" tag="PP3AS" text="they">
        <cmp x="592" y="1273" width="132" height="133" />
      </word>
      <word id="b04-169-03-02" tag="VB" text="get">
        <cmp x="789" y="1324" width="42" height="84" />
        <cmp x="832" y="1317" width="30" height="28" />
        <cmp x="874" y="1279" width="27" height="64" />
      </word>
      <word id="b04-169-03-03" tag="PP3" text="it">
        <cmp x="942" y="1291" width="13" height="11" />
        <cmp x="943" y="1325" width="8" height="22" />
        <cmp x="967" y="1291" width="29" height="54" />
      </word>
      <word id="b04-169-03-04" tag="." text=".">
        <cmp x="1023" y="1341" width="8" height="9" />
      </word>
      <word id="b04-169-03-05" sentence-start="yes" tag="RN" text="Now">
        <cmp x="1081" y="1293" width="64" height="50" />
        <cmp x="1130" y="1297" width="21" height="31" />
        <cmp x="1152" y="1311" width="32" height="32" />
        <cmp x="1197" y="1325" width="57" height="19" />
        <cmp x="1235" y="1309" width="18" height="21" />
      </word>
      <word id="b04-169-03-06" tag="AT" text="a">
        <cmp x="1319" y="1322" width="55" height="29" />
      </word>
      <word id="b04-169-03-07" tag="NN" text="survey">
        <cmp x="1430" y="1320" width="76" height="38" />
        <cmp x="1514" y="1329" width="28" height="22" />
        <cmp x="1551" y="1326" width="58" height="28" />
        <cmp x="1614" y="1330" width="40" height="94" />
      </word>
      <word id="b04-169-03-08" tag="INO" text="of">
        <cmp x="1722" y="1330" width="30" height="30" />
        <cmp x="1769" y="1297" width="18" height="111" />
      </word>
      <word id="b04-169-03-09" tag="ATI" text="the">
        <cmp x="1841" y="1292" width="80" height="62" />
      </word>
      <word id="b04-169-03-10" tag="NN" text="Post">
        <cmp x="1985" y="1288" width="46" height="73" />
        <cmp x="2020" y="1332" width="16" height="16" />
        <cmp x="2033" y="1331" width="8" height="14" />
        <cmp x="2046" y="1320" width="30" height="30" />
        <cmp x="2080" y="1285" width="47" height="66" />
      </word>
      <upper-contour>
        <point x="339" y="1235" />
        <point x="2128" y="1235" />
      </upper-contour>
      <lower-contour>
        <point x="345" y="1424" />
        <point x="2116" y="1424" />
      </lower-contour>
    </line>
    <line ass="-164" asx="0" asy="1441" character-width="999" dss="-164" dsx="0" dsy="1613" fd0="13836" fd1="2734" fd2="-727" filter-width="4" id="b04-169-04" lbs="-156" lbx="0" lby="1515" segmentation="ok" slant="91000" stroke-width="5992" threshold="182" text="Office Savings Bank shows how wrong that" ubs="-180" ubx="0" uby="1496">
      <word id="b04-169-04-00" tag="NN" text="Office">
        <cmp x="347" y="1457" width="35" height="52" />
        <cmp x="403" y="1443" width="76" height="120" />
        <cmp x="475" y="1464" width="12" height="13" />
        <cmp x="489" y="1487" width="58" height="36" />
      </word>
      <word id="b04-169-04-01" tag="NNS" text="Savings">
        <cmp x="615" y="1465" width="78" height="65" />
        <cmp x="698" y="1493" width="51" height="30" />
        <cmp x="747" y="1474" width="4" height="4" />
        <cmp x="751" y="1505" width="8" height="18" />
        <cmp x="774" y="1502" width="58" height="21" />
        <cmp x="846" y="1495" width="64" height="93" />
        <cmp x="860" y="1578" width="4" height="6" />
      </word>
      <word id="b04-169-04-02" tag="NN" text="Bank">
        <cmp x="993" y="1464" width="57" height="65" />
        <cmp x="1050" y="1492" width="76" height="29" />
        <cmp x="1126" y="1464" width="55" height="58" />
      </word>
      <word id="b04-169-04-03" tag="VBZ" text="shows">
        <cmp x="1246" y="1505" width="6" height="7" />
        <cmp x="1249" y="1493" width="5" height="9" />
        <cmp x="1254" y="1504" width="24" height="22" />
        <cmp x="1257" y="1488" width="16" height="8" />
        <cmp x="1284" y="1458" width="35" height="67" />
        <cmp x="1325" y="1503" width="21" height="24" />
        <cmp x="1346" y="1499" width="55" height="28" />
        <cmp x="1406" y="1508" width="29" height="19" />
        <cmp x="1411" y="1493" width="21" height="15" />
      </word>
      <word id="b04-169-04-04" tag="WRB" text="how">
        <cmp x="1513" y="1466" width="45" height="60" />
        <cmp x="1561" y="1492" width="74" height="31" />
      </word>
      <word id="b04-169-04-05" tag="JJ" text="wrong">
        <cmp x="1699" y="1503" width="53" height="25" />
        <cmp x="1737" y="1496" width="7" height="6" />
        <cmp x="1745" y="1498" width="51" height="27" />
        <cmp x="1798" y="1509" width="20" height="17" />
        <cmp x="1806" y="1496" width="66" height="25" />
        <cmp x="1862" y="1501" width="35" height="118" />
        <cmp x="1891" y="1499" width="10" height="5" />
      </word>
      <word id="b04-169-04-06" tag="DT" text="that">
        <cmp x="1968" y="1496" width="4" height="9" />
        <cmp x="1972" y="1460" width="56" height="70" />
        <cmp x="2033" y="1504" width="14" height="24" />
        <cmp x="2049" y="1519" width="10" height="15" />
        <cmp x="2070" y="1451" width="45" height="76" />
      </word>
      <upper-contour>
        <point x="345" y="1424" />
        <point x="2116" y="1424" />
      </upper-contour>
      <lower-contour>
        <point x="356" y="1618" />
        <point x="2116" y="1618" />
      </lower-contour>
    </line>
    <line ass="-777" asx="0" asy="1615" character-width="999" dss="-777" dsx="0" dsy="1773" fd0="13387" fd1="2839" fd2="-700" filter-width="4" id="b04-169-05" lbs="-819" lbx="0" lby="1681" segmentation="err" slant="90000" stroke-width="6125" threshold="182" text="idea is. The biggest group of depositors in" ubs="-695" ubx="0" uby="1662">
      <word id="b04-169-05-00" tag="NN" text="idea">
        <cmp x="358" y="1658" width="10" height="32" />
        <cmp x="368" y="1635" width="46" height="66" />
        <cmp x="392" y="1622" width="9" height="9" />
        <cmp x="411" y="1656" width="64" height="43" />
      </word>
      <word id="b04-169-05-01" tag="BEZ" text="is">
        <cmp x="541" y="1648" width="7" height="5" />
        <cmp x="543" y="1670" width="9" height="27" />
        <cmp x="564" y="1665" width="30" height="39" />
      </word>
      <word id="b04-169-05-02" tag="." text=".">
        <cmp x="606" y="1691" width="8" height="7" />
      </word>
      <word id="b04-169-05-03" sentence-start="yes" tag="ATI" text="The">
        <cmp x="676" y="1647" width="62" height="51" />
        <cmp x="743" y="1651" width="41" height="47" />
        <cmp x="784" y="1667" width="41" height="31" />
      </word>
      <word id="b04-169-05-04" tag="JJT" text="biggest">
        <cmp x="893" y="1646" width="42" height="52" />
        <cmp x="940" y="1682" width="8" height="22" />
        <cmp x="965" y="1676" width="52" height="112" />
        <cmp x="1016" y="1674" width="38" height="103" />
        <cmp x="1020" y="1678" width="16" height="22" />
        <cmp x="1067" y="1671" width="67" height="34" />
        <cmp x="1123" y="1671" width="12" height="9" />
        <cmp x="1135" y="1641" width="37" height="59" />
        <cmp x="1151" y="1635" width="4" height="4" />
      </word>
      <word id="b04-169-05-05" tag="NN" text="group">
        <cmp x="1245" y="1675" width="78" height="115" />
        <cmp x="1322" y="1680" width="63" height="25" />
        <cmp x="1329" y="1682" width="9" height="6" />
        <cmp x="1334" y="1675" width="8" height="7" />
        <cmp x="1389" y="1672" width="39" height="78" />
      </word>
      <word id="b04-169-05-06" tag="INO" text="of">
        <cmp x="1485" y="1680" width="35" height="31" />
        <cmp x="1517" y="1637" width="39" height="132" />
      </word>
      <word id="b04-169-05-07" tag="NNS" text="depositors">
        <cmp x="1634" y="1643" width="46" height="72" />
        <cmp x="1687" y="1677" width="24" height="38" />
        <cmp x="1721" y="1681" width="37" height="72" />
        <cmp x="1760" y="1678" width="40" height="34" />
        <cmp x="1808" y="1675" width="27" height="38" />
        <cmp x="1843" y="1688" width="7" height="18" />
        <cmp x="1846" y="1656" width="6" height="5" />
        <cmp x="1847" y="1682" width="4" height="5" />
        <cmp x="1870" y="1649" width="111" height="60" />
      </word>
      <word id="b04-169-05-08" tag="IN" text="in">
        <cmp x="2041" y="1683" width="8" height="25" />
        <cmp x="2060" y="1684" width="62" height="24" />
      </word>
      <upper-contour>
        <point x="356" y="1618" />
        <point x="2116" y="1618" />
      </upper-contour>
      <lower-contour>
        <point x="356" y="1790" />
        <point x="2123" y="1790" />
      </lower-contour>
    </line>
    <line ass="133" asx="0" asy="1798" character-width="999" dss="133" dsx="0" dsy="1952" fd0="13754" fd1="3684" fd2="-145" filter-width="4" id="b04-169-06" lbs="198" lbx="0" lby="1880" segmentation="ok" slant="96000" stroke-width="6049" threshold="172" text="the bank is made of boys and girls aged 15" ubs="4" ubx="0" uby="1853">
      <word id="b04-169-06-00" tag="ATI" text="the">
        <cmp x="335" y="1798" width="84" height="71" />
      </word>
      <word id="b04-169-06-01" tag="NN" text="bank">
        <cmp x="461" y="1821" width="39" height="60" />
        <cmp x="464" y="1816" width="5" height="4" />
        <cmp x="511" y="1851" width="63" height="26" />
        <cmp x="577" y="1824" width="54" height="59" />
      </word>
      <word id="b04-169-06-02" tag="BEZ" text="is">
        <cmp x="708" y="1834" width="5" height="6" />
        <cmp x="709" y="1865" width="8" height="19" />
        <cmp x="732" y="1845" width="28" height="37" />
      </word>
      <word id="b04-169-06-03" tag="VBN" text="made">
        <cmp x="812" y="1855" width="19" height="21" />
        <cmp x="833" y="1850" width="59" height="31" />
        <cmp x="889" y="1857" width="15" height="22" />
        <cmp x="903" y="1860" width="6" height="11" />
        <cmp x="913" y="1859" width="14" height="21" />
        <cmp x="928" y="1861" width="14" height="18" />
        <cmp x="942" y="1864" width="4" height="6" />
        <cmp x="956" y="1814" width="15" height="68" />
        <cmp x="970" y="1850" width="25" height="29" />
      </word>
      <word id="b04-169-06-04" tag="INO" text="of">
        <cmp x="1074" y="1851" width="39" height="34" />
        <cmp x="1117" y="1817" width="27" height="113" />
      </word>
      <word id="b04-169-06-05" tag="NNS" text="boys">
        <cmp x="1207" y="1831" width="38" height="51" />
        <cmp x="1248" y="1863" width="17" height="21" />
        <cmp x="1251" y="1854" width="16" height="9" />
        <cmp x="1268" y="1870" width="4" height="6" />
        <cmp x="1282" y="1856" width="10" height="22" />
        <cmp x="1294" y="1850" width="56" height="94" />
      </word>
      <word id="b04-169-06-06" tag="CC" text="and">
        <cmp x="1405" y="1849" width="84" height="34" />
        <cmp x="1492" y="1853" width="17" height="23" />
        <cmp x="1509" y="1857" width="6" height="8" />
        <cmp x="1514" y="1816" width="19" height="63" />
      </word>
      <word id="b04-169-06-07" tag="NNS" text="girls">
        <cmp x="1605" y="1849" width="59" height="101" />
        <cmp x="1623" y="1848" width="9" height="17" />
        <cmp x="1653" y="1832" width="6" height="13" />
        <cmp x="1675" y="1813" width="59" height="69" />
        <cmp x="1726" y="1848" width="27" height="34" />
        <cmp x="1749" y="1846" width="5" height="10" />
      </word>
      <word id="b04-169-06-08" tag="JJ" text="aged">
        <cmp x="1814" y="1851" width="35" height="28" />
        <cmp x="1859" y="1857" width="15" height="22" />
        <cmp x="1863" y="1861" width="34" height="86" />
        <cmp x="1866" y="1873" width="6" height="4" />
        <cmp x="1879" y="1857" width="6" height="6" />
        <cmp x="1911" y="1849" width="32" height="29" />
        <cmp x="1954" y="1851" width="26" height="28" />
        <cmp x="1976" y="1810" width="28" height="66" />
      </word>
      <word id="b04-169-06-09" tag="CD" text="15">
        <cmp x="2058" y="1830" width="13" height="48" />
        <cmp x="2081" y="1857" width="4" height="9" />
        <cmp x="2084" y="1834" width="65" height="44" />
      </word>
      <upper-contour>
        <point x="356" y="1790" />
        <point x="2123" y="1790" />
      </upper-contour>
      <lower-contour>
        <point x="341" y="1882" />
        <point x="550" y="1882" />
      </lower-contour>
    </line>
    <line ass="-1700" asx="0" asy="1969" character-width="999" dss="-1700" dsx="0" dsy="2043" fd0="11503" fd1="3551" fd2="1012" filter-width="4" id="b04-169-07" lbs="-1891" lbx="0" lby="2039" segmentation="ok" slant="90000" stroke-width="6358" threshold="172" text="to 19." ubs="-1319" ubx="0" uby="1979">
      <word id="b04-169-07-00" tag="IN" text="to">
        <cmp x="343" y="1980" width="65" height="72" />
      </word>
      <word id="b04-169-07-01" tag="CD" text="19">
        <cmp x="474" y="1987" width="9" height="63" />
        <cmp x="497" y="1987" width="27" height="70" />
      </word>
      <word id="b04-169-07-02" tag="." text=".">
        <cmp x="540" y="2049" width="9" height="8" />
      </word>
      <upper-contour>
        <point x="341" y="1882" />
        <point x="550" y="1882" />
      </upper-contour>
    </line>
  </handwritten-part>
</form>

