<?xml version="1.0" encoding="ISO-8859-1"?>

<!DOCTYPE form SYSTEM 'http://www.iam.unibe.ch/~fki/iamdb/form-metadata.dtd'>

<form created="2002-01-14" height="3542" id="b04-162" last-modified="2002-07-17" skew="-63" status="final" version="3.0_beta" width="2479" writer-id="113">
  <machine-printed-part>
    <machine-print-line text="CONTRAST his firm, successful rule in Rhodesia with what has happened in the" />
    <machine-print-line text="Congo. There Welensky&apos;s opponents have carried their theories into practice. There" />
    <machine-print-line text="a UNO army of Africans, bossed by an Indian, has been in charge for months. And" />
    <machine-print-line text="what has it made of the Congo? A bloodstained shambles. No wonder Welensky has" />
    <machine-print-line text="lost all patience with his misguided tormentors." />
  </machine-printed-part>
  <handwritten-part>
    <line ass="-119" asx="0" asy="718" character-width="999" dss="-119" dsx="0" dsy="860" fd0="13637" fd1="3160" fd2="-663" filter-width="4" id="b04-162-00" lbs="-13" lbx="0" lby="798" segmentation="ok" slant="90000" stroke-width="5782" threshold="182" text="CONTRAST his firm, successful rule in Rhodesia" ubs="-332" ubx="0" uby="766">
      <word id="b04-162-00-00" sentence-start="yes" tag="VB" text="CONTRAST">
        <cmp x="349" y="742" width="45" height="61" />
        <cmp x="403" y="751" width="41" height="54" />
        <cmp x="451" y="754" width="46" height="46" />
        <cmp x="496" y="752" width="50" height="8" />
        <cmp x="516" y="764" width="11" height="35" />
        <cmp x="556" y="752" width="43" height="51" />
        <cmp x="606" y="754" width="45" height="50" />
        <cmp x="664" y="752" width="31" height="39" />
        <cmp x="689" y="743" width="68" height="7" />
        <cmp x="717" y="754" width="7" height="34" />
      </word>
      <word id="b04-162-00-01" tag="PP$" text="his">
        <cmp x="815" y="737" width="64" height="64" />
        <cmp x="855" y="755" width="17" height="15" />
        <cmp x="881" y="773" width="26" height="31" />
      </word>
      <word id="b04-162-00-02" tag="JJ" text="firm">
        <cmp x="952" y="746" width="51" height="117" />
        <cmp x="954" y="737" width="6" height="8" />
        <cmp x="983" y="761" width="14" height="12" />
        <cmp x="1006" y="789" width="27" height="22" />
        <cmp x="1036" y="785" width="67" height="24" />
      </word>
      <word id="b04-162-00-03" tag="," text=",">
        <cmp x="1128" y="790" width="7" height="34" />
      </word>
      <word id="b04-162-00-04" tag="JJ" text="successful">
        <cmp x="1185" y="773" width="27" height="33" />
        <cmp x="1213" y="779" width="43" height="23" />
        <cmp x="1256" y="774" width="24" height="24" />
        <cmp x="1281" y="774" width="50" height="26" />
        <cmp x="1336" y="770" width="22" height="30" />
        <cmp x="1365" y="788" width="5" height="6" />
        <cmp x="1370" y="771" width="18" height="29" />
        <cmp x="1400" y="725" width="90" height="117" />
        <cmp x="1411" y="722" width="7" height="6" />
      </word>
      <word id="b04-162-00-05" tag="NN" text="rule">
        <cmp x="1530" y="771" width="27" height="31" />
        <cmp x="1556" y="777" width="39" height="23" />
        <cmp x="1597" y="744" width="46" height="59" />
      </word>
      <word id="b04-162-00-06" tag="IN" text="in">
        <cmp x="1676" y="752" width="11" height="12" />
        <cmp x="1684" y="779" width="8" height="27" />
        <cmp x="1701" y="785" width="46" height="20" />
      </word>
      <word id="b04-162-00-07" tag="NP" text="Rhodesia">
        <cmp x="1775" y="738" width="55" height="65" />
        <cmp x="1834" y="744" width="74" height="59" />
        <cmp x="1914" y="737" width="41" height="70" />
        <cmp x="1958" y="772" width="29" height="33" />
        <cmp x="1993" y="771" width="29" height="35" />
        <cmp x="2031" y="777" width="7" height="9" />
        <cmp x="2032" y="788" width="9" height="15" />
        <cmp x="2038" y="763" width="12" height="9" />
        <cmp x="2051" y="780" width="42" height="24" />
      </word>
      <lower-contour>
        <point x="363" y="863" />
        <point x="2005" y="863" />
      </lower-contour>
    </line>
    <line ass="99" asx="0" asy="911" character-width="999" dss="99" dsx="0" dsy="1051" fd0="13169" fd1="2840" fd2="58" filter-width="4" id="b04-162-01" lbs="130" lbx="0" lby="984" segmentation="ok" slant="90000" stroke-width="5883" threshold="172" text="with what has happened in the Congo. There" ubs="39" ubx="0" uby="956">
      <word id="b04-162-01-00" tag="IN" text="with">
        <cmp x="365" y="950" width="56" height="28" />
        <cmp x="428" y="934" width="10" height="10" />
        <cmp x="430" y="964" width="8" height="21" />
        <cmp x="454" y="920" width="64" height="58" />
      </word>
      <word id="b04-162-01-01" tag="WDT" text="what">
        <cmp x="570" y="952" width="52" height="33" />
        <cmp x="629" y="920" width="57" height="66" />
        <cmp x="686" y="960" width="32" height="24" />
        <cmp x="717" y="920" width="25" height="61" />
      </word>
      <word id="b04-162-01-02" tag="HVZ" text="has">
        <cmp x="802" y="921" width="4" height="5" />
        <cmp x="802" y="927" width="50" height="57" />
        <cmp x="853" y="954" width="27" height="25" />
        <cmp x="884" y="949" width="23" height="32" />
      </word>
      <word id="b04-162-01-03" tag="VBN" text="happened">
        <cmp x="948" y="910" width="77" height="71" />
        <cmp x="1034" y="952" width="34" height="55" />
        <cmp x="1077" y="954" width="25" height="60" />
        <cmp x="1108" y="953" width="20" height="32" />
        <cmp x="1133" y="962" width="40" height="20" />
        <cmp x="1175" y="958" width="23" height="26" />
        <cmp x="1202" y="960" width="18" height="24" />
        <cmp x="1216" y="931" width="20" height="57" />
      </word>
      <word id="b04-162-01-04" tag="IN" text="in">
        <cmp x="1292" y="928" width="10" height="12" />
        <cmp x="1299" y="956" width="7" height="30" />
        <cmp x="1316" y="962" width="46" height="19" />
      </word>
      <word id="b04-162-01-05" tag="ATI" text="the">
        <cmp x="1395" y="921" width="58" height="57" />
        <cmp x="1458" y="946" width="26" height="37" />
      </word>
      <word id="b04-162-01-06" tag="NP" text="Congo">
        <cmp x="1556" y="923" width="33" height="66" />
        <cmp x="1585" y="918" width="10" height="11" />
        <cmp x="1592" y="959" width="69" height="23" />
        <cmp x="1665" y="957" width="68" height="93" />
      </word>
      <word id="b04-162-01-07" tag="." text=".">
        <cmp x="1748" y="974" width="8" height="7" />
      </word>
      <word id="b04-162-01-08" sentence-start="yes" tag="RN" text="There">
        <cmp x="1798" y="934" width="82" height="50" />
        <cmp x="1885" y="924" width="44" height="51" />
        <cmp x="1932" y="952" width="71" height="28" />
      </word>
      <upper-contour>
        <point x="363" y="863" />
        <point x="2005" y="863" />
      </upper-contour>
      <lower-contour>
        <point x="373" y="1050" />
        <point x="2005" y="1050" />
      </lower-contour>
    </line>
    <line ass="38" asx="0" asy="1094" character-width="999" dss="38" dsx="0" dsy="1221" fd0="13171" fd1="2659" fd2="-844" filter-width="4" id="b04-162-02" lbs="-5" lbx="0" lby="1161" segmentation="ok" slant="98000" stroke-width="5978" threshold="182" text="Welensky&apos;s opponents have carried their theories" ubs="125" ubx="0" uby="1138">
      <word id="b04-162-02-00" tag="NP$" text="Welensky&apos;s">
        <cmp x="375" y="1097" width="75" height="71" />
        <cmp x="462" y="1102" width="86" height="66" />
        <cmp x="554" y="1133" width="61" height="35" />
        <cmp x="621" y="1107" width="95" height="115" />
        <cmp x="730" y="1095" width="9" height="31" />
        <cmp x="742" y="1126" width="30" height="32" />
      </word>
      <word id="b04-162-02-01" tag="NNS" text="opponents">
        <cmp x="840" y="1131" width="37" height="32" />
        <cmp x="882" y="1127" width="74" height="86" />
        <cmp x="958" y="1133" width="30" height="36" />
        <cmp x="993" y="1140" width="38" height="24" />
        <cmp x="1037" y="1137" width="68" height="26" />
        <cmp x="1109" y="1105" width="52" height="58" />
      </word>
      <word id="b04-162-02-02" tag="HV" text="have">
        <cmp x="1222" y="1105" width="75" height="63" />
        <cmp x="1301" y="1132" width="31" height="27" />
        <cmp x="1332" y="1130" width="21" height="32" />
      </word>
      <word id="b04-162-02-03" tag="VBN" text="carried">
        <cmp x="1408" y="1129" width="30" height="35" />
        <cmp x="1441" y="1136" width="40" height="23" />
        <cmp x="1486" y="1134" width="71" height="29" />
        <cmp x="1552" y="1115" width="8" height="6" />
        <cmp x="1560" y="1138" width="19" height="25" />
        <cmp x="1587" y="1095" width="36" height="68" />
      </word>
      <word id="b04-162-02-04" tag="PP$" text="their">
        <cmp x="1672" y="1098" width="100" height="65" />
        <cmp x="1746" y="1113" width="12" height="9" />
        <cmp x="1771" y="1140" width="28" height="16" />
      </word>
      <word id="b04-162-02-05" tag="NNS" text="theories">
        <cmp x="1861" y="1093" width="87" height="77" />
        <cmp x="1959" y="1143" width="66" height="25" />
        <cmp x="2015" y="1122" width="9" height="8" />
        <cmp x="2027" y="1142" width="25" height="24" />
        <cmp x="2058" y="1142" width="29" height="30" />
      </word>
      <upper-contour>
        <point x="373" y="1050" />
        <point x="2005" y="1050" />
      </upper-contour>
      <lower-contour>
        <point x="373" y="1222" />
        <point x="2088" y="1222" />
      </lower-contour>
    </line>
    <line ass="-626" asx="0" asy="1259" character-width="999" dss="-626" dsx="0" dsy="1388" fd0="12812" fd1="3113" fd2="148" filter-width="4" id="b04-162-03" lbs="-776" lbx="0" lby="1323" segmentation="ok" slant="97000" stroke-width="5892" threshold="172" text="into practice. There a UNO army of Africans," ubs="-328" ubx="0" uby="1308">
      <word id="b04-162-03-00" tag="IN" text="into">
        <cmp x="366" y="1285" width="14" height="10" />
        <cmp x="377" y="1304" width="12" height="35" />
        <cmp x="390" y="1312" width="46" height="16" />
        <cmp x="456" y="1280" width="53" height="55" />
      </word>
      <word id="b04-162-03-01" tag="NN" text="practice">
        <cmp x="595" y="1315" width="35" height="79" />
        <cmp x="626" y="1320" width="96" height="28" />
        <cmp x="737" y="1289" width="30" height="59" />
        <cmp x="760" y="1297" width="12" height="9" />
        <cmp x="775" y="1316" width="50" height="30" />
      </word>
      <word id="b04-162-03-02" tag="." text=".">
        <cmp x="855" y="1334" width="6" height="7" />
      </word>
      <word id="b04-162-03-03" sentence-start="yes" tag="RN" text="There">
        <cmp x="899" y="1288" width="193" height="54" />
        <cmp x="937" y="1307" width="11" height="44" />
        <cmp x="938" y="1300" width="4" height="6" />
      </word>
      <word id="b04-162-03-04" tag="AT" text="a">
        <cmp x="1147" y="1321" width="17" height="27" />
        <cmp x="1157" y="1315" width="33" height="28" />
      </word>
      <word id="b04-162-03-05" tag="NP" text="UNO">
        <cmp x="1243" y="1291" width="36" height="56" />
        <cmp x="1244" y="1284" width="6" height="6" />
        <cmp x="1284" y="1292" width="21" height="55" />
        <cmp x="1314" y="1298" width="49" height="43" />
        <cmp x="1365" y="1299" width="40" height="46" />
      </word>
      <word id="b04-162-03-06" tag="NN" text="army">
        <cmp x="1456" y="1312" width="37" height="36" />
        <cmp x="1498" y="1315" width="35" height="31" />
        <cmp x="1538" y="1314" width="65" height="29" />
        <cmp x="1611" y="1317" width="35" height="89" />
      </word>
      <word id="b04-162-03-07" tag="INO" text="of">
        <cmp x="1694" y="1318" width="23" height="24" />
        <cmp x="1721" y="1292" width="26" height="101" />
      </word>
      <word id="b04-162-03-08" tag="NNPS" text="Africans">
        <cmp x="1816" y="1281" width="51" height="75" />
        <cmp x="1885" y="1280" width="57" height="102" />
        <cmp x="1945" y="1292" width="10" height="14" />
        <cmp x="1965" y="1318" width="18" height="27" />
        <cmp x="1985" y="1316" width="20" height="25" />
        <cmp x="2007" y="1316" width="51" height="25" />
        <cmp x="2070" y="1315" width="16" height="27" />
      </word>
      <word id="b04-162-03-09" tag="," text=",">
        <cmp x="2116" y="1331" width="11" height="38" />
      </word>
      <upper-contour>
        <point x="373" y="1222" />
        <point x="2088" y="1222" />
      </upper-contour>
      <lower-contour>
        <point x="396" y="1406" />
        <point x="2104" y="1406" />
      </lower-contour>
    </line>
    <line ass="-159" asx="0" asy="1432" character-width="999" dss="-159" dsx="0" dsy="1585" fd0="13240" fd1="3629" fd2="-110" filter-width="3" id="b04-162-04" lbs="-53" lbx="0" lby="1521" segmentation="ok" slant="90000" stroke-width="5678" threshold="172" text="bossed by an Indian, has been in charge for" ubs="-371" ubx="0" uby="1489">
      <word id="b04-162-04-00" tag="VBN" text="bossed">
        <cmp x="398" y="1435" width="43" height="78" />
        <cmp x="442" y="1486" width="30" height="30" />
        <cmp x="484" y="1485" width="29" height="35" />
        <cmp x="514" y="1487" width="27" height="35" />
        <cmp x="546" y="1487" width="27" height="33" />
        <cmp x="577" y="1450" width="40" height="71" />
      </word>
      <word id="b04-162-04-01" tag="IN" text="by">
        <cmp x="687" y="1465" width="40" height="61" />
        <cmp x="730" y="1493" width="53" height="96" />
      </word>
      <word id="b04-162-04-02" tag="AT" text="an">
        <cmp x="817" y="1493" width="30" height="32" />
        <cmp x="849" y="1499" width="20" height="23" />
        <cmp x="870" y="1510" width="21" height="16" />
      </word>
      <word id="b04-162-04-03" tag="NNP" text="Indian">
        <cmp x="937" y="1465" width="48" height="74" />
        <cmp x="979" y="1498" width="43" height="25" />
        <cmp x="1025" y="1455" width="42" height="71" />
        <cmp x="1075" y="1497" width="10" height="25" />
        <cmp x="1078" y="1486" width="9" height="8" />
        <cmp x="1092" y="1495" width="28" height="27" />
        <cmp x="1127" y="1503" width="34" height="17" />
      </word>
      <word id="b04-162-04-04" tag="," text=",">
        <cmp x="1187" y="1516" width="9" height="34" />
      </word>
      <word id="b04-162-04-05" tag="HVZ" text="has">
        <cmp x="1260" y="1450" width="30" height="69" />
        <cmp x="1294" y="1497" width="12" height="17" />
        <cmp x="1312" y="1494" width="34" height="25" />
        <cmp x="1347" y="1490" width="24" height="36" />
      </word>
      <word id="b04-162-04-06" tag="BEN" text="been">
        <cmp x="1433" y="1454" width="33" height="73" />
        <cmp x="1471" y="1500" width="29" height="27" />
        <cmp x="1506" y="1498" width="21" height="25" />
        <cmp x="1537" y="1508" width="36" height="18" />
      </word>
      <word id="b04-162-04-07" tag="IN" text="in">
        <cmp x="1622" y="1483" width="53" height="45" />
        <cmp x="1626" y="1506" width="10" height="26" />
      </word>
      <word id="b04-162-04-08" tag="NN" text="charge">
        <cmp x="1732" y="1448" width="59" height="80" />
        <cmp x="1795" y="1510" width="5" height="5" />
        <cmp x="1802" y="1515" width="12" height="7" />
        <cmp x="1816" y="1498" width="30" height="25" />
        <cmp x="1854" y="1499" width="63" height="89" />
        <cmp x="1922" y="1490" width="30" height="29" />
      </word>
      <word id="b04-162-04-09" tag="IN" text="for">
        <cmp x="2003" y="1455" width="23" height="125" />
        <cmp x="2024" y="1452" width="4" height="3" />
        <cmp x="2037" y="1486" width="66" height="33" />
      </word>
      <upper-contour>
        <point x="396" y="1406" />
        <point x="2104" y="1406" />
      </upper-contour>
      <lower-contour>
        <point x="396" y="1589" />
        <point x="2104" y="1589" />
      </lower-contour>
    </line>
    <line ass="-203" asx="0" asy="1625" character-width="999" dss="-203" dsx="0" dsy="1764" fd0="13301" fd1="3021" fd2="292" filter-width="4" id="b04-162-05" lbs="-214" lbx="0" lby="1693" segmentation="ok" slant="95000" stroke-width="5832" threshold="172" text="months. And what has it made of the Congo?" ubs="-180" ubx="0" uby="1672">
      <word id="b04-162-05-00" tag="NNS" text="months">
        <cmp x="373" y="1661" width="66" height="42" />
        <cmp x="401" y="1680" width="4" height="4" />
        <cmp x="441" y="1675" width="66" height="21" />
        <cmp x="521" y="1631" width="59" height="64" />
        <cmp x="584" y="1661" width="16" height="31" />
      </word>
      <word id="b04-162-05-01" tag="." text=".">
        <cmp x="619" y="1681" width="14" height="10" />
      </word>
      <word id="b04-162-05-02" sentence-start="yes" tag="CC" text="And">
        <cmp x="694" y="1635" width="81" height="67" />
        <cmp x="778" y="1631" width="40" height="69" />
      </word>
      <word id="b04-162-05-03" tag="WDT" text="what">
        <cmp x="874" y="1668" width="48" height="36" />
        <cmp x="922" y="1649" width="48" height="52" />
        <cmp x="970" y="1677" width="31" height="20" />
        <cmp x="998" y="1646" width="29" height="56" />
      </word>
      <word id="b04-162-05-04" tag="HVZ" text="has">
        <cmp x="1105" y="1638" width="48" height="65" />
        <cmp x="1157" y="1677" width="23" height="20" />
        <cmp x="1189" y="1674" width="20" height="26" />
      </word>
      <word id="b04-162-05-05" tag="PP3" text="it">
        <cmp x="1281" y="1652" width="12" height="14" />
        <cmp x="1292" y="1676" width="7" height="25" />
        <cmp x="1301" y="1648" width="28" height="50" />
      </word>
      <word id="b04-162-05-06" tag="VBN" text="made">
        <cmp x="1398" y="1668" width="74" height="33" />
        <cmp x="1474" y="1680" width="33" height="20" />
        <cmp x="1515" y="1639" width="36" height="67" />
        <cmp x="1552" y="1676" width="32" height="28" />
      </word>
      <word id="b04-162-05-07" tag="INO" text="of">
        <cmp x="1650" y="1678" width="29" height="28" />
        <cmp x="1695" y="1632" width="22" height="126" />
      </word>
      <word id="b04-162-05-08" tag="ATI" text="the">
        <cmp x="1780" y="1638" width="42" height="75" />
        <cmp x="1825" y="1686" width="5" height="4" />
        <cmp x="1826" y="1672" width="41" height="33" />
      </word>
      <word id="b04-162-05-09" tag="NP" text="Congo">
        <cmp x="1927" y="1635" width="38" height="66" />
        <cmp x="1963" y="1677" width="68" height="20" />
        <cmp x="1966" y="1634" width="7" height="6" />
        <cmp x="2032" y="1682" width="35" height="90" />
        <cmp x="2082" y="1677" width="29" height="27" />
      </word>
      <word id="b04-162-05-10" tag="?" text="?">
        <cmp x="2151" y="1645" width="32" height="40" />
        <cmp x="2157" y="1699" width="9" height="6" />
      </word>
      <upper-contour>
        <point x="396" y="1589" />
        <point x="2104" y="1589" />
      </upper-contour>
      <lower-contour>
        <point x="403" y="1758" />
        <point x="1843" y="1758" />
      </lower-contour>
    </line>
    <line ass="-117" asx="0" asy="1804" character-width="999" dss="-117" dsx="0" dsy="1885" fd0="13296" fd1="2252" fd2="-726" filter-width="4" id="b04-162-06" lbs="-91" lbx="0" lby="1878" segmentation="ok" slant="90000" stroke-width="5841" threshold="172" text="A bloodstained shambles. No wonder" ubs="-170" ubx="0" uby="1848">
      <word id="b04-162-06-00" sentence-start="yes" tag="AT" text="A">
        <cmp x="405" y="1808" width="40" height="76" />
      </word>
      <word id="b04-162-06-01" tag="JJ" text="bloodstained">
        <cmp x="536" y="1816" width="45" height="64" />
        <cmp x="540" y="1810" width="5" height="5" />
        <cmp x="586" y="1807" width="33" height="65" />
        <cmp x="621" y="1844" width="27" height="33" />
        <cmp x="653" y="1851" width="15" height="25" />
        <cmp x="666" y="1844" width="13" height="28" />
        <cmp x="684" y="1817" width="30" height="61" />
        <cmp x="725" y="1849" width="25" height="35" />
        <cmp x="758" y="1817" width="98" height="65" />
        <cmp x="829" y="1829" width="14" height="8" />
        <cmp x="860" y="1861" width="46" height="21" />
        <cmp x="915" y="1850" width="24" height="26" />
        <cmp x="945" y="1810" width="38" height="69" />
      </word>
      <word id="b04-162-06-02" tag="NN" text="shambles">
        <cmp x="1050" y="1845" width="28" height="41" />
        <cmp x="1077" y="1814" width="87" height="69" />
        <cmp x="1171" y="1856" width="70" height="24" />
        <cmp x="1253" y="1821" width="74" height="61" />
        <cmp x="1326" y="1852" width="14" height="22" />
        <cmp x="1349" y="1849" width="20" height="36" />
      </word>
      <word id="b04-162-06-03" tag="." text=".">
        <cmp x="1391" y="1878" width="10" height="10" />
      </word>
      <word id="b04-162-06-04" sentence-start="yes" tag="ATI" text="No">
        <cmp x="1476" y="1827" width="89" height="57" />
        <cmp x="1485" y="1817" width="7" height="9" />
      </word>
      <word id="b04-162-06-05" tag="NN" text="wonder">
        <cmp x="1630" y="1852" width="124" height="36" />
        <cmp x="1758" y="1822" width="32" height="58" />
        <cmp x="1787" y="1853" width="19" height="24" />
        <cmp x="1804" y="1846" width="38" height="29" />
      </word>
      <upper-contour>
        <point x="403" y="1758" />
        <point x="1843" y="1758" />
      </upper-contour>
      <lower-contour>
        <point x="403" y="1888" />
        <point x="1843" y="1888" />
      </lower-contour>
    </line>
    <line ass="180" asx="0" asy="1971" character-width="999" dss="180" dsx="0" dsy="2117" fd0="13105" fd1="2774" fd2="-784" filter-width="4" id="b04-162-07" lbs="272" lbx="0" lby="2062" segmentation="ok" slant="90000" stroke-width="5845" threshold="172" text="Welensky has lost all patience with his" ubs="-2" ubx="0" uby="2026">
      <word id="b04-162-07-00" tag="NP" text="Welensky">
        <cmp x="358" y="1978" width="30" height="79" />
        <cmp x="387" y="1990" width="41" height="63" />
        <cmp x="429" y="1981" width="77" height="70" />
        <cmp x="508" y="2032" width="46" height="16" />
        <cmp x="561" y="2021" width="25" height="30" />
        <cmp x="593" y="1982" width="97" height="134" />
      </word>
      <word id="b04-162-07-01" tag="HVZ" text="has">
        <cmp x="763" y="1981" width="30" height="90" />
        <cmp x="794" y="2039" width="17" height="20" />
        <cmp x="812" y="2037" width="28" height="26" />
        <cmp x="844" y="2036" width="24" height="31" />
      </word>
      <word id="b04-162-07-02" tag="VBN" text="lost">
        <cmp x="927" y="1996" width="51" height="74" />
        <cmp x="984" y="2038" width="22" height="30" />
        <cmp x="1019" y="2002" width="25" height="62" />
      </word>
      <word id="b04-162-07-03" tag="ABN" text="all">
        <cmp x="1097" y="1985" width="58" height="78" />
        <cmp x="1154" y="1995" width="29" height="64" />
      </word>
      <word id="b04-162-07-04" tag="NN" text="patience">
        <cmp x="1251" y="2028" width="30" height="82" />
        <cmp x="1284" y="2031" width="42" height="29" />
        <cmp x="1336" y="1968" width="40" height="89" />
        <cmp x="1372" y="2003" width="11" height="15" />
        <cmp x="1384" y="2018" width="80" height="38" />
        <cmp x="1468" y="2020" width="49" height="34" />
      </word>
      <word id="b04-162-07-05" tag="IN" text="with">
        <cmp x="1585" y="2022" width="61" height="38" />
        <cmp x="1646" y="1992" width="14" height="15" />
        <cmp x="1650" y="2033" width="8" height="23" />
        <cmp x="1681" y="1987" width="52" height="64" />
      </word>
      <word id="b04-162-07-06" tag="PP$" text="his">
        <cmp x="1814" y="1991" width="69" height="68" />
        <cmp x="1881" y="2007" width="21" height="16" />
        <cmp x="1894" y="2028" width="32" height="37" />
      </word>
      <upper-contour>
        <point x="403" y="1888" />
        <point x="1843" y="1888" />
      </upper-contour>
      <lower-contour>
        <point x="401" y="2116" />
        <point x="1245" y="2116" />
      </lower-contour>
    </line>
    <line ass="-304" asx="0" asy="2163" character-width="999" dss="-304" dsx="0" dsy="2316" fd0="13161" fd1="2677" fd2="-571" filter-width="4" id="b04-162-08" lbs="-102" lbx="0" lby="2232" segmentation="ok" slant="97000" stroke-width="5975" threshold="172" text="misguided tormentors." ubs="-707" ubx="0" uby="2200">
      <word id="b04-162-08-00" tag="JJ" text="misguided">
        <cmp x="403" y="2188" width="134" height="48" />
        <cmp x="490" y="2181" width="14" height="9" />
        <cmp x="551" y="2208" width="51" height="113" />
        <cmp x="596" y="2208" width="74" height="27" />
        <cmp x="651" y="2194" width="13" height="9" />
        <cmp x="679" y="2172" width="32" height="60" />
        <cmp x="717" y="2201" width="26" height="33" />
        <cmp x="744" y="2176" width="30" height="58" />
      </word>
      <word id="b04-162-08-01" tag="NNS" text="tormentors">
        <cmp x="856" y="2169" width="157" height="82" />
        <cmp x="1021" y="2209" width="77" height="28" />
        <cmp x="1103" y="2169" width="89" height="70" />
        <cmp x="1193" y="2200" width="18" height="31" />
      </word>
      <word id="b04-162-08-02" tag="." text=".">
        <cmp x="1238" y="2228" width="7" height="7" />
      </word>
      <upper-contour>
        <point x="401" y="2116" />
        <point x="1245" y="2116" />
      </upper-contour>
    </line>
  </handwritten-part>
</form>

