<?xml version="1.0" encoding="ISO-8859-1"?>

<!DOCTYPE form SYSTEM 'http://www.iam.unibe.ch/~fki/iamdb/form-metadata.dtd'>

<form created="2002-01-15" height="3542" id="b05-083" last-modified="2002-07-17" skew="63" status="final" version="3.0_beta" width="2479" writer-id="121">
  <machine-printed-part>
    <machine-print-line text="In no other conquered country, not even Poland, had the Germans begun with such" />
    <machine-print-line text="a drastic step. There is no doubt that the compatriots of Eichmann would have been" />
    <machine-print-line text="as good as their evil word. THE Inland Revenue people have a thankless task. But" />
    <machine-print-line text="they do not make themselves less disliked by their attitude to their customers - who" />
    <machine-print-line text="incidentally pay their salaries." />
  </machine-printed-part>
  <handwritten-part>
    <line ass="1258" asx="0" asy="730" character-width="999" dss="1258" dsx="0" dsy="888" fd0="13583" fd1="2374" fd2="-1288" filter-width="3" id="b05-083-00" lbs="1305" lbx="0" lby="814" segmentation="ok" slant="87999" stroke-width="5569" threshold="199" text="In no other conquered country, not even" ubs="1164" ubx="0" uby="772">
      <word id="b05-083-00-00" sentence-start="yes" tag="IN" text="In">
        <cmp x="354" y="746" width="77" height="53" />
        <cmp x="382" y="722" width="8" height="14" />
        <cmp x="431" y="771" width="5" height="11" />
        <cmp x="434" y="751" width="20" height="42" />
        <cmp x="461" y="784" width="10" height="6" />
      </word>
      <word id="b05-083-00-01" tag="ATI" text="no">
        <cmp x="511" y="742" width="95" height="58" />
        <cmp x="620" y="742" width="34" height="55" />
      </word>
      <word id="b05-083-00-02" tag="AP" text="other">
        <cmp x="727" y="713" width="211" height="86" />
      </word>
      <word id="b05-083-00-03" tag="JJ" text="conquered">
        <cmp x="1011" y="743" width="45" height="54" />
        <cmp x="1063" y="753" width="35" height="53" />
        <cmp x="1117" y="752" width="32" height="57" />
        <cmp x="1162" y="748" width="50" height="93" />
        <cmp x="1195" y="842" width="3" height="4" />
        <cmp x="1203" y="751" width="128" height="60" />
        <cmp x="1349" y="751" width="62" height="51" />
        <cmp x="1419" y="732" width="39" height="64" />
      </word>
      <word id="b05-083-00-04" tag="NN" text="country">
        <cmp x="1524" y="742" width="22" height="52" />
        <cmp x="1550" y="742" width="3" height="5" />
        <cmp x="1561" y="755" width="33" height="40" />
        <cmp x="1578" y="757" width="4" height="3" />
        <cmp x="1606" y="756" width="26" height="42" />
        <cmp x="1650" y="755" width="40" height="44" />
        <cmp x="1713" y="727" width="115" height="123" />
      </word>
      <word id="b05-083-00-05" tag="," text=",">
        <cmp x="1856" y="764" width="8" height="50" />
        <cmp x="1857" y="815" width="3" height="4" />
      </word>
      <word id="b05-083-00-06" tag="XNOT" text="not">
        <cmp x="1898" y="721" width="67" height="51" />
        <cmp x="1977" y="720" width="25" height="41" />
        <cmp x="2019" y="699" width="29" height="59" />
      </word>
      <word id="b05-083-00-07" tag="RB" text="even">
        <cmp x="2070" y="701" width="234" height="50" />
      </word>
      <lower-contour>
        <point x="352" y="850" />
        <point x="2260" y="850" />
      </lower-contour>
    </line>
    <line ass="962" asx="0" asy="884" character-width="999" dss="962" dsx="0" dsy="1026" fd0="12951" fd1="2152" fd2="-1215" filter-width="4" id="b05-083-01" lbs="997" lbx="0" lby="968" segmentation="ok" slant="92000" stroke-width="5775" threshold="199" text="Poland, had the Germans begun with such a" ubs="893" ubx="0" uby="924">
      <word id="b05-083-01-00" tag="NP" text="Poland">
        <cmp x="347" y="878" width="55" height="104" />
        <cmp x="401" y="876" width="79" height="96" />
        <cmp x="481" y="913" width="33" height="43" />
        <cmp x="526" y="913" width="30" height="45" />
        <cmp x="568" y="892" width="31" height="62" />
      </word>
      <word id="b05-083-01-01" tag="," text=",">
        <cmp x="639" y="951" width="9" height="45" />
      </word>
      <word id="b05-083-01-02" tag="HVD" text="had">
        <cmp x="667" y="879" width="63" height="83" />
        <cmp x="752" y="914" width="27" height="36" />
        <cmp x="803" y="886" width="30" height="71" />
      </word>
      <word id="b05-083-01-03" tag="ATI" text="the">
        <cmp x="880" y="870" width="146" height="90" />
      </word>
      <word id="b05-083-01-04" tag="NNPS" text="Germans">
        <cmp x="1071" y="882" width="198" height="127" />
        <cmp x="1289" y="905" width="26" height="38" />
        <cmp x="1331" y="903" width="31" height="39" />
        <cmp x="1373" y="899" width="40" height="50" />
      </word>
      <word id="b05-083-01-05" tag="VBN" text="begun">
        <cmp x="1488" y="872" width="80" height="75" />
        <cmp x="1572" y="899" width="64" height="97" />
        <cmp x="1652" y="911" width="62" height="43" />
      </word>
      <word id="b05-083-01-06" tag="IN" text="with">
        <cmp x="1757" y="901" width="57" height="46" />
        <cmp x="1816" y="875" width="18" height="14" />
        <cmp x="1832" y="906" width="6" height="37" />
        <cmp x="1854" y="871" width="77" height="68" />
      </word>
      <word id="b05-083-01-07" tag="ABL" text="such">
        <cmp x="1998" y="885" width="28" height="43" />
        <cmp x="2035" y="927" width="5" height="5" />
        <cmp x="2037" y="896" width="19" height="34" />
        <cmp x="2068" y="871" width="87" height="60" />
      </word>
      <word id="b05-083-01-08" tag="AT" text="a">
        <cmp x="2191" y="887" width="69" height="45" />
      </word>
      <upper-contour>
        <point x="352" y="850" />
        <point x="2260" y="850" />
      </upper-contour>
      <lower-contour>
        <point x="349" y="1009" />
        <point x="2260" y="1009" />
      </lower-contour>
    </line>
    <line ass="1437" asx="0" asy="1065" character-width="999" dss="1437" dsx="0" dsy="1229" fd0="13105" fd1="2727" fd2="-1008" filter-width="4" id="b05-083-02" lbs="1469" lbx="0" lby="1142" segmentation="ok" slant="94000" stroke-width="5759" threshold="199" text="drastic step. There is no doubt that the compatriots" ubs="1375" ubx="0" uby="1101">
      <word id="b05-083-02-00" tag="JJ" text="drastic">
        <cmp x="351" y="1054" width="53" height="90" />
        <cmp x="426" y="1079" width="64" height="52" />
        <cmp x="503" y="1072" width="79" height="61" />
        <cmp x="570" y="1076" width="16" height="9" />
        <cmp x="597" y="1085" width="46" height="39" />
        <cmp x="643" y="1110" width="5" height="4" />
      </word>
      <word id="b05-083-02-01" tag="NN" text="step">
        <cmp x="671" y="1061" width="49" height="73" />
        <cmp x="723" y="1088" width="37" height="38" />
        <cmp x="770" y="1085" width="35" height="88" />
      </word>
      <word id="b05-083-02-02" tag="." text=".">
        <cmp x="834" y="1106" width="7" height="17" />
      </word>
      <word id="b05-083-02-03" sentence-start="yes" tag="EX" text="There">
        <cmp x="855" y="1055" width="244" height="62" />
      </word>
      <word id="b05-083-02-04" tag="BEZ" text="is">
        <cmp x="1132" y="1065" width="24" height="46" />
        <cmp x="1161" y="1069" width="34" height="52" />
      </word>
      <word id="b05-083-02-05" tag="ATI" text="no">
        <cmp x="1218" y="1071" width="38" height="41" />
        <cmp x="1266" y="1076" width="35" height="42" />
      </word>
      <word id="b05-083-02-06" tag="NN" text="doubt">
        <cmp x="1360" y="1047" width="56" height="74" />
        <cmp x="1427" y="1037" width="195" height="82" />
      </word>
      <word id="b05-083-02-07" tag="CS" text="that">
        <cmp x="1662" y="1036" width="101" height="77" />
        <cmp x="1780" y="1036" width="79" height="67" />
      </word>
      <word id="b05-083-02-08" tag="ATI" text="the">
        <cmp x="1905" y="1030" width="74" height="87" />
      </word>
      <word id="b05-083-02-09" tag="NNS" text="compatriots">
        <cmp x="2013" y="1055" width="32" height="52" />
        <cmp x="2045" y="1054" width="6" height="4" />
        <cmp x="2064" y="1060" width="28" height="43" />
        <cmp x="2110" y="1054" width="53" height="46" />
        <cmp x="2163" y="1054" width="49" height="109" />
        <cmp x="2188" y="1164" width="6" height="11" />
        <cmp x="2217" y="1015" width="116" height="76" />
        <cmp x="2313" y="1023" width="10" height="9" />
        <cmp x="2344" y="1035" width="26" height="49" />
        <cmp x="2380" y="1015" width="55" height="59" />
      </word>
      <upper-contour>
        <point x="349" y="1009" />
        <point x="2260" y="1009" />
      </upper-contour>
      <lower-contour>
        <point x="367" y="1176" />
        <point x="2405" y="1176" />
      </lower-contour>
    </line>
    <line ass="1711" asx="0" asy="1242" character-width="999" dss="1711" dsx="0" dsy="1403" fd0="14281" fd1="2567" fd2="-972" filter-width="3" id="b05-083-03" lbs="1824" lbx="0" lby="1324" segmentation="ok" slant="89000" stroke-width="5352" threshold="199" text="of Eichmann would have been as good as their" ubs="1486" ubx="0" uby="1292">
      <word id="b05-083-03-00" tag="INO" text="of">
        <cmp x="369" y="1227" width="84" height="108" />
      </word>
      <word id="b05-083-03-01" tag="NP" text="Eichmann">
        <cmp x="500" y="1227" width="85" height="77" />
        <cmp x="558" y="1257" width="15" height="5" />
        <cmp x="605" y="1233" width="62" height="66" />
        <cmp x="682" y="1249" width="50" height="49" />
        <cmp x="744" y="1258" width="28" height="46" />
        <cmp x="789" y="1267" width="21" height="32" />
        <cmp x="810" y="1256" width="55" height="38" />
      </word>
      <word id="b05-083-03-02" tag="MD" text="would">
        <cmp x="893" y="1254" width="7" height="11" />
        <cmp x="900" y="1276" width="4" height="4" />
        <cmp x="909" y="1252" width="28" height="52" />
        <cmp x="934" y="1257" width="17" height="48" />
        <cmp x="973" y="1222" width="108" height="80" />
        <cmp x="1094" y="1224" width="39" height="76" />
        <cmp x="1129" y="1292" width="4" height="7" />
      </word>
      <word id="b05-083-03-03" tag="HV" text="have">
        <cmp x="1183" y="1209" width="46" height="83" />
        <cmp x="1194" y="1220" width="9" height="19" />
        <cmp x="1238" y="1243" width="113" height="50" />
      </word>
      <word id="b05-083-03-04" tag="BEN" text="been">
        <cmp x="1388" y="1214" width="111" height="83" />
        <cmp x="1401" y="1237" width="3" height="7" />
        <cmp x="1519" y="1247" width="60" height="44" />
      </word>
      <word id="b05-083-03-05" tag="QL" text="as">
        <cmp x="1653" y="1240" width="108" height="45" />
      </word>
      <word id="b05-083-03-06" tag="JJ" text="good">
        <cmp x="1821" y="1284" width="47" height="65" />
        <cmp x="1825" y="1232" width="39" height="41" />
        <cmp x="1825" y="1273" width="9" height="4" />
        <cmp x="1893" y="1258" width="3" height="7" />
        <cmp x="1896" y="1237" width="30" height="48" />
        <cmp x="1946" y="1235" width="33" height="43" />
        <cmp x="1946" y="1264" width="8" height="10" />
        <cmp x="1983" y="1197" width="38" height="76" />
        <cmp x="2019" y="1269" width="3" height="4" />
      </word>
      <word id="b05-083-03-07" tag="IN" text="as">
        <cmp x="2069" y="1223" width="41" height="39" />
        <cmp x="2132" y="1229" width="11" height="9" />
        <cmp x="2135" y="1264" width="21" height="8" />
        <cmp x="2139" y="1246" width="3" height="3" />
        <cmp x="2143" y="1250" width="16" height="18" />
      </word>
      <word id="b05-083-03-08" tag="PP$" text="their">
        <cmp x="2183" y="1188" width="71" height="58" />
        <cmp x="2199" y="1188" width="4" height="12" />
        <cmp x="2204" y="1258" width="3" height="7" />
        <cmp x="2238" y="1211" width="100" height="51" />
        <cmp x="2241" y="1199" width="4" height="14" />
        <cmp x="2328" y="1200" width="22" height="22" />
        <cmp x="2374" y="1217" width="31" height="47" />
      </word>
      <upper-contour>
        <point x="367" y="1176" />
        <point x="2405" y="1176" />
      </upper-contour>
      <lower-contour>
        <point x="367" y="1349" />
        <point x="2405" y="1349" />
      </lower-contour>
    </line>
    <line ass="1622" asx="0" asy="1426" character-width="999" dss="1622" dsx="0" dsy="1594" fd0="12994" fd1="2848" fd2="-791" filter-width="3" id="b05-083-04" lbs="1668" lbx="0" lby="1509" segmentation="ok" slant="92999" stroke-width="5584" threshold="199" text="evil word. THE Inland Revenue people have a" ubs="1529" ubx="0" uby="1474">
      <word id="b05-083-04-00" tag="JJ" text="evil">
        <cmp x="364" y="1458" width="98" height="52" />
        <cmp x="469" y="1445" width="17" height="6" />
        <cmp x="480" y="1461" width="8" height="40" />
        <cmp x="493" y="1432" width="13" height="87" />
      </word>
      <word id="b05-083-04-01" tag="NN" text="word">
        <cmp x="565" y="1449" width="60" height="56" />
        <cmp x="641" y="1429" width="122" height="69" />
      </word>
      <word id="b05-083-04-02" tag="." text=".">
        <cmp x="780" y="1477" width="8" height="5" />
      </word>
      <word id="b05-083-04-03" sentence-start="yes" tag="ATI" text="THE">
        <cmp x="805" y="1419" width="50" height="71" />
        <cmp x="832" y="1413" width="3" height="3" />
        <cmp x="877" y="1402" width="36" height="85" />
        <cmp x="923" y="1409" width="8" height="72" />
        <cmp x="946" y="1415" width="51" height="68" />
      </word>
      <word id="b05-083-04-04" tag="JJB" text="Inland">
        <cmp x="1048" y="1406" width="104" height="82" />
        <cmp x="1161" y="1401" width="10" height="69" />
        <cmp x="1187" y="1424" width="24" height="44" />
        <cmp x="1228" y="1425" width="35" height="39" />
        <cmp x="1282" y="1399" width="34" height="72" />
      </word>
      <word id="b05-083-04-05" tag="NN" text="Revenue">
        <cmp x="1384" y="1402" width="121" height="84" />
        <cmp x="1505" y="1423" width="178" height="62" />
        <cmp x="1507" y="1427" width="5" height="5" />
        <cmp x="1685" y="1423" width="78" height="40" />
        <cmp x="1768" y="1453" width="3" height="3" />
        <cmp x="1774" y="1451" width="3" height="3" />
      </word>
      <word id="b05-083-04-06" tag="NNS" text="people">
        <cmp x="1841" y="1422" width="50" height="89" />
        <cmp x="1857" y="1512" width="4" height="3" />
        <cmp x="1896" y="1424" width="32" height="38" />
        <cmp x="1913" y="1460" width="5" height="3" />
        <cmp x="1943" y="1424" width="31" height="44" />
        <cmp x="1982" y="1419" width="42" height="119" />
        <cmp x="2030" y="1386" width="80" height="66" />
      </word>
      <word id="b05-083-04-07" tag="HV" text="have">
        <cmp x="2176" y="1386" width="51" height="72" />
        <cmp x="2243" y="1416" width="31" height="37" />
        <cmp x="2290" y="1399" width="65" height="50" />
      </word>
      <word id="b05-083-04-08" tag="AT" text="a">
        <cmp x="2385" y="1406" width="69" height="38" />
        <cmp x="2409" y="1406" width="5" height="4" />
      </word>
      <upper-contour>
        <point x="367" y="1349" />
        <point x="2405" y="1349" />
      </upper-contour>
      <lower-contour>
        <point x="362" y="1538" />
        <point x="2175" y="1538" />
      </lower-contour>
    </line>
    <line ass="2167" asx="0" asy="1609" character-width="999" dss="2167" dsx="0" dsy="1755" fd0="12850" fd1="2801" fd2="-730" filter-width="4" id="b05-083-05" lbs="2048" lbx="0" lby="1700" segmentation="ok" slant="90000" stroke-width="5770" threshold="186" text="thankless task. But they do not make" ubs="2404" ubx="0" uby="1666">
      <word id="b05-083-05-00" tag="JJ" text="thankless">
        <cmp x="353" y="1594" width="112" height="103" />
        <cmp x="480" y="1645" width="31" height="44" />
        <cmp x="525" y="1647" width="36" height="36" />
        <cmp x="575" y="1610" width="68" height="71" />
        <cmp x="660" y="1606" width="148" height="81" />
      </word>
      <word id="b05-083-05-01" tag="NN" text="task">
        <cmp x="840" y="1603" width="90" height="82" />
        <cmp x="953" y="1592" width="72" height="73" />
      </word>
      <word id="b05-083-05-02" tag="." text=".">
        <cmp x="1067" y="1648" width="5" height="8" />
      </word>
      <word id="b05-083-05-03" sentence-start="yes" tag="CC" text="But">
        <cmp x="1111" y="1588" width="179" height="79" />
      </word>
      <word id="b05-083-05-04" tag="PP3AS" text="they">
        <cmp x="1335" y="1565" width="204" height="135" />
        <cmp x="1355" y="1562" width="4" height="6" />
      </word>
      <word id="b05-083-05-05" tag="DO" text="do">
        <cmp x="1595" y="1570" width="46" height="78" />
        <cmp x="1657" y="1591" width="38" height="55" />
      </word>
      <word id="b05-083-05-06" tag="XNOT" text="not">
        <cmp x="1743" y="1586" width="4" height="4" />
        <cmp x="1743" y="1583" width="45" height="55" />
        <cmp x="1803" y="1585" width="26" height="49" />
        <cmp x="1837" y="1548" width="38" height="80" />
      </word>
      <word id="b05-083-05-07" tag="VB" text="make">
        <cmp x="1931" y="1585" width="64" height="56" />
        <cmp x="2017" y="1587" width="35" height="42" />
        <cmp x="2059" y="1555" width="110" height="69" />
      </word>
      <upper-contour>
        <point x="362" y="1538" />
        <point x="2175" y="1538" />
      </upper-contour>
      <lower-contour>
        <point x="360" y="1700" />
        <point x="2175" y="1700" />
      </lower-contour>
    </line>
    <line ass="2414" asx="0" asy="1796" character-width="999" dss="2414" dsx="0" dsy="1927" fd0="13106" fd1="2661" fd2="-1130" filter-width="4" id="b05-083-06" lbs="2376" lbx="0" lby="1880" segmentation="ok" slant="90000" stroke-width="5759" threshold="189" text="themselves less disliked by their attitude" ubs="2488" ubx="0" uby="1842">
      <word id="b05-083-06-00" tag="PPLS" text="themselves">
        <cmp x="362" y="1779" width="238" height="96" />
        <cmp x="604" y="1829" width="10" height="44" />
        <cmp x="635" y="1767" width="242" height="102" />
        <cmp x="656" y="1807" width="8" height="18" />
      </word>
      <word id="b05-083-06-01" tag="RBR" text="less">
        <cmp x="916" y="1766" width="187" height="80" />
      </word>
      <word id="b05-083-06-02" tag="VBN" text="disliked">
        <cmp x="1155" y="1793" width="41" height="45" />
        <cmp x="1170" y="1762" width="14" height="65" />
        <cmp x="1205" y="1764" width="11" height="6" />
        <cmp x="1218" y="1791" width="8" height="45" />
        <cmp x="1233" y="1777" width="44" height="59" />
        <cmp x="1294" y="1757" width="53" height="72" />
        <cmp x="1320" y="1769" width="17" height="9" />
        <cmp x="1362" y="1760" width="11" height="67" />
        <cmp x="1372" y="1784" width="62" height="39" />
        <cmp x="1444" y="1754" width="43" height="65" />
      </word>
      <word id="b05-083-06-03" tag="IN" text="by">
        <cmp x="1567" y="1736" width="111" height="123" />
      </word>
      <word id="b05-083-06-04" tag="PP$" text="their">
        <cmp x="1726" y="1738" width="175" height="82" />
        <cmp x="1878" y="1753" width="23" height="11" />
        <cmp x="1932" y="1746" width="39" height="63" />
      </word>
      <word id="b05-083-06-05" tag="NN" text="attitude">
        <cmp x="1993" y="1756" width="57" height="51" />
        <cmp x="2043" y="1724" width="109" height="71" />
        <cmp x="2117" y="1727" width="31" height="9" />
        <cmp x="2164" y="1719" width="37" height="80" />
        <cmp x="2211" y="1746" width="50" height="47" />
        <cmp x="2272" y="1719" width="51" height="67" />
        <cmp x="2326" y="1745" width="83" height="42" />
      </word>
      <upper-contour>
        <point x="360" y="1700" />
        <point x="2175" y="1700" />
      </upper-contour>
      <lower-contour>
        <point x="360" y="1875" />
        <point x="2335" y="1875" />
      </lower-contour>
    </line>
    <line ass="2146" asx="0" asy="1949" character-width="999" dss="2146" dsx="0" dsy="2099" fd0="12913" fd1="2820" fd2="-817" filter-width="3" id="b05-083-07" lbs="2115" lbx="0" lby="2050" segmentation="ok" slant="98000" stroke-width="5641" threshold="199" text="to their customers - who incidentally" ubs="2208" ubx="0" uby="2014">
      <word id="b05-083-07-00" tag="IN" text="to">
        <cmp x="353" y="1933" width="114" height="116" />
      </word>
      <word id="b05-083-07-01" tag="PP$" text="their">
        <cmp x="513" y="1943" width="203" height="98" />
        <cmp x="695" y="1963" width="84" height="55" />
      </word>
      <word id="b05-083-07-02" tag="NNS" text="customers">
        <cmp x="826" y="1964" width="41" height="60" />
        <cmp x="867" y="2009" width="3" height="3" />
        <cmp x="875" y="1968" width="39" height="57" />
        <cmp x="937" y="1942" width="217" height="82" />
        <cmp x="1148" y="1959" width="166" height="52" />
      </word>
      <word id="b05-083-07-03" tag="*-" text="-">
        <cmp x="1344" y="1977" width="51" height="13" />
      </word>
      <word id="b05-083-07-04" tag="WP" text="who">
        <cmp x="1434" y="1921" width="142" height="88" />
        <cmp x="1593" y="1952" width="33" height="47" />
      </word>
      <word id="b05-083-07-05" tag="RB" text="incidentally">
        <cmp x="1687" y="1932" width="19" height="6" />
        <cmp x="1705" y="1944" width="13" height="49" />
        <cmp x="1741" y="1932" width="42" height="63" />
        <cmp x="1803" y="1932" width="87" height="71" />
        <cmp x="1866" y="1926" width="17" height="11" />
        <cmp x="1904" y="1908" width="57" height="83" />
        <cmp x="1956" y="1987" width="4" height="3" />
        <cmp x="1961" y="1930" width="127" height="51" />
        <cmp x="2099" y="1886" width="109" height="88" />
        <cmp x="2217" y="1903" width="24" height="56" />
        <cmp x="2250" y="1893" width="12" height="70" />
        <cmp x="2267" y="1926" width="36" height="20" />
        <cmp x="2289" y="1919" width="45" height="95" />
      </word>
      <upper-contour>
        <point x="360" y="1875" />
        <point x="2335" y="1875" />
      </upper-contour>
      <lower-contour>
        <point x="391" y="2041" />
        <point x="1393" y="2041" />
      </lower-contour>
    </line>
    <line ass="2004" asx="0" asy="2148" character-width="999" dss="2004" dsx="0" dsy="2313" fd0="12775" fd1="2491" fd2="-848" filter-width="3" id="b05-083-08" lbs="2153" lbx="0" lby="2235" segmentation="err" slant="96000" stroke-width="5633" threshold="189" text="pay their salaries." ubs="1706" ubx="0" uby="2198">
      <word id="b05-083-08-00" tag="VB" text="pay">
        <cmp x="393" y="2171" width="72" height="130" />
        <cmp x="476" y="2190" width="32" height="30" />
        <cmp x="517" y="2180" width="36" height="99" />
      </word>
      <word id="b05-083-08-01" tag="PP$" text="their">
        <cmp x="664" y="2127" width="205" height="88" />
        <cmp x="705" y="2202" width="3" height="10" />
        <cmp x="834" y="2143" width="22" height="10" />
        <cmp x="898" y="2132" width="37" height="61" />
      </word>
      <word id="b05-083-08-02" tag="NNS" text="salaries">
        <cmp x="986" y="2144" width="71" height="63" />
        <cmp x="1073" y="2109" width="79" height="86" />
        <cmp x="1166" y="2158" width="33" height="38" />
        <cmp x="1184" y="2158" width="6" height="4" />
        <cmp x="1226" y="2147" width="52" height="61" />
        <cmp x="1250" y="2132" width="22" height="8" />
      </word>
      <word id="b05-083-08-03" tag="." text=".">
        <cmp x="1287" y="2151" width="105" height="46" />
      </word>
      <upper-contour>
        <point x="391" y="2041" />
        <point x="1393" y="2041" />
      </upper-contour>
    </line>
  </handwritten-part>
</form>

