<?xml version="1.0" encoding="ISO-8859-1"?>

<!DOCTYPE form SYSTEM 'http://www.iam.unibe.ch/~fki/iamdb/form-metadata.dtd'>

<form created="2002-01-15" height="3542" id="b05-032" last-modified="2002-07-17" skew="-191" status="final" version="3.0_beta" width="2479" writer-id="116">
  <machine-printed-part>
    <machine-print-line text="The travellers from the New World who had been in Britain many times before," />
    <machine-print-line text="were slightly stunned. Afterwards they said: &amp;quot;We thought we knew it all, but you" />
    <machine-print-line text="Britishers never run out of unturned stones.&amp;quot;" />
    <machine-print-line text="To the British Travel Association, doing their excellent darndest, I offer these sad" />
    <machine-print-line text="complexities. IN the 1830&apos;s the Luddites took sledge-hammers to their looms and" />
    <machine-print-line text="many a good trade unionist since then has, in the hope of improving the lot of his" />
    <machine-print-line text="fellow workers, taken the theoretical Luddite hammer again." />
  </machine-printed-part>
  <handwritten-part>
    <line ass="-235" asx="0" asy="895" character-width="999" dss="-235" dsx="0" dsy="1024" fd0="12742" fd1="2017" fd2="-826" filter-width="4" id="b05-032-00" lbs="-278" lbx="0" lby="984" segmentation="ok" slant="72000" stroke-width="6769" threshold="150" text="The travellers from the New World who had" ubs="-149" ubx="0" uby="953">
      <word id="b05-032-00-00" sentence-start="yes" tag="ATI" text="The">
        <cmp x="386" y="903" width="61" height="34" />
        <cmp x="389" y="907" width="149" height="79" />
      </word>
      <word id="b05-032-00-01" tag="NNS" text="travellers">
        <cmp x="574" y="898" width="336" height="94" />
      </word>
      <word id="b05-032-00-02" tag="IN" text="from">
        <cmp x="941" y="905" width="190" height="123" />
      </word>
      <word id="b05-032-00-03" tag="ATI" text="the">
        <cmp x="1170" y="925" width="128" height="68" />
      </word>
      <word id="b05-032-00-04" tag="JJ" text="New">
        <cmp x="1340" y="925" width="182" height="72" />
      </word>
      <word id="b05-032-00-05" tag="NN" text="World">
        <cmp x="1548" y="910" width="106" height="79" />
        <cmp x="1618" y="928" width="170" height="74" />
      </word>
      <word id="b05-032-00-06" tag="WP" text="who">
        <cmp x="1831" y="927" width="153" height="77" />
      </word>
      <word id="b05-032-00-07" tag="HVD" text="had">
        <cmp x="2022" y="912" width="150" height="85" />
      </word>
      <lower-contour>
        <point x="384" y="1029" />
        <point x="2152" y="1029" />
      </lower-contour>
    </line>
    <line ass="-566" asx="0" asy="1088" character-width="999" dss="-566" dsx="0" dsy="1215" fd0="12678" fd1="2986" fd2="-222" filter-width="4" id="b05-032-01" lbs="-642" lbx="0" lby="1153" segmentation="ok" slant="66999" stroke-width="6962" threshold="150" text="been in Britain many times before, were" ubs="-414" ubx="0" uby="1132">
      <word id="b05-032-01-00" tag="BEN" text="been">
        <cmp x="368" y="1107" width="180" height="66" />
      </word>
      <word id="b05-032-01-01" tag="IN" text="in">
        <cmp x="598" y="1135" width="101" height="32" />
        <cmp x="642" y="1111" width="8" height="7" />
      </word>
      <word id="b05-032-01-02" tag="NP" text="Britain">
        <cmp x="770" y="1096" width="54" height="67" />
        <cmp x="831" y="1103" width="238" height="69" />
        <cmp x="898" y="1106" width="7" height="8" />
        <cmp x="1017" y="1119" width="8" height="7" />
      </word>
      <word id="b05-032-01-03" tag="AP" text="many">
        <cmp x="1136" y="1133" width="205" height="95" />
      </word>
      <word id="b05-032-01-04" tag="NNS" text="times">
        <cmp x="1387" y="1104" width="202" height="72" />
        <cmp x="1461" y="1103" width="8" height="7" />
      </word>
      <word id="b05-032-01-05" tag="RI" text="before">
        <cmp x="1666" y="1106" width="233" height="78" />
      </word>
      <word id="b05-032-01-06" tag="," text=",">
        <cmp x="1900" y="1171" width="20" height="34" />
      </word>
      <word id="b05-032-01-07" tag="BED" text="were">
        <cmp x="1955" y="1131" width="196" height="42" />
      </word>
      <upper-contour>
        <point x="384" y="1029" />
        <point x="2152" y="1029" />
      </upper-contour>
      <lower-contour>
        <point x="366" y="1229" />
        <point x="2152" y="1229" />
      </lower-contour>
    </line>
    <line ass="-413" asx="0" asy="1260" character-width="999" dss="-413" dsx="0" dsy="1382" fd0="13008" fd1="2250" fd2="-639" filter-width="4" id="b05-032-02" lbs="-294" lbx="0" lby="1344" segmentation="ok" slant="71000" stroke-width="7056" threshold="149" text="slightly stunned. Afterwards they said: &amp;quot;We thought" ubs="-652" ubx="0" uby="1305">
      <word id="b05-032-02-00" tag="RB" text="slightly">
        <cmp x="368" y="1279" width="272" height="108" />
        <cmp x="450" y="1282" width="8" height="7" />
      </word>
      <word id="b05-032-02-01" tag="VBN" text="stunned">
        <cmp x="687" y="1272" width="260" height="77" />
      </word>
      <word id="b05-032-02-02" tag="." text=".">
        <cmp x="969" y="1336" width="8" height="8" />
      </word>
      <word id="b05-032-02-03" sentence-start="yes" tag="RB" text="Afterwards">
        <cmp x="1008" y="1280" width="349" height="97" />
      </word>
      <word id="b05-032-02-04" tag="PP3AS" text="they">
        <cmp x="1406" y="1283" width="125" height="111" />
      </word>
      <word id="b05-032-02-05" tag="VBD" text="said">
        <cmp x="1572" y="1301" width="144" height="50" />
        <cmp x="1658" y="1291" width="8" height="7" />
      </word>
      <word id="b05-032-02-06" tag=":" text=":">
        <cmp x="1734" y="1340" width="9" height="9" />
        <cmp x="1742" y="1319" width="8" height="7" />
      </word>
      <word id="b05-032-02-07" sentence-start="yes" tag="*&apos;" text="&quot;">
        <cmp x="1785" y="1273" width="31" height="32" />
      </word>
      <word id="b05-032-02-08" tag="PP1AS" text="We">
        <cmp x="1835" y="1291" width="101" height="55" />
        <cmp x="1908" y="1327" width="62" height="28" />
      </word>
      <word id="b05-032-02-09" tag="VBD" text="thought">
        <cmp x="2013" y="1287" width="220" height="106" />
      </word>
      <upper-contour>
        <point x="366" y="1229" />
        <point x="2152" y="1229" />
      </upper-contour>
      <lower-contour>
        <point x="366" y="1394" />
        <point x="2113" y="1394" />
      </lower-contour>
    </line>
    <line ass="-428" asx="0" asy="1444" character-width="999" dss="-428" dsx="0" dsy="1559" fd0="12703" fd1="2328" fd2="-309" filter-width="4" id="b05-032-03" lbs="-436" lbx="0" lby="1515" segmentation="ok" slant="68999" stroke-width="6949" threshold="149" text="we knew it all, but you Britishers never run" ubs="-411" ubx="0" uby="1486">
      <word id="b05-032-03-00" tag="PP1AS" text="we">
        <cmp x="361" y="1478" width="109" height="36" />
      </word>
      <word id="b05-032-03-01" tag="VBD" text="knew">
        <cmp x="515" y="1448" width="185" height="77" />
      </word>
      <word id="b05-032-03-02" tag="PP3" text="it">
        <cmp x="742" y="1456" width="73" height="64" />
        <cmp x="769" y="1476" width="7" height="7" />
      </word>
      <word id="b05-032-03-03" tag="ABN" text="all">
        <cmp x="854" y="1462" width="94" height="63" />
      </word>
      <word id="b05-032-03-04" tag="," text=",">
        <cmp x="973" y="1519" width="21" height="31" />
      </word>
      <word id="b05-032-03-05" tag="CC" text="but">
        <cmp x="1023" y="1460" width="138" height="69" />
      </word>
      <word id="b05-032-03-06" tag="PP2" text="you">
        <cmp x="1193" y="1484" width="154" height="85" />
      </word>
      <word id="b05-032-03-07" tag="NNPS" text="Britishers">
        <cmp x="1392" y="1456" width="49" height="67" />
        <cmp x="1433" y="1465" width="277" height="69" />
        <cmp x="1500" y="1471" width="8" height="8" />
        <cmp x="1556" y="1473" width="8" height="8" />
      </word>
      <word id="b05-032-03-08" tag="RB" text="never">
        <cmp x="1749" y="1500" width="188" height="29" />
      </word>
      <word id="b05-032-03-09" tag="VB" text="run">
        <cmp x="1961" y="1488" width="151" height="38" />
      </word>
      <upper-contour>
        <point x="366" y="1394" />
        <point x="2113" y="1394" />
      </upper-contour>
      <lower-contour>
        <point x="359" y="1570" />
        <point x="1283" y="1570" />
      </lower-contour>
    </line>
    <line ass="-1221" asx="0" asy="1604" character-width="999" dss="-1221" dsx="0" dsy="1712" fd0="11911" fd1="2774" fd2="-59" filter-width="5" id="b05-032-04" lbs="-970" lbx="0" lby="1690" segmentation="ok" slant="73000" stroke-width="7178" threshold="147" text="out of unturned stones.&amp;quot;" ubs="-1724" ubx="0" uby="1649">
      <word id="b05-032-04-00" tag="RP" text="out">
        <cmp x="356" y="1629" width="134" height="73" />
      </word>
      <word id="b05-032-04-01" tag="INO" text="of">
        <cmp x="540" y="1634" width="73" height="90" />
      </word>
      <word id="b05-032-04-02" tag="JJ" text="unturned">
        <cmp x="660" y="1640" width="291" height="66" />
      </word>
      <word id="b05-032-04-03" tag="NNS" text="stones">
        <cmp x="999" y="1642" width="220" height="71" />
      </word>
      <word id="b05-032-04-04" tag="." text=".">
        <cmp x="1233" y="1699" width="7" height="7" />
      </word>
      <word id="b05-032-04-05" tag="**&apos;" text="&quot;">
        <cmp x="1253" y="1630" width="28" height="37" />
      </word>
      <upper-contour>
        <point x="359" y="1570" />
        <point x="1283" y="1570" />
      </upper-contour>
      <lower-contour>
        <point x="361" y="1726" />
        <point x="1283" y="1726" />
      </lower-contour>
    </line>
    <line ass="-628" asx="0" asy="1786" character-width="999" dss="-628" dsx="0" dsy="1923" fd0="12720" fd1="2291" fd2="-792" filter-width="4" id="b05-032-05" lbs="-717" lbx="0" lby="1862" segmentation="ok" slant="68000" stroke-width="6990" threshold="148" text="To the British Travel Association, doing their excellent" ubs="-451" ubx="0" uby="1840">
      <word id="b05-032-05-00" sentence-start="yes" tag="IN" text="To">
        <cmp x="363" y="1806" width="50" height="24" />
        <cmp x="367" y="1827" width="73" height="57" />
      </word>
      <word id="b05-032-05-01" tag="ATI" text="the">
        <cmp x="466" y="1807" width="101" height="70" />
      </word>
      <word id="b05-032-05-02" tag="JNP" text="British">
        <cmp x="609" y="1809" width="53" height="73" />
        <cmp x="650" y="1814" width="172" height="76" />
        <cmp x="709" y="1821" width="8" height="8" />
        <cmp x="765" y="1823" width="8" height="6" />
      </word>
      <word id="b05-032-05-03" tag="NN" text="Travel">
        <cmp x="879" y="1805" width="223" height="77" />
      </word>
      <word id="b05-032-05-04" tag="NN" text="Association">
        <cmp x="1132" y="1828" width="324" height="63" />
        <cmp x="1296" y="1833" width="9" height="7" />
        <cmp x="1378" y="1833" width="9" height="8" />
      </word>
      <word id="b05-032-05-05" tag="," text=",">
        <cmp x="1473" y="1877" width="19" height="28" />
      </word>
      <word id="b05-032-05-06" tag="VBG" text="doing">
        <cmp x="1512" y="1822" width="200" height="122" />
        <cmp x="1604" y="1829" width="10" height="9" />
      </word>
      <word id="b05-032-05-07" tag="PP$" text="their">
        <cmp x="1753" y="1821" width="159" height="67" />
        <cmp x="1866" y="1827" width="7" height="8" />
      </word>
      <word id="b05-032-05-08" tag="JJ" text="excellent">
        <cmp x="1954" y="1850" width="89" height="43" />
        <cmp x="2041" y="1809" width="185" height="83" />
      </word>
      <upper-contour>
        <point x="361" y="1726" />
        <point x="1283" y="1726" />
      </upper-contour>
      <lower-contour>
        <point x="361" y="1943" />
        <point x="2170" y="1943" />
      </lower-contour>
    </line>
    <line ass="-56" asx="0" asy="1980" character-width="999" dss="-56" dsx="0" dsy="2095" fd0="12284" fd1="2113" fd2="-737" filter-width="5" id="b05-032-06" lbs="-163" lbx="0" lby="2058" segmentation="ok" slant="68000" stroke-width="7157" threshold="147" text="darndest, I offer these sad complexities. IN the 1830&apos;s" ubs="157" ubx="0" uby="2031">
      <word id="b05-032-06-00" tag="JJT" text="darndest">
        <cmp x="332" y="1981" width="260" height="84" />
      </word>
      <word id="b05-032-06-01" tag="," text=",">
        <cmp x="610" y="2047" width="18" height="37" />
      </word>
      <word id="b05-032-06-02" tag="PP1A" text="I">
        <cmp x="657" y="2003" width="46" height="51" />
      </word>
      <word id="b05-032-06-03" tag="VB" text="offer">
        <cmp x="764" y="1999" width="156" height="81" />
      </word>
      <word id="b05-032-06-04" tag="DTS" text="these">
        <cmp x="965" y="2009" width="155" height="54" />
      </word>
      <word id="b05-032-06-05" tag="JJ" text="sad">
        <cmp x="1162" y="1997" width="125" height="66" />
      </word>
      <word id="b05-032-06-06" tag="NNS" text="complexities">
        <cmp x="1319" y="2027" width="100" height="33" />
        <cmp x="1407" y="2001" width="287" height="97" />
        <cmp x="1569" y="2005" width="9" height="8" />
        <cmp x="1640" y="2011" width="11" height="8" />
      </word>
      <word id="b05-032-06-07" tag="." text=".">
        <cmp x="1722" y="2059" width="7" height="8" />
      </word>
      <word id="b05-032-06-08" sentence-start="yes" tag="IN" text="IN">
        <cmp x="1751" y="2002" width="77" height="68" />
      </word>
      <word id="b05-032-06-09" tag="ATI" text="the">
        <cmp x="1864" y="2002" width="86" height="65" />
      </word>
      <word id="b05-032-06-10" tag="CDS" text="1830&apos;s">
        <cmp x="2000" y="2010" width="34" height="60" />
        <cmp x="2036" y="2009" width="33" height="54" />
        <cmp x="2071" y="2012" width="27" height="45" />
        <cmp x="2095" y="2007" width="30" height="53" />
        <cmp x="2142" y="1999" width="14" height="21" />
        <cmp x="2142" y="2033" width="26" height="33" />
      </word>
      <upper-contour>
        <point x="361" y="1943" />
        <point x="2170" y="1943" />
      </upper-contour>
      <lower-contour>
        <point x="330" y="2098" />
        <point x="2170" y="2098" />
      </lower-contour>
    </line>
    <line ass="-476" asx="0" asy="2158" character-width="999" dss="-476" dsx="0" dsy="2271" fd0="12184" fd1="1903" fd2="-745" filter-width="5" id="b05-032-07" lbs="-481" lbx="0" lby="2232" segmentation="ok" slant="65000" stroke-width="7265" threshold="147" text="the Luddites took sledge-hammers to their looms and" ubs="-466" ubx="0" uby="2200">
      <word id="b05-032-07-00" tag="ATI" text="the">
        <cmp x="319" y="2166" width="103" height="67" />
      </word>
      <word id="b05-032-07-01" tag="NNPS" text="Luddites">
        <cmp x="476" y="2173" width="305" height="66" />
        <cmp x="671" y="2179" width="9" height="8" />
      </word>
      <word id="b05-032-07-02" tag="VBD" text="took">
        <cmp x="818" y="2183" width="148" height="66" />
      </word>
      <word id="b05-032-07-03" tag="NNS" text="sledge-hammers">
        <cmp x="1044" y="2178" width="195" height="103" />
        <cmp x="1252" y="2223" width="17" height="7" />
        <cmp x="1290" y="2184" width="263" height="69" />
      </word>
      <word id="b05-032-07-04" tag="IN" text="to">
        <cmp x="1595" y="2183" width="77" height="62" />
      </word>
      <word id="b05-032-07-05" tag="PP$" text="their">
        <cmp x="1681" y="2182" width="157" height="68" />
        <cmp x="1787" y="2187" width="8" height="10" />
      </word>
      <word id="b05-032-07-06" tag="NNS" text="looms">
        <cmp x="1879" y="2184" width="183" height="67" />
      </word>
      <word id="b05-032-07-07" tag="CC" text="and">
        <cmp x="2082" y="2177" width="129" height="70" />
      </word>
      <upper-contour>
        <point x="330" y="2098" />
        <point x="2170" y="2098" />
      </upper-contour>
      <lower-contour>
        <point x="319" y="2282" />
        <point x="2091" y="2282" />
      </lower-contour>
    </line>
    <line ass="-430" asx="0" asy="2347" character-width="999" dss="-430" dsx="0" dsy="2461" fd0="12538" fd1="2890" fd2="36" filter-width="5" id="b05-032-08" lbs="-440" lbx="0" lby="2409" segmentation="ok" slant="66000" stroke-width="7244" threshold="148" text="many a good trade unionist since then has, in the" ubs="-409" ubx="0" uby="2381">
      <word id="b05-032-08-00" tag="AP" text="many">
        <cmp x="321" y="2370" width="185" height="96" />
      </word>
      <word id="b05-032-08-01" tag="AT" text="a">
        <cmp x="557" y="2379" width="44" height="33" />
      </word>
      <word id="b05-032-08-02" tag="JJ" text="good">
        <cmp x="634" y="2359" width="162" height="105" />
      </word>
      <word id="b05-032-08-03" tag="NN" text="trade">
        <cmp x="849" y="2361" width="166" height="63" />
      </word>
      <word id="b05-032-08-04" tag="NN" text="unionist">
        <cmp x="1055" y="2371" width="238" height="52" />
        <cmp x="1144" y="2365" width="8" height="9" />
        <cmp x="1242" y="2370" width="12" height="6" />
      </word>
      <word id="b05-032-08-05" tag="IN" text="since">
        <cmp x="1335" y="2386" width="149" height="38" />
        <cmp x="1382" y="2369" width="9" height="8" />
      </word>
      <word id="b05-032-08-06" tag="RN" text="then">
        <cmp x="1530" y="2362" width="130" height="61" />
      </word>
      <word id="b05-032-08-07" tag="HVZ" text="has">
        <cmp x="1705" y="2359" width="107" height="62" />
      </word>
      <word id="b05-032-08-08" tag="," text=",">
        <cmp x="1798" y="2421" width="20" height="39" />
      </word>
      <word id="b05-032-08-09" tag="IN" text="in">
        <cmp x="1863" y="2396" width="84" height="26" />
        <cmp x="1894" y="2368" width="8" height="7" />
      </word>
      <word id="b05-032-08-10" tag="ATI" text="the">
        <cmp x="1978" y="2365" width="112" height="63" />
      </word>
      <upper-contour>
        <point x="319" y="2282" />
        <point x="2091" y="2282" />
      </upper-contour>
      <lower-contour>
        <point x="325" y="2468" />
        <point x="2091" y="2468" />
      </lower-contour>
    </line>
    <line ass="-209" asx="0" asy="2528" character-width="999" dss="-209" dsx="0" dsy="2645" fd0="12435" fd1="2046" fd2="-452" filter-width="5" id="b05-032-09" lbs="-221" lbx="0" lby="2599" segmentation="ok" slant="63000" stroke-width="7255" threshold="148" text="hope of improving the lot of his fellow workers, taken" ubs="-184" ubx="0" uby="2570">
      <word id="b05-032-09-00" tag="NN" text="hope">
        <cmp x="327" y="2535" width="154" height="86" />
      </word>
      <word id="b05-032-09-01" tag="INO" text="of">
        <cmp x="526" y="2534" width="72" height="87" />
      </word>
      <word id="b05-032-09-02" tag="VBG" text="improving">
        <cmp x="637" y="2561" width="316" height="89" />
        <cmp x="676" y="2537" width="8" height="6" />
        <cmp x="877" y="2543" width="9" height="8" />
      </word>
      <word id="b05-032-09-03" tag="ATI" text="the">
        <cmp x="1000" y="2534" width="117" height="61" />
      </word>
      <word id="b05-032-09-04" tag="NN" text="lot">
        <cmp x="1154" y="2538" width="94" height="63" />
      </word>
      <word id="b05-032-09-05" tag="INO" text="of">
        <cmp x="1280" y="2536" width="58" height="85" />
      </word>
      <word id="b05-032-09-06" tag="PP$" text="his">
        <cmp x="1381" y="2540" width="104" height="61" />
        <cmp x="1441" y="2545" width="8" height="8" />
      </word>
      <word id="b05-032-09-07" tag="JJB" text="fellow">
        <cmp x="1510" y="2538" width="208" height="93" />
      </word>
      <word id="b05-032-09-08" tag="NNS" text="workers">
        <cmp x="1740" y="2545" width="247" height="68" />
      </word>
      <word id="b05-032-09-09" tag="," text=",">
        <cmp x="1990" y="2597" width="24" height="39" />
      </word>
      <word id="b05-032-09-10" tag="VBN" text="taken">
        <cmp x="2035" y="2534" width="171" height="71" />
      </word>
      <upper-contour>
        <point x="325" y="2468" />
        <point x="2091" y="2468" />
      </upper-contour>
      <lower-contour>
        <point x="325" y="2651" />
        <point x="1693" y="2651" />
      </lower-contour>
    </line>
    <line ass="-947" asx="0" asy="2668" character-width="999" dss="-947" dsx="0" dsy="2771" fd0="12395" fd1="2483" fd2="-95" filter-width="4" id="b05-032-10" lbs="-811" lbx="0" lby="2738" segmentation="ok" slant="64000" stroke-width="6444" threshold="148" text="the theoretical Luddite hammer again." ubs="-1218" ubx="0" uby="2705">
      <word id="b05-032-10-00" tag="ATI" text="the">
        <cmp x="318" y="2686" width="109" height="63" />
      </word>
      <word id="b05-032-10-01" tag="JJ" text="theoretical">
        <cmp x="476" y="2686" width="320" height="64" />
        <cmp x="697" y="2699" width="10" height="9" />
      </word>
      <word id="b05-032-10-02" tag="JNP" text="Luddite">
        <cmp x="851" y="2690" width="264" height="69" />
        <cmp x="1029" y="2699" width="8" height="8" />
      </word>
      <word id="b05-032-10-03" tag="NN" text="hammer">
        <cmp x="1162" y="2688" width="263" height="76" />
      </word>
      <word id="b05-032-10-04" tag="RB" text="again">
        <cmp x="1462" y="2729" width="209" height="69" />
        <cmp x="1607" y="2705" width="7" height="7" />
      </word>
      <word id="b05-032-10-05" tag="." text=".">
        <cmp x="1681" y="2753" width="11" height="10" />
      </word>
      <upper-contour>
        <point x="325" y="2651" />
        <point x="1693" y="2651" />
      </upper-contour>
    </line>
  </handwritten-part>
</form>

