<?xml version="1.0" encoding="ISO-8859-1"?>

<!DOCTYPE form SYSTEM 'http://www.iam.unibe.ch/~fki/iamdb/form-metadata.dtd'>

<form created="2002-01-15" height="3542" id="b05-017" last-modified="2002-07-17" skew="-127" status="final" version="3.0_beta" width="2479" writer-id="115">
  <machine-printed-part>
    <machine-print-line text="Nobody&apos;s going to shove 2ole Uncle Sam around!&amp;quot; He then took out a piece of paper," />
    <machine-print-line text="wrote his address on it and added: &amp;quot;Anybody mucking the Yanks about had better" />
    <machine-print-line text="call on me first. I won&apos;t stand for it.&amp;quot; Exit a puzzled American." />
    <machine-print-line text="The other incident occurred in the boat-train from Cherbourg to Paris." />
  </machine-printed-part>
  <handwritten-part>
    <line ass="-38" asx="0" asy="763" character-width="999" dss="-38" dsx="0" dsy="853" fd0="13060" fd1="2484" fd2="-840" filter-width="5" id="b05-017-00" lbs="20" lbx="0" lby="814" segmentation="ok" slant="66000" stroke-width="7576" threshold="163" text="Nobody&apos;s going to shove 2ole Uncle Sam around!&amp;quot; He then" ubs="-157" ubx="0" uby="780">
      <word id="b05-017-00-00" sentence-start="yes" tag="PN" text="Nobody">
        <cmp x="354" y="765" width="39" height="51" />
        <cmp x="390" y="765" width="61" height="48" />
        <cmp x="449" y="765" width="92" height="90" />
      </word>
      <word id="b05-017-00-01" tag="BEZ" text="&apos;s">
        <cmp x="550" y="774" width="9" height="21" />
        <cmp x="554" y="789" width="18" height="26" />
      </word>
      <word id="b05-017-00-02" tag="VBG" text="going">
        <cmp x="598" y="786" width="32" height="59" />
        <cmp x="629" y="786" width="40" height="30" />
        <cmp x="671" y="773" width="7" height="12" />
        <cmp x="671" y="789" width="58" height="65" />
      </word>
      <word id="b05-017-00-03" tag="TO" text="to">
        <cmp x="752" y="766" width="26" height="45" />
        <cmp x="771" y="782" width="32" height="33" />
      </word>
      <word id="b05-017-00-04" tag="VB" text="shove">
        <cmp x="827" y="765" width="56" height="51" />
        <cmp x="884" y="786" width="93" height="34" />
      </word>
      <word id="b05-017-00-05" tag="JJ" text="2ole">
        <cmp x="1019" y="770" width="29" height="45" />
        <cmp x="1051" y="771" width="67" height="50" />
      </word>
      <word id="b05-017-00-06" tag="NPT" text="Uncle">
        <cmp x="1152" y="769" width="87" height="48" />
        <cmp x="1241" y="767" width="77" height="53" />
      </word>
      <word id="b05-017-00-07" tag="NP" text="Sam">
        <cmp x="1355" y="775" width="126" height="44" />
      </word>
      <word id="b05-017-00-08" tag="RP" text="around">
        <cmp x="1512" y="786" width="100" height="36" />
        <cmp x="1609" y="771" width="148" height="52" />
      </word>
      <word id="b05-017-00-09" tag="!" text="!">
        <cmp x="1752" y="817" width="7" height="6" />
        <cmp x="1759" y="772" width="22" height="32" />
      </word>
      <word id="b05-017-00-10" tag="**&apos;" text="&quot;">
        <cmp x="1792" y="772" width="15" height="17" />
        <cmp x="1805" y="774" width="12" height="15" />
      </word>
      <word id="b05-017-00-11" sentence-start="yes" tag="PP3A" text="He">
        <cmp x="1824" y="773" width="68" height="44" />
      </word>
      <word id="b05-017-00-12" tag="RN" text="then">
        <cmp x="1905" y="769" width="147" height="47" />
      </word>
      <lower-contour>
        <point x="352" y="856" />
        <point x="2053" y="856" />
      </lower-contour>
    </line>
    <line ass="-305" asx="0" asy="939" character-width="999" dss="-305" dsx="0" dsy="1015" fd0="13319" fd1="2320" fd2="-943" filter-width="5" id="b05-017-01" lbs="-213" lbx="0" lby="992" segmentation="ok" slant="59000" stroke-width="7613" threshold="168" text="took out a piece of paper, wrote his address on it and added:" ubs="-489" ubx="0" uby="958">
      <word id="b05-017-01-00" tag="VBD" text="took">
        <cmp x="349" y="945" width="70" height="49" />
        <cmp x="420" y="944" width="31" height="48" />
      </word>
      <word id="b05-017-01-01" tag="RP" text="out">
        <cmp x="473" y="943" width="106" height="55" />
      </word>
      <word id="b05-017-01-02" tag="AT" text="a">
        <cmp x="588" y="963" width="32" height="31" />
      </word>
      <word id="b05-017-01-03" tag="NN" text="piece">
        <cmp x="629" y="963" width="63" height="49" />
        <cmp x="693" y="964" width="85" height="31" />
        <cmp x="694" y="954" width="7" height="8" />
      </word>
      <word id="b05-017-01-04" tag="INO" text="of">
        <cmp x="805" y="943" width="70" height="78" />
      </word>
      <word id="b05-017-01-05" tag="NN" text="paper">
        <cmp x="860" y="961" width="172" height="60" />
      </word>
      <word id="b05-017-01-06" tag="," text=",">
        <cmp x="1028" y="991" width="14" height="21" />
      </word>
      <word id="b05-017-01-07" tag="VBD" text="wrote">
        <cmp x="1068" y="950" width="138" height="48" />
      </word>
      <word id="b05-017-01-08" tag="PP$" text="his">
        <cmp x="1228" y="949" width="55" height="46" />
        <cmp x="1285" y="961" width="10" height="11" />
        <cmp x="1287" y="972" width="15" height="26" />
      </word>
      <word id="b05-017-01-09" tag="NN" text="address">
        <cmp x="1326" y="969" width="31" height="28" />
        <cmp x="1356" y="949" width="58" height="48" />
        <cmp x="1393" y="955" width="140" height="45" />
      </word>
      <word id="b05-017-01-10" tag="IN" text="on">
        <cmp x="1552" y="970" width="70" height="32" />
      </word>
      <word id="b05-017-01-11" tag="PP3" text="it">
        <cmp x="1635" y="977" width="20" height="24" />
        <cmp x="1653" y="957" width="27" height="43" />
      </word>
      <word id="b05-017-01-12" tag="CC" text="and">
        <cmp x="1692" y="969" width="86" height="33" />
        <cmp x="1781" y="954" width="59" height="46" />
      </word>
      <word id="b05-017-01-13" tag="VBD" text="added">
        <cmp x="1855" y="954" width="204" height="49" />
      </word>
      <word id="b05-017-01-14" tag=":" text=":">
        <cmp x="2055" y="992" width="7" height="8" />
        <cmp x="2061" y="976" width="6" height="8" />
      </word>
      <upper-contour>
        <point x="352" y="856" />
        <point x="2053" y="856" />
      </upper-contour>
      <lower-contour>
        <point x="349" y="1021" />
        <point x="2068" y="1021" />
      </lower-contour>
    </line>
    <line ass="-9" asx="0" asy="1120" character-width="999" dss="-9" dsx="0" dsy="1215" fd0="13431" fd1="2925" fd2="-680" filter-width="5" id="b05-017-02" lbs="151" lbx="0" lby="1180" segmentation="ok" slant="57000" stroke-width="7515" threshold="172" text="&amp;quot;Anybody mucking the Yanks about had better call on me" ubs="-332" ubx="0" uby="1137">
      <word id="b05-017-02-00" sentence-start="yes" tag="*&apos;" text="&quot;">
        <cmp x="351" y="1122" width="17" height="18" />
      </word>
      <word id="b05-017-02-01" tag="PN" text="Anybody">
        <cmp x="361" y="1128" width="103" height="89" />
        <cmp x="473" y="1125" width="57" height="52" />
        <cmp x="525" y="1126" width="74" height="88" />
      </word>
      <word id="b05-017-02-02" tag="VBG" text="mucking">
        <cmp x="625" y="1147" width="117" height="30" />
        <cmp x="739" y="1129" width="90" height="48" />
        <cmp x="825" y="1135" width="70" height="73" />
      </word>
      <word id="b05-017-02-03" tag="ATI" text="the">
        <cmp x="918" y="1122" width="91" height="53" />
      </word>
      <word id="b05-017-02-04" tag="NNPS" text="Yanks">
        <cmp x="1025" y="1127" width="67" height="90" />
        <cmp x="1075" y="1147" width="76" height="30" />
        <cmp x="1156" y="1134" width="33" height="41" />
        <cmp x="1188" y="1153" width="18" height="26" />
      </word>
      <word id="b05-017-02-05" tag="RP" text="about">
        <cmp x="1234" y="1126" width="180" height="54" />
      </word>
      <word id="b05-017-02-06" tag="HVD" text="had">
        <cmp x="1428" y="1126" width="46" height="51" />
        <cmp x="1466" y="1128" width="88" height="48" />
      </word>
      <word id="b05-017-02-07" tag="RBR" text="better">
        <cmp x="1572" y="1127" width="159" height="53" />
      </word>
      <word id="b05-017-02-08" tag="VB" text="call">
        <cmp x="1756" y="1130" width="135" height="54" />
      </word>
      <word id="b05-017-02-09" tag="IN" text="on">
        <cmp x="1907" y="1152" width="70" height="26" />
      </word>
      <word id="b05-017-02-10" tag="PP1O" text="me">
        <cmp x="1989" y="1148" width="100" height="30" />
      </word>
      <upper-contour>
        <point x="349" y="1021" />
        <point x="2068" y="1021" />
      </upper-contour>
      <lower-contour>
        <point x="349" y="1218" />
        <point x="1869" y="1218" />
      </lower-contour>
    </line>
    <line ass="-173" asx="0" asy="1299" character-width="999" dss="-173" dsx="0" dsy="1390" fd0="12748" fd1="2467" fd2="-851" filter-width="5" id="b05-017-03" lbs="-264" lbx="0" lby="1347" segmentation="ok" slant="56000" stroke-width="7721" threshold="170" text="first. I won&apos;t stand for it.&amp;quot; Exit a puzzled American." ubs="8" ubx="0" uby="1326">
      <word id="b05-017-03-00" tag="RB" text="first">
        <cmp x="330" y="1302" width="83" height="89" />
        <cmp x="373" y="1316" width="10" height="8" />
        <cmp x="414" y="1311" width="32" height="45" />
      </word>
      <word id="b05-017-03-01" tag="." text=".">
        <cmp x="448" y="1348" width="11" height="7" />
      </word>
      <word id="b05-017-03-02" sentence-start="yes" tag="PP1A" text="I">
        <cmp x="490" y="1306" width="40" height="50" />
      </word>
      <word id="b05-017-03-03" tag="MDX" text="won&apos;t">
        <cmp x="525" y="1318" width="129" height="38" />
        <cmp x="663" y="1306" width="13" height="21" />
        <cmp x="665" y="1307" width="31" height="45" />
      </word>
      <word id="b05-017-03-04" tag="VB" text="stand">
        <cmp x="717" y="1310" width="50" height="45" />
        <cmp x="757" y="1324" width="90" height="30" />
        <cmp x="848" y="1302" width="61" height="52" />
      </word>
      <word id="b05-017-03-05" tag="IN" text="for">
        <cmp x="906" y="1305" width="90" height="71" />
      </word>
      <word id="b05-017-03-06" tag="PP3" text="it">
        <cmp x="1013" y="1326" width="19" height="25" />
        <cmp x="1031" y="1309" width="27" height="40" />
      </word>
      <word id="b05-017-03-07" tag="." text=".">
        <cmp x="1057" y="1348" width="11" height="8" />
      </word>
      <word id="b05-017-03-08" tag="**&apos;" text="&quot;">
        <cmp x="1091" y="1305" width="20" height="21" />
      </word>
      <word id="b05-017-03-09" sentence-start="yes" tag="VB" text="Exit">
        <cmp x="1117" y="1310" width="44" height="43" />
        <cmp x="1146" y="1325" width="36" height="33" />
        <cmp x="1179" y="1331" width="15" height="21" />
        <cmp x="1197" y="1312" width="22" height="40" />
      </word>
      <word id="b05-017-03-10" tag="AT" text="a">
        <cmp x="1235" y="1325" width="36" height="31" />
      </word>
      <word id="b05-017-03-11" tag="JJ" text="puzzled">
        <cmp x="1272" y="1326" width="60" height="54" />
        <cmp x="1332" y="1307" width="146" height="83" />
        <cmp x="1473" y="1306" width="64" height="48" />
      </word>
      <word id="b05-017-03-12" tag="NNP" text="American">
        <cmp x="1552" y="1310" width="188" height="45" />
        <cmp x="1741" y="1327" width="25" height="33" />
        <cmp x="1746" y="1312" width="8" height="5" />
        <cmp x="1764" y="1327" width="92" height="30" />
      </word>
      <word id="b05-017-03-13" tag="." text=".">
        <cmp x="1863" y="1355" width="6" height="7" />
      </word>
      <upper-contour>
        <point x="349" y="1218" />
        <point x="1869" y="1218" />
      </upper-contour>
      <lower-contour>
        <point x="342" y="1390" />
        <point x="1869" y="1390" />
      </lower-contour>
    </line>
    <line ass="-61" asx="0" asy="1475" character-width="999" dss="-61" dsx="0" dsy="1568" fd0="13958" fd1="2489" fd2="-1024" filter-width="5" id="b05-017-04" lbs="1" lbx="0" lby="1532" segmentation="ok" slant="55000" stroke-width="7214" threshold="169" text="The other incident occurred in the boat-train from Cherbourg" ubs="-189" ubx="0" uby="1502">
      <word id="b05-017-04-00" sentence-start="yes" tag="ATI" text="The">
        <cmp x="344" y="1476" width="82" height="58" />
      </word>
      <word id="b05-017-04-01" tag="AP" text="other">
        <cmp x="449" y="1479" width="136" height="53" />
      </word>
      <word id="b05-017-04-02" tag="NN" text="incident">
        <cmp x="605" y="1508" width="17" height="24" />
        <cmp x="616" y="1507" width="39" height="26" />
        <cmp x="626" y="1490" width="7" height="10" />
        <cmp x="657" y="1505" width="46" height="27" />
        <cmp x="700" y="1483" width="161" height="54" />
        <cmp x="706" y="1489" width="6" height="7" />
      </word>
      <word id="b05-017-04-03" tag="VBD" text="occurred">
        <cmp x="891" y="1500" width="34" height="35" />
        <cmp x="923" y="1504" width="50" height="32" />
        <cmp x="978" y="1504" width="130" height="34" />
        <cmp x="1100" y="1480" width="68" height="54" />
      </word>
      <word id="b05-017-04-04" tag="IN" text="in">
        <cmp x="1175" y="1512" width="15" height="20" />
        <cmp x="1191" y="1516" width="34" height="17" />
        <cmp x="1195" y="1493" width="6" height="9" />
      </word>
      <word id="b05-017-04-05" tag="ATI" text="the">
        <cmp x="1252" y="1487" width="99" height="49" />
      </word>
      <word id="b05-017-04-06" tag="NN" text="boat-train">
        <cmp x="1387" y="1482" width="46" height="51" />
        <cmp x="1423" y="1505" width="37" height="30" />
        <cmp x="1457" y="1492" width="70" height="45" />
        <cmp x="1534" y="1509" width="17" height="7" />
        <cmp x="1551" y="1491" width="46" height="47" />
        <cmp x="1590" y="1504" width="96" height="32" />
        <cmp x="1661" y="1494" width="5" height="12" />
      </word>
      <word id="b05-017-04-07" tag="IN" text="from">
        <cmp x="1708" y="1482" width="145" height="78" />
      </word>
      <word id="b05-017-04-08" tag="NP" text="Cherbourg">
        <cmp x="1882" y="1486" width="167" height="54" />
        <cmp x="2047" y="1511" width="95" height="29" />
        <cmp x="2117" y="1513" width="44" height="57" />
      </word>
      <upper-contour>
        <point x="342" y="1390" />
        <point x="1869" y="1390" />
      </upper-contour>
      <lower-contour>
        <point x="345" y="1535" />
        <point x="571" y="1535" />
      </lower-contour>
    </line>
    <line ass="-2788" asx="0" asy="1633" character-width="999" dss="-2788" dsx="0" dsy="1693" fd0="14958" fd1="3326" fd2="-726" filter-width="4" id="b05-017-05" lbs="-1361" lbx="0" lby="1698" segmentation="ok" slant="63000" stroke-width="6696" threshold="167" text="to Paris." ubs="-5641" ubx="0" uby="1634">
      <word id="b05-017-05-00" tag="IN" text="to">
        <cmp x="347" y="1655" width="50" height="52" />
      </word>
      <word id="b05-017-05-01" tag="NP" text="Paris">
        <cmp x="422" y="1655" width="44" height="49" />
        <cmp x="445" y="1674" width="83" height="41" />
        <cmp x="528" y="1659" width="8" height="11" />
        <cmp x="530" y="1678" width="15" height="30" />
      </word>
      <word id="b05-017-05-02" tag="." text=".">
        <cmp x="561" y="1701" width="9" height="11" />
      </word>
      <upper-contour>
        <point x="345" y="1535" />
        <point x="571" y="1535" />
      </upper-contour>
    </line>
  </handwritten-part>
</form>

