<?xml version="1.0" encoding="ISO-8859-1"?>

<!DOCTYPE form SYSTEM 'http://www.iam.unibe.ch/~fki/iamdb/form-metadata.dtd'>

<form created="2002-01-15" height="3542" id="b05-050" last-modified="2002-07-17" skew="95" status="final" version="3.0_beta" width="2479" writer-id="117">
  <machine-printed-part>
    <machine-print-line text="You are out of date. Cricket in 1961 is played with a theodolite, six surveyors, a ball," />
    <machine-print-line text="bats and wickets between two sides. Shades of the village stalwarts of Hambledon who" />
    <machine-print-line text="are now the patron saints of the game! What would THEY have thought of these" />
    <machine-print-line text="civil engineers creeping about the pitch with their optical instruments?" />
  </machine-printed-part>
  <handwritten-part>
    <line ass="-31" asx="0" asy="683" character-width="999" dss="-31" dsx="0" dsy="803" fd0="12950" fd1="2970" fd2="-38" filter-width="4" id="b05-050-00" lbs="-153" lbx="0" lby="771" segmentation="err" slant="90000" stroke-width="6665" threshold="162" text="You are out of date. Cricket in 1961 is played" ubs="211" ubx="0" uby="743">
      <word id="b05-050-00-00" sentence-start="yes" tag="PP2" text="You">
        <cmp x="377" y="684" width="34" height="57" />
        <cmp x="399" y="703" width="41" height="87" />
        <cmp x="436" y="741" width="82" height="40" />
      </word>
      <word id="b05-050-00-01" tag="BER" text="are">
        <cmp x="569" y="738" width="128" height="39" />
      </word>
      <word id="b05-050-00-02" tag="RP" text="out">
        <cmp x="746" y="705" width="123" height="70" />
      </word>
      <word id="b05-050-00-03" tag="INO" text="of">
        <cmp x="898" y="684" width="87" height="107" />
      </word>
      <word id="b05-050-00-04" tag="NN" text="date">
        <cmp x="1019" y="693" width="162" height="80" />
      </word>
      <word id="b05-050-00-05" tag="." text=".">
        <cmp x="1202" y="768" width="8" height="10" />
      </word>
      <word id="b05-050-00-06" sentence-start="yes" tag="NN" text="Cricket">
        <cmp x="1253" y="714" width="97" height="59" />
        <cmp x="1345" y="726" width="11" height="12" />
        <cmp x="1357" y="745" width="49" height="32" />
        <cmp x="1404" y="708" width="103" height="68" />
      </word>
      <word id="b05-050-00-07" tag="IN" text="in">
        <cmp x="1553" y="746" width="8" height="27" />
        <cmp x="1554" y="724" width="8" height="14" />
        <cmp x="1576" y="742" width="30" height="37" />
      </word>
      <word id="b05-050-00-08" tag="CD" text="1961">
        <cmp x="1651" y="713" width="37" height="63" />
        <cmp x="1697" y="716" width="28" height="58" />
        <cmp x="1739" y="711" width="36" height="58" />
        <cmp x="1787" y="724" width="18" height="49" />
        <cmp x="1865" y="743" width="8" height="36" />
        <cmp x="1869" y="724" width="9" height="10" />
      </word>
      <word id="b05-050-00-09" tag="BEZ" text="is">
        <cmp x="1891" y="739" width="25" height="37" />
      </word>
      <word id="b05-050-00-10" tag="VBN" text="played">
        <cmp x="1959" y="745" width="38" height="60" />
        <cmp x="1999" y="718" width="96" height="82" />
        <cmp x="2099" y="719" width="53" height="57" />
      </word>
      <lower-contour>
        <point x="375" y="806" />
        <point x="2043" y="806" />
      </lower-contour>
    </line>
    <line ass="-588" asx="0" asy="868" character-width="999" dss="-588" dsx="0" dsy="975" fd0="13335" fd1="3023" fd2="65" filter-width="4" id="b05-050-01" lbs="-637" lbx="0" lby="945" segmentation="err" slant="90000" stroke-width="6773" threshold="162" text="with a theodolite, six surveyors, a ball;" ubs="-492" ubx="0" uby="913">
      <word id="b05-050-01-00" tag="IN" text="with">
        <cmp x="346" y="914" width="60" height="43" />
        <cmp x="417" y="902" width="10" height="13" />
        <cmp x="422" y="925" width="13" height="31" />
        <cmp x="443" y="882" width="92" height="70" />
      </word>
      <word id="b05-050-01-01" tag="AT" text="a">
        <cmp x="593" y="927" width="43" height="35" />
      </word>
      <word id="b05-050-01-02" tag="NN" text="theodolite">
        <cmp x="679" y="884" width="172" height="68" />
        <cmp x="855" y="878" width="122" height="70" />
        <cmp x="969" y="903" width="9" height="16" />
        <cmp x="990" y="890" width="79" height="63" />
      </word>
      <word id="b05-050-01-03" tag="," text=",">
        <cmp x="1074" y="943" width="10" height="33" />
      </word>
      <word id="b05-050-01-04" tag="CD" text="six">
        <cmp x="1157" y="916" width="28" height="41" />
        <cmp x="1194" y="932" width="13" height="23" />
        <cmp x="1196" y="910" width="13" height="16" />
        <cmp x="1221" y="930" width="35" height="28" />
      </word>
      <word id="b05-050-01-05" tag="NNS" text="surveyors">
        <cmp x="1306" y="921" width="166" height="48" />
        <cmp x="1490" y="938" width="60" height="51" />
        <cmp x="1568" y="923" width="120" height="41" />
      </word>
      <word id="b05-050-01-06" tag="," text=",">
        <cmp x="1712" y="960" width="15" height="33" />
      </word>
      <word id="b05-050-01-07" tag="AT" text="a">
        <cmp x="1758" y="928" width="42" height="33" />
      </word>
      <word id="b05-050-01-08" tag="NN" text="ball">
        <cmp x="1848" y="888" width="45" height="67" />
        <cmp x="1903" y="897" width="107" height="68" />
        <cmp x="2005" y="956" width="37" height="40" />
      </word>
      <word id="b05-050-01-09" tag=";" text=";">
        <cmp x="2037" y="928" width="4" height="4" />
      </word>
      <upper-contour>
        <point x="375" y="806" />
        <point x="2043" y="806" />
      </upper-contour>
      <lower-contour>
        <point x="359" y="997" />
        <point x="2043" y="997" />
      </lower-contour>
    </line>
    <line ass="275" asx="0" asy="1042" character-width="999" dss="275" dsx="0" dsy="1145" fd0="12757" fd1="2647" fd2="-393" filter-width="4" id="b05-050-02" lbs="259" lbx="0" lby="1134" segmentation="ok" slant="90000" stroke-width="6714" threshold="162" text="bats and wickets between two sides. Shades" ubs="308" ubx="0" uby="1104">
      <word id="b05-050-02-00" tag="NNS" text="bats">
        <cmp x="361" y="1042" width="45" height="91" />
        <cmp x="411" y="1057" width="72" height="74" />
        <cmp x="497" y="1088" width="23" height="37" />
      </word>
      <word id="b05-050-02-01" tag="CC" text="and">
        <cmp x="591" y="1071" width="127" height="72" />
      </word>
      <word id="b05-050-02-02" tag="NNS" text="wickets">
        <cmp x="777" y="1092" width="76" height="38" />
        <cmp x="861" y="1105" width="14" height="26" />
        <cmp x="866" y="1084" width="9" height="9" />
        <cmp x="889" y="1092" width="52" height="35" />
        <cmp x="934" y="1060" width="137" height="65" />
      </word>
      <word id="b05-050-02-03" tag="IN" text="between">
        <cmp x="1128" y="1057" width="80" height="78" />
        <cmp x="1203" y="1077" width="34" height="63" />
        <cmp x="1253" y="1104" width="60" height="30" />
        <cmp x="1317" y="1099" width="104" height="35" />
      </word>
      <word id="b05-050-02-04" tag="CD" text="two">
        <cmp x="1477" y="1067" width="186" height="66" />
      </word>
      <word id="b05-050-02-05" tag="NNS" text="sides">
        <cmp x="1704" y="1084" width="35" height="45" />
        <cmp x="1748" y="1108" width="11" height="20" />
        <cmp x="1752" y="1083" width="11" height="17" />
        <cmp x="1775" y="1066" width="109" height="59" />
      </word>
      <word id="b05-050-02-06" tag="." text=".">
        <cmp x="1917" y="1122" width="8" height="13" />
      </word>
      <word id="b05-050-02-07" sentence-start="yes" tag="NNS" text="Shades">
        <cmp x="1962" y="1060" width="42" height="58" />
        <cmp x="2013" y="1049" width="164" height="79" />
      </word>
      <upper-contour>
        <point x="359" y="997" />
        <point x="2043" y="997" />
      </upper-contour>
      <lower-contour>
        <point x="359" y="1142" />
        <point x="2135" y="1142" />
      </lower-contour>
    </line>
    <line ass="200" asx="0" asy="1234" character-width="999" dss="200" dsx="0" dsy="1354" fd0="12417" fd1="2332" fd2="-685" filter-width="4" id="b05-050-03" lbs="255" lbx="0" lby="1315" segmentation="ok" slant="90000" stroke-width="6755" threshold="162" text="of the village stalwarts of Hambledon who" ubs="92" ubx="0" uby="1279">
      <word id="b05-050-03-00" tag="INO" text="of">
        <cmp x="358" y="1234" width="63" height="90" />
      </word>
      <word id="b05-050-03-01" tag="ATI" text="the">
        <cmp x="496" y="1233" width="144" height="83" />
      </word>
      <word id="b05-050-03-02" tag="NN" text="village">
        <cmp x="662" y="1282" width="47" height="32" />
        <cmp x="709" y="1273" width="22" height="8" />
        <cmp x="711" y="1289" width="10" height="18" />
        <cmp x="734" y="1243" width="168" height="109" />
      </word>
      <word id="b05-050-03-03" tag="NNS" text="stalwarts">
        <cmp x="965" y="1266" width="34" height="46" />
        <cmp x="1000" y="1237" width="72" height="73" />
        <cmp x="1074" y="1231" width="137" height="82" />
        <cmp x="1213" y="1241" width="143" height="70" />
      </word>
      <word id="b05-050-03-04" tag="INO" text="of">
        <cmp x="1403" y="1231" width="54" height="82" />
      </word>
      <word id="b05-050-03-05" tag="NP" text="Hambledon">
        <cmp x="1511" y="1244" width="397" height="72" />
      </word>
      <word id="b05-050-03-06" tag="WP" text="who">
        <cmp x="1957" y="1275" width="69" height="31" />
        <cmp x="2041" y="1240" width="93" height="65" />
      </word>
      <upper-contour>
        <point x="359" y="1142" />
        <point x="2135" y="1142" />
      </upper-contour>
      <lower-contour>
        <point x="365" y="1353" />
        <point x="1961" y="1353" />
      </lower-contour>
    </line>
    <line ass="218" asx="0" asy="1409" character-width="999" dss="218" dsx="0" dsy="1521" fd0="12804" fd1="2696" fd2="245" filter-width="4" id="b05-050-04" lbs="160" lbx="0" lby="1485" segmentation="ok" slant="90000" stroke-width="6523" threshold="152" text="are now the patron saints of the game!" ubs="334" ubx="0" uby="1457">
      <word id="b05-050-04-00" tag="BER" text="are">
        <cmp x="367" y="1454" width="118" height="37" />
      </word>
      <word id="b05-050-04-01" tag="RN" text="now">
        <cmp x="545" y="1443" width="150" height="45" />
      </word>
      <word id="b05-050-04-02" tag="ATI" text="the">
        <cmp x="750" y="1406" width="134" height="83" />
      </word>
      <word id="b05-050-04-03" tag="NN" text="patron">
        <cmp x="935" y="1447" width="29" height="67" />
        <cmp x="974" y="1416" width="181" height="74" />
      </word>
      <word id="b05-050-04-04" tag="NNS" text="saints">
        <cmp x="1208" y="1439" width="106" height="45" />
        <cmp x="1302" y="1433" width="9" height="14" />
        <cmp x="1325" y="1417" width="104" height="66" />
      </word>
      <word id="b05-050-04-05" tag="INO" text="of">
        <cmp x="1483" y="1405" width="78" height="89" />
      </word>
      <word id="b05-050-04-06" tag="ATI" text="the">
        <cmp x="1587" y="1411" width="108" height="71" />
      </word>
      <word id="b05-050-04-07" tag="NN" text="game">
        <cmp x="1721" y="1433" width="188" height="84" />
      </word>
      <word id="b05-050-04-08" tag="!" text="!">
        <cmp x="1942" y="1489" width="8" height="11" />
        <cmp x="1951" y="1410" width="9" height="55" />
      </word>
      <upper-contour>
        <point x="365" y="1353" />
        <point x="1961" y="1353" />
      </upper-contour>
      <lower-contour>
        <point x="389" y="1517" />
        <point x="1961" y="1517" />
      </lower-contour>
    </line>
    <line ass="-1775" asx="0" asy="1524" character-width="999" dss="-1775" dsx="0" dsy="1663" fd0="12354" fd1="2577" fd2="-502" filter-width="4" id="b05-050-05" lbs="-1713" lbx="0" lby="1626" segmentation="ok" slant="94000" stroke-width="6458" threshold="152" text="What would THEY have thought of" ubs="-1899" ubx="0" uby="1582">
      <word id="b05-050-05-00" sentence-start="yes" tag="WDT" text="What">
        <cmp x="391" y="1574" width="103" height="67" />
        <cmp x="492" y="1565" width="140" height="88" />
      </word>
      <word id="b05-050-05-01" tag="MD" text="would">
        <cmp x="690" y="1611" width="69" height="41" />
        <cmp x="762" y="1588" width="140" height="66" />
      </word>
      <word id="b05-050-05-02" tag="PP3AS" text="THEY">
        <cmp x="960" y="1591" width="91" height="69" />
        <cmp x="1056" y="1598" width="128" height="71" />
        <cmp x="1199" y="1606" width="51" height="67" />
      </word>
      <word id="b05-050-05-03" tag="HV" text="have">
        <cmp x="1320" y="1581" width="146" height="91" />
        <cmp x="1479" y="1637" width="28" height="37" />
      </word>
      <word id="b05-050-05-04" tag="VBN" text="thought">
        <cmp x="1567" y="1585" width="374" height="134" />
      </word>
      <word id="b05-050-05-05" tag="INO" text="of">
        <cmp x="1986" y="1587" width="83" height="122" />
      </word>
      <upper-contour>
        <point x="389" y="1517" />
        <point x="1961" y="1517" />
      </upper-contour>
      <lower-contour>
        <point x="389" y="1719" />
        <point x="2041" y="1719" />
      </lower-contour>
    </line>
    <line ass="-597" asx="0" asy="1745" character-width="999" dss="-597" dsx="0" dsy="1881" fd0="13090" fd1="2831" fd2="-461" filter-width="4" id="b05-050-06" lbs="-699" lbx="0" lby="1833" segmentation="ok" slant="90000" stroke-width="6645" threshold="162" text="these civil engineers creeping about" ubs="-394" ubx="0" uby="1807">
      <word id="b05-050-06-00" tag="DTS" text="these">
        <cmp x="347" y="1753" width="59" height="94" />
        <cmp x="407" y="1771" width="63" height="69" />
        <cmp x="471" y="1812" width="41" height="31" />
        <cmp x="518" y="1802" width="29" height="41" />
        <cmp x="561" y="1808" width="45" height="36" />
      </word>
      <word id="b05-050-06-01" tag="JJ" text="civil">
        <cmp x="707" y="1808" width="57" height="41" />
        <cmp x="750" y="1797" width="15" height="11" />
        <cmp x="775" y="1817" width="30" height="30" />
        <cmp x="812" y="1803" width="14" height="12" />
        <cmp x="816" y="1825" width="12" height="23" />
        <cmp x="847" y="1785" width="49" height="59" />
      </word>
      <word id="b05-050-06-02" tag="NNS" text="engineers">
        <cmp x="966" y="1805" width="143" height="88" />
        <cmp x="1091" y="1807" width="11" height="12" />
        <cmp x="1113" y="1818" width="184" height="35" />
        <cmp x="1299" y="1816" width="22" height="32" />
      </word>
      <word id="b05-050-06-03" tag="VBG" text="creeping">
        <cmp x="1406" y="1811" width="253" height="66" />
        <cmp x="1644" y="1802" width="13" height="13" />
        <cmp x="1667" y="1815" width="81" height="71" />
      </word>
      <word id="b05-050-06-04" tag="IN" text="about">
        <cmp x="1809" y="1764" width="95" height="82" />
        <cmp x="1919" y="1782" width="120" height="69" />
      </word>
      <upper-contour>
        <point x="389" y="1719" />
        <point x="2041" y="1719" />
      </upper-contour>
      <lower-contour>
        <point x="362" y="1893" />
        <point x="1917" y="1893" />
      </lower-contour>
    </line>
    <line ass="-664" asx="0" asy="1919" character-width="999" dss="-664" dsx="0" dsy="2058" fd0="12766" fd1="2817" fd2="-176" filter-width="4" id="b05-050-07" lbs="-818" lbx="0" lby="2004" segmentation="ok" slant="95000" stroke-width="6406" threshold="162" text="the pitch with their optical" ubs="-358" ubx="0" uby="1984">
      <word id="b05-050-07-00" tag="ATI" text="the">
        <cmp x="364" y="1924" width="138" height="85" />
        <cmp x="505" y="1982" width="53" height="32" />
      </word>
      <word id="b05-050-07-01" tag="NN" text="pitch">
        <cmp x="631" y="1991" width="43" height="75" />
        <cmp x="692" y="1974" width="13" height="11" />
        <cmp x="694" y="1997" width="12" height="33" />
        <cmp x="725" y="1951" width="60" height="85" />
        <cmp x="790" y="1955" width="86" height="73" />
      </word>
      <word id="b05-050-07-02" tag="IN" text="with">
        <cmp x="957" y="1990" width="85" height="35" />
        <cmp x="1046" y="1974" width="12" height="10" />
        <cmp x="1046" y="1998" width="14" height="26" />
        <cmp x="1072" y="1955" width="90" height="78" />
      </word>
      <word id="b05-050-07-03" tag="PP$" text="their">
        <cmp x="1243" y="1947" width="72" height="83" />
        <cmp x="1318" y="1964" width="118" height="60" />
        <cmp x="1422" y="1975" width="11" height="21" />
        <cmp x="1452" y="1993" width="61" height="44" />
      </word>
      <word id="b05-050-07-04" tag="JJ" text="optical">
        <cmp x="1584" y="1996" width="101" height="72" />
        <cmp x="1693" y="1959" width="65" height="72" />
        <cmp x="1748" y="1978" width="13" height="11" />
        <cmp x="1776" y="1956" width="140" height="72" />
      </word>
      <upper-contour>
        <point x="362" y="1893" />
        <point x="1917" y="1893" />
      </upper-contour>
      <lower-contour>
        <point x="380" y="2066" />
        <point x="990" y="2066" />
      </lower-contour>
    </line>
    <line ass="1003" asx="0" asy="2143" character-width="999" dss="1003" dsx="0" dsy="2226" fd0="13259" fd1="3176" fd2="-415" filter-width="4" id="b05-050-08" lbs="819" lbx="0" lby="2212" segmentation="ok" slant="92999" stroke-width="6515" threshold="149" text="instruments?" ubs="1371" ubx="0" uby="2184">
      <word id="b05-050-08-00" tag="NNS" text="instruments">
        <cmp x="382" y="2138" width="7" height="13" />
        <cmp x="390" y="2166" width="8" height="38" />
        <cmp x="419" y="2158" width="47" height="51" />
        <cmp x="482" y="2170" width="29" height="44" />
        <cmp x="512" y="2141" width="41" height="65" />
        <cmp x="555" y="2171" width="165" height="35" />
        <cmp x="722" y="2140" width="175" height="65" />
      </word>
      <word id="b05-050-08-01" tag="?" text="?">
        <cmp x="941" y="2136" width="48" height="49" />
        <cmp x="961" y="2196" width="9" height="14" />
      </word>
      <upper-contour>
        <point x="380" y="2066" />
        <point x="990" y="2066" />
      </upper-contour>
    </line>
  </handwritten-part>
</form>

