<?xml version="1.0" encoding="ISO-8859-1"?>

<!DOCTYPE form SYSTEM 'http://www.iam.unibe.ch/~fki/iamdb/form-metadata.dtd'>

<form created="2002-01-15" height="3542" id="b05-045" last-modified="2002-07-17" skew="63" status="final" version="3.0_beta" width="2479" writer-id="117">
  <machine-printed-part>
    <machine-print-line text="From being an assembler in an aircraft factory to becoming a paint sprayer in a" />
    <machine-print-line text="ceramic factory, he can be qualified for a completely new job in less time than it takes" />
    <machine-print-line text="to say &amp;quot;Tolpuddle Martyrs!&amp;quot; &amp;quot;CRICKET,&amp;quot; says the Oxford Dictionary, is &amp;quot;an open" />
    <machine-print-line text="air game played with ball, bats and wickets between two sides consisting of eleven" />
    <machine-print-line text="players each.&amp;quot; Not so, dear Oxford Dictionary." />
  </machine-printed-part>
  <handwritten-part>
    <line ass="-362" asx="0" asy="678" character-width="999" dss="-362" dsx="0" dsy="834" fd0="12997" fd1="2565" fd2="-439" filter-width="4" id="b05-045-00" lbs="-430" lbx="0" lby="777" segmentation="ok" slant="90000" stroke-width="6677" threshold="162" text="From being an assembler in an aircraft" ubs="-226" ubx="0" uby="752">
      <word id="b05-045-00-00" sentence-start="yes" tag="IN" text="From">
        <cmp x="363" y="681" width="88" height="49" />
        <cmp x="365" y="694" width="241" height="111" />
      </word>
      <word id="b05-045-00-01" tag="BEG" text="being">
        <cmp x="667" y="700" width="110" height="84" />
        <cmp x="767" y="734" width="7" height="17" />
        <cmp x="796" y="743" width="82" height="98" />
      </word>
      <word id="b05-045-00-02" tag="AT" text="an">
        <cmp x="922" y="747" width="90" height="40" />
      </word>
      <word id="b05-045-00-03" tag="NN" text="assembler">
        <cmp x="1056" y="761" width="38" height="31" />
        <cmp x="1095" y="752" width="35" height="43" />
        <cmp x="1141" y="695" width="289" height="100" />
      </word>
      <word id="b05-045-00-04" tag="IN" text="in">
        <cmp x="1483" y="746" width="8" height="13" />
        <cmp x="1484" y="763" width="10" height="33" />
        <cmp x="1507" y="759" width="39" height="35" />
      </word>
      <word id="b05-045-00-05" tag="AT" text="an">
        <cmp x="1593" y="762" width="82" height="30" />
      </word>
      <word id="b05-045-00-06" tag="NN" text="aircraft">
        <cmp x="1731" y="761" width="60" height="31" />
        <cmp x="1781" y="742" width="10" height="12" />
        <cmp x="1802" y="719" width="247" height="88" />
        <cmp x="2058" y="733" width="41" height="62" />
      </word>
      <lower-contour>
        <point x="361" y="841" />
        <point x="2067" y="841" />
      </lower-contour>
    </line>
    <line ass="125" asx="0" asy="860" character-width="999" dss="125" dsx="0" dsy="1020" fd0="12700" fd1="2635" fd2="-601" filter-width="4" id="b05-045-01" lbs="106" lbx="0" lby="971" segmentation="ok" slant="89000" stroke-width="6591" threshold="162" text="factory to becoming a paint sprayer in" ubs="162" ubx="0" uby="939">
      <word id="b05-045-01-00" tag="NN" text="factory">
        <cmp x="361" y="860" width="122" height="138" />
        <cmp x="482" y="892" width="221" height="109" />
      </word>
      <word id="b05-045-01-01" tag="IN" text="to">
        <cmp x="762" y="902" width="94" height="69" />
      </word>
      <word id="b05-045-01-02" tag="VBG" text="becoming">
        <cmp x="920" y="883" width="44" height="82" />
        <cmp x="969" y="931" width="35" height="33" />
        <cmp x="1005" y="932" width="144" height="44" />
        <cmp x="1138" y="920" width="13" height="20" />
        <cmp x="1163" y="935" width="83" height="83" />
      </word>
      <word id="b05-045-01-03" tag="AT" text="a">
        <cmp x="1315" y="928" width="47" height="34" />
      </word>
      <word id="b05-045-01-04" tag="NN" text="paint">
        <cmp x="1421" y="928" width="40" height="62" />
        <cmp x="1466" y="934" width="57" height="29" />
        <cmp x="1511" y="914" width="9" height="17" />
        <cmp x="1536" y="903" width="86" height="62" />
      </word>
      <word id="b05-045-01-05" tag="NN" text="sprayer">
        <cmp x="1668" y="922" width="34" height="43" />
        <cmp x="1706" y="930" width="38" height="61" />
        <cmp x="1751" y="927" width="128" height="65" />
        <cmp x="1890" y="933" width="84" height="45" />
      </word>
      <word id="b05-045-01-06" tag="IN" text="in">
        <cmp x="2007" y="917" width="11" height="14" />
        <cmp x="2010" y="939" width="9" height="36" />
        <cmp x="2036" y="933" width="30" height="45" />
        <cmp x="2037" y="928" width="4" height="4" />
      </word>
      <upper-contour>
        <point x="361" y="841" />
        <point x="2067" y="841" />
      </upper-contour>
      <lower-contour>
        <point x="359" y="1019" />
        <point x="1997" y="1019" />
      </lower-contour>
    </line>
    <line ass="1" asx="0" asy="1048" character-width="999" dss="1" dsx="0" dsy="1175" fd0="12584" fd1="2565" fd2="-352" filter-width="4" id="b05-045-02" lbs="32" lbx="0" lby="1145" segmentation="ok" slant="90000" stroke-width="6689" threshold="162" text="a ceramic factory, he can be qualified" ubs="-59" ubx="0" uby="1109">
      <word id="b05-045-02-00" tag="AT" text="a">
        <cmp x="355" y="1108" width="41" height="32" />
      </word>
      <word id="b05-045-02-01" tag="JJ" text="ceramic">
        <cmp x="461" y="1101" width="249" height="44" />
        <cmp x="691" y="1091" width="11" height="12" />
        <cmp x="714" y="1105" width="39" height="34" />
      </word>
      <word id="b05-045-02-02" tag="NN" text="factory">
        <cmp x="808" y="1048" width="119" height="118" />
        <cmp x="930" y="1074" width="190" height="102" />
      </word>
      <word id="b05-045-02-03" tag="," text=",">
        <cmp x="1121" y="1141" width="11" height="33" />
      </word>
      <word id="b05-045-02-04" tag="PP3A" text="he">
        <cmp x="1201" y="1068" width="92" height="83" />
      </word>
      <word id="b05-045-02-05" tag="MD" text="can">
        <cmp x="1335" y="1107" width="114" height="40" />
      </word>
      <word id="b05-045-02-06" tag="BE" text="be">
        <cmp x="1481" y="1067" width="83" height="79" />
      </word>
      <word id="b05-045-02-07" tag="VBN" text="qualified">
        <cmp x="1609" y="1109" width="64" height="56" />
        <cmp x="1662" y="1081" width="156" height="62" />
        <cmp x="1818" y="1096" width="10" height="17" />
        <cmp x="1830" y="1080" width="60" height="80" />
        <cmp x="1890" y="1099" width="11" height="12" />
        <cmp x="1914" y="1089" width="82" height="61" />
      </word>
      <upper-contour>
        <point x="359" y="1019" />
        <point x="1997" y="1019" />
      </upper-contour>
      <lower-contour>
        <point x="353" y="1176" />
        <point x="1997" y="1176" />
      </lower-contour>
    </line>
    <line ass="822" asx="0" asy="1243" character-width="999" dss="822" dsx="0" dsy="1379" fd0="12769" fd1="2782" fd2="-180" filter-width="4" id="b05-045-03" lbs="755" lbx="0" lby="1340" segmentation="ok" slant="91000" stroke-width="6611" threshold="162" text="for a completely new job in less time" ubs="954" ubx="0" uby="1308">
      <word id="b05-045-03-00" tag="IN" text="for">
        <cmp x="342" y="1237" width="149" height="126" />
      </word>
      <word id="b05-045-03-01" tag="AT" text="a">
        <cmp x="573" y="1289" width="48" height="32" />
      </word>
      <word id="b05-045-03-02" tag="RB" text="completely">
        <cmp x="661" y="1256" width="387" height="99" />
      </word>
      <word id="b05-045-03-03" tag="JJ" text="new">
        <cmp x="1119" y="1286" width="45" height="44" />
        <cmp x="1167" y="1296" width="100" height="35" />
      </word>
      <word id="b05-045-03-04" tag="NN" text="job">
        <cmp x="1315" y="1293" width="29" height="68" />
        <cmp x="1328" y="1270" width="31" height="14" />
        <cmp x="1359" y="1244" width="69" height="79" />
      </word>
      <word id="b05-045-03-05" tag="IN" text="in">
        <cmp x="1498" y="1257" width="10" height="15" />
        <cmp x="1500" y="1278" width="9" height="36" />
        <cmp x="1523" y="1275" width="38" height="34" />
      </word>
      <word id="b05-045-03-06" tag="AP" text="less">
        <cmp x="1607" y="1228" width="120" height="90" />
        <cmp x="1738" y="1277" width="30" height="42" />
      </word>
      <word id="b05-045-03-07" tag="NN" text="time">
        <cmp x="1825" y="1242" width="82" height="76" />
        <cmp x="1893" y="1262" width="14" height="13" />
        <cmp x="1918" y="1276" width="130" height="55" />
      </word>
      <upper-contour>
        <point x="353" y="1176" />
        <point x="1997" y="1176" />
      </upper-contour>
      <lower-contour>
        <point x="340" y="1363" />
        <point x="1895" y="1363" />
      </lower-contour>
    </line>
    <line ass="-173" asx="0" asy="1404" character-width="999" dss="-173" dsx="0" dsy="1539" fd0="12714" fd1="2928" fd2="-69" filter-width="4" id="b05-045-04" lbs="-243" lbx="0" lby="1497" segmentation="ok" slant="90000" stroke-width="6667" threshold="162" text="than it takes to say &amp;quot;Tolpuddle" ubs="-33" ubx="0" uby="1470">
      <word id="b05-045-04-00" tag="CS" text="than">
        <cmp x="339" y="1406" width="68" height="86" />
        <cmp x="420" y="1427" width="162" height="79" />
      </word>
      <word id="b05-045-04-01" tag="PP3" text="it">
        <cmp x="645" y="1479" width="10" height="28" />
        <cmp x="648" y="1457" width="11" height="14" />
        <cmp x="665" y="1437" width="46" height="72" />
      </word>
      <word id="b05-045-04-02" tag="VBZ" text="takes">
        <cmp x="765" y="1441" width="234" height="80" />
      </word>
      <word id="b05-045-04-03" tag="TO" text="to">
        <cmp x="1057" y="1447" width="98" height="64" />
      </word>
      <word id="b05-045-04-04" tag="VB" text="say">
        <cmp x="1216" y="1467" width="137" height="77" />
      </word>
      <word id="b05-045-04-05" sentence-start="yes" tag="*&apos;" text="&quot;">
        <cmp x="1417" y="1419" width="7" height="31" />
        <cmp x="1428" y="1420" width="15" height="27" />
      </word>
      <word id="b05-045-04-06" tag="NP" text="Tolpuddle">
        <cmp x="1450" y="1431" width="92" height="70" />
        <cmp x="1525" y="1430" width="107" height="72" />
        <cmp x="1628" y="1468" width="44" height="52" />
        <cmp x="1683" y="1435" width="85" height="71" />
        <cmp x="1771" y="1435" width="123" height="72" />
      </word>
      <upper-contour>
        <point x="340" y="1363" />
        <point x="1895" y="1363" />
      </upper-contour>
      <lower-contour>
        <point x="356" y="1544" />
        <point x="1895" y="1544" />
      </lower-contour>
    </line>
    <line ass="-51" asx="0" asy="1586" character-width="999" dss="-51" dsx="0" dsy="1714" fd0="12994" fd1="3171" fd2="-194" filter-width="4" id="b05-045-05" lbs="-58" lbx="0" lby="1672" segmentation="err" slant="100000" stroke-width="6348" threshold="162" text="Martyrs!&amp;quot; &amp;quot;CRICKET,&amp;quot; says the Oxford" ubs="-39" ubx="0" uby="1645">
      <word id="b05-045-05-00" tag="NNS" text="Martyrs">
        <cmp x="358" y="1614" width="337" height="82" />
        <cmp x="689" y="1636" width="30" height="46" />
      </word>
      <word id="b05-045-05-01" tag="!" text="!">
        <cmp x="731" y="1626" width="12" height="37" />
        <cmp x="736" y="1676" width="11" height="16" />
        <cmp x="740" y="1588" width="12" height="33" />
        <cmp x="751" y="1594" width="10" height="18" />
      </word>
      <word id="b05-045-05-02" tag="**&apos;" text="&quot;">
        <cmp x="835" y="1588" width="7" height="32" />
      </word>
      <word id="b05-045-05-03" sentence-start="yes" tag="*&apos;" text="&quot;">
        <cmp x="848" y="1588" width="12" height="27" />
      </word>
      <word id="b05-045-05-04" tag="NN" text="CRICKET">
        <cmp x="889" y="1613" width="66" height="62" />
        <cmp x="953" y="1611" width="78" height="69" />
        <cmp x="1030" y="1628" width="23" height="54" />
        <cmp x="1067" y="1623" width="61" height="54" />
        <cmp x="1126" y="1632" width="48" height="47" />
        <cmp x="1135" y="1634" width="52" height="10" />
        <cmp x="1192" y="1632" width="53" height="15" />
        <cmp x="1214" y="1641" width="16" height="49" />
      </word>
      <word id="b05-045-05-05" tag="," text=",">
        <cmp x="1262" y="1682" width="8" height="34" />
      </word>
      <word id="b05-045-05-06" tag="**&apos;" text="&quot;">
        <cmp x="1285" y="1604" width="10" height="35" />
        <cmp x="1299" y="1606" width="6" height="31" />
      </word>
      <word id="b05-045-05-07" tag="VBZ" text="says">
        <cmp x="1373" y="1635" width="36" height="43" />
        <cmp x="1412" y="1653" width="82" height="58" />
        <cmp x="1515" y="1642" width="37" height="42" />
      </word>
      <word id="b05-045-05-08" tag="ATI" text="the">
        <cmp x="1609" y="1606" width="153" height="86" />
      </word>
      <word id="b05-045-05-09" tag="NP" text="Oxford">
        <cmp x="1850" y="1614" width="63" height="65" />
        <cmp x="1910" y="1649" width="35" height="29" />
        <cmp x="1950" y="1614" width="177" height="91" />
      </word>
      <upper-contour>
        <point x="356" y="1544" />
        <point x="1895" y="1544" />
      </upper-contour>
      <lower-contour>
        <point x="356" y="1716" />
        <point x="2075" y="1716" />
      </lower-contour>
    </line>
    <line ass="-243" asx="0" asy="1767" character-width="999" dss="-243" dsx="0" dsy="1904" fd0="12721" fd1="2723" fd2="182" filter-width="4" id="b05-045-06" lbs="-117" lbx="0" lby="1865" segmentation="err" slant="101000" stroke-width="6623" threshold="162" text="Dictionary, is &amp;quot;an open air game played" ubs="-494" ubx="0" uby="1829">
      <word id="b05-045-06-00" tag="NN" text="Dictionary">
        <cmp x="339" y="1769" width="114" height="104" />
        <cmp x="479" y="1790" width="7" height="14" />
        <cmp x="480" y="1825" width="10" height="35" />
        <cmp x="517" y="1784" width="105" height="80" />
        <cmp x="602" y="1808" width="17" height="11" />
        <cmp x="635" y="1824" width="182" height="68" />
      </word>
      <word id="b05-045-06-01" tag="," text=",">
        <cmp x="842" y="1864" width="19" height="44" />
      </word>
      <word id="b05-045-06-02" tag="BEZ" text="is">
        <cmp x="905" y="1825" width="14" height="10" />
        <cmp x="908" y="1845" width="12" height="30" />
        <cmp x="936" y="1840" width="27" height="36" />
      </word>
      <word id="b05-045-06-03" tag="*&apos;" text="&quot;">
        <cmp x="989" y="1774" width="20" height="23" />
      </word>
      <word id="b05-045-06-04" tag="AT" text="an">
        <cmp x="1013" y="1776" width="6" height="23" />
        <cmp x="1032" y="1832" width="90" height="35" />
      </word>
      <word id="b05-045-06-05" tag="JJ" text="open">
        <cmp x="1160" y="1834" width="145" height="61" />
      </word>
      <word id="b05-045-06-06" tag="NN" text="air">
        <cmp x="1356" y="1838" width="65" height="29" />
        <cmp x="1406" y="1822" width="15" height="13" />
        <cmp x="1431" y="1831" width="59" height="36" />
      </word>
      <word id="b05-045-06-07" tag="NN" text="game">
        <cmp x="1537" y="1831" width="227" height="72" />
      </word>
      <word id="b05-045-06-08" tag="VBN" text="played">
        <cmp x="1819" y="1789" width="154" height="113" />
        <cmp x="1994" y="1828" width="65" height="40" />
        <cmp x="2052" y="1801" width="22" height="61" />
      </word>
      <upper-contour>
        <point x="356" y="1716" />
        <point x="2075" y="1716" />
      </upper-contour>
      <lower-contour>
        <point x="337" y="1908" />
        <point x="2008" y="1908" />
      </lower-contour>
    </line>
    <line ass="55" asx="0" asy="1959" character-width="999" dss="55" dsx="0" dsy="2074" fd0="12969" fd1="2651" fd2="-283" filter-width="4" id="b05-045-07" lbs="76" lbx="0" lby="2039" segmentation="ok" slant="91000" stroke-width="6556" threshold="162" text="with ball, bats and wickets between" ubs="13" ubx="0" uby="2009">
      <word id="b05-045-07-00" tag="IN" text="with">
        <cmp x="338" y="2003" width="67" height="40" />
        <cmp x="401" y="1988" width="9" height="14" />
        <cmp x="408" y="2013" width="16" height="25" />
        <cmp x="434" y="1963" width="112" height="78" />
      </word>
      <word id="b05-045-07-01" tag="NN" text="ball">
        <cmp x="612" y="1960" width="52" height="76" />
        <cmp x="673" y="1971" width="115" height="79" />
      </word>
      <word id="b05-045-07-02" tag="," text=",">
        <cmp x="819" y="2040" width="14" height="34" />
      </word>
      <word id="b05-045-07-03" tag="NNS" text="bats">
        <cmp x="884" y="1960" width="40" height="83" />
        <cmp x="934" y="1971" width="86" height="69" />
        <cmp x="1028" y="2001" width="37" height="38" />
      </word>
      <word id="b05-045-07-04" tag="CC" text="and">
        <cmp x="1123" y="1975" width="126" height="68" />
      </word>
      <word id="b05-045-07-05" tag="NNS" text="wickets">
        <cmp x="1290" y="2007" width="76" height="34" />
        <cmp x="1380" y="2024" width="15" height="22" />
        <cmp x="1381" y="1997" width="10" height="12" />
        <cmp x="1414" y="2009" width="44" height="43" />
        <cmp x="1459" y="1973" width="106" height="70" />
        <cmp x="1569" y="2000" width="26" height="42" />
      </word>
      <word id="b05-045-07-06" tag="IN" text="between">
        <cmp x="1674" y="1960" width="134" height="81" />
        <cmp x="1813" y="1999" width="64" height="31" />
        <cmp x="1891" y="2001" width="115" height="40" />
      </word>
      <upper-contour>
        <point x="337" y="1908" />
        <point x="2008" y="1908" />
      </upper-contour>
      <lower-contour>
        <point x="336" y="2074" />
        <point x="2008" y="2074" />
      </lower-contour>
    </line>
    <line ass="-761" asx="0" asy="2112" character-width="999" dss="-761" dsx="0" dsy="2270" fd0="12933" fd1="2674" fd2="-712" filter-width="4" id="b05-045-08" lbs="-968" lbx="0" lby="2195" segmentation="ok" slant="90000" stroke-width="6300" threshold="162" text="# two sides consisting of eleven players" ubs="-348" ubx="0" uby="2178">
      <word id="b05-045-08-00" tag="&amp;GA" text="#">
        <cmp x="333" y="2132" width="199" height="79" />
      </word>
      <word id="b05-045-08-01" tag="CD" text="two">
        <cmp x="579" y="2147" width="61" height="67" />
        <cmp x="642" y="2181" width="65" height="32" />
        <cmp x="716" y="2177" width="52" height="32" />
      </word>
      <word id="b05-045-08-02" tag="NNS" text="sides">
        <cmp x="813" y="2160" width="42" height="47" />
        <cmp x="864" y="2186" width="10" height="27" />
        <cmp x="865" y="2164" width="7" height="12" />
        <cmp x="887" y="2148" width="91" height="67" />
        <cmp x="989" y="2180" width="33" height="35" />
      </word>
      <word id="b05-045-08-03" tag="VBG" text="consisting">
        <cmp x="1104" y="2184" width="103" height="39" />
        <cmp x="1214" y="2188" width="47" height="44" />
        <cmp x="1248" y="2184" width="14" height="18" />
        <cmp x="1267" y="2190" width="34" height="40" />
        <cmp x="1293" y="2155" width="69" height="72" />
        <cmp x="1349" y="2173" width="11" height="15" />
        <cmp x="1375" y="2189" width="77" height="101" />
      </word>
      <word id="b05-045-08-04" tag="INO" text="of">
        <cmp x="1511" y="2132" width="87" height="105" />
      </word>
      <word id="b05-045-08-05" tag="CD" text="eleven">
        <cmp x="1651" y="2141" width="169" height="84" />
        <cmp x="1836" y="2188" width="74" height="35" />
      </word>
      <word id="b05-045-08-06" tag="NNS" text="players">
        <cmp x="1980" y="2142" width="145" height="110" />
        <cmp x="2132" y="2183" width="62" height="36" />
        <cmp x="2196" y="2179" width="31" height="42" />
      </word>
      <upper-contour>
        <point x="336" y="2074" />
        <point x="2008" y="2074" />
      </upper-contour>
      <lower-contour>
        <point x="345" y="2290" />
        <point x="2136" y="2290" />
      </lower-contour>
    </line>
    <line ass="-605" asx="0" asy="2289" character-width="999" dss="-605" dsx="0" dsy="2412" fd0="12751" fd1="2875" fd2="-17" filter-width="4" id="b05-045-09" lbs="-628" lbx="0" lby="2377" segmentation="ok" slant="90000" stroke-width="6219" threshold="162" text="each.&amp;quot; Not so, dear Oxford Dictionary." ubs="-559" ubx="0" uby="2346">
      <word id="b05-045-09-00" tag="DT" text="each">
        <cmp x="347" y="2300" width="171" height="96" />
      </word>
      <word id="b05-045-09-01" tag="." text=".">
        <cmp x="527" y="2379" width="12" height="14" />
      </word>
      <word id="b05-045-09-02" tag="**&apos;" text="&quot;">
        <cmp x="529" y="2296" width="8" height="28" />
        <cmp x="537" y="2302" width="7" height="23" />
      </word>
      <word id="b05-045-09-03" sentence-start="yes" tag="XNOT" text="Not">
        <cmp x="634" y="2305" width="106" height="80" />
        <cmp x="730" y="2300" width="81" height="81" />
      </word>
      <word id="b05-045-09-04" tag="PN" text="so">
        <cmp x="860" y="2334" width="33" height="41" />
        <cmp x="899" y="2344" width="37" height="31" />
      </word>
      <word id="b05-045-09-05" tag="," text=",">
        <cmp x="967" y="2380" width="9" height="34" />
      </word>
      <word id="b05-045-09-06" tag="JJ" text="dear">
        <cmp x="1041" y="2314" width="179" height="80" />
      </word>
      <word id="b05-045-09-07" tag="NP" text="Oxford">
        <cmp x="1279" y="2332" width="64" height="65" />
        <cmp x="1343" y="2366" width="38" height="37" />
        <cmp x="1389" y="2313" width="183" height="103" />
      </word>
      <word id="b05-045-09-08" tag="NN" text="Dictionary">
        <cmp x="1644" y="2314" width="84" height="94" />
        <cmp x="1743" y="2375" width="10" height="28" />
        <cmp x="1746" y="2343" width="10" height="14" />
        <cmp x="1766" y="2326" width="109" height="78" />
        <cmp x="1861" y="2345" width="15" height="15" />
        <cmp x="1894" y="2354" width="223" height="80" />
      </word>
      <word id="b05-045-09-09" tag="." text=".">
        <cmp x="2126" y="2403" width="9" height="12" />
      </word>
      <upper-contour>
        <point x="345" y="2290" />
        <point x="2136" y="2290" />
      </upper-contour>
    </line>
  </handwritten-part>
</form>

