<?xml version="1.0" encoding="ISO-8859-1"?>

<!DOCTYPE form SYSTEM 'http://www.iam.unibe.ch/~fki/iamdb/form-metadata.dtd'>

<form created="2002-01-15" height="3542" id="b05-055" last-modified="2002-07-24" skew="95" status="final" version="3.0_beta" width="2479" writer-id="118">
  <machine-printed-part>
    <machine-print-line text="The village green is the real home of cricket. A couple of bumps on a pitch have no" />
    <machine-print-line text="terrors for a good batsman with a stout heart, a firm grip on the willow and a hefty" />
    <machine-print-line text="contempt for batting averages and all the statistical blight that makes a mighty six" />
    <machine-print-line text="these days as rare as frostbite in summer." />
  </machine-printed-part>
  <handwritten-part>
    <line ass="-368" asx="0" asy="719" character-width="999" dss="-368" dsx="0" dsy="823" fd0="14343" fd1="2179" fd2="-238" filter-width="3" id="b05-055-00" lbs="-324" lbx="0" lby="781" segmentation="ok" slant="52000" stroke-width="5683" threshold="186" text="The village green is the real home of cricket. A couple of bumps" ubs="-455" ubx="0" uby="757">
      <word id="b05-055-00-00" sentence-start="yes" tag="ATI" text="The">
        <cmp x="380" y="732" width="59" height="53" />
      </word>
      <word id="b05-055-00-01" tag="NN" text="village">
        <cmp x="493" y="759" width="39" height="26" />
        <cmp x="531" y="746" width="5" height="5" />
        <cmp x="535" y="740" width="66" height="44" />
        <cmp x="583" y="763" width="68" height="65" />
      </word>
      <word id="b05-055-00-02" tag="NN" text="green">
        <cmp x="708" y="761" width="123" height="47" />
      </word>
      <word id="b05-055-00-03" tag="BEZ" text="is">
        <cmp x="867" y="758" width="37" height="36" />
        <cmp x="885" y="743" width="5" height="11" />
      </word>
      <word id="b05-055-00-04" tag="ATI" text="the">
        <cmp x="946" y="741" width="61" height="52" />
      </word>
      <word id="b05-055-00-05" tag="JJ" text="real">
        <cmp x="1068" y="761" width="37" height="24" />
        <cmp x="1100" y="740" width="69" height="45" />
      </word>
      <word id="b05-055-00-06" tag="NR" text="home">
        <cmp x="1198" y="736" width="105" height="51" />
      </word>
      <word id="b05-055-00-07" tag="INO" text="of">
        <cmp x="1357" y="728" width="76" height="83" />
      </word>
      <word id="b05-055-00-08" tag="NN" text="cricket">
        <cmp x="1444" y="738" width="130" height="51" />
        <cmp x="1516" y="746" width="5" height="6" />
        <cmp x="1580" y="737" width="49" height="52" />
        <cmp x="1609" y="753" width="6" height="7" />
      </word>
      <word id="b05-055-00-09" tag="." text=".">
        <cmp x="1639" y="784" width="6" height="6" />
      </word>
      <word id="b05-055-00-10" sentence-start="yes" tag="AT" text="A">
        <cmp x="1695" y="744" width="50" height="45" />
      </word>
      <word id="b05-055-00-11" tag="NN" text="couple">
        <cmp x="1773" y="741" width="149" height="70" />
      </word>
      <word id="b05-055-00-12" tag="INO" text="of">
        <cmp x="1959" y="743" width="66" height="67" />
      </word>
      <word id="b05-055-00-13" tag="NNS" text="bumps">
        <cmp x="2054" y="741" width="139" height="65" />
      </word>
      <lower-contour>
        <point x="378" y="827" />
        <point x="2166" y="827" />
      </lower-contour>
    </line>
    <line ass="94" asx="0" asy="917" character-width="999" dss="94" dsx="0" dsy="1003" fd0="14015" fd1="2448" fd2="287" filter-width="4" id="b05-055-01" lbs="79" lbx="0" lby="970" segmentation="ok" slant="51000" stroke-width="5718" threshold="186" text="on a pitch have no terrors for a good batsman with a stout" ubs="124" ubx="0" uby="948">
      <word id="b05-055-01-00" tag="IN" text="on">
        <cmp x="355" y="936" width="59" height="31" />
      </word>
      <word id="b05-055-01-01" tag="AT" text="a">
        <cmp x="457" y="947" width="28" height="22" />
      </word>
      <word id="b05-055-01-02" tag="NN" text="pitch">
        <cmp x="524" y="933" width="70" height="58" />
        <cmp x="596" y="926" width="70" height="42" />
      </word>
      <word id="b05-055-01-03" tag="HV" text="have">
        <cmp x="727" y="920" width="110" height="51" />
      </word>
      <word id="b05-055-01-04" tag="ATI" text="no">
        <cmp x="896" y="942" width="69" height="26" />
      </word>
      <word id="b05-055-01-05" tag="NNS" text="terrors">
        <cmp x="1012" y="925" width="134" height="51" />
      </word>
      <word id="b05-055-01-06" tag="IN" text="for">
        <cmp x="1186" y="916" width="86" height="72" />
      </word>
      <word id="b05-055-01-07" tag="AT" text="a">
        <cmp x="1318" y="948" width="29" height="24" />
      </word>
      <word id="b05-055-01-08" tag="JJ" text="good">
        <cmp x="1365" y="942" width="125" height="60" />
        <cmp x="1475" y="930" width="37" height="38" />
      </word>
      <word id="b05-055-01-09" tag="NN" text="batsman">
        <cmp x="1549" y="923" width="49" height="41" />
        <cmp x="1583" y="942" width="35" height="21" />
        <cmp x="1622" y="922" width="40" height="42" />
        <cmp x="1666" y="944" width="93" height="27" />
      </word>
      <word id="b05-055-01-10" tag="IN" text="with">
        <cmp x="1824" y="945" width="55" height="24" />
        <cmp x="1872" y="927" width="8" height="9" />
        <cmp x="1875" y="927" width="54" height="41" />
      </word>
      <word id="b05-055-01-11" tag="AT" text="a">
        <cmp x="1955" y="951" width="30" height="22" />
      </word>
      <word id="b05-055-01-12" tag="JJ" text="stout">
        <cmp x="2031" y="928" width="134" height="45" />
        <cmp x="2037" y="928" width="4" height="4" />
      </word>
      <upper-contour>
        <point x="378" y="827" />
        <point x="2166" y="827" />
      </upper-contour>
      <lower-contour>
        <point x="353" y="1002" />
        <point x="2123" y="1002" />
      </lower-contour>
    </line>
    <line ass="-527" asx="0" asy="1083" character-width="999" dss="-527" dsx="0" dsy="1170" fd0="14157" fd1="2388" fd2="-271" filter-width="4" id="b05-055-02" lbs="-470" lbx="0" lby="1137" segmentation="ok" slant="51000" stroke-width="5809" threshold="186" text="heart, a firm grip on the willow and a hefty contempt for" ubs="-642" ubx="0" uby="1110">
      <word id="b05-055-02-00" tag="NN" text="heart">
        <cmp x="347" y="1091" width="62" height="51" />
        <cmp x="409" y="1091" width="86" height="52" />
      </word>
      <word id="b05-055-02-01" tag="," text=",">
        <cmp x="500" y="1132" width="16" height="25" />
      </word>
      <word id="b05-055-02-02" tag="AT" text="a">
        <cmp x="562" y="1118" width="27" height="23" />
      </word>
      <word id="b05-055-02-03" tag="JJ" text="firm">
        <cmp x="643" y="1093" width="61" height="76" />
        <cmp x="693" y="1123" width="55" height="21" />
        <cmp x="713" y="1098" width="10" height="12" />
      </word>
      <word id="b05-055-02-04" tag="NN" text="grip">
        <cmp x="797" y="1124" width="71" height="51" />
        <cmp x="846" y="1118" width="60" height="56" />
        <cmp x="872" y="1102" width="6" height="7" />
      </word>
      <word id="b05-055-02-05" tag="IN" text="on">
        <cmp x="949" y="1119" width="51" height="29" />
      </word>
      <word id="b05-055-02-06" tag="ATI" text="the">
        <cmp x="1064" y="1095" width="63" height="53" />
      </word>
      <word id="b05-055-02-07" tag="NN" text="willow">
        <cmp x="1184" y="1125" width="62" height="23" />
        <cmp x="1243" y="1108" width="11" height="9" />
        <cmp x="1243" y="1104" width="100" height="47" />
      </word>
      <word id="b05-055-02-08" tag="CC" text="and">
        <cmp x="1389" y="1104" width="112" height="41" />
      </word>
      <word id="b05-055-02-09" tag="AT" text="a">
        <cmp x="1531" y="1122" width="33" height="25" />
      </word>
      <word id="b05-055-02-10" tag="JJ" text="hefty">
        <cmp x="1624" y="1097" width="117" height="90" />
      </word>
      <word id="b05-055-02-11" tag="NN" text="contempt">
        <cmp x="1785" y="1127" width="34" height="23" />
        <cmp x="1817" y="1130" width="10" height="11" />
        <cmp x="1820" y="1107" width="192" height="69" />
      </word>
      <word id="b05-055-02-12" tag="IN" text="for">
        <cmp x="2031" y="1109" width="91" height="60" />
      </word>
      <upper-contour>
        <point x="353" y="1002" />
        <point x="2123" y="1002" />
      </upper-contour>
      <lower-contour>
        <point x="353" y="1187" />
        <point x="2123" y="1187" />
      </lower-contour>
    </line>
    <line ass="-108" asx="0" asy="1273" character-width="999" dss="-108" dsx="0" dsy="1364" fd0="14190" fd1="2153" fd2="-609" filter-width="4" id="b05-055-03" lbs="-31" lbx="0" lby="1323" segmentation="ok" slant="50000" stroke-width="5805" threshold="186" text="batting averages and all the statistical blight that makes a" ubs="-264" ubx="0" uby="1292">
      <word id="b05-055-03-00" tag="NN" text="batting">
        <cmp x="355" y="1276" width="97" height="47" />
        <cmp x="439" y="1279" width="35" height="46" />
        <cmp x="467" y="1302" width="53" height="64" />
        <cmp x="469" y="1318" width="6" height="26" />
        <cmp x="484" y="1287" width="5" height="7" />
      </word>
      <word id="b05-055-03-01" tag="NNS" text="averages">
        <cmp x="605" y="1293" width="194" height="57" />
      </word>
      <word id="b05-055-03-02" tag="CC" text="and">
        <cmp x="869" y="1281" width="110" height="43" />
      </word>
      <word id="b05-055-03-03" tag="ABN" text="all">
        <cmp x="1028" y="1282" width="89" height="47" />
      </word>
      <word id="b05-055-03-04" tag="ATI" text="the">
        <cmp x="1156" y="1279" width="75" height="46" />
      </word>
      <word id="b05-055-03-05" tag="JJ" text="statistical">
        <cmp x="1288" y="1302" width="30" height="25" />
        <cmp x="1314" y="1278" width="95" height="52" />
        <cmp x="1399" y="1285" width="54" height="45" />
        <cmp x="1417" y="1281" width="10" height="16" />
        <cmp x="1439" y="1295" width="22" height="29" />
        <cmp x="1458" y="1284" width="89" height="45" />
        <cmp x="1481" y="1276" width="9" height="9" />
      </word>
      <word id="b05-055-03-06" tag="NN" text="blight">
        <cmp x="1590" y="1284" width="155" height="73" />
        <cmp x="1669" y="1290" width="6" height="7" />
      </word>
      <word id="b05-055-03-07" tag="WP" text="that">
        <cmp x="1782" y="1285" width="113" height="47" />
      </word>
      <word id="b05-055-03-08" tag="VBZ" text="makes">
        <cmp x="1926" y="1311" width="61" height="27" />
        <cmp x="1993" y="1295" width="72" height="42" />
      </word>
      <word id="b05-055-03-09" tag="AT" text="a">
        <cmp x="2101" y="1316" width="35" height="25" />
      </word>
      <upper-contour>
        <point x="353" y="1187" />
        <point x="2123" y="1187" />
      </upper-contour>
      <lower-contour>
        <point x="353" y="1365" />
        <point x="1947" y="1365" />
      </lower-contour>
    </line>
    <line ass="-578" asx="0" asy="1438" character-width="999" dss="-578" dsx="0" dsy="1524" fd0="14244" fd1="2429" fd2="-140" filter-width="4" id="b05-055-04" lbs="-409" lbx="0" lby="1496" segmentation="ok" slant="50000" stroke-width="5802" threshold="186" text="mighty six these days as rare as frostbite in summer." ubs="-917" ubx="0" uby="1460">
      <word id="b05-055-04-00" tag="JJ" text="mighty">
        <cmp x="348" y="1465" width="55" height="28" />
        <cmp x="386" y="1443" width="109" height="85" />
        <cmp x="415" y="1443" width="6" height="8" />
      </word>
      <word id="b05-055-04-01" tag="CD" text="six">
        <cmp x="554" y="1474" width="44" height="26" />
        <cmp x="600" y="1456" width="6" height="8" />
        <cmp x="604" y="1477" width="28" height="21" />
      </word>
      <word id="b05-055-04-02" tag="DTS" text="these">
        <cmp x="714" y="1451" width="64" height="43" />
        <cmp x="773" y="1473" width="43" height="24" />
      </word>
      <word id="b05-055-04-03" tag="NNS" text="days">
        <cmp x="862" y="1451" width="112" height="84" />
      </word>
      <word id="b05-055-04-04" tag="QL" text="as">
        <cmp x="1036" y="1479" width="45" height="23" />
      </word>
      <word id="b05-055-04-05" tag="JJ" text="rare">
        <cmp x="1134" y="1486" width="94" height="20" />
      </word>
      <word id="b05-055-04-06" tag="IN" text="as">
        <cmp x="1299" y="1486" width="59" height="25" />
      </word>
      <word id="b05-055-04-07" tag="NN" text="frostbite">
        <cmp x="1398" y="1463" width="199" height="74" />
        <cmp x="1555" y="1467" width="10" height="7" />
      </word>
      <word id="b05-055-04-08" tag="IN" text="in">
        <cmp x="1650" y="1487" width="48" height="25" />
        <cmp x="1675" y="1478" width="4" height="8" />
      </word>
      <word id="b05-055-04-09" tag="NN" text="summer">
        <cmp x="1752" y="1486" width="194" height="30" />
      </word>
      <word id="b05-055-04-10" tag="." text="." />
      <upper-contour>
        <point x="353" y="1365" />
        <point x="1947" y="1365" />
      </upper-contour>
    </line>
  </handwritten-part>
</form>

