<?xml version="1.0" encoding="ISO-8859-1"?>

<!DOCTYPE form SYSTEM 'http://www.iam.unibe.ch/~fki/iamdb/form-metadata.dtd'>

<form created="2002-01-15" height="3542" id="b05-058" last-modified="2002-07-24" skew="63" status="final" version="3.0_beta" width="2479" writer-id="118">
  <machine-printed-part>
    <machine-print-line text="They&apos;ll be clapping the man who plays a straight theodolite next. EICHMANN" />
    <machine-print-line text="continues to reveal the extraordinary watertight divisions of the German mind. Not" />
    <machine-print-line text="content with arguing that he was only an efficient cog in the machine, he now claims" />
    <machine-print-line text="that his part of the endless massacre that led to the death of six million Jews was" />
    <machine-print-line text="&quot;decent #, feasible and workable.&quot;" />
  </machine-printed-part>
  <handwritten-part>
    <line ass="-76" asx="0" asy="731" character-width="999" dss="-76" dsx="0" dsy="826" fd0="14071" fd1="2189" fd2="-666" filter-width="4" id="b05-058-00" lbs="-47" lbx="0" lby="779" segmentation="ok" slant="53000" stroke-width="5758" threshold="186" text="They&apos;ll be clapping the man who plays a straight theodolite next." ubs="-135" ubx="0" uby="756">
      <word id="b05-058-00-00" sentence-start="yes" tag="PP3AS" text="They">
        <cmp x="386" y="733" width="92" height="77" />
      </word>
      <word id="b05-058-00-01" tag="MD" text="&apos;ll">
        <cmp x="497" y="733" width="11" height="16" />
        <cmp x="514" y="734" width="50" height="43" />
      </word>
      <word id="b05-058-00-02" tag="BE" text="be">
        <cmp x="609" y="739" width="44" height="41" />
      </word>
      <word id="b05-058-00-03" tag="VBG" text="clapping">
        <cmp x="720" y="740" width="178" height="89" />
        <cmp x="857" y="747" width="5" height="10" />
      </word>
      <word id="b05-058-00-04" tag="ATI" text="the">
        <cmp x="969" y="738" width="58" height="49" />
      </word>
      <word id="b05-058-00-05" tag="NN" text="man">
        <cmp x="1077" y="764" width="89" height="22" />
      </word>
      <word id="b05-058-00-06" tag="WP" text="who">
        <cmp x="1220" y="739" width="95" height="49" />
      </word>
      <word id="b05-058-00-07" tag="VBZ" text="plays">
        <cmp x="1343" y="739" width="143" height="80" />
      </word>
      <word id="b05-058-00-08" tag="AT" text="a">
        <cmp x="1546" y="764" width="31" height="19" />
      </word>
      <word id="b05-058-00-09" tag="JJ" text="straight">
        <cmp x="1614" y="742" width="183" height="84" />
        <cmp x="1738" y="745" width="9" height="8" />
      </word>
      <word id="b05-058-00-10" tag="NN" text="theodolite">
        <cmp x="1840" y="742" width="194" height="46" />
        <cmp x="2025" y="745" width="52" height="46" />
        <cmp x="2046" y="750" width="9" height="7" />
      </word>
      <word id="b05-058-00-11" tag="RB" text="next">
        <cmp x="2132" y="765" width="44" height="20" />
        <cmp x="2144" y="763" width="6" height="6" />
        <cmp x="2179" y="746" width="65" height="39" />
      </word>
      <word id="b05-058-00-12" tag="." text=".">
        <cmp x="2246" y="783" width="5" height="5" />
      </word>
      <lower-contour>
        <point x="384" y="829" />
        <point x="2185" y="829" />
      </lower-contour>
    </line>
    <line ass="-509" asx="0" asy="904" character-width="999" dss="-509" dsx="0" dsy="1001" fd0="13901" fd1="2619" fd2="-733" filter-width="4" id="b05-058-01" lbs="-455" lbx="0" lby="959" segmentation="ok" slant="54000" stroke-width="5785" threshold="182" text="EICHMANN continues # to reveal the extraordinary divisions of the" ubs="-618" ubx="0" uby="931">
      <word id="b05-058-01-00" sentence-start="yes" tag="NP" text="EICHMANN">
        <cmp x="355" y="916" width="40" height="46" />
        <cmp x="386" y="920" width="24" height="43" />
        <cmp x="405" y="925" width="68" height="40" />
        <cmp x="474" y="924" width="43" height="41" />
        <cmp x="508" y="924" width="37" height="46" />
        <cmp x="539" y="924" width="45" height="48" />
        <cmp x="579" y="925" width="40" height="42" />
      </word>
      <word id="b05-058-01-01" tag="VBZ" text="continues">
        <cmp x="668" y="923" width="220" height="45" />
        <cmp x="790" y="920" width="6" height="6" />
      </word>
      <word id="b05-058-01-02" tag="&amp;GA" text="#">
        <cmp x="944" y="913" width="62" height="52" />
      </word>
      <word id="b05-058-01-03" tag="TO" text="to">
        <cmp x="1009" y="922" width="41" height="46" />
      </word>
      <word id="b05-058-01-04" tag="VB" text="reveal">
        <cmp x="1102" y="927" width="152" height="44" />
      </word>
      <word id="b05-058-01-05" tag="ATI" text="the">
        <cmp x="1302" y="921" width="61" height="45" />
      </word>
      <word id="b05-058-01-06" tag="JJ" text="extraordinary">
        <cmp x="1431" y="927" width="131" height="42" />
        <cmp x="1563" y="929" width="188" height="89" />
        <cmp x="1684" y="932" width="4" height="5" />
      </word>
      <word id="b05-058-01-07" tag="NNS" text="divisions">
        <cmp x="1793" y="933" width="115" height="52" />
        <cmp x="1866" y="944" width="8" height="7" />
        <cmp x="1898" y="952" width="42" height="27" />
        <cmp x="1933" y="955" width="59" height="23" />
        <cmp x="1954" y="934" width="6" height="8" />
        <cmp x="2036" y="928" width="4" height="4" />
      </word>
      <word id="b05-058-01-08" tag="INO" text="of">
        <cmp x="2045" y="958" width="14" height="20" />
        <cmp x="2052" y="934" width="57" height="68" />
        <cmp x="2060" y="957" width="4" height="4" />
        <cmp x="2062" y="956" width="11" height="18" />
      </word>
      <word id="b05-058-01-09" tag="ATI" text="the">
        <cmp x="2118" y="939" width="66" height="46" />
      </word>
      <upper-contour>
        <point x="384" y="829" />
        <point x="2185" y="829" />
      </upper-contour>
      <lower-contour>
        <point x="353" y="1018" />
        <point x="2095" y="1018" />
      </lower-contour>
    </line>
    <line ass="222" asx="0" asy="1107" character-width="999" dss="222" dsx="0" dsy="1209" fd0="13873" fd1="2445" fd2="37" filter-width="4" id="b05-058-02" lbs="221" lbx="0" lby="1157" segmentation="ok" slant="48000" stroke-width="5983" threshold="186" text="German mind. Not content with arguing that he was only an" ubs="223" ubx="0" uby="1138">
      <word id="b05-058-02-00" tag="JNP" text="German">
        <cmp x="352" y="1106" width="175" height="66" />
      </word>
      <word id="b05-058-02-01" tag="NN" text="mind">
        <cmp x="579" y="1119" width="123" height="46" />
        <cmp x="630" y="1112" width="8" height="7" />
      </word>
      <word id="b05-058-02-02" tag="." text=".">
        <cmp x="726" y="1155" width="5" height="6" />
      </word>
      <word id="b05-058-02-03" sentence-start="yes" tag="XNOT" text="Not">
        <cmp x="791" y="1107" width="96" height="46" />
      </word>
      <word id="b05-058-02-04" tag="JJ" text="content">
        <cmp x="924" y="1118" width="162" height="39" />
      </word>
      <word id="b05-058-02-05" tag="IN" text="with">
        <cmp x="1146" y="1108" width="107" height="48" />
        <cmp x="1195" y="1115" width="6" height="7" />
      </word>
      <word id="b05-058-02-06" tag="VBG" text="arguing">
        <cmp x="1283" y="1128" width="180" height="74" />
        <cmp x="1419" y="1117" width="5" height="6" />
      </word>
      <word id="b05-058-02-07" tag="CS" text="that">
        <cmp x="1523" y="1110" width="106" height="45" />
      </word>
      <word id="b05-058-02-08" tag="PP3A" text="he">
        <cmp x="1665" y="1113" width="48" height="42" />
      </word>
      <word id="b05-058-02-09" tag="BEDZ" text="was">
        <cmp x="1776" y="1134" width="88" height="24" />
      </word>
      <word id="b05-058-02-10" tag="RB" text="only">
        <cmp x="1891" y="1109" width="95" height="94" />
      </word>
      <word id="b05-058-02-11" tag="AT" text="an">
        <cmp x="2035" y="1132" width="59" height="21" />
      </word>
      <upper-contour>
        <point x="353" y="1018" />
        <point x="2095" y="1018" />
      </upper-contour>
      <lower-contour>
        <point x="363" y="1203" />
        <point x="2082" y="1203" />
      </lower-contour>
    </line>
    <line ass="-69" asx="0" asy="1277" character-width="999" dss="-69" dsx="0" dsy="1368" fd0="14138" fd1="2479" fd2="-211" filter-width="4" id="b05-058-03" lbs="3" lbx="0" lby="1329" segmentation="ok" slant="52000" stroke-width="5790" threshold="186" text="efficient cog in the machine, he now claims that part of the" ubs="-215" ubx="0" uby="1302">
      <word id="b05-058-03-00" tag="JJ" text="efficient">
        <cmp x="365" y="1278" width="89" height="79" />
        <cmp x="453" y="1311" width="20" height="18" />
        <cmp x="460" y="1286" width="6" height="9" />
        <cmp x="473" y="1296" width="16" height="32" />
        <cmp x="483" y="1287" width="82" height="41" />
      </word>
      <word id="b05-058-03-01" tag="NN" text="cog">
        <cmp x="617" y="1301" width="63" height="69" />
      </word>
      <word id="b05-058-03-02" tag="IN" text="in">
        <cmp x="732" y="1306" width="50" height="27" />
        <cmp x="760" y="1292" width="7" height="9" />
      </word>
      <word id="b05-058-03-03" tag="ATI" text="the">
        <cmp x="822" y="1285" width="56" height="47" />
      </word>
      <word id="b05-058-03-04" tag="NN" text="machine">
        <cmp x="932" y="1308" width="69" height="24" />
        <cmp x="1002" y="1286" width="115" height="48" />
        <cmp x="1080" y="1287" width="5" height="8" />
      </word>
      <word id="b05-058-03-05" tag="," text=",">
        <cmp x="1148" y="1329" width="19" height="20" />
      </word>
      <word id="b05-058-03-06" tag="PP3A" text="he">
        <cmp x="1228" y="1285" width="48" height="48" />
      </word>
      <word id="b05-058-03-07" tag="RN" text="now">
        <cmp x="1322" y="1311" width="91" height="25" />
      </word>
      <word id="b05-058-03-08" tag="VBZ" text="claims">
        <cmp x="1454" y="1294" width="155" height="47" />
        <cmp x="1560" y="1298" width="5" height="10" />
      </word>
      <word id="b05-058-03-09" tag="CS" text="that">
        <cmp x="1667" y="1293" width="104" height="43" />
      </word>
      <word id="b05-058-03-10" tag="NN" text="part">
        <cmp x="1771" y="1293" width="137" height="74" />
      </word>
      <word id="b05-058-03-11" tag="INO" text="of">
        <cmp x="1913" y="1291" width="71" height="81" />
        <cmp x="1920" y="1321" width="22" height="18" />
      </word>
      <word id="b05-058-03-12" tag="ATI" text="the">
        <cmp x="2013" y="1288" width="68" height="46" />
      </word>
      <upper-contour>
        <point x="363" y="1203" />
        <point x="2082" y="1203" />
      </upper-contour>
      <lower-contour>
        <point x="366" y="1372" />
        <point x="2082" y="1372" />
      </lower-contour>
    </line>
    <line ass="-268" asx="0" asy="1452" character-width="999" dss="-268" dsx="0" dsy="1526" fd0="14366" fd1="2305" fd2="-402" filter-width="4" id="b05-058-04" lbs="-285" lbx="0" lby="1498" segmentation="ok" slant="53000" stroke-width="5732" threshold="186" text="endless massacre that led to the death of six million Jews was" ubs="-234" ubx="0" uby="1477">
      <word id="b05-058-04-00" tag="JJ" text="endless">
        <cmp x="368" y="1465" width="94" height="41" />
        <cmp x="447" y="1461" width="44" height="42" />
        <cmp x="493" y="1481" width="20" height="21" />
        <cmp x="504" y="1478" width="26" height="22" />
      </word>
      <word id="b05-058-04-01" tag="NN" text="massacre">
        <cmp x="584" y="1476" width="62" height="27" />
        <cmp x="652" y="1476" width="43" height="31" />
        <cmp x="691" y="1480" width="103" height="28" />
        <cmp x="742" y="1486" width="4" height="8" />
      </word>
      <word id="b05-058-04-02" tag="WP" text="that">
        <cmp x="862" y="1457" width="115" height="48" />
      </word>
      <word id="b05-058-04-03" tag="VBD" text="led">
        <cmp x="1018" y="1460" width="88" height="46" />
      </word>
      <word id="b05-058-04-04" tag="IN" text="to">
        <cmp x="1140" y="1461" width="56" height="44" />
      </word>
      <word id="b05-058-04-05" tag="ATI" text="the">
        <cmp x="1225" y="1460" width="55" height="45" />
      </word>
      <word id="b05-058-04-06" tag="NN" text="death">
        <cmp x="1319" y="1466" width="80" height="46" />
        <cmp x="1400" y="1464" width="61" height="46" />
      </word>
      <word id="b05-058-04-07" tag="INO" text="of">
        <cmp x="1504" y="1459" width="65" height="76" />
      </word>
      <word id="b05-058-04-08" tag="CD" text="six">
        <cmp x="1593" y="1489" width="48" height="23" />
        <cmp x="1637" y="1469" width="6" height="16" />
        <cmp x="1638" y="1492" width="29" height="18" />
      </word>
      <word id="b05-058-04-09" tag="CD" text="million">
        <cmp x="1713" y="1481" width="60" height="29" />
        <cmp x="1772" y="1465" width="95" height="47" />
        <cmp x="1778" y="1470" width="4" height="5" />
        <cmp x="1844" y="1470" width="7" height="11" />
      </word>
      <word id="b05-058-04-10" tag="NNPS" text="Jews">
        <cmp x="1903" y="1466" width="113" height="69" />
      </word>
      <word id="b05-058-04-11" tag="BEDZ" text="was">
        <cmp x="2066" y="1483" width="91" height="27" />
      </word>
      <upper-contour>
        <point x="366" y="1372" />
        <point x="2082" y="1372" />
      </upper-contour>
      <lower-contour>
        <point x="366" y="1508" />
        <point x="1231" y="1508" />
      </lower-contour>
    </line>
    <line ass="-267" asx="0" asy="1625" character-width="999" dss="-267" dsx="0" dsy="1704" fd0="14421" fd1="2289" fd2="-626" filter-width="3" id="b05-058-05" lbs="-110" lbx="0" lby="1681" segmentation="err" slant="54000" stroke-width="5694" threshold="182" text="&quot;decent, feasible and workable.&quot;" ubs="-580" ubx="0" uby="1654">
      <word id="b05-058-05-00" tag="*&apos;" text="&quot;">
        <cmp x="363" y="1636" width="17" height="14" />
      </word>
      <word id="b05-058-05-01" tag="JJ" text="decent">
        <cmp x="375" y="1634" width="159" height="53" />
        <cmp x="551" y="1629" width="22" height="23" />
      </word>
      <word id="b05-058-05-02" tag="," text=",">
        <cmp x="556" y="1674" width="10" height="15" />
      </word>
      <word id="b05-058-05-03" tag="JJ" text="feasible">
        <cmp x="590" y="1642" width="142" height="66" />
        <cmp x="728" y="1643" width="66" height="44" />
      </word>
      <word id="b05-058-05-04" tag="CC" text="and">
        <cmp x="839" y="1639" width="114" height="43" />
      </word>
      <word id="b05-058-05-05" tag="JJ" text="workable">
        <cmp x="991" y="1635" width="196" height="52" />
        <cmp x="1190" y="1685" width="5" height="6" />
      </word>
      <word id="b05-058-05-06" tag="." text=".">
        <cmp x="1211" y="1631" width="19" height="16" />
      </word>
      <word id="b05-058-05-07" tag="**&apos;" text="&quot;" />
      <upper-contour>
        <point x="366" y="1508" />
        <point x="1231" y="1508" />
      </upper-contour>
    </line>
  </handwritten-part>
</form>

