<?xml version="1.0" encoding="ISO-8859-1"?>

<!DOCTYPE form SYSTEM 'http://www.iam.unibe.ch/~fki/iamdb/form-metadata.dtd'>

<form created="2002-01-15" height="3542" id="b06-027" last-modified="2002-07-17" skew="63" status="final" version="3.0_beta" width="2479" writer-id="129">
  <machine-printed-part>
    <machine-print-line text="Last month West Germany was reported to be halfway toward this target. Her" />
    <machine-print-line text="position as &amp;quot;America&apos;s principal Nato ally&amp;quot; grows stronger and stronger. Now this" />
    <machine-print-line text="target which Herr Strauss and his fellows have their eyes on is control of the warheads" />
    <machine-print-line text="to these weapons. General Heusinger, the man who caused a great disturbance last" />
    <machine-print-line text="autumn with his demand of nuclear weapons for his army, now heads Nato&apos;s military" />
    <machine-print-line text="planning committee." />
  </machine-printed-part>
  <handwritten-part>
    <line ass="-112" asx="0" asy="819" character-width="999" dss="-112" dsx="0" dsy="1082" fd0="12210" fd1="2605" fd2="-619" filter-width="3" id="b06-027-00" lbs="-181" lbx="0" lby="964" segmentation="ok" slant="90000" stroke-width="5465" threshold="184" text="Last month West Germany was" ubs="26" ubx="0" uby="897">
      <word id="b06-027-00-00" sentence-start="yes" tag="AP" text="Last">
        <cmp x="361" y="839" width="58" height="136" />
        <cmp x="430" y="871" width="62" height="107" />
        <cmp x="493" y="953" width="4" height="5" />
        <cmp x="506" y="848" width="83" height="125" />
      </word>
      <word id="b06-027-00-01" tag="NN" text="month">
        <cmp x="661" y="880" width="79" height="93" />
        <cmp x="765" y="892" width="112" height="79" />
        <cmp x="883" y="842" width="99" height="129" />
      </word>
      <word id="b06-027-00-02" tag="NP" text="West">
        <cmp x="1066" y="822" width="92" height="156" />
        <cmp x="1128" y="901" width="50" height="83" />
        <cmp x="1202" y="860" width="72" height="121" />
      </word>
      <word id="b06-027-00-03" tag="NP" text="Germany">
        <cmp x="1380" y="868" width="127" height="202" />
        <cmp x="1504" y="896" width="92" height="76" />
        <cmp x="1605" y="886" width="67" height="85" />
        <cmp x="1677" y="891" width="101" height="196" />
      </word>
      <word id="b06-027-00-04" tag="BEDZ" text="was">
        <cmp x="1866" y="882" width="68" height="98" />
        <cmp x="1935" y="883" width="58" height="80" />
        <cmp x="1992" y="885" width="31" height="83" />
      </word>
      <lower-contour>
        <point x="359" y="984" />
        <point x="1381" y="1070" />
        <point x="1446" y="979" />
        <point x="1760" y="1087" />
        <point x="1829" y="980" />
        <point x="2024" y="980" />
      </lower-contour>
    </line>
    <line ass="48" asx="0" asy="1020" character-width="999" dss="48" dsx="0" dsy="1211" fd0="11964" fd1="2428" fd2="-873" filter-width="3" id="b06-027-01" lbs="-6" lbx="0" lby="1148" segmentation="ok" slant="90000" stroke-width="5433" threshold="184" text="reported to be halfway toward" ubs="158" ubx="0" uby="1074">
      <word id="b06-027-01-00" tag="VBN" text="reported">
        <cmp x="344" y="1036" width="44" height="126" />
        <cmp x="379" y="1064" width="76" height="86" />
        <cmp x="456" y="1058" width="52" height="142" />
        <cmp x="520" y="1060" width="32" height="91" />
        <cmp x="573" y="1036" width="28" height="116" />
        <cmp x="616" y="1023" width="69" height="130" />
        <cmp x="697" y="1027" width="67" height="126" />
      </word>
      <word id="b06-027-01-01" tag="TO" text="to">
        <cmp x="897" y="1020" width="83" height="127" />
      </word>
      <word id="b06-027-01-02" tag="BE" text="be">
        <cmp x="1053" y="1020" width="105" height="130" />
      </word>
      <word id="b06-027-01-03" tag="RB" text="halfway">
        <cmp x="1259" y="1021" width="196" height="137" />
        <cmp x="1488" y="1020" width="124" height="191" />
        <cmp x="1619" y="1068" width="112" height="143" />
      </word>
      <word id="b06-027-01-04" tag="IN" text="toward">
        <cmp x="1829" y="1020" width="99" height="134" />
        <cmp x="1932" y="1053" width="78" height="101" />
        <cmp x="2008" y="1059" width="101" height="89" />
        <cmp x="2106" y="1028" width="53" height="124" />
      </word>
      <upper-contour>
        <point x="359" y="984" />
        <point x="1381" y="1070" />
        <point x="1446" y="979" />
        <point x="1760" y="1087" />
        <point x="1829" y="980" />
        <point x="2024" y="980" />
      </upper-contour>
      <lower-contour>
        <point x="345" y="1198" />
        <point x="459" y="1200" />
        <point x="619" y="1185" />
        <point x="1492" y="1211" />
        <point x="1560" y="1148" />
        <point x="1718" y="1211" />
        <point x="1969" y="1152" />
        <point x="2160" y="1152" />
      </lower-contour>
    </line>
    <line ass="346" asx="0" asy="1195" character-width="999" dss="346" dsx="0" dsy="1424" fd0="12063" fd1="2539" fd2="-774" filter-width="3" id="b06-027-02" lbs="544" lbx="0" lby="1322" segmentation="err" slant="90000" stroke-width="5441" threshold="184" text="this target. Her position as &amp;quot;America&apos;s" ubs="-50" ubx="0" uby="1251">
      <word id="b06-027-02-00" tag="DT" text="this">
        <cmp x="347" y="1200" width="106" height="141" />
        <cmp x="447" y="1230" width="12" height="10" />
        <cmp x="456" y="1241" width="40" height="90" />
        <cmp x="490" y="1243" width="6" height="8" />
      </word>
      <word id="b06-027-02-01" tag="NN" text="target">
        <cmp x="582" y="1193" width="219" height="159" />
        <cmp x="789" y="1213" width="150" height="208" />
      </word>
      <word id="b06-027-02-02" tag="." text=".">
        <cmp x="951" y="1312" width="15" height="16" />
      </word>
      <word id="b06-027-02-03" sentence-start="yes" tag="PP$" text="Her">
        <cmp x="1088" y="1200" width="160" height="142" />
      </word>
      <word id="b06-027-02-04" tag="NN" text="position">
        <cmp x="1354" y="1248" width="44" height="159" />
        <cmp x="1411" y="1249" width="36" height="88" />
        <cmp x="1462" y="1236" width="50" height="97" />
        <cmp x="1501" y="1213" width="6" height="15" />
        <cmp x="1560" y="1197" width="52" height="133" />
        <cmp x="1613" y="1207" width="8" height="8" />
        <cmp x="1629" y="1245" width="135" height="85" />
      </word>
      <word id="b06-027-02-05" tag="IN" text="as">
        <cmp x="1821" y="1238" width="59" height="90" />
        <cmp x="1882" y="1246" width="36" height="82" />
      </word>
      <word id="b06-027-02-06" tag="*&apos;" text="&quot;">
        <cmp x="1968" y="1185" width="7" height="49" />
        <cmp x="1976" y="1189" width="9" height="43" />
      </word>
      <word id="b06-027-02-07" tag="NP$" text="America&apos;s">
        <cmp x="1998" y="1196" width="53" height="132" />
        <cmp x="2052" y="1233" width="132" height="86" />
        <cmp x="2181" y="1229" width="4" height="9" />
        <cmp x="2186" y="1242" width="28" height="67" />
        <cmp x="2217" y="1252" width="46" height="61" />
        <cmp x="2263" y="1262" width="54" height="60" />
        <cmp x="2290" y="1206" width="8" height="33" />
      </word>
      <upper-contour>
        <point x="345" y="1198" />
        <point x="459" y="1200" />
        <point x="619" y="1185" />
        <point x="1492" y="1211" />
        <point x="1560" y="1148" />
        <point x="1718" y="1211" />
        <point x="1969" y="1152" />
        <point x="2160" y="1152" />
      </upper-contour>
      <lower-contour>
        <point x="357" y="1399" />
        <point x="794" y="1421" />
        <point x="889" y="1342" />
        <point x="1354" y="1407" />
        <point x="1419" y="1337" />
        <point x="2210" y="1337" />
      </lower-contour>
    </line>
    <line ass="810" asx="0" asy="1384" character-width="999" dss="810" dsx="0" dsy="1704" fd0="12068" fd1="2282" fd2="-1887" filter-width="3" id="b06-027-03" lbs="1056" lbx="0" lby="1527" segmentation="err" slant="90000" stroke-width="5493" threshold="181" text="principal Nato ally&amp;quot; grows stronger" ubs="318" ubx="0" uby="1442">
      <word id="b06-027-03-00" tag="JJB" text="principal">
        <cmp x="359" y="1426" width="58" height="130" />
        <cmp x="422" y="1429" width="56" height="84" />
        <cmp x="470" y="1401" width="13" height="9" />
        <cmp x="493" y="1435" width="62" height="92" />
        <cmp x="560" y="1436" width="56" height="74" />
        <cmp x="611" y="1408" width="14" height="7" />
        <cmp x="637" y="1440" width="53" height="109" />
        <cmp x="700" y="1449" width="63" height="65" />
        <cmp x="767" y="1411" width="12" height="108" />
      </word>
      <word id="b06-027-03-01" tag="NP" text="Nato">
        <cmp x="889" y="1384" width="74" height="147" />
        <cmp x="966" y="1391" width="142" height="120" />
      </word>
      <word id="b06-027-03-02" tag="NN" text="ally">
        <cmp x="1197" y="1424" width="64" height="90" />
        <cmp x="1275" y="1382" width="14" height="120" />
        <cmp x="1307" y="1379" width="81" height="204" />
      </word>
      <word id="b06-027-03-03" tag="**&apos;" text="&quot;">
        <cmp x="1419" y="1365" width="16" height="62" />
      </word>
      <word id="b06-027-03-04" tag="VBZ" text="grows">
        <cmp x="1489" y="1428" width="80" height="256" />
        <cmp x="1574" y="1414" width="35" height="90" />
        <cmp x="1602" y="1423" width="49" height="90" />
        <cmp x="1649" y="1429" width="61" height="86" />
      </word>
      <word id="b06-027-03-05" tag="JJR" text="stronger">
        <cmp x="1818" y="1424" width="49" height="100" />
        <cmp x="1867" y="1433" width="3" height="7" />
        <cmp x="1871" y="1402" width="71" height="107" />
        <cmp x="1937" y="1424" width="40" height="88" />
        <cmp x="1973" y="1442" width="7" height="18" />
        <cmp x="1981" y="1431" width="54" height="76" />
        <cmp x="2037" y="1405" width="172" height="130" />
      </word>
      <upper-contour>
        <point x="357" y="1399" />
        <point x="794" y="1421" />
        <point x="889" y="1342" />
        <point x="1354" y="1407" />
        <point x="1419" y="1337" />
        <point x="2210" y="1337" />
      </upper-contour>
      <lower-contour>
        <point x="357" y="1556" />
        <point x="714" y="1531" />
        <point x="1373" y="1583" />
        <point x="1419" y="1546" />
        <point x="1494" y="1601" />
        <point x="1541" y="1650" />
        <point x="1544" y="1684" />
        <point x="1599" y="1534" />
        <point x="2210" y="1534" />
      </lower-contour>
    </line>
    <line ass="-90" asx="0" asy="1533" character-width="999" dss="-90" dsx="0" dsy="1767" fd0="12288" fd1="2494" fd2="-846" filter-width="3" id="b06-027-04" lbs="-297" lbx="0" lby="1676" segmentation="err" slant="90000" stroke-width="5483" threshold="181" text="and stronger. Now this target which" ubs="322" ubx="0" uby="1613">
      <word id="b06-027-04-00" tag="CC" text="and">
        <cmp x="323" y="1598" width="136" height="91" />
        <cmp x="464" y="1564" width="69" height="138" />
      </word>
      <word id="b06-027-04-01" tag="JJR" text="stronger">
        <cmp x="637" y="1551" width="152" height="136" />
        <cmp x="786" y="1595" width="112" height="97" />
        <cmp x="891" y="1603" width="116" height="167" />
      </word>
      <word id="b06-027-04-02" tag="." text=".">
        <cmp x="1026" y="1682" width="9" height="13" />
      </word>
      <word id="b06-027-04-03" sentence-start="yes" tag="RN" text="Now">
        <cmp x="1117" y="1552" width="87" height="158" />
        <cmp x="1200" y="1596" width="121" height="99" />
      </word>
      <word id="b06-027-04-04" tag="DT" text="this">
        <cmp x="1374" y="1548" width="167" height="156" />
      </word>
      <word id="b06-027-04-05" tag="NN" text="target">
        <cmp x="1634" y="1547" width="51" height="145" />
        <cmp x="1691" y="1596" width="122" height="99" />
        <cmp x="1807" y="1572" width="132" height="171" />
      </word>
      <word id="b06-027-04-06" tag="WDT" text="which">
        <cmp x="1996" y="1537" width="164" height="147" />
        <cmp x="2064" y="1560" width="3" height="4" />
        <cmp x="2159" y="1589" width="5" height="6" />
        <cmp x="2169" y="1569" width="67" height="109" />
      </word>
      <upper-contour>
        <point x="357" y="1556" />
        <point x="714" y="1531" />
        <point x="1373" y="1583" />
        <point x="1419" y="1546" />
        <point x="1494" y="1601" />
        <point x="1541" y="1650" />
        <point x="1544" y="1684" />
        <point x="1599" y="1534" />
        <point x="2210" y="1534" />
      </upper-contour>
      <lower-contour>
        <point x="373" y="1730" />
        <point x="894" y="1770" />
        <point x="1190" y="1725" />
        <point x="1812" y="1743" />
        <point x="1845" y="1685" />
        <point x="2048" y="1685" />
      </lower-contour>
    </line>
    <line ass="-19" asx="0" asy="1728" character-width="999" dss="-19" dsx="0" dsy="1955" fd0="12291" fd1="2598" fd2="-1035" filter-width="3" id="b06-027-05" lbs="35" lbx="0" lby="1867" segmentation="ok" slant="89000" stroke-width="5599" threshold="181" text="Herr Strauss and his fellows" ubs="-130" ubx="0" uby="1775">
      <word id="b06-027-05-00" tag="NPT" text="Herr">
        <cmp x="375" y="1736" width="132" height="140" />
        <cmp x="386" y="1733" width="3" height="6" />
        <cmp x="511" y="1759" width="35" height="106" />
      </word>
      <word id="b06-027-05-01" tag="NP" text="Strauss">
        <cmp x="656" y="1735" width="168" height="157" />
        <cmp x="828" y="1772" width="166" height="104" />
        <cmp x="989" y="1776" width="48" height="92" />
        <cmp x="1028" y="1774" width="41" height="96" />
      </word>
      <word id="b06-027-05-02" tag="CC" text="and">
        <cmp x="1164" y="1768" width="151" height="102" />
        <cmp x="1323" y="1731" width="56" height="134" />
      </word>
      <word id="b06-027-05-03" tag="PP$" text="his">
        <cmp x="1456" y="1730" width="189" height="175" />
      </word>
      <word id="b06-027-05-04" tag="NNS" text="fellows">
        <cmp x="1710" y="1729" width="140" height="228" />
        <cmp x="1860" y="1771" width="136" height="95" />
        <cmp x="1993" y="1766" width="54" height="103" />
      </word>
      <upper-contour>
        <point x="373" y="1730" />
        <point x="894" y="1770" />
        <point x="1190" y="1725" />
        <point x="1812" y="1743" />
        <point x="1845" y="1685" />
        <point x="2048" y="1685" />
      </upper-contour>
      <lower-contour>
        <point x="373" y="1905" />
        <point x="1721" y="1957" />
        <point x="1800" y="1869" />
        <point x="2048" y="1869" />
      </lower-contour>
    </line>
    <line ass="-129" asx="0" asy="1897" character-width="999" dss="-129" dsx="0" dsy="2143" fd0="12163" fd1="2724" fd2="-220" filter-width="3" id="b06-027-06" lbs="-481" lbx="0" lby="2033" segmentation="err" slant="85000" stroke-width="5448" threshold="183" text="have their eyes on is control of the" ubs="575" ubx="0" uby="1983">
      <word id="b06-027-06-00" tag="HV" text="have">
        <cmp x="364" y="1900" width="59" height="147" />
        <cmp x="440" y="1962" width="163" height="95" />
      </word>
      <word id="b06-027-06-01" tag="PP$" text="their">
        <cmp x="685" y="1924" width="180" height="145" />
        <cmp x="689" y="1997" width="3" height="6" />
        <cmp x="857" y="1937" width="7" height="12" />
        <cmp x="884" y="1959" width="66" height="89" />
      </word>
      <word id="b06-027-06-02" tag="NNS" text="eyes">
        <cmp x="1021" y="1953" width="118" height="194" />
        <cmp x="1160" y="1958" width="31" height="92" />
        <cmp x="1184" y="1970" width="46" height="83" />
      </word>
      <word id="b06-027-06-03" tag="IN" text="on">
        <cmp x="1330" y="1968" width="124" height="94" />
      </word>
      <word id="b06-027-06-04" tag="BEZ" text="is">
        <cmp x="1501" y="1948" width="51" height="98" />
      </word>
      <word id="b06-027-06-05" tag="NN" text="control">
        <cmp x="1640" y="1952" width="46" height="96" />
        <cmp x="1680" y="1965" width="98" height="84" />
        <cmp x="1783" y="1911" width="69" height="131" />
        <cmp x="1870" y="1912" width="95" height="138" />
      </word>
      <word id="b06-027-06-06" tag="INO" text="of">
        <cmp x="2030" y="1966" width="43" height="81" />
        <cmp x="2087" y="1906" width="45" height="187" />
      </word>
      <word id="b06-027-06-07" tag="ATI" text="the">
        <cmp x="2178" y="1900" width="56" height="152" />
        <cmp x="2227" y="1904" width="102" height="143" />
      </word>
      <upper-contour>
        <point x="373" y="1905" />
        <point x="1721" y="1957" />
        <point x="1800" y="1869" />
        <point x="2048" y="1869" />
      </upper-contour>
      <lower-contour>
        <point x="362" y="2069" />
        <point x="1124" y="2147" />
        <point x="1268" y="2077" />
        <point x="2093" y="2093" />
        <point x="2310" y="2093" />
      </lower-contour>
    </line>
    <line ass="367" asx="0" asy="2094" character-width="999" dss="367" dsx="0" dsy="2335" fd0="12275" fd1="2111" fd2="-1718" filter-width="3" id="b06-027-07" lbs="318" lbx="0" lby="2234" segmentation="err" slant="90000" stroke-width="5551" threshold="181" text="warheads to these weapons. General" ubs="465" ubx="0" uby="2164">
      <word id="b06-027-07-00" tag="NNS" text="warheads">
        <cmp x="341" y="2121" width="94" height="102" />
        <cmp x="442" y="2141" width="115" height="94" />
        <cmp x="561" y="2102" width="144" height="136" />
        <cmp x="715" y="2109" width="168" height="138" />
        <cmp x="875" y="2187" width="3" height="3" />
      </word>
      <word id="b06-027-07-01" tag="IN" text="to">
        <cmp x="1039" y="2105" width="114" height="161" />
      </word>
      <word id="b06-027-07-02" tag="DTS" text="these">
        <cmp x="1251" y="2086" width="126" height="149" />
        <cmp x="1386" y="2143" width="106" height="88" />
      </word>
      <word id="b06-027-07-03" tag="NNS" text="weapons">
        <cmp x="1565" y="2138" width="111" height="94" />
        <cmp x="1679" y="2145" width="64" height="84" />
        <cmp x="1750" y="2146" width="60" height="149" />
        <cmp x="1819" y="2143" width="144" height="84" />
      </word>
      <word id="b06-027-07-04" tag="." text=".">
        <cmp x="1978" y="2216" width="9" height="11" />
      </word>
      <word id="b06-027-07-05" sentence-start="yes" tag="NPT" text="General">
        <cmp x="2010" y="2092" width="244" height="231" />
        <cmp x="2231" y="2135" width="78" height="92" />
      </word>
      <upper-contour>
        <point x="362" y="2069" />
        <point x="1124" y="2147" />
        <point x="1268" y="2077" />
        <point x="2093" y="2093" />
        <point x="2310" y="2093" />
      </upper-contour>
      <lower-contour>
        <point x="353" y="2267" />
        <point x="1750" y="2310" />
        <point x="2043" y="2323" />
        <point x="2141" y="2237" />
        <point x="2154" y="2237" />
      </lower-contour>
    </line>
    <line ass="667" asx="0" asy="2284" character-width="999" dss="667" dsx="0" dsy="2495" fd0="12524" fd1="2404" fd2="-893" filter-width="3" id="b06-027-08" lbs="811" lbx="0" lby="2422" segmentation="ok" slant="90000" stroke-width="5487" threshold="180" text="Heusinger, the man who caused" ubs="378" ubx="0" uby="2346">
      <word id="b06-027-08-00" tag="NP" text="Heusinger">
        <cmp x="355" y="2280" width="117" height="158" />
        <cmp x="434" y="2329" width="131" height="116" />
        <cmp x="585" y="2316" width="57" height="94" />
        <cmp x="632" y="2296" width="8" height="12" />
        <cmp x="662" y="2324" width="57" height="87" />
        <cmp x="710" y="2329" width="138" height="159" />
      </word>
      <word id="b06-027-08-01" tag="," text=",">
        <cmp x="856" y="2388" width="14" height="72" />
      </word>
      <word id="b06-027-08-02" tag="ATI" text="the">
        <cmp x="1018" y="2281" width="134" height="135" />
      </word>
      <word id="b06-027-08-03" tag="NN" text="man">
        <cmp x="1226" y="2325" width="88" height="90" />
        <cmp x="1324" y="2323" width="113" height="79" />
      </word>
      <word id="b06-027-08-04" tag="WP" text="who">
        <cmp x="1515" y="2280" width="127" height="122" />
        <cmp x="1650" y="2324" width="36" height="86" />
      </word>
      <word id="b06-027-08-05" tag="VBD" text="caused">
        <cmp x="1778" y="2312" width="200" height="102" />
        <cmp x="1995" y="2330" width="78" height="85" />
        <cmp x="2077" y="2294" width="76" height="122" />
      </word>
      <upper-contour>
        <point x="353" y="2267" />
        <point x="1750" y="2310" />
        <point x="2043" y="2323" />
        <point x="2141" y="2237" />
        <point x="2154" y="2237" />
      </upper-contour>
      <lower-contour>
        <point x="370" y="2479" />
        <point x="728" y="2488" />
        <point x="801" y="2460" />
        <point x="1112" y="2416" />
        <point x="2154" y="2416" />
      </lower-contour>
    </line>
    <line ass="-19" asx="0" asy="2440" character-width="999" dss="-19" dsx="0" dsy="2707" fd0="12509" fd1="2388" fd2="-1475" filter-width="3" id="b06-027-09" lbs="91" lbx="0" lby="2588" segmentation="ok" slant="86000" stroke-width="5540" threshold="182" text="a great disturbance last autumn" ubs="-240" ubx="0" uby="2509">
      <word id="b06-027-09-00" tag="AT" text="a">
        <cmp x="372" y="2518" width="72" height="81" />
      </word>
      <word id="b06-027-09-01" tag="JJ" text="great">
        <cmp x="522" y="2496" width="76" height="213" />
        <cmp x="603" y="2480" width="44" height="116" />
        <cmp x="635" y="2499" width="66" height="95" />
        <cmp x="650" y="2587" width="6" height="3" />
        <cmp x="710" y="2475" width="128" height="121" />
      </word>
      <word id="b06-027-09-02" tag="NN" text="disturbance">
        <cmp x="949" y="2479" width="97" height="125" />
        <cmp x="992" y="2539" width="3" height="6" />
        <cmp x="1037" y="2489" width="49" height="108" />
        <cmp x="1096" y="2459" width="44" height="124" />
        <cmp x="1144" y="2477" width="107" height="107" />
        <cmp x="1278" y="2442" width="35" height="153" />
        <cmp x="1327" y="2488" width="146" height="104" />
        <cmp x="1487" y="2513" width="82" height="71" />
      </word>
      <word id="b06-027-09-03" tag="AP" text="last">
        <cmp x="1659" y="2462" width="73" height="143" />
        <cmp x="1730" y="2499" width="105" height="98" />
        <cmp x="1790" y="2538" width="13" height="14" />
        <cmp x="1839" y="2460" width="29" height="128" />
      </word>
      <word id="b06-027-09-04" tag="NN" text="autumn">
        <cmp x="1931" y="2480" width="159" height="116" />
        <cmp x="2094" y="2453" width="221" height="132" />
        <cmp x="2327" y="2519" width="96" height="66" />
      </word>
      <upper-contour>
        <point x="370" y="2479" />
        <point x="728" y="2488" />
        <point x="801" y="2460" />
        <point x="1112" y="2416" />
        <point x="2154" y="2416" />
      </upper-contour>
    </line>
  </handwritten-part>
</form>

