<?xml version="1.0" encoding="ISO-8859-1"?>

<!DOCTYPE form SYSTEM 'http://www.iam.unibe.ch/~fki/iamdb/form-metadata.dtd'>

<form created="2002-01-15" height="3542" id="b06-093" last-modified="2002-07-17" skew="63" status="final" version="3.0_beta" width="2479" writer-id="125">
  <machine-printed-part>
    <machine-print-line text="This should strengthen the campaign to end the manufacture and use of nuclear" />
    <machine-print-line text="weapons in Britain. Britain then could play a leading and independent role for an" />
    <machine-print-line text="international agreement to ban all nuclear strategy and weapons of mass destruction," />
    <machine-print-line text="and lay the basis for real peace and progress. WHEN all the ballyhoo about Com-" />
    <machine-print-line text="monwealth Training Week subsides it is doubtful whether more than a handful of new" />
    <machine-print-line text="apprenticeships will result." />
  </machine-printed-part>
  <handwritten-part>
    <line ass="170" asx="0" asy="685" character-width="999" dss="170" dsx="0" dsy="858" fd0="12836" fd1="2569" fd2="-1078" filter-width="4" id="b06-093-00" lbs="203" lbx="0" lby="790" segmentation="ok" slant="90000" stroke-width="5915" threshold="182" text="This should strengthen the campaign to" ubs="103" ubx="0" uby="750">
      <word id="b06-093-00-00" sentence-start="yes" tag="DT" text="This">
        <cmp x="362" y="693" width="125" height="97" />
        <cmp x="487" y="750" width="9" height="40" />
        <cmp x="495" y="711" width="12" height="7" />
        <cmp x="511" y="732" width="23" height="63" />
      </word>
      <word id="b06-093-00-01" tag="MD" text="should">
        <cmp x="608" y="737" width="28" height="58" />
        <cmp x="640" y="695" width="18" height="95" />
        <cmp x="662" y="706" width="182" height="92" />
      </word>
      <word id="b06-093-00-02" tag="VB" text="strengthen">
        <cmp x="973" y="737" width="41" height="56" />
        <cmp x="1019" y="697" width="167" height="94" />
        <cmp x="1196" y="743" width="28" height="112" />
        <cmp x="1224" y="682" width="173" height="108" />
      </word>
      <word id="b06-093-00-03" tag="ATI" text="the">
        <cmp x="1449" y="692" width="123" height="97" />
      </word>
      <word id="b06-093-00-04" tag="NN" text="campaign">
        <cmp x="1607" y="742" width="41" height="51" />
        <cmp x="1649" y="722" width="322" height="126" />
      </word>
      <word id="b06-093-00-05" tag="TO" text="to">
        <cmp x="2015" y="706" width="58" height="88" />
      </word>
      <lower-contour>
        <point x="360" y="855" />
        <point x="1891" y="776" />
        <point x="1905" y="776" />
      </lower-contour>
    </line>
    <line ass="-46" asx="0" asy="848" character-width="999" dss="-46" dsx="0" dsy="1021" fd0="13156" fd1="2210" fd2="-893" filter-width="4" id="b06-093-01" lbs="-103" lbx="0" lby="967" segmentation="ok" slant="82000" stroke-width="5792" threshold="182" text="end the manufacture and use of" ubs="67" ubx="0" uby="927">
      <word id="b06-093-01-00" tag="VB" text="end">
        <cmp x="353" y="891" width="140" height="98" />
      </word>
      <word id="b06-093-01-01" tag="ATI" text="the">
        <cmp x="571" y="879" width="118" height="85" />
      </word>
      <word id="b06-093-01-02" tag="NN" text="manufacture">
        <cmp x="760" y="877" width="282" height="146" />
        <cmp x="1022" y="880" width="285" height="103" />
      </word>
      <word id="b06-093-01-03" tag="CC" text="and">
        <cmp x="1403" y="890" width="173" height="81" />
      </word>
      <word id="b06-093-01-04" tag="NN" text="use">
        <cmp x="1649" y="920" width="110" height="58" />
      </word>
      <word id="b06-093-01-05" tag="INO" text="of">
        <cmp x="1824" y="850" width="80" height="172" />
      </word>
      <upper-contour>
        <point x="360" y="855" />
        <point x="1891" y="776" />
        <point x="1905" y="776" />
      </upper-contour>
      <lower-contour>
        <point x="359" y="1024" />
        <point x="1905" y="1024" />
      </lower-contour>
    </line>
    <line ass="4" asx="0" asy="1045" character-width="999" dss="4" dsx="0" dsy="1206" fd0="13159" fd1="2560" fd2="-963" filter-width="4" id="b06-093-02" lbs="151" lbx="0" lby="1148" segmentation="ok" slant="89000" stroke-width="5968" threshold="182" text="nuclear weapons in Britain. Britain then" ubs="-287" ubx="0" uby="1102">
      <word id="b06-093-02-00" tag="JJ" text="nuclear">
        <cmp x="361" y="1053" width="282" height="104" />
      </word>
      <word id="b06-093-02-01" tag="NNS" text="weapons">
        <cmp x="736" y="1100" width="23" height="58" />
        <cmp x="757" y="1087" width="302" height="120" />
      </word>
      <word id="b06-093-02-02" tag="IN" text="in">
        <cmp x="1125" y="1100" width="87" height="56" />
        <cmp x="1150" y="1061" width="14" height="10" />
      </word>
      <word id="b06-093-02-03" tag="NP" text="Britain">
        <cmp x="1291" y="1054" width="50" height="103" />
        <cmp x="1352" y="1101" width="49" height="35" />
        <cmp x="1411" y="1045" width="118" height="107" />
        <cmp x="1531" y="1065" width="52" height="78" />
      </word>
      <word id="b06-093-02-04" tag="." text=".">
        <cmp x="1606" y="1144" width="13" height="6" />
      </word>
      <word id="b06-093-02-05" sentence-start="yes" tag="NP" text="Britain">
        <cmp x="1684" y="1060" width="45" height="103" />
        <cmp x="1738" y="1105" width="52" height="43" />
        <cmp x="1791" y="1054" width="109" height="98" />
        <cmp x="1897" y="1054" width="10" height="10" />
        <cmp x="1911" y="1092" width="41" height="43" />
      </word>
      <word id="b06-093-02-06" tag="RN" text="then">
        <cmp x="2009" y="1055" width="143" height="104" />
      </word>
      <upper-contour>
        <point x="359" y="1024" />
        <point x="1905" y="1024" />
      </upper-contour>
      <lower-contour>
        <point x="359" y="1207" />
        <point x="2113" y="1207" />
      </lower-contour>
    </line>
    <line ass="-327" asx="0" asy="1213" character-width="999" dss="-327" dsx="0" dsy="1415" fd0="13042" fd1="2885" fd2="-517" filter-width="4" id="b06-093-03" lbs="-247" lbx="0" lby="1321" segmentation="ok" slant="84000" stroke-width="5780" threshold="182" text="could play a leading and independent" ubs="-487" ubx="0" uby="1267">
      <word id="b06-093-03-00" tag="MD" text="could">
        <cmp x="348" y="1222" width="221" height="106" />
      </word>
      <word id="b06-093-03-01" tag="VB" text="play">
        <cmp x="640" y="1279" width="36" height="90" />
        <cmp x="685" y="1230" width="114" height="152" />
      </word>
      <word id="b06-093-03-02" tag="AT" text="a">
        <cmp x="912" y="1269" width="44" height="53" />
      </word>
      <word id="b06-093-03-03" tag="JJ" text="leading">
        <cmp x="1023" y="1231" width="335" height="193" />
        <cmp x="1250" y="1242" width="7" height="9" />
      </word>
      <word id="b06-093-03-04" tag="CC" text="and">
        <cmp x="1415" y="1240" width="164" height="85" />
      </word>
      <word id="b06-093-03-05" tag="JJ" text="independent">
        <cmp x="1636" y="1284" width="13" height="32" />
        <cmp x="1655" y="1236" width="138" height="92" />
        <cmp x="1792" y="1243" width="272" height="127" />
        <cmp x="2080" y="1225" width="32" height="103" />
      </word>
      <upper-contour>
        <point x="359" y="1207" />
        <point x="2113" y="1207" />
      </upper-contour>
      <lower-contour>
        <point x="348" y="1383" />
        <point x="1319" y="1424" />
        <point x="1395" y="1370" />
        <point x="2113" y="1370" />
      </lower-contour>
    </line>
    <line ass="237" asx="0" asy="1404" character-width="999" dss="237" dsx="0" dsy="1601" fd0="13211" fd1="2407" fd2="-887" filter-width="3" id="b06-093-04" lbs="369" lbx="0" lby="1511" segmentation="ok" slant="81000" stroke-width="5712" threshold="182" text="role for an international agreement to ban" ubs="-25" ubx="0" uby="1460">
      <word id="b06-093-04-00" tag="NN" text="role">
        <cmp x="350" y="1402" width="139" height="112" />
      </word>
      <word id="b06-093-04-01" tag="IN" text="for">
        <cmp x="534" y="1402" width="96" height="155" />
      </word>
      <word id="b06-093-04-02" tag="AT" text="an">
        <cmp x="684" y="1449" width="111" height="66" />
      </word>
      <word id="b06-093-04-03" tag="JJ" text="international">
        <cmp x="890" y="1457" width="12" height="57" />
        <cmp x="909" y="1443" width="62" height="66" />
        <cmp x="970" y="1462" width="6" height="9" />
        <cmp x="975" y="1424" width="248" height="88" />
        <cmp x="1219" y="1439" width="7" height="10" />
        <cmp x="1232" y="1417" width="176" height="89" />
      </word>
      <word id="b06-093-04-04" tag="NN" text="agreement">
        <cmp x="1477" y="1453" width="81" height="143" />
        <cmp x="1510" y="1539" width="18" height="47" />
        <cmp x="1569" y="1456" width="98" height="50" />
        <cmp x="1669" y="1454" width="172" height="57" />
        <cmp x="1840" y="1470" width="3" height="4" />
        <cmp x="1843" y="1407" width="27" height="98" />
      </word>
      <word id="b06-093-04-05" tag="TO" text="to">
        <cmp x="1926" y="1415" width="46" height="95" />
      </word>
      <word id="b06-093-04-06" tag="VB" text="ban">
        <cmp x="2021" y="1410" width="129" height="106" />
      </word>
      <upper-contour>
        <point x="348" y="1383" />
        <point x="1319" y="1424" />
        <point x="1395" y="1370" />
        <point x="2113" y="1370" />
      </upper-contour>
      <lower-contour>
        <point x="348" y="1557" />
        <point x="1510" y="1596" />
        <point x="1926" y="1516" />
        <point x="2151" y="1516" />
      </lower-contour>
    </line>
    <line ass="-67" asx="0" asy="1580" character-width="999" dss="-67" dsx="0" dsy="1750" fd0="12917" fd1="2167" fd2="-1267" filter-width="4" id="b06-093-05" lbs="17" lbx="0" lby="1685" segmentation="ok" slant="85000" stroke-width="5766" threshold="182" text="all nuclear strategy and weapons of mass" ubs="-236" ubx="0" uby="1633">
      <word id="b06-093-05-00" tag="ABN" text="all">
        <cmp x="343" y="1596" width="96" height="97" />
      </word>
      <word id="b06-093-05-01" tag="JJ" text="nuclear">
        <cmp x="570" y="1585" width="300" height="106" />
      </word>
      <word id="b06-093-05-02" tag="NN" text="strategy">
        <cmp x="937" y="1622" width="32" height="62" />
        <cmp x="976" y="1586" width="104" height="108" />
        <cmp x="1076" y="1582" width="129" height="171" />
      </word>
      <word id="b06-093-05-03" tag="CC" text="and">
        <cmp x="1275" y="1610" width="154" height="79" />
      </word>
      <word id="b06-093-05-04" tag="NNS" text="weapons">
        <cmp x="1486" y="1625" width="162" height="65" />
        <cmp x="1656" y="1641" width="43" height="98" />
        <cmp x="1710" y="1635" width="105" height="47" />
      </word>
      <word id="b06-093-05-05" tag="INO" text="of">
        <cmp x="1883" y="1643" width="34" height="40" />
        <cmp x="1912" y="1589" width="25" height="164" />
      </word>
      <word id="b06-093-05-06" tag="NN" text="mass">
        <cmp x="2000" y="1638" width="132" height="53" />
        <cmp x="2132" y="1639" width="50" height="58" />
      </word>
      <upper-contour>
        <point x="348" y="1557" />
        <point x="1510" y="1596" />
        <point x="1926" y="1516" />
        <point x="2151" y="1516" />
      </upper-contour>
      <lower-contour>
        <point x="346" y="1753" />
        <point x="1982" y="1753" />
      </lower-contour>
    </line>
    <line ass="-496" asx="0" asy="1748" character-width="999" dss="-496" dsx="0" dsy="1919" fd0="12830" fd1="2568" fd2="-847" filter-width="4" id="b06-093-06" lbs="-464" lbx="0" lby="1855" segmentation="ok" slant="84000" stroke-width="5977" threshold="182" text="destruction, and lay the basis for real" ubs="-558" ubx="0" uby="1810">
      <word id="b06-093-06-00" tag="NN" text="destruction">
        <cmp x="348" y="1777" width="119" height="89" />
        <cmp x="471" y="1772" width="111" height="94" />
        <cmp x="589" y="1779" width="98" height="100" />
        <cmp x="676" y="1795" width="11" height="8" />
        <cmp x="694" y="1814" width="84" height="46" />
      </word>
      <word id="b06-093-06-01" tag="," text=",">
        <cmp x="799" y="1844" width="10" height="46" />
      </word>
      <word id="b06-093-06-02" tag="CC" text="and">
        <cmp x="859" y="1778" width="156" height="87" />
      </word>
      <word id="b06-093-06-03" tag="VB" text="lay">
        <cmp x="1073" y="1777" width="102" height="153" />
      </word>
      <word id="b06-093-06-04" tag="ATI" text="the">
        <cmp x="1263" y="1763" width="101" height="101" />
      </word>
      <word id="b06-093-06-05" tag="NN" text="basis">
        <cmp x="1471" y="1763" width="101" height="114" />
        <cmp x="1585" y="1818" width="11" height="50" />
        <cmp x="1599" y="1790" width="35" height="78" />
      </word>
      <word id="b06-093-06-06" tag="IN" text="for">
        <cmp x="1697" y="1763" width="79" height="169" />
      </word>
      <word id="b06-093-06-07" tag="JJ" text="real">
        <cmp x="1838" y="1773" width="143" height="111" />
      </word>
      <upper-contour>
        <point x="346" y="1753" />
        <point x="1982" y="1753" />
      </upper-contour>
      <lower-contour>
        <point x="352" y="1932" />
        <point x="1923" y="1932" />
      </lower-contour>
    </line>
    <line ass="24" asx="0" asy="1949" character-width="999" dss="24" dsx="0" dsy="2101" fd0="12706" fd1="2480" fd2="-1293" filter-width="4" id="b06-093-07" lbs="-14" lbx="0" lby="2042" segmentation="ok" slant="85000" stroke-width="5861" threshold="182" text="peace and progress. WHEN all the" ubs="102" ubx="0" uby="1998">
      <word id="b06-093-07-00" tag="NN" text="peace">
        <cmp x="354" y="1985" width="141" height="94" />
        <cmp x="506" y="1988" width="74" height="57" />
      </word>
      <word id="b06-093-07-01" tag="CC" text="and">
        <cmp x="646" y="1954" width="164" height="98" />
      </word>
      <word id="b06-093-07-02" tag="NN" text="progress">
        <cmp x="892" y="1999" width="107" height="88" />
        <cmp x="1004" y="1994" width="198" height="108" />
      </word>
      <word id="b06-093-07-03" tag="." text=".">
        <cmp x="1251" y="2018" width="9" height="15" />
      </word>
      <word id="b06-093-07-04" sentence-start="yes" tag="WRB" text="WHEN">
        <cmp x="1319" y="1949" width="65" height="98" />
        <cmp x="1386" y="1951" width="121" height="106" />
        <cmp x="1521" y="1953" width="69" height="83" />
      </word>
      <word id="b06-093-07-05" tag="ABN" text="all">
        <cmp x="1660" y="1991" width="46" height="55" />
        <cmp x="1710" y="1959" width="18" height="86" />
        <cmp x="1733" y="1962" width="15" height="98" />
      </word>
      <word id="b06-093-07-06" tag="ATI" text="the">
        <cmp x="1815" y="1950" width="107" height="106" />
      </word>
      <upper-contour>
        <point x="352" y="1932" />
        <point x="1923" y="1932" />
      </upper-contour>
      <lower-contour>
        <point x="352" y="2102" />
        <point x="1923" y="2102" />
      </lower-contour>
    </line>
    <line ass="167" asx="0" asy="2122" character-width="999" dss="167" dsx="0" dsy="2326" fd0="13121" fd1="2722" fd2="-544" filter-width="3" id="b06-093-08" lbs="352" lbx="0" lby="2225" segmentation="ok" slant="89000" stroke-width="5670" threshold="182" text="ballyhoo about Commonwealth Training" ubs="-202" ubx="0" uby="2174">
      <word id="b06-093-08-00" tag="NN" text="ballyhoo">
        <cmp x="332" y="2126" width="43" height="106" />
        <cmp x="378" y="2171" width="47" height="56" />
        <cmp x="435" y="2124" width="19" height="96" />
        <cmp x="458" y="2127" width="18" height="91" />
        <cmp x="496" y="2173" width="39" height="108" />
        <cmp x="558" y="2121" width="113" height="105" />
      </word>
      <word id="b06-093-08-01" tag="IN" text="about">
        <cmp x="741" y="2120" width="241" height="104" />
      </word>
      <word id="b06-093-08-02" tag="NN" text="Commonwealth">
        <cmp x="1076" y="2126" width="558" height="99" />
        <cmp x="1637" y="2132" width="74" height="87" />
      </word>
      <word id="b06-093-08-03" tag="NN" text="Training">
        <cmp x="1781" y="2124" width="61" height="30" />
        <cmp x="1807" y="2154" width="12" height="79" />
        <cmp x="1830" y="2170" width="114" height="64" />
        <cmp x="1951" y="2170" width="3" height="4" />
        <cmp x="1956" y="2156" width="175" height="165" />
        <cmp x="2046" y="2131" width="6" height="10" />
      </word>
      <upper-contour>
        <point x="352" y="2102" />
        <point x="1923" y="2102" />
      </upper-contour>
      <lower-contour>
        <point x="330" y="2281" />
        <point x="2086" y="2321" />
        <point x="2132" y="2321" />
      </lower-contour>
    </line>
    <line ass="77" asx="0" asy="2294" character-width="999" dss="77" dsx="0" dsy="2484" fd0="13280" fd1="2675" fd2="-486" filter-width="3" id="b06-093-09" lbs="127" lbx="0" lby="2401" segmentation="ok" slant="83000" stroke-width="5683" threshold="182" text="Week subsides it is doubtful whether more" ubs="-22" ubx="0" uby="2358">
      <word id="b06-093-09-00" tag="NN" text="Week">
        <cmp x="331" y="2309" width="56" height="90" />
        <cmp x="384" y="2397" width="3" height="3" />
        <cmp x="385" y="2391" width="3" height="5" />
        <cmp x="385" y="2304" width="151" height="104" />
      </word>
      <word id="b06-093-09-01" tag="VBZ" text="subsides">
        <cmp x="627" y="2337" width="72" height="72" />
        <cmp x="699" y="2365" width="15" height="35" />
        <cmp x="732" y="2301" width="96" height="102" />
        <cmp x="823" y="2332" width="8" height="13" />
        <cmp x="848" y="2324" width="90" height="86" />
        <cmp x="936" y="2353" width="31" height="58" />
      </word>
      <word id="b06-093-09-02" tag="PP3" text="it">
        <cmp x="1043" y="2320" width="15" height="12" />
        <cmp x="1044" y="2347" width="11" height="52" />
        <cmp x="1064" y="2315" width="26" height="75" />
      </word>
      <word id="b06-093-09-03" tag="BEZ" text="is">
        <cmp x="1144" y="2349" width="10" height="48" />
        <cmp x="1149" y="2321" width="44" height="70" />
      </word>
      <word id="b06-093-09-04" tag="JJ" text="doubtful">
        <cmp x="1273" y="2310" width="119" height="92" />
        <cmp x="1393" y="2359" width="27" height="39" />
        <cmp x="1427" y="2301" width="39" height="97" />
        <cmp x="1472" y="2292" width="116" height="191" />
        <cmp x="1596" y="2304" width="21" height="94" />
      </word>
      <word id="b06-093-09-05" tag="CS" text="whether">
        <cmp x="1676" y="2350" width="100" height="48" />
        <cmp x="1779" y="2388" width="3" height="6" />
        <cmp x="1783" y="2306" width="140" height="93" />
      </word>
      <word id="b06-093-09-06" tag="AP" text="more">
        <cmp x="1982" y="2353" width="202" height="54" />
      </word>
      <upper-contour>
        <point x="330" y="2281" />
        <point x="2086" y="2321" />
        <point x="2132" y="2321" />
      </upper-contour>
      <lower-contour>
        <point x="329" y="2411" />
        <point x="1504" y="2483" />
        <point x="1835" y="2407" />
        <point x="2173" y="2407" />
      </lower-contour>
    </line>
    <line ass="-356" asx="0" asy="2451" character-width="999" dss="-356" dsx="0" dsy="2653" fd0="13013" fd1="2286" fd2="-1193" filter-width="3" id="b06-093-10" lbs="-216" lbx="0" lby="2570" segmentation="ok" slant="82000" stroke-width="5639" threshold="182" text="than a handful of new apprenticeships" ubs="-636" ubx="0" uby="2524">
      <word id="b06-093-10-00" tag="IN" text="than">
        <cmp x="320" y="2467" width="181" height="123" />
      </word>
      <word id="b06-093-10-01" tag="AT" text="a">
        <cmp x="599" y="2514" width="48" height="59" />
      </word>
      <word id="b06-093-10-02" tag="NN" text="handful">
        <cmp x="738" y="2471" width="350" height="187" />
      </word>
      <word id="b06-093-10-03" tag="INO" text="of">
        <cmp x="1126" y="2459" width="86" height="203" />
      </word>
      <word id="b06-093-10-04" tag="JJ" text="new">
        <cmp x="1259" y="2528" width="160" height="56" />
      </word>
      <word id="b06-093-10-05" tag="NNS" text="apprenticeships">
        <cmp x="1506" y="2522" width="165" height="125" />
        <cmp x="1570" y="2553" width="3" height="5" />
        <cmp x="1577" y="2541" width="3" height="4" />
        <cmp x="1676" y="2530" width="137" height="51" />
        <cmp x="1814" y="2477" width="46" height="112" />
        <cmp x="1852" y="2496" width="14" height="13" />
        <cmp x="1871" y="2482" width="195" height="94" />
        <cmp x="2059" y="2506" width="113" height="128" />
      </word>
      <upper-contour>
        <point x="329" y="2411" />
        <point x="1504" y="2483" />
        <point x="1835" y="2407" />
        <point x="2173" y="2407" />
      </upper-contour>
    </line>
  </handwritten-part>
</form>

