<?xml version="1.0" encoding="ISO-8859-1"?>

<!DOCTYPE form SYSTEM 'http://www.iam.unibe.ch/~fki/iamdb/form-metadata.dtd'>

<form created="2002-01-15" height="3542" id="b06-100" last-modified="2002-07-17" skew="127" status="final" version="3.0_beta" width="2479" writer-id="133">
  <machine-printed-part>
    <machine-print-line text="The heli-hopping Duke of Edinburgh, opening a few technical college extensions, will" />
    <machine-print-line text="not keep us abreast of the scientific revolution. Out of the 550,000 young people" />
    <machine-print-line text="aged 15-17 starting work in 1960 420,000 (73 per cent) went into unskilled work." />
    <machine-print-line text="The percentage is expected to swell to 80 next year. The Duke, possibly speaking" />
    <machine-print-line text="from experience, stated: &amp;quot;Most unskilled jobs are reasonably well-paid and many look" />
    <machine-print-line text="attractive.&amp;quot;" />
  </machine-printed-part>
  <handwritten-part>
    <line ass="-437" asx="0" asy="892" character-width="999" dss="-437" dsx="0" dsy="1008" fd0="13410" fd1="3108" fd2="-272" filter-width="4" id="b06-100-00" lbs="-273" lbx="0" lby="969" segmentation="ok" slant="75000" stroke-width="5732" threshold="177" text="The heli-hopping Duke of Edinburgh," ubs="-765" ubx="0" uby="929">
      <word id="b06-100-00-00" sentence-start="yes" tag="ATI" text="The">
        <cmp x="359" y="909" width="67" height="56" />
        <cmp x="424" y="920" width="48" height="70" />
        <cmp x="476" y="935" width="45" height="44" />
      </word>
      <word id="b06-100-00-01" tag="JJ" text="heli-hopping">
        <cmp x="621" y="927" width="56" height="52" />
        <cmp x="684" y="918" width="100" height="64" />
        <cmp x="788" y="916" width="6" height="7" />
        <cmp x="823" y="946" width="44" height="7" />
        <cmp x="921" y="920" width="96" height="60" />
        <cmp x="1011" y="944" width="55" height="58" />
        <cmp x="1053" y="941" width="61" height="66" />
        <cmp x="1119" y="949" width="7" height="28" />
        <cmp x="1132" y="921" width="9" height="21" />
        <cmp x="1143" y="950" width="30" height="22" />
        <cmp x="1170" y="944" width="46" height="73" />
      </word>
      <word id="b06-100-00-02" tag="NPT" text="Duke">
        <cmp x="1298" y="903" width="82" height="69" />
        <cmp x="1379" y="953" width="57" height="24" />
        <cmp x="1454" y="922" width="33" height="61" />
        <cmp x="1494" y="937" width="52" height="38" />
      </word>
      <word id="b06-100-00-03" tag="INO" text="of">
        <cmp x="1608" y="936" width="63" height="40" />
        <cmp x="1671" y="926" width="38" height="78" />
      </word>
      <word id="b06-100-00-04" tag="NP" text="Edinburgh">
        <cmp x="1771" y="924" width="53" height="56" />
        <cmp x="1779" y="955" width="29" height="7" />
        <cmp x="1821" y="932" width="73" height="52" />
        <cmp x="1894" y="955" width="15" height="23" />
        <cmp x="1914" y="932" width="8" height="20" />
        <cmp x="1929" y="967" width="30" height="20" />
        <cmp x="1974" y="934" width="50" height="48" />
        <cmp x="2025" y="964" width="76" height="23" />
        <cmp x="2091" y="970" width="41" height="53" />
        <cmp x="2145" y="944" width="51" height="41" />
      </word>
      <word id="b06-100-00-05" tag="," text=",">
        <cmp x="2209" y="974" width="16" height="33" />
      </word>
      <lower-contour>
        <point x="357" y="1024" />
        <point x="2226" y="1024" />
      </lower-contour>
    </line>
    <line ass="-344" asx="0" asy="1080" character-width="999" dss="-344" dsx="0" dsy="1189" fd0="13705" fd1="2707" fd2="-1050" filter-width="4" id="b06-100-01" lbs="-299" lbx="0" lby="1147" segmentation="ok" slant="72000" stroke-width="5769" threshold="173" text="opening a few technical college extensions," ubs="-435" ubx="0" uby="1118">
      <word id="b06-100-01-00" tag="VBG" text="opening">
        <cmp x="346" y="1117" width="54" height="41" />
        <cmp x="397" y="1124" width="57" height="52" />
        <cmp x="455" y="1112" width="115" height="42" />
        <cmp x="580" y="1127" width="7" height="27" />
        <cmp x="587" y="1101" width="10" height="21" />
        <cmp x="603" y="1126" width="40" height="22" />
        <cmp x="636" y="1123" width="46" height="61" />
      </word>
      <word id="b06-100-01-01" tag="AP21" text="a">
        <cmp x="769" y="1114" width="61" height="40" />
      </word>
      <word id="b06-100-01-02" tag="AP22" text="few">
        <cmp x="891" y="1093" width="43" height="84" />
        <cmp x="939" y="1117" width="146" height="42" />
      </word>
      <word id="b06-100-01-03" tag="JJ" text="technical">
        <cmp x="1149" y="1099" width="197" height="64" />
        <cmp x="1207" y="1125" width="42" height="17" />
        <cmp x="1354" y="1126" width="51" height="31" />
        <cmp x="1413" y="1132" width="7" height="23" />
        <cmp x="1425" y="1104" width="7" height="17" />
        <cmp x="1438" y="1118" width="41" height="35" />
        <cmp x="1488" y="1116" width="54" height="31" />
        <cmp x="1557" y="1091" width="13" height="45" />
      </word>
      <word id="b06-100-01-04" tag="NN" text="college">
        <cmp x="1652" y="1119" width="47" height="42" />
        <cmp x="1701" y="1124" width="40" height="34" />
        <cmp x="1742" y="1109" width="25" height="51" />
        <cmp x="1766" y="1108" width="18" height="48" />
        <cmp x="1785" y="1122" width="51" height="41" />
        <cmp x="1816" y="1141" width="57" height="60" />
        <cmp x="1873" y="1124" width="46" height="48" />
      </word>
      <word id="b06-100-01-05" tag="NNS" text="extensions">
        <cmp x="1957" y="1117" width="117" height="50" />
        <cmp x="2068" y="1107" width="23" height="44" />
        <cmp x="2096" y="1120" width="81" height="35" />
        <cmp x="2172" y="1127" width="52" height="41" />
        <cmp x="2222" y="1128" width="13" height="25" />
        <cmp x="2236" y="1104" width="7" height="13" />
        <cmp x="2242" y="1130" width="67" height="39" />
        <cmp x="2317" y="1132" width="27" height="38" />
      </word>
      <word id="b06-100-01-06" tag="," text=",">
        <cmp x="2376" y="1160" width="8" height="22" />
      </word>
      <upper-contour>
        <point x="357" y="1024" />
        <point x="2226" y="1024" />
      </upper-contour>
      <lower-contour>
        <point x="356" y="1202" />
        <point x="2042" y="1202" />
      </lower-contour>
    </line>
    <line ass="-766" asx="0" asy="1260" character-width="999" dss="-766" dsx="0" dsy="1350" fd0="13314" fd1="2855" fd2="-569" filter-width="3" id="b06-100-02" lbs="-782" lbx="0" lby="1322" segmentation="ok" slant="75000" stroke-width="5540" threshold="176" text="will not keep us abreast of the" ubs="-735" ubx="0" uby="1296">
      <word id="b06-100-02-00" tag="MD" text="will">
        <cmp x="358" y="1293" width="76" height="37" />
        <cmp x="434" y="1296" width="14" height="46" />
        <cmp x="460" y="1275" width="3" height="8" />
        <cmp x="461" y="1268" width="8" height="5" />
        <cmp x="465" y="1269" width="21" height="58" />
        <cmp x="471" y="1270" width="5" height="4" />
        <cmp x="487" y="1271" width="17" height="61" />
      </word>
      <word id="b06-100-02-01" tag="XNOT" text="not">
        <cmp x="621" y="1312" width="45" height="22" />
        <cmp x="628" y="1308" width="3" height="4" />
        <cmp x="632" y="1309" width="5" height="3" />
        <cmp x="677" y="1297" width="50" height="38" />
        <cmp x="730" y="1279" width="29" height="56" />
      </word>
      <word id="b06-100-02-02" tag="VB" text="keep">
        <cmp x="884" y="1292" width="42" height="49" />
        <cmp x="927" y="1300" width="107" height="36" />
        <cmp x="1027" y="1311" width="63" height="54" />
      </word>
      <word id="b06-100-02-03" tag="PP1OS" text="us">
        <cmp x="1144" y="1314" width="55" height="29" />
        <cmp x="1201" y="1337" width="15" height="7" />
        <cmp x="1214" y="1308" width="26" height="38" />
      </word>
      <word id="b06-100-02-04" tag="RB" text="abreast">
        <cmp x="1335" y="1302" width="52" height="45" />
        <cmp x="1388" y="1292" width="46" height="48" />
        <cmp x="1439" y="1320" width="25" height="24" />
        <cmp x="1465" y="1308" width="116" height="50" />
        <cmp x="1584" y="1340" width="15" height="17" />
        <cmp x="1599" y="1325" width="23" height="34" />
        <cmp x="1631" y="1297" width="39" height="57" />
      </word>
      <word id="b06-100-02-05" tag="INO" text="of">
        <cmp x="1760" y="1297" width="92" height="75" />
      </word>
      <word id="b06-100-02-06" tag="ATI" text="the">
        <cmp x="1901" y="1288" width="41" height="47" />
        <cmp x="1944" y="1292" width="41" height="49" />
        <cmp x="2001" y="1299" width="40" height="45" />
      </word>
      <upper-contour>
        <point x="356" y="1202" />
        <point x="2042" y="1202" />
      </upper-contour>
      <lower-contour>
        <point x="356" y="1373" />
        <point x="2042" y="1373" />
      </lower-contour>
    </line>
    <line ass="-402" asx="0" asy="1431" character-width="999" dss="-402" dsx="0" dsy="1535" fd0="13291" fd1="3068" fd2="-1111" filter-width="4" id="b06-100-03" lbs="-411" lbx="0" lby="1503" segmentation="ok" slant="89000" stroke-width="5729" threshold="175" text="scientific revolution. Out of the 550,000" ubs="-385" ubx="0" uby="1476">
      <word id="b06-100-03-00" tag="JJ" text="scientific">
        <cmp x="340" y="1461" width="110" height="55" />
        <cmp x="442" y="1455" width="14" height="13" />
        <cmp x="464" y="1460" width="104" height="52" />
        <cmp x="563" y="1445" width="49" height="65" />
        <cmp x="600" y="1437" width="9" height="11" />
        <cmp x="618" y="1441" width="39" height="85" />
        <cmp x="661" y="1474" width="7" height="31" />
        <cmp x="669" y="1448" width="8" height="15" />
        <cmp x="681" y="1471" width="47" height="34" />
      </word>
      <word id="b06-100-03-01" tag="NN" text="revolution">
        <cmp x="842" y="1467" width="91" height="48" />
        <cmp x="933" y="1478" width="51" height="43" />
        <cmp x="966" y="1454" width="139" height="66" />
        <cmp x="1099" y="1453" width="38" height="70" />
        <cmp x="1136" y="1462" width="10" height="23" />
        <cmp x="1147" y="1494" width="76" height="30" />
        <cmp x="1159" y="1483" width="19" height="29" />
      </word>
      <word id="b06-100-03-02" tag="." text=".">
        <cmp x="1277" y="1509" width="19" height="6" />
      </word>
      <word id="b06-100-03-03" sentence-start="yes" tag="RP" text="Out">
        <cmp x="1405" y="1464" width="111" height="54" />
        <cmp x="1527" y="1459" width="25" height="54" />
      </word>
      <word id="b06-100-03-04" tag="INO" text="of">
        <cmp x="1616" y="1491" width="43" height="48" />
        <cmp x="1662" y="1471" width="40" height="76" />
        <cmp x="1687" y="1493" width="5" height="7" />
      </word>
      <word id="b06-100-03-05" tag="ATI" text="the">
        <cmp x="1747" y="1471" width="85" height="64" />
        <cmp x="1833" y="1482" width="49" height="51" />
      </word>
      <word id="b06-100-03-06" tag="CD" text="550,000">
        <cmp x="1989" y="1462" width="129" height="60" />
        <cmp x="2127" y="1459" width="9" height="15" />
        <cmp x="2127" y="1462" width="152" height="58" />
      </word>
      <upper-contour>
        <point x="356" y="1373" />
        <point x="2042" y="1373" />
      </upper-contour>
      <lower-contour>
        <point x="338" y="1548" />
        <point x="2035" y="1548" />
      </lower-contour>
    </line>
    <line ass="520" asx="0" asy="1641" character-width="999" dss="520" dsx="0" dsy="1755" fd0="13423" fd1="2717" fd2="-714" filter-width="4" id="b06-100-04" lbs="510" lbx="0" lby="1707" segmentation="ok" slant="72000" stroke-width="5864" threshold="172" text="young people aged 15-17 starting" ubs="540" ubx="0" uby="1683">
      <word id="b06-100-04-00" tag="JJ" text="young">
        <cmp x="335" y="1657" width="172" height="87" />
        <cmp x="518" y="1672" width="39" height="18" />
        <cmp x="543" y="1669" width="57" height="67" />
      </word>
      <word id="b06-100-04-01" tag="NNS" text="people">
        <cmp x="712" y="1658" width="210" height="78" />
        <cmp x="947" y="1633" width="11" height="57" />
        <cmp x="954" y="1654" width="49" height="39" />
      </word>
      <word id="b06-100-04-02" tag="JJ" text="aged">
        <cmp x="1107" y="1654" width="59" height="55" />
        <cmp x="1148" y="1678" width="56" height="60" />
        <cmp x="1204" y="1656" width="108" height="52" />
      </word>
      <word id="b06-100-04-03" tag="CD-CD" text="15-17">
        <cmp x="1398" y="1656" width="59" height="51" />
        <cmp x="1448" y="1657" width="54" height="57" />
        <cmp x="1512" y="1680" width="26" height="8" />
        <cmp x="1572" y="1654" width="45" height="52" />
        <cmp x="1632" y="1647" width="45" height="45" />
      </word>
      <word id="b06-100-04-04" tag="VBG" text="starting">
        <cmp x="1716" y="1653" width="57" height="45" />
        <cmp x="1772" y="1633" width="162" height="75" />
        <cmp x="1939" y="1655" width="7" height="20" />
        <cmp x="1950" y="1685" width="30" height="15" />
        <cmp x="1992" y="1686" width="42" height="51" />
      </word>
      <upper-contour>
        <point x="338" y="1548" />
        <point x="2035" y="1548" />
      </upper-contour>
      <lower-contour>
        <point x="338" y="1738" />
        <point x="2035" y="1738" />
      </lower-contour>
    </line>
    <line ass="-678" asx="0" asy="1789" character-width="999" dss="-678" dsx="0" dsy="1892" fd0="13643" fd1="2906" fd2="-392" filter-width="4" id="b06-100-05" lbs="-674" lbx="0" lby="1861" segmentation="err" slant="66999" stroke-width="5905" threshold="174" text="work in 1960 420000 (73 per cent)" ubs="-685" ubx="0" uby="1830">
      <word id="b06-100-05-00" tag="NN" text="work">
        <cmp x="340" y="1815" width="83" height="51" />
        <cmp x="416" y="1832" width="81" height="33" />
        <cmp x="500" y="1808" width="39" height="53" />
      </word>
      <word id="b06-100-05-01" tag="IN" text="in">
        <cmp x="651" y="1849" width="13" height="27" />
        <cmp x="661" y="1829" width="11" height="17" />
        <cmp x="689" y="1845" width="35" height="29" />
      </word>
      <word id="b06-100-05-02" tag="CD" text="1960">
        <cmp x="798" y="1814" width="62" height="60" />
        <cmp x="847" y="1823" width="52" height="49" />
      </word>
      <word id="b06-100-05-03" tag="CD" text="420000">
        <cmp x="897" y="1818" width="95" height="62" />
        <cmp x="1084" y="1836" width="63" height="48" />
        <cmp x="1159" y="1835" width="99" height="49" />
        <cmp x="1249" y="1838" width="168" height="45" />
      </word>
      <word id="b06-100-05-04" tag="(" text="(">
        <cmp x="1443" y="1831" width="34" height="75" />
      </word>
      <word id="b06-100-05-05" tag="CD" text="73">
        <cmp x="1547" y="1834" width="54" height="50" />
        <cmp x="1608" y="1832" width="47" height="53" />
      </word>
      <word id="b06-100-05-06" tag="NNU21" text="per">
        <cmp x="1681" y="1852" width="58" height="61" />
        <cmp x="1748" y="1853" width="90" height="38" />
      </word>
      <word id="b06-100-05-07" tag="NNU22" text="cent">
        <cmp x="1889" y="1854" width="41" height="35" />
        <cmp x="1944" y="1846" width="125" height="40" />
        <cmp x="2077" y="1836" width="35" height="47" />
      </word>
      <word id="b06-100-05-08" tag=")" text=")">
        <cmp x="2145" y="1815" width="19" height="103" />
      </word>
      <upper-contour>
        <point x="338" y="1738" />
        <point x="2035" y="1738" />
      </upper-contour>
      <lower-contour>
        <point x="338" y="1920" />
        <point x="2150" y="1920" />
      </lower-contour>
    </line>
    <line ass="-476" asx="0" asy="1980" character-width="999" dss="-476" dsx="0" dsy="2083" fd0="13526" fd1="2879" fd2="-582" filter-width="4" id="b06-100-06" lbs="-409" lbx="0" lby="2049" segmentation="ok" slant="75000" stroke-width="5837" threshold="173" text="went into unskilled work. The per-" ubs="-609" ubx="0" uby="2013">
      <word id="b06-100-06-00" tag="VBD" text="went">
        <cmp x="333" y="2006" width="175" height="54" />
        <cmp x="509" y="1994" width="24" height="43" />
      </word>
      <word id="b06-100-06-01" tag="IN" text="into">
        <cmp x="672" y="2017" width="10" height="35" />
        <cmp x="682" y="1991" width="13" height="31" />
        <cmp x="700" y="2025" width="42" height="29" />
        <cmp x="751" y="1991" width="64" height="58" />
      </word>
      <word id="b06-100-06-02" tag="JJ" text="unskilled">
        <cmp x="906" y="2020" width="154" height="50" />
        <cmp x="1057" y="2031" width="5" height="9" />
        <cmp x="1067" y="2007" width="42" height="48" />
        <cmp x="1117" y="2022" width="14" height="33" />
        <cmp x="1136" y="1994" width="7" height="8" />
        <cmp x="1136" y="1994" width="18" height="55" />
        <cmp x="1154" y="1995" width="13" height="51" />
        <cmp x="1159" y="1998" width="139" height="72" />
      </word>
      <word id="b06-100-06-03" tag="NN" text="work">
        <cmp x="1398" y="2026" width="89" height="36" />
        <cmp x="1485" y="2014" width="109" height="47" />
      </word>
      <word id="b06-100-06-04" tag="." text=".">
        <cmp x="1638" y="2041" width="8" height="7" />
      </word>
      <word id="b06-100-06-05" sentence-start="yes" tag="ATI" text="The">
        <cmp x="1716" y="1994" width="110" height="74" />
        <cmp x="1831" y="2020" width="43" height="44" />
      </word>
      <word id="b06-100-06-06" tag="NN-" text="per-">
        <cmp x="1910" y="2033" width="70" height="67" />
        <cmp x="1983" y="2033" width="91" height="39" />
        <cmp x="2117" y="2049" width="32" height="8" />
      </word>
      <upper-contour>
        <point x="338" y="1920" />
        <point x="2150" y="1920" />
      </upper-contour>
      <lower-contour>
        <point x="331" y="2101" />
        <point x="2123" y="2101" />
      </lower-contour>
    </line>
    <line ass="-605" asx="0" asy="2156" character-width="999" dss="-605" dsx="0" dsy="2257" fd0="13416" fd1="2752" fd2="-1005" filter-width="4" id="b06-100-07" lbs="-671" lbx="0" lby="2218" segmentation="ok" slant="83000" stroke-width="5869" threshold="171" text="centage is expected to swell to 80" ubs="-473" ubx="0" uby="2197">
      <word id="b06-100-07-00" tag="-NN" text="centage">
        <cmp x="332" y="2180" width="42" height="44" />
        <cmp x="374" y="2180" width="114" height="43" />
        <cmp x="385" y="2187" width="45" height="24" />
        <cmp x="491" y="2164" width="68" height="64" />
        <cmp x="561" y="2190" width="93" height="74" />
      </word>
      <word id="b06-100-07-01" tag="BEZ" text="is">
        <cmp x="786" y="2206" width="9" height="23" />
        <cmp x="792" y="2166" width="15" height="15" />
        <cmp x="808" y="2211" width="39" height="16" />
        <cmp x="828" y="2190" width="32" height="35" />
      </word>
      <word id="b06-100-07-02" tag="VBN" text="expected">
        <cmp x="912" y="2187" width="59" height="42" />
        <cmp x="978" y="2207" width="52" height="24" />
        <cmp x="1019" y="2206" width="69" height="53" />
        <cmp x="1094" y="2197" width="47" height="35" />
        <cmp x="1154" y="2212" width="59" height="34" />
        <cmp x="1210" y="2189" width="136" height="52" />
      </word>
      <word id="b06-100-07-03" tag="TO" text="to">
        <cmp x="1415" y="2185" width="69" height="54" />
      </word>
      <word id="b06-100-07-04" tag="VB" text="swell">
        <cmp x="1574" y="2222" width="28" height="20" />
        <cmp x="1587" y="2204" width="34" height="39" />
        <cmp x="1641" y="2183" width="163" height="60" />
        <cmp x="1802" y="2180" width="20" height="49" />
      </word>
      <word id="b06-100-07-05" tag="IN" text="to">
        <cmp x="1884" y="2181" width="29" height="47" />
        <cmp x="1919" y="2197" width="40" height="34" />
      </word>
      <word id="b06-100-07-06" tag="CD" text="80">
        <cmp x="2011" y="2191" width="111" height="59" />
      </word>
      <upper-contour>
        <point x="331" y="2101" />
        <point x="2123" y="2101" />
      </upper-contour>
      <lower-contour>
        <point x="330" y="2263" />
        <point x="1988" y="2263" />
      </lower-contour>
    </line>
    <line ass="-668" asx="0" asy="2334" character-width="999" dss="-668" dsx="0" dsy="2429" fd0="13588" fd1="2817" fd2="-540" filter-width="4" id="b06-100-08" lbs="-609" lbx="0" lby="2400" segmentation="ok" slant="77000" stroke-width="5834" threshold="171" text="next year. The Duke, possibly" ubs="-786" ubx="0" uby="2368">
      <word id="b06-100-08-00" tag="AP" text="next">
        <cmp x="328" y="2378" width="53" height="42" />
        <cmp x="382" y="2366" width="131" height="46" />
        <cmp x="498" y="2358" width="39" height="43" />
      </word>
      <word id="b06-100-08-01" tag="NN" text="year">
        <cmp x="663" y="2369" width="229" height="69" />
      </word>
      <word id="b06-100-08-02" tag="." text=".">
        <cmp x="906" y="2400" width="11" height="10" />
      </word>
      <word id="b06-100-08-03" sentence-start="yes" tag="ATI" text="The">
        <cmp x="982" y="2350" width="130" height="59" />
        <cmp x="1008" y="2371" width="21" height="51" />
        <cmp x="1122" y="2367" width="50" height="51" />
      </word>
      <word id="b06-100-08-04" tag="NPT" text="Duke">
        <cmp x="1296" y="2350" width="120" height="68" />
        <cmp x="1296" y="2378" width="61" height="38" />
        <cmp x="1428" y="2359" width="89" height="72" />
      </word>
      <word id="b06-100-08-05" tag="," text=",">
        <cmp x="1573" y="2401" width="12" height="30" />
      </word>
      <word id="b06-100-08-06" tag="RB" text="possibly">
        <cmp x="1639" y="2387" width="70" height="55" />
        <cmp x="1710" y="2382" width="131" height="44" />
        <cmp x="1845" y="2394" width="11" height="27" />
        <cmp x="1857" y="2363" width="49" height="58" />
        <cmp x="1908" y="2361" width="17" height="53" />
        <cmp x="1933" y="2397" width="20" height="12" />
        <cmp x="1967" y="2402" width="20" height="29" />
      </word>
      <upper-contour>
        <point x="330" y="2263" />
        <point x="1988" y="2263" />
      </upper-contour>
      <lower-contour>
        <point x="326" y="2442" />
        <point x="1988" y="2442" />
      </lower-contour>
    </line>
    <line ass="-644" asx="0" asy="2519" character-width="999" dss="-644" dsx="0" dsy="2619" fd0="13387" fd1="2648" fd2="-1051" filter-width="4" id="b06-100-09" lbs="-602" lbx="0" lby="2579" segmentation="ok" slant="82000" stroke-width="5962" threshold="171" text="speaking from experience, stated:" ubs="-728" ubx="0" uby="2552">
      <word id="b06-100-09-00" tag="VBG" text="speaking">
        <cmp x="325" y="2556" width="47" height="33" />
        <cmp x="366" y="2554" width="64" height="71" />
        <cmp x="428" y="2549" width="55" height="45" />
        <cmp x="479" y="2554" width="71" height="37" />
        <cmp x="556" y="2534" width="68" height="56" />
        <cmp x="628" y="2540" width="9" height="25" />
        <cmp x="639" y="2565" width="32" height="18" />
        <cmp x="650" y="2562" width="57" height="58" />
      </word>
      <word id="b06-100-09-01" tag="IN" text="from">
        <cmp x="775" y="2528" width="225" height="93" />
      </word>
      <word id="b06-100-09-02" tag="NN" text="experience">
        <cmp x="1101" y="2552" width="124" height="44" />
        <cmp x="1215" y="2567" width="56" height="55" />
        <cmp x="1269" y="2566" width="81" height="39" />
        <cmp x="1369" y="2576" width="10" height="29" />
        <cmp x="1372" y="2558" width="7" height="6" />
        <cmp x="1387" y="2562" width="137" height="42" />
        <cmp x="1530" y="2556" width="39" height="43" />
      </word>
      <word id="b06-100-09-03" tag="," text=",">
        <cmp x="1640" y="2586" width="13" height="26" />
      </word>
      <word id="b06-100-09-04" tag="VBD" text="stated">
        <cmp x="1678" y="2542" width="140" height="64" />
        <cmp x="1825" y="2547" width="19" height="51" />
        <cmp x="1847" y="2546" width="109" height="59" />
      </word>
      <word id="b06-100-09-05" tag=":" text=":">
        <cmp x="2012" y="2570" width="12" height="10" />
        <cmp x="2012" y="2592" width="6" height="5" />
      </word>
      <upper-contour>
        <point x="326" y="2442" />
        <point x="1988" y="2442" />
      </upper-contour>
    </line>
  </handwritten-part>
</form>

