<?xml version="1.0" encoding="ISO-8859-1"?>

<!DOCTYPE form SYSTEM 'http://www.iam.unibe.ch/~fki/iamdb/form-metadata.dtd'>

<form created="2002-01-15" height="3542" id="b06-045" last-modified="2002-07-17" skew="222" status="final" version="3.0_beta" width="2479" writer-id="132">
  <machine-printed-part>
    <machine-print-line text="For many years my union had to present its views to the two major conferences of" />
    <machine-print-line text="the movement and take a licking. For us, unity meant accepting unpalatable majority" />
    <machine-print-line text="decisions as binding on the movement and having a go next time. Alongside many" />
    <machine-print-line text="others, we conducted our fight by putting down unambiguous alternatives to official" />
    <machine-print-line text="policy and seeking to win majorities for them." />
  </machine-printed-part>
  <handwritten-part>
    <line ass="-189" asx="0" asy="676" character-width="999" dss="-189" dsx="0" dsy="868" fd0="14781" fd1="2995" fd2="-724" filter-width="3" id="b06-045-00" lbs="-85" lbx="0" lby="779" segmentation="ok" slant="55000" stroke-width="5511" threshold="173" text="For many years my union had to present its views" ubs="-399" ubx="0" uby="741">
      <word id="b06-045-00-00" sentence-start="yes" tag="IN" text="For">
        <cmp x="317" y="706" width="118" height="93" />
        <cmp x="371" y="743" width="85" height="49" />
      </word>
      <word id="b06-045-00-01" tag="AP" text="many">
        <cmp x="467" y="747" width="62" height="46" />
        <cmp x="514" y="750" width="112" height="121" />
      </word>
      <word id="b06-045-00-02" tag="NNS" text="years">
        <cmp x="629" y="734" width="102" height="128" />
        <cmp x="704" y="740" width="60" height="46" />
        <cmp x="747" y="745" width="107" height="40" />
      </word>
      <word id="b06-045-00-03" tag="PP$" text="my">
        <cmp x="857" y="741" width="110" height="123" />
      </word>
      <word id="b06-045-00-04" tag="NN" text="union">
        <cmp x="998" y="735" width="166" height="58" />
        <cmp x="1142" y="694" width="6" height="10" />
        <cmp x="1155" y="751" width="34" height="41" />
      </word>
      <word id="b06-045-00-05" tag="HVD" text="had">
        <cmp x="1227" y="697" width="59" height="94" />
        <cmp x="1262" y="716" width="102" height="74" />
      </word>
      <word id="b06-045-00-06" tag="TO" text="to">
        <cmp x="1367" y="697" width="69" height="98" />
      </word>
      <word id="b06-045-00-07" tag="VB" text="present">
        <cmp x="1443" y="744" width="135" height="89" />
        <cmp x="1569" y="746" width="77" height="38" />
        <cmp x="1639" y="698" width="90" height="93" />
      </word>
      <word id="b06-045-00-08" tag="PP$" text="its">
        <cmp x="1734" y="683" width="134" height="107" />
        <cmp x="1813" y="688" width="6" height="15" />
      </word>
      <word id="b06-045-00-09" tag="NNS" text="views">
        <cmp x="1883" y="731" width="174" height="61" />
        <cmp x="1974" y="684" width="10" height="26" />
      </word>
      <lower-contour>
        <point x="356" y="792" />
        <point x="545" y="870" />
        <point x="665" y="866" />
        <point x="1205" y="833" />
        <point x="2058" y="833" />
      </lower-contour>
    </line>
    <line ass="170" asx="0" asy="862" character-width="999" dss="170" dsx="0" dsy="1037" fd0="13984" fd1="2317" fd2="-1553" filter-width="3" id="b06-045-01" lbs="310" lbx="0" lby="971" segmentation="ok" slant="57000" stroke-width="5536" threshold="175" text="to the two major conferences of the movement and" ubs="-109" ubx="0" uby="927">
      <word id="b06-045-01-00" tag="IN" text="to">
        <cmp x="358" y="861" width="74" height="110" />
      </word>
      <word id="b06-045-01-01" tag="ATI" text="the">
        <cmp x="467" y="883" width="81" height="90" />
      </word>
      <word id="b06-045-01-02" tag="CD" text="two">
        <cmp x="599" y="872" width="131" height="114" />
      </word>
      <word id="b06-045-01-03" tag="JJ" text="major">
        <cmp x="775" y="924" width="66" height="50" />
        <cmp x="824" y="929" width="77" height="107" />
        <cmp x="891" y="926" width="92" height="48" />
        <cmp x="908" y="878" width="10" height="25" />
      </word>
      <word id="b06-045-01-04" tag="NNS" text="conferences">
        <cmp x="1004" y="863" width="361" height="163" />
      </word>
      <word id="b06-045-01-05" tag="INO" text="of">
        <cmp x="1400" y="866" width="131" height="145" />
      </word>
      <word id="b06-045-01-06" tag="ATI" text="the">
        <cmp x="1529" y="862" width="106" height="105" />
      </word>
      <word id="b06-045-01-07" tag="NN" text="movement">
        <cmp x="1658" y="877" width="371" height="98" />
      </word>
      <word id="b06-045-01-08" tag="CC" text="and">
        <cmp x="2021" y="922" width="82" height="51" />
        <cmp x="2094" y="897" width="76" height="85" />
      </word>
      <upper-contour>
        <point x="356" y="792" />
        <point x="545" y="870" />
        <point x="665" y="866" />
        <point x="1205" y="833" />
        <point x="2058" y="833" />
      </upper-contour>
      <lower-contour>
        <point x="356" y="1035" />
        <point x="2040" y="1035" />
      </lower-contour>
    </line>
    <line ass="-94" asx="0" asy="1042" character-width="999" dss="-94" dsx="0" dsy="1226" fd0="14521" fd1="2033" fd2="-1390" filter-width="3" id="b06-045-02" lbs="-133" lbx="0" lby="1126" segmentation="ok" slant="55000" stroke-width="5536" threshold="174" text="take a licking. For us, unity meant accepting" ubs="-16" ubx="0" uby="1096">
      <word id="b06-045-02-00" tag="VB" text="take">
        <cmp x="357" y="1047" width="64" height="107" />
        <cmp x="384" y="1046" width="131" height="103" />
      </word>
      <word id="b06-045-02-01" tag="AT" text="a">
        <cmp x="563" y="1097" width="52" height="54" />
      </word>
      <word id="b06-045-02-02" tag="NN" text="licking">
        <cmp x="646" y="1044" width="140" height="103" />
        <cmp x="712" y="1068" width="4" height="8" />
        <cmp x="714" y="1061" width="4" height="6" />
        <cmp x="718" y="1115" width="4" height="4" />
        <cmp x="760" y="1107" width="95" height="106" />
        <cmp x="769" y="1105" width="49" height="38" />
        <cmp x="787" y="1066" width="12" height="22" />
      </word>
      <word id="b06-045-02-03" tag="." text=".">
        <cmp x="881" y="1120" width="13" height="20" />
      </word>
      <word id="b06-045-02-04" sentence-start="yes" tag="IN" text="For">
        <cmp x="932" y="1079" width="71" height="66" />
        <cmp x="934" y="1064" width="118" height="12" />
        <cmp x="996" y="1101" width="92" height="50" />
      </word>
      <word id="b06-045-02-05" tag="PP1OS" text="us">
        <cmp x="1108" y="1103" width="63" height="47" />
        <cmp x="1168" y="1110" width="30" height="31" />
      </word>
      <word id="b06-045-02-06" tag="," text=",">
        <cmp x="1183" y="1128" width="41" height="49" />
      </word>
      <word id="b06-045-02-07" tag="NN" text="unity">
        <cmp x="1255" y="1097" width="134" height="52" />
        <cmp x="1345" y="1052" width="111" height="178" />
        <cmp x="1388" y="1059" width="10" height="9" />
      </word>
      <word id="b06-045-02-08" tag="VBD" text="meant">
        <cmp x="1493" y="1045" width="226" height="98" />
      </word>
      <word id="b06-045-02-09" tag="VBG" text="accepting">
        <cmp x="1723" y="1090" width="192" height="86" />
        <cmp x="1911" y="1094" width="128" height="136" />
        <cmp x="1914" y="1047" width="58" height="97" />
        <cmp x="1952" y="1100" width="48" height="33" />
        <cmp x="1973" y="1060" width="7" height="22" />
      </word>
      <upper-contour>
        <point x="356" y="1035" />
        <point x="2040" y="1035" />
      </upper-contour>
      <lower-contour>
        <point x="355" y="1212" />
        <point x="1344" y="1230" />
        <point x="1732" y="1229" />
        <point x="1929" y="1232" />
        <point x="2040" y="1232" />
      </lower-contour>
    </line>
    <line ass="989" asx="0" asy="1239" character-width="999" dss="989" dsx="0" dsy="1437" fd0="14672" fd1="2012" fd2="-1772" filter-width="3" id="b06-045-03" lbs="939" lbx="0" lby="1334" segmentation="ok" slant="55000" stroke-width="5468" threshold="175" text="unpalatable majority decisions as binding on the" ubs="1091" ubx="0" uby="1307">
      <word id="b06-045-03-00" tag="JJ" text="unpalatable">
        <cmp x="346" y="1267" width="88" height="64" />
        <cmp x="408" y="1236" width="379" height="136" />
      </word>
      <word id="b06-045-03-01" tag="NN" text="majority">
        <cmp x="835" y="1280" width="67" height="54" />
        <cmp x="871" y="1281" width="89" height="116" />
        <cmp x="953" y="1274" width="95" height="50" />
        <cmp x="964" y="1224" width="21" height="37" />
        <cmp x="1018" y="1232" width="90" height="188" />
        <cmp x="1042" y="1247" width="18" height="9" />
      </word>
      <word id="b06-045-03-02" tag="NNS" text="decisions">
        <cmp x="1160" y="1236" width="95" height="97" />
        <cmp x="1240" y="1282" width="67" height="43" />
        <cmp x="1283" y="1274" width="77" height="60" />
        <cmp x="1307" y="1248" width="6" height="14" />
        <cmp x="1345" y="1282" width="34" height="53" />
        <cmp x="1367" y="1282" width="116" height="47" />
        <cmp x="1380" y="1238" width="6" height="22" />
      </word>
      <word id="b06-045-03-03" tag="CS" text="as">
        <cmp x="1512" y="1265" width="88" height="53" />
      </word>
      <word id="b06-045-03-04" tag="JJ" text="binding">
        <cmp x="1634" y="1230" width="147" height="103" />
        <cmp x="1752" y="1229" width="6" height="18" />
        <cmp x="1770" y="1240" width="112" height="82" />
        <cmp x="1813" y="1277" width="110" height="129" />
        <cmp x="1870" y="1233" width="8" height="24" />
      </word>
      <word id="b06-045-03-05" tag="IN" text="on">
        <cmp x="1947" y="1272" width="100" height="53" />
        <cmp x="1991" y="1280" width="3" height="3" />
      </word>
      <word id="b06-045-03-06" tag="ATI" text="the">
        <cmp x="2055" y="1224" width="83" height="97" />
        <cmp x="2091" y="1275" width="60" height="45" />
      </word>
      <upper-contour>
        <point x="355" y="1212" />
        <point x="1344" y="1230" />
        <point x="1732" y="1229" />
        <point x="1929" y="1232" />
        <point x="2040" y="1232" />
      </upper-contour>
      <lower-contour>
        <point x="344" y="1397" />
        <point x="1018" y="1421" />
        <point x="1050" y="1369" />
        <point x="1813" y="1409" />
        <point x="2110" y="1409" />
      </lower-contour>
    </line>
    <line ass="323" asx="0" asy="1404" character-width="999" dss="323" dsx="0" dsy="1606" fd0="14860" fd1="2775" fd2="-1085" filter-width="3" id="b06-045-04" lbs="300" lbx="0" lby="1509" segmentation="ok" slant="56000" stroke-width="5436" threshold="175" text="movement and having a go next time. Alongside" ubs="368" ubx="0" uby="1476">
      <word id="b06-045-04-00" tag="NN" text="movement">
        <cmp x="330" y="1410" width="352" height="105" />
      </word>
      <word id="b06-045-04-01" tag="CC" text="and">
        <cmp x="687" y="1455" width="95" height="63" />
        <cmp x="767" y="1438" width="78" height="76" />
      </word>
      <word id="b06-045-04-02" tag="HVG" text="having">
        <cmp x="861" y="1408" width="71" height="107" />
        <cmp x="902" y="1455" width="207" height="147" />
        <cmp x="950" y="1590" width="25" height="10" />
        <cmp x="1050" y="1414" width="6" height="17" />
      </word>
      <word id="b06-045-04-03" tag="AT" text="a">
        <cmp x="1160" y="1450" width="52" height="58" />
      </word>
      <word id="b06-045-04-04" tag="NN" text="go">
        <cmp x="1188" y="1453" width="100" height="108" />
        <cmp x="1283" y="1461" width="47" height="39" />
      </word>
      <word id="b06-045-04-05" tag="AP" text="next">
        <cmp x="1355" y="1396" width="192" height="112" />
      </word>
      <word id="b06-045-04-06" tag="NN" text="time">
        <cmp x="1555" y="1397" width="70" height="112" />
        <cmp x="1599" y="1454" width="94" height="46" />
        <cmp x="1632" y="1409" width="5" height="15" />
      </word>
      <word id="b06-045-04-07" tag="." text=".">
        <cmp x="1721" y="1483" width="7" height="11" />
      </word>
      <word id="b06-045-04-08" sentence-start="yes" tag="IN" text="Alongside">
        <cmp x="1761" y="1409" width="123" height="100" />
        <cmp x="1854" y="1456" width="74" height="42" />
        <cmp x="1891" y="1421" width="218" height="127" />
        <cmp x="2028" y="1412" width="9" height="22" />
      </word>
      <upper-contour>
        <point x="344" y="1397" />
        <point x="1018" y="1421" />
        <point x="1050" y="1369" />
        <point x="1813" y="1409" />
        <point x="2110" y="1409" />
      </upper-contour>
      <lower-contour>
        <point x="337" y="1517" />
        <point x="950" y="1602" />
        <point x="1297" y="1550" />
        <point x="2110" y="1550" />
      </lower-contour>
    </line>
    <line ass="-596" asx="0" asy="1545" character-width="999" dss="-596" dsx="0" dsy="1757" fd0="14902" fd1="2162" fd2="-1897" filter-width="3" id="b06-045-05" lbs="-929" lbx="0" lby="1674" segmentation="ok" slant="51000" stroke-width="5601" threshold="171" text="many others, we conducted our fight by putting" ubs="70" ubx="0" uby="1651">
      <word id="b06-045-05-00" tag="AP" text="many">
        <cmp x="339" y="1634" width="185" height="128" />
      </word>
      <word id="b06-045-05-01" tag="APS" text="others">
        <cmp x="568" y="1593" width="206" height="103" />
      </word>
      <word id="b06-045-05-02" tag="," text=",">
        <cmp x="748" y="1667" width="54" height="65" />
      </word>
      <word id="b06-045-05-03" tag="PP1AS" text="we">
        <cmp x="826" y="1637" width="52" height="49" />
        <cmp x="879" y="1633" width="58" height="51" />
      </word>
      <word id="b06-045-05-04" tag="VBD" text="conducted">
        <cmp x="973" y="1642" width="129" height="55" />
        <cmp x="1095" y="1591" width="215" height="101" />
        <cmp x="1285" y="1618" width="87" height="77" />
      </word>
      <word id="b06-045-05-05" tag="PP$" text="our">
        <cmp x="1379" y="1640" width="146" height="48" />
      </word>
      <word id="b06-045-05-06" tag="NN" text="fight">
        <cmp x="1510" y="1561" width="169" height="184" />
        <cmp x="1554" y="1644" width="91" height="101" />
        <cmp x="1605" y="1625" width="10" height="15" />
        <cmp x="1642" y="1593" width="113" height="91" />
      </word>
      <word id="b06-045-05-07" tag="IN" text="by">
        <cmp x="1763" y="1572" width="127" height="185" />
      </word>
      <word id="b06-045-05-08" tag="VBG" text="putting">
        <cmp x="1865" y="1643" width="125" height="82" />
        <cmp x="1988" y="1580" width="113" height="110" />
        <cmp x="2034" y="1644" width="117" height="103" />
        <cmp x="2068" y="1643" width="50" height="36" />
        <cmp x="2091" y="1597" width="8" height="20" />
      </word>
      <upper-contour>
        <point x="337" y="1517" />
        <point x="950" y="1602" />
        <point x="1297" y="1550" />
        <point x="2110" y="1550" />
      </upper-contour>
      <lower-contour>
        <point x="344" y="1761" />
        <point x="2112" y="1761" />
      </lower-contour>
    </line>
    <line ass="208" asx="0" asy="1775" character-width="999" dss="208" dsx="0" dsy="1927" fd0="14607" fd1="1852" fd2="-2378" filter-width="3" id="b06-045-06" lbs="346" lbx="0" lby="1872" segmentation="ok" slant="50000" stroke-width="5419" threshold="174" text="down # unambiguous alternatives to" ubs="-67" ubx="0" uby="1823">
      <word id="b06-045-06-00" tag="RP" text="down">
        <cmp x="346" y="1776" width="137" height="99" />
        <cmp x="465" y="1820" width="90" height="48" />
      </word>
      <word id="b06-045-06-01" tag="&amp;GA" text="#">
        <cmp x="598" y="1770" width="229" height="105" />
      </word>
      <word id="b06-045-06-02" tag="JJ" text="unambiguous">
        <cmp x="849" y="1810" width="99" height="63" />
        <cmp x="941" y="1775" width="189" height="98" />
        <cmp x="1087" y="1824" width="51" height="47" />
        <cmp x="1089" y="1819" width="108" height="106" />
        <cmp x="1164" y="1780" width="12" height="23" />
        <cmp x="1191" y="1812" width="54" height="53" />
        <cmp x="1238" y="1822" width="76" height="43" />
        <cmp x="1303" y="1826" width="27" height="35" />
        <cmp x="1328" y="1833" width="46" height="31" />
      </word>
      <word id="b06-045-06-03" tag="NNS" text="alternatives">
        <cmp x="1448" y="1770" width="252" height="104" />
        <cmp x="1689" y="1777" width="149" height="89" />
        <cmp x="1830" y="1819" width="31" height="47" />
        <cmp x="1844" y="1772" width="7" height="19" />
        <cmp x="1859" y="1820" width="104" height="54" />
      </word>
      <word id="b06-045-06-04" tag="IN" text="to">
        <cmp x="2009" y="1772" width="92" height="94" />
        <cmp x="2078" y="1813" width="33" height="41" />
      </word>
      <upper-contour>
        <point x="344" y="1761" />
        <point x="2112" y="1761" />
      </upper-contour>
      <lower-contour>
        <point x="352" y="1925" />
        <point x="2112" y="1925" />
      </lower-contour>
    </line>
    <line ass="527" asx="0" asy="1945" character-width="999" dss="527" dsx="0" dsy="2146" fd0="14592" fd1="2205" fd2="-1590" filter-width="3" id="b06-045-07" lbs="469" lbx="0" lby="2042" segmentation="ok" slant="55000" stroke-width="5537" threshold="174" text="official policy and seeking to win majorities" ubs="644" ubx="0" uby="2010">
      <word id="b06-045-07-00" tag="JJ" text="official">
        <cmp x="354" y="1941" width="145" height="170" />
        <cmp x="489" y="1995" width="75" height="52" />
        <cmp x="502" y="1952" width="12" height="25" />
        <cmp x="554" y="1954" width="139" height="96" />
        <cmp x="573" y="1956" width="8" height="23" />
      </word>
      <word id="b06-045-07-01" tag="NN" text="policy">
        <cmp x="695" y="1962" width="178" height="130" />
        <cmp x="873" y="1990" width="98" height="114" />
        <cmp x="883" y="1953" width="6" height="16" />
      </word>
      <word id="b06-045-07-02" tag="CC" text="and">
        <cmp x="998" y="1989" width="96" height="58" />
        <cmp x="1083" y="1957" width="92" height="90" />
      </word>
      <word id="b06-045-07-03" tag="VBG" text="seeking">
        <cmp x="1184" y="1936" width="281" height="112" />
        <cmp x="1382" y="1989" width="133" height="139" />
        <cmp x="1432" y="1941" width="9" height="19" />
      </word>
      <word id="b06-045-07-04" tag="TO" text="to">
        <cmp x="1561" y="1931" width="89" height="126" />
      </word>
      <word id="b06-045-07-05" tag="VB" text="win">
        <cmp x="1661" y="1998" width="115" height="44" />
        <cmp x="1756" y="1945" width="7" height="18" />
      </word>
      <word id="b06-045-07-06" tag="NNS" text="majorities">
        <cmp x="1799" y="1992" width="81" height="60" />
        <cmp x="1845" y="1999" width="190" height="131" />
        <cmp x="1967" y="1941" width="13" height="39" />
        <cmp x="2030" y="1944" width="117" height="109" />
        <cmp x="2039" y="1945" width="5" height="17" />
        <cmp x="2112" y="1949" width="14" height="26" />
      </word>
      <upper-contour>
        <point x="352" y="1925" />
        <point x="2112" y="1925" />
      </upper-contour>
      <lower-contour>
        <point x="352" y="2110" />
        <point x="1342" y="2037" />
        <point x="1379" y="2037" />
      </lower-contour>
    </line>
    <line ass="6749" asx="0" asy="2157" character-width="999" dss="6749" dsx="0" dsy="2299" fd0="14654" fd1="3179" fd2="-699" filter-width="3" id="b06-045-08" lbs="7536" lbx="0" lby="2297" segmentation="err" slant="54000" stroke-width="5393" threshold="175" text="for them." ubs="5175" ubx="0" uby="2234">
      <word id="b06-045-08-00" tag="IN" text="for">
        <cmp x="342" y="2118" width="155" height="143" />
      </word>
      <word id="b06-045-08-01" tag="PP3OS" text="them">
        <cmp x="548" y="2117" width="156" height="102" />
        <cmp x="726" y="2192" width="9" height="11" />
      </word>
      <word id="b06-045-08-02" tag="." text=".">
        <cmp x="1342" y="2110" width="36" height="13" />
      </word>
      <upper-contour>
        <point x="352" y="2110" />
        <point x="1342" y="2037" />
        <point x="1379" y="2037" />
      </upper-contour>
    </line>
  </handwritten-part>
</form>

