<?xml version="1.0" encoding="ISO-8859-1"?>

<!DOCTYPE form SYSTEM 'http://www.iam.unibe.ch/~fki/iamdb/form-metadata.dtd'>

<form created="2002-01-15" height="3542" id="b06-079" last-modified="2002-07-17" skew="63" status="final" version="3.0_beta" width="2479" writer-id="130">
  <machine-printed-part>
    <machine-print-line text="It is impossible for Labour&apos;s new Defence statement to unite the movement as the" />
    <machine-print-line text="Labour leaders are not only in favour of American bases, but are in favour of German" />
    <machine-print-line text="bases and troops being trained on British soil. The new Defence statement, while" />
    <machine-print-line text="accepting that Britain cannot remain an independent nuclear Power, now supports the" />
    <machine-print-line text="policy of depending on American nuclear weapons and the H-bomb, placing Britain" />
    <machine-print-line text="in an even more dangerous position." />
  </machine-printed-part>
  <handwritten-part>
    <line ass="-65" asx="0" asy="695" character-width="999" dss="-65" dsx="0" dsy="822" fd0="14464" fd1="2647" fd2="-654" filter-width="4" id="b06-079-00" lbs="43" lbx="0" lby="790" segmentation="ok" slant="48000" stroke-width="5879" threshold="182" text="It is impossible for Labour&apos;s new Defence state-" ubs="-284" ubx="0" uby="758">
      <word id="b06-079-00-00" sentence-start="yes" tag="PP3" text="It">
        <cmp x="344" y="700" width="100" height="92" />
      </word>
      <word id="b06-079-00-01" tag="BEZ" text="is">
        <cmp x="490" y="754" width="46" height="36" />
        <cmp x="525" y="698" width="7" height="7" />
      </word>
      <word id="b06-079-00-02" tag="JJ" text="impossible">
        <cmp x="638" y="705" width="293" height="106" />
        <cmp x="682" y="713" width="4" height="7" />
        <cmp x="851" y="707" width="5" height="9" />
      </word>
      <word id="b06-079-00-03" tag="IN" text="for">
        <cmp x="1054" y="697" width="132" height="113" />
      </word>
      <word id="b06-079-00-04" tag="NN$" text="Labour&apos;s">
        <cmp x="1245" y="709" width="233" height="88" />
        <cmp x="1504" y="724" width="21" height="31" />
        <cmp x="1509" y="759" width="23" height="35" />
      </word>
      <word id="b06-079-00-05" tag="JJ" text="new">
        <cmp x="1588" y="759" width="125" height="41" />
      </word>
      <word id="b06-079-00-06" tag="NN" text="Defence">
        <cmp x="1737" y="734" width="62" height="67" />
        <cmp x="1738" y="699" width="176" height="126" />
        <cmp x="1911" y="769" width="62" height="26" />
      </word>
      <word id="b06-079-00-07" tag="NN-" text="state-">
        <cmp x="2021" y="708" width="168" height="91" />
        <cmp x="2172" y="783" width="40" height="7" />
      </word>
      <lower-contour>
        <point x="342" y="825" />
        <point x="2124" y="825" />
      </lower-contour>
    </line>
    <line ass="-500" asx="0" asy="856" character-width="999" dss="-500" dsx="0" dsy="981" fd0="14284" fd1="2352" fd2="-876" filter-width="4" id="b06-079-01" lbs="-605" lbx="0" lby="955" segmentation="ok" slant="53000" stroke-width="6088" threshold="182" text="ment to unite the movement as the Labour" ubs="-292" ubx="0" uby="939">
      <word id="b06-079-01-00" tag="-NN" text="ment">
        <cmp x="342" y="892" width="140" height="94" />
      </word>
      <word id="b06-079-01-01" tag="TO" text="to">
        <cmp x="537" y="870" width="94" height="98" />
      </word>
      <word id="b06-079-01-02" tag="VB" text="unite">
        <cmp x="739" y="864" width="168" height="109" />
        <cmp x="832" y="892" width="5" height="6" />
      </word>
      <word id="b06-079-01-03" tag="ATI" text="the">
        <cmp x="992" y="876" width="112" height="82" />
      </word>
      <word id="b06-079-01-04" tag="NN" text="movement">
        <cmp x="1165" y="898" width="310" height="78" />
      </word>
      <word id="b06-079-01-05" tag="CS" text="as">
        <cmp x="1533" y="939" width="60" height="39" />
      </word>
      <word id="b06-079-01-06" tag="ATI" text="the">
        <cmp x="1663" y="896" width="119" height="78" />
      </word>
      <word id="b06-079-01-07" tag="NN" text="Labour">
        <cmp x="1847" y="876" width="276" height="114" />
      </word>
      <upper-contour>
        <point x="342" y="825" />
        <point x="2124" y="825" />
      </upper-contour>
      <lower-contour>
        <point x="340" y="990" />
        <point x="2124" y="990" />
      </lower-contour>
    </line>
    <line ass="-347" asx="0" asy="1048" character-width="999" dss="-347" dsx="0" dsy="1190" fd0="14548" fd1="2662" fd2="-669" filter-width="4" id="b06-079-02" lbs="-372" lbx="0" lby="1142" segmentation="ok" slant="51000" stroke-width="5893" threshold="182" text="leaders are not only in favour of American" ubs="-298" ubx="0" uby="1121">
      <word id="b06-079-02-00" tag="NNS" text="leaders">
        <cmp x="336" y="1051" width="114" height="101" />
        <cmp x="442" y="1069" width="120" height="79" />
      </word>
      <word id="b06-079-02-01" tag="BER" text="are">
        <cmp x="643" y="1110" width="103" height="33" />
      </word>
      <word id="b06-079-02-02" tag="XNOT" text="not">
        <cmp x="833" y="1070" width="145" height="82" />
      </word>
      <word id="b06-079-02-03" tag="RB" text="only">
        <cmp x="1019" y="1077" width="130" height="121" />
      </word>
      <word id="b06-079-02-04" tag="IN" text="in">
        <cmp x="1222" y="1122" width="52" height="36" />
        <cmp x="1250" y="1091" width="7" height="5" />
      </word>
      <word id="b06-079-02-05" tag="NN" text="favour">
        <cmp x="1352" y="1060" width="234" height="108" />
      </word>
      <word id="b06-079-02-06" tag="INO" text="of">
        <cmp x="1637" y="1069" width="106" height="119" />
      </word>
      <word id="b06-079-02-07" tag="JNP" text="American">
        <cmp x="1807" y="1073" width="205" height="83" />
        <cmp x="2006" y="1123" width="123" height="29" />
        <cmp x="2028" y="1079" width="5" height="6" />
      </word>
      <upper-contour>
        <point x="340" y="990" />
        <point x="2124" y="990" />
      </upper-contour>
      <lower-contour>
        <point x="339" y="1199" />
        <point x="2130" y="1199" />
      </lower-contour>
    </line>
    <line ass="81" asx="0" asy="1236" character-width="999" dss="81" dsx="0" dsy="1360" fd0="14355" fd1="2481" fd2="-863" filter-width="3" id="b06-079-03" lbs="210" lbx="0" lby="1332" segmentation="ok" slant="51000" stroke-width="5694" threshold="182" text="bases, but are in favour of German bases and" ubs="-175" ubx="0" uby="1299">
      <word id="b06-079-03-00" tag="NNS" text="bases">
        <cmp x="341" y="1236" width="72" height="87" />
        <cmp x="392" y="1293" width="103" height="45" />
      </word>
      <word id="b06-079-03-01" tag="," text=",">
        <cmp x="499" y="1323" width="16" height="29" />
      </word>
      <word id="b06-079-03-02" tag="CC" text="but">
        <cmp x="589" y="1245" width="137" height="84" />
      </word>
      <word id="b06-079-03-03" tag="BER" text="are">
        <cmp x="793" y="1293" width="95" height="40" />
      </word>
      <word id="b06-079-03-04" tag="IN" text="in">
        <cmp x="943" y="1301" width="49" height="30" />
        <cmp x="971" y="1252" width="5" height="6" />
      </word>
      <word id="b06-079-03-05" tag="NN" text="favour">
        <cmp x="1063" y="1244" width="242" height="107" />
      </word>
      <word id="b06-079-03-06" tag="INO" text="of">
        <cmp x="1340" y="1244" width="108" height="105" />
      </word>
      <word id="b06-079-03-07" tag="JNP" text="German">
        <cmp x="1466" y="1249" width="218" height="110" />
      </word>
      <word id="b06-079-03-08" tag="NNS" text="bases">
        <cmp x="1746" y="1249" width="175" height="77" />
      </word>
      <word id="b06-079-03-09" tag="CC" text="and">
        <cmp x="1964" y="1302" width="81" height="26" />
        <cmp x="2039" y="1246" width="99" height="87" />
      </word>
      <upper-contour>
        <point x="339" y="1199" />
        <point x="2130" y="1199" />
      </upper-contour>
      <lower-contour>
        <point x="339" y="1359" />
        <point x="2139" y="1359" />
      </lower-contour>
    </line>
    <line ass="18" asx="0" asy="1405" character-width="999" dss="18" dsx="0" dsy="1552" fd0="14768" fd1="2777" fd2="-533" filter-width="3" id="b06-079-04" lbs="82" lbx="0" lby="1507" segmentation="ok" slant="48000" stroke-width="5636" threshold="182" text="troops being trained on British soil. The new" ubs="-110" ubx="0" uby="1480">
      <word id="b06-079-04-00" tag="NNS" text="troops">
        <cmp x="334" y="1413" width="159" height="114" />
        <cmp x="470" y="1477" width="43" height="30" />
      </word>
      <word id="b06-079-04-01" tag="BEG" text="being">
        <cmp x="615" y="1418" width="145" height="91" />
        <cmp x="719" y="1444" width="4" height="7" />
        <cmp x="737" y="1486" width="45" height="66" />
      </word>
      <word id="b06-079-04-02" tag="VBN" text="trained">
        <cmp x="853" y="1412" width="194" height="108" />
        <cmp x="999" y="1420" width="5" height="7" />
        <cmp x="1043" y="1432" width="86" height="88" />
      </word>
      <word id="b06-079-04-03" tag="IN" text="on">
        <cmp x="1167" y="1490" width="68" height="31" />
      </word>
      <word id="b06-079-04-04" tag="JNP" text="British">
        <cmp x="1344" y="1405" width="102" height="115" />
        <cmp x="1398" y="1407" width="151" height="104" />
        <cmp x="1490" y="1429" width="123" height="80" />
        <cmp x="1559" y="1421" width="4" height="5" />
      </word>
      <word id="b06-079-04-05" tag="NN" text="soil">
        <cmp x="1672" y="1470" width="34" height="41" />
        <cmp x="1697" y="1426" width="131" height="79" />
        <cmp x="1756" y="1439" width="4" height="5" />
      </word>
      <word id="b06-079-04-06" tag="." text=".">
        <cmp x="1794" y="1505" width="4" height="5" />
      </word>
      <word id="b06-079-04-07" sentence-start="yes" tag="ATI" text="The">
        <cmp x="1883" y="1443" width="74" height="69" />
        <cmp x="1920" y="1417" width="89" height="20" />
        <cmp x="1932" y="1431" width="75" height="82" />
      </word>
      <word id="b06-079-04-08" tag="JJ" text="new">
        <cmp x="2032" y="1490" width="125" height="36" />
      </word>
      <upper-contour>
        <point x="339" y="1359" />
        <point x="2139" y="1359" />
      </upper-contour>
      <lower-contour>
        <point x="341" y="1552" />
        <point x="2158" y="1552" />
      </lower-contour>
    </line>
    <line ass="-635" asx="0" asy="1570" character-width="999" dss="-635" dsx="0" dsy="1715" fd0="14820" fd1="2621" fd2="-1099" filter-width="4" id="b06-079-05" lbs="-661" lbx="0" lby="1664" segmentation="ok" slant="45000" stroke-width="5822" threshold="182" text="Defence statement, while accepting that Britain can-" ubs="-584" ubx="0" uby="1644">
      <word id="b06-079-05-00" tag="NN" text="Defence">
        <cmp x="343" y="1592" width="51" height="83" />
        <cmp x="350" y="1575" width="68" height="121" />
        <cmp x="387" y="1605" width="143" height="101" />
      </word>
      <word id="b06-079-05-01" tag="NN" text="statement">
        <cmp x="566" y="1583" width="161" height="98" />
        <cmp x="716" y="1599" width="135" height="80" />
      </word>
      <word id="b06-079-05-02" tag="," text=",">
        <cmp x="839" y="1679" width="18" height="20" />
      </word>
      <word id="b06-079-05-03" tag="CS" text="while">
        <cmp x="939" y="1599" width="111" height="79" />
        <cmp x="1016" y="1606" width="97" height="76" />
        <cmp x="1057" y="1609" width="9" height="8" />
      </word>
      <word id="b06-079-05-04" tag="VBG" text="accepting">
        <cmp x="1183" y="1597" width="256" height="104" />
        <cmp x="1409" y="1665" width="62" height="67" />
        <cmp x="1421" y="1622" width="5" height="9" />
      </word>
      <word id="b06-079-05-05" tag="CS" text="that">
        <cmp x="1525" y="1589" width="196" height="102" />
        <cmp x="1622" y="1672" width="7" height="6" />
      </word>
      <word id="b06-079-05-06" tag="NP" text="Britain">
        <cmp x="1747" y="1611" width="85" height="83" />
        <cmp x="1803" y="1607" width="182" height="91" />
        <cmp x="1875" y="1620" width="5" height="9" />
        <cmp x="1959" y="1639" width="4" height="4" />
      </word>
      <word id="b06-079-05-07" tag="CNOT-" text="can-">
        <cmp x="2038" y="1656" width="103" height="39" />
        <cmp x="2153" y="1683" width="21" height="7" />
      </word>
      <upper-contour>
        <point x="341" y="1552" />
        <point x="2158" y="1552" />
      </upper-contour>
      <lower-contour>
        <point x="347" y="1732" />
        <point x="2063" y="1732" />
      </lower-contour>
    </line>
    <line ass="-232" asx="0" asy="1758" character-width="999" dss="-232" dsx="0" dsy="1894" fd0="14294" fd1="2522" fd2="-569" filter-width="4" id="b06-079-06" lbs="-188" lbx="0" lby="1863" segmentation="ok" slant="48000" stroke-width="5925" threshold="182" text="not remain an independent nuclear Power, now" ubs="-320" ubx="0" uby="1833">
      <word id="b06-079-06-00" tag="-CNOT" text="not">
        <cmp x="349" y="1776" width="125" height="87" />
      </word>
      <word id="b06-079-06-01" tag="VB" text="remain">
        <cmp x="564" y="1825" width="62" height="37" />
        <cmp x="611" y="1836" width="133" height="36" />
        <cmp x="711" y="1806" width="4" height="5" />
      </word>
      <word id="b06-079-06-02" tag="AT" text="an">
        <cmp x="792" y="1836" width="83" height="39" />
      </word>
      <word id="b06-079-06-03" tag="JJ" text="independent">
        <cmp x="976" y="1798" width="132" height="71" />
        <cmp x="1018" y="1788" width="4" height="8" />
        <cmp x="1083" y="1844" width="105" height="45" />
        <cmp x="1195" y="1793" width="157" height="79" />
      </word>
      <word id="b06-079-06-04" tag="JJ" text="nuclear">
        <cmp x="1437" y="1777" width="216" height="93" />
      </word>
      <word id="b06-079-06-05" tag="NN" text="Power">
        <cmp x="1692" y="1789" width="76" height="74" />
        <cmp x="1736" y="1841" width="134" height="26" />
        <cmp x="1742" y="1766" width="59" height="57" />
      </word>
      <word id="b06-079-06-06" tag="," text=",">
        <cmp x="1847" y="1884" width="22" height="18" />
      </word>
      <word id="b06-079-06-07" tag="RN" text="now">
        <cmp x="1921" y="1849" width="141" height="35" />
      </word>
      <upper-contour>
        <point x="347" y="1732" />
        <point x="2063" y="1732" />
      </upper-contour>
      <lower-contour>
        <point x="347" y="1902" />
        <point x="2063" y="1902" />
      </lower-contour>
    </line>
    <line ass="48" asx="0" asy="1961" character-width="999" dss="48" dsx="0" dsy="2095" fd0="14466" fd1="2618" fd2="-711" filter-width="4" id="b06-079-07" lbs="97" lbx="0" lby="2047" segmentation="ok" slant="45000" stroke-width="5911" threshold="182" text="supports the policy of depending on American" ubs="-50" ubx="0" uby="2014">
      <word id="b06-079-07-00" tag="VBZ" text="supports">
        <cmp x="338" y="1961" width="271" height="100" />
      </word>
      <word id="b06-079-07-01" tag="ATI" text="the">
        <cmp x="649" y="1961" width="134" height="89" />
      </word>
      <word id="b06-079-07-02" tag="NN" text="policy">
        <cmp x="870" y="1967" width="147" height="92" />
        <cmp x="1013" y="2014" width="64" height="72" />
        <cmp x="1036" y="1968" width="4" height="6" />
      </word>
      <word id="b06-079-07-03" tag="INO" text="of">
        <cmp x="1161" y="1970" width="99" height="93" />
      </word>
      <word id="b06-079-07-04" tag="VBG" text="depending">
        <cmp x="1357" y="1961" width="163" height="108" />
        <cmp x="1521" y="1977" width="116" height="118" />
        <cmp x="1612" y="1988" width="4" height="9" />
      </word>
      <word id="b06-079-07-05" tag="IN" text="on">
        <cmp x="1712" y="2019" width="86" height="25" />
      </word>
      <word id="b06-079-07-06" tag="JNP" text="American">
        <cmp x="1864" y="1974" width="180" height="76" />
        <cmp x="2040" y="2031" width="20" height="23" />
        <cmp x="2060" y="2026" width="9" height="14" />
        <cmp x="2062" y="1980" width="6" height="13" />
        <cmp x="2070" y="2021" width="68" height="43" />
      </word>
      <upper-contour>
        <point x="347" y="1902" />
        <point x="2063" y="1902" />
      </upper-contour>
      <lower-contour>
        <point x="347" y="2095" />
        <point x="1976" y="2095" />
      </lower-contour>
    </line>
    <line ass="27" asx="0" asy="2142" character-width="999" dss="27" dsx="0" dsy="2290" fd0="14519" fd1="2377" fd2="-938" filter-width="4" id="b06-079-08" lbs="63" lbx="0" lby="2219" segmentation="ok" slant="43999" stroke-width="5842" threshold="182" text="nuclear weapons and the H-bomb, placing" ubs="-44" ubx="0" uby="2199">
      <word id="b06-079-08-00" tag="JJ" text="nuclear">
        <cmp x="349" y="2143" width="210" height="91" />
      </word>
      <word id="b06-079-08-01" tag="NNS" text="weapons">
        <cmp x="625" y="2183" width="206" height="62" />
      </word>
      <word id="b06-079-08-02" tag="CC" text="and">
        <cmp x="907" y="2182" width="85" height="44" />
        <cmp x="983" y="2162" width="77" height="70" />
        <cmp x="997" y="2207" width="12" height="11" />
      </word>
      <word id="b06-079-08-03" tag="ATI" text="the">
        <cmp x="1124" y="2142" width="130" height="76" />
      </word>
      <word id="b06-079-08-04" tag="NN" text="H-bomb">
        <cmp x="1310" y="2148" width="110" height="82" />
        <cmp x="1402" y="2194" width="38" height="7" />
        <cmp x="1472" y="2205" width="7" height="6" />
        <cmp x="1481" y="2142" width="188" height="84" />
      </word>
      <word id="b06-079-08-05" tag="," text=",">
        <cmp x="1622" y="2233" width="28" height="25" />
      </word>
      <word id="b06-079-08-06" tag="VBG" text="placing">
        <cmp x="1711" y="2166" width="126" height="92" />
        <cmp x="1788" y="2204" width="181" height="87" />
        <cmp x="1881" y="2170" width="5" height="5" />
      </word>
      <upper-contour>
        <point x="347" y="2095" />
        <point x="1976" y="2095" />
      </upper-contour>
      <lower-contour>
        <point x="362" y="2292" />
        <point x="1976" y="2292" />
      </lower-contour>
    </line>
    <line ass="-1629" asx="0" asy="2283" character-width="999" dss="-1629" dsx="0" dsy="2403" fd0="14298" fd1="2880" fd2="-537" filter-width="4" id="b06-079-09" lbs="-1385" lbx="0" lby="2372" segmentation="ok" slant="31000" stroke-width="5730" threshold="182" text="Britain in an even more dangerous position." ubs="-2117" ubx="0" uby="2337">
      <word id="b06-079-09-00" tag="NP" text="Britain">
        <cmp x="364" y="2313" width="59" height="72" />
        <cmp x="408" y="2352" width="55" height="23" />
        <cmp x="461" y="2310" width="105" height="80" />
        <cmp x="483" y="2301" width="6" height="10" />
        <cmp x="534" y="2321" width="5" height="6" />
      </word>
      <word id="b06-079-09-01" tag="IN" text="in">
        <cmp x="675" y="2349" width="54" height="43" />
        <cmp x="720" y="2324" width="5" height="5" />
      </word>
      <word id="b06-079-09-02" tag="AT" text="an">
        <cmp x="791" y="2370" width="81" height="34" />
      </word>
      <word id="b06-079-09-03" tag="RB" text="even">
        <cmp x="984" y="2366" width="130" height="50" />
      </word>
      <word id="b06-079-09-04" tag="QL" text="more">
        <cmp x="1202" y="2384" width="126" height="33" />
      </word>
      <word id="b06-079-09-05" tag="JJ" text="dangerous">
        <cmp x="1411" y="2339" width="99" height="79" />
        <cmp x="1454" y="2385" width="76" height="35" />
        <cmp x="1508" y="2387" width="113" height="60" />
        <cmp x="1646" y="2383" width="96" height="30" />
      </word>
      <word id="b06-079-09-06" tag="NN" text="position">
        <cmp x="1783" y="2338" width="227" height="100" />
        <cmp x="1945" y="2354" width="8" height="20" />
        <cmp x="1990" y="2392" width="90" height="25" />
        <cmp x="2021" y="2341" width="12" height="17" />
      </word>
      <word id="b06-079-09-07" tag="." text=".">
        <cmp x="2093" y="2422" width="5" height="6" />
      </word>
      <upper-contour>
        <point x="362" y="2292" />
        <point x="1976" y="2292" />
      </upper-contour>
    </line>
  </handwritten-part>
</form>

