<?xml version="1.0" encoding="ISO-8859-1"?>

<!DOCTYPE form SYSTEM 'http://www.iam.unibe.ch/~fki/iamdb/form-metadata.dtd'>

<form created="2002-01-15" height="3542" id="b06-036" last-modified="2002-07-17" skew="318" status="final" version="3.0_beta" width="2479" writer-id="126">
  <machine-printed-part>
    <machine-print-line text="Now the argument is being used that Nato must be maintained and Britain must stay" />
    <machine-print-line text="in it to keep the Germans in control. Nato, far from being a means of controlling" />
    <machine-print-line text="the German militarists, is, in fact, the cover for building up their power. What must" />
    <machine-print-line text="Britain do? Today, again, she has a key role. Let her tell men like Strauss that he" />
    <machine-print-line text="shall have no bases or &amp;quot;facilities,&amp;quot; no help in his quest for atomic arms." />
  </machine-printed-part>
  <handwritten-part>
    <line ass="416" asx="0" asy="712" character-width="999" dss="416" dsx="0" dsy="858" fd0="13014" fd1="2215" fd2="-1789" filter-width="4" id="b06-036-00" lbs="278" lbx="0" lby="778" segmentation="ok" slant="90000" stroke-width="5864" threshold="176" text="Now the argument is being used that Nato must be maintained" ubs="693" ubx="0" uby="753">
      <word id="b06-036-00-00" sentence-start="yes" tag="RN" text="Now">
        <cmp x="364" y="732" width="101" height="50" />
      </word>
      <word id="b06-036-00-01" tag="ATI" text="the">
        <cmp x="487" y="722" width="33" height="62" />
        <cmp x="519" y="719" width="14" height="59" />
        <cmp x="536" y="750" width="45" height="34" />
      </word>
      <word id="b06-036-00-02" tag="NN" text="argument">
        <cmp x="603" y="745" width="45" height="45" />
        <cmp x="613" y="752" width="4" height="5" />
        <cmp x="639" y="744" width="12" height="18" />
        <cmp x="659" y="753" width="35" height="86" />
        <cmp x="691" y="750" width="30" height="40" />
        <cmp x="692" y="749" width="7" height="6" />
        <cmp x="725" y="740" width="104" height="50" />
        <cmp x="822" y="706" width="37" height="71" />
      </word>
      <word id="b06-036-00-03" tag="BEZ" text="is">
        <cmp x="905" y="745" width="34" height="34" />
        <cmp x="906" y="718" width="7" height="16" />
        <cmp x="930" y="748" width="4" height="7" />
      </word>
      <word id="b06-036-00-04" tag="BEG" text="being">
        <cmp x="960" y="719" width="76" height="60" />
        <cmp x="1021" y="709" width="11" height="22" />
        <cmp x="1042" y="741" width="64" height="111" />
      </word>
      <word id="b06-036-00-05" tag="VBN" text="used">
        <cmp x="1146" y="722" width="99" height="66" />
      </word>
      <word id="b06-036-00-06" tag="CS" text="that">
        <cmp x="1279" y="707" width="113" height="78" />
      </word>
      <word id="b06-036-00-07" tag="NP" text="Nato">
        <cmp x="1437" y="712" width="43" height="65" />
        <cmp x="1482" y="737" width="40" height="42" />
        <cmp x="1520" y="708" width="64" height="64" />
      </word>
      <word id="b06-036-00-08" tag="MD" text="must">
        <cmp x="1627" y="738" width="42" height="37" />
        <cmp x="1668" y="738" width="4" height="7" />
        <cmp x="1672" y="728" width="60" height="45" />
        <cmp x="1722" y="708" width="34" height="57" />
        <cmp x="1729" y="702" width="13" height="4" />
      </word>
      <word id="b06-036-00-09" tag="BE" text="be">
        <cmp x="1789" y="705" width="63" height="66" />
      </word>
      <word id="b06-036-00-10" tag="VBN" text="maintained">
        <cmp x="1893" y="736" width="10" height="34" />
        <cmp x="1904" y="734" width="33" height="38" />
        <cmp x="1935" y="704" width="79" height="72" />
        <cmp x="1950" y="701" width="8" height="13" />
        <cmp x="2011" y="726" width="53" height="44" />
        <cmp x="2051" y="703" width="7" height="12" />
        <cmp x="2070" y="727" width="53" height="49" />
        <cmp x="2122" y="701" width="47" height="72" />
      </word>
      <lower-contour>
        <point x="362" y="852" />
        <point x="2089" y="852" />
      </lower-contour>
    </line>
    <line ass="340" asx="0" asy="887" character-width="999" dss="340" dsx="0" dsy="1023" fd0="13302" fd1="2823" fd2="-1074" filter-width="4" id="b06-036-01" lbs="302" lbx="0" lby="959" segmentation="ok" slant="90000" stroke-width="5919" threshold="174" text="and Britain must stay in it to keep the Germans in" ubs="416" ubx="0" uby="929">
      <word id="b06-036-01-00" tag="CC" text="and">
        <cmp x="359" y="892" width="108" height="75" />
      </word>
      <word id="b06-036-01-01" tag="NP" text="Britain">
        <cmp x="498" y="885" width="118" height="78" />
        <cmp x="568" y="895" width="5" height="10" />
        <cmp x="609" y="917" width="58" height="40" />
        <cmp x="646" y="894" width="10" height="17" />
        <cmp x="677" y="916" width="41" height="45" />
      </word>
      <word id="b06-036-01-02" tag="MD" text="must">
        <cmp x="760" y="917" width="108" height="48" />
        <cmp x="856" y="885" width="49" height="77" />
      </word>
      <word id="b06-036-01-03" tag="VB" text="stay">
        <cmp x="951" y="921" width="32" height="45" />
        <cmp x="976" y="881" width="107" height="137" />
      </word>
      <word id="b06-036-01-04" tag="IN" text="in">
        <cmp x="1123" y="905" width="6" height="13" />
        <cmp x="1125" y="932" width="9" height="30" />
        <cmp x="1140" y="930" width="41" height="36" />
      </word>
      <word id="b06-036-01-05" tag="PP3" text="it">
        <cmp x="1201" y="895" width="7" height="9" />
        <cmp x="1201" y="927" width="5" height="4" />
        <cmp x="1202" y="932" width="11" height="32" />
        <cmp x="1208" y="894" width="29" height="69" />
      </word>
      <word id="b06-036-01-06" tag="TO" text="to">
        <cmp x="1274" y="891" width="39" height="65" />
        <cmp x="1305" y="923" width="38" height="30" />
      </word>
      <word id="b06-036-01-07" tag="VB" text="keep">
        <cmp x="1375" y="885" width="35" height="75" />
        <cmp x="1405" y="918" width="100" height="58" />
      </word>
      <word id="b06-036-01-08" tag="ATI" text="the">
        <cmp x="1530" y="883" width="108" height="69" />
        <cmp x="1551" y="883" width="7" height="6" />
        <cmp x="1569" y="880" width="7" height="4" />
      </word>
      <word id="b06-036-01-09" tag="NNPS" text="Germans">
        <cmp x="1698" y="894" width="99" height="69" />
        <cmp x="1797" y="917" width="54" height="38" />
        <cmp x="1855" y="913" width="87" height="44" />
        <cmp x="1860" y="910" width="27" height="37" />
        <cmp x="1952" y="912" width="28" height="44" />
      </word>
      <word id="b06-036-01-10" tag="IN" text="in">
        <cmp x="2013" y="889" width="12" height="16" />
        <cmp x="2022" y="922" width="8" height="26" />
        <cmp x="2032" y="912" width="56" height="37" />
      </word>
      <upper-contour>
        <point x="362" y="852" />
        <point x="2089" y="852" />
      </upper-contour>
      <lower-contour>
        <point x="365" y="1017" />
        <point x="2089" y="1017" />
      </lower-contour>
    </line>
    <line ass="938" asx="0" asy="1071" character-width="999" dss="938" dsx="0" dsy="1229" fd0="12903" fd1="2646" fd2="-1091" filter-width="4" id="b06-036-02" lbs="886" lbx="0" lby="1157" segmentation="ok" slant="91000" stroke-width="5793" threshold="175" text="control. Nato, far from being a means of controlling" ubs="1043" ubx="0" uby="1122">
      <word id="b06-036-02-00" tag="NN" text="control">
        <cmp x="367" y="1107" width="62" height="41" />
        <cmp x="377" y="1103" width="15" height="8" />
        <cmp x="430" y="1108" width="15" height="33" />
        <cmp x="446" y="1076" width="52" height="68" />
        <cmp x="507" y="1109" width="62" height="26" />
        <cmp x="574" y="1068" width="13" height="82" />
      </word>
      <word id="b06-036-02-01" tag="." text=".">
        <cmp x="599" y="1138" width="9" height="11" />
      </word>
      <word id="b06-036-02-02" sentence-start="yes" tag="NP" text="Nato">
        <cmp x="651" y="1074" width="145" height="78" />
      </word>
      <word id="b06-036-02-03" tag="," text=",">
        <cmp x="808" y="1134" width="10" height="55" />
      </word>
      <word id="b06-036-02-04" tag="RB" text="far">
        <cmp x="853" y="1058" width="37" height="112" />
        <cmp x="879" y="1078" width="5" height="5" />
        <cmp x="883" y="1098" width="61" height="44" />
      </word>
      <word id="b06-036-02-05" tag="IN" text="from">
        <cmp x="985" y="1060" width="43" height="106" />
        <cmp x="1025" y="1100" width="46" height="34" />
        <cmp x="1072" y="1096" width="71" height="35" />
      </word>
      <word id="b06-036-02-06" tag="BEG" text="being">
        <cmp x="1195" y="1071" width="87" height="71" />
        <cmp x="1271" y="1070" width="7" height="20" />
        <cmp x="1286" y="1095" width="70" height="107" />
      </word>
      <word id="b06-036-02-07" tag="AT" text="a">
        <cmp x="1395" y="1097" width="40" height="46" />
      </word>
      <word id="b06-036-02-08" tag="NN" text="means">
        <cmp x="1480" y="1105" width="10" height="32" />
        <cmp x="1489" y="1098" width="39" height="38" />
        <cmp x="1533" y="1096" width="28" height="42" />
        <cmp x="1558" y="1089" width="109" height="48" />
      </word>
      <word id="b06-036-02-09" tag="INO" text="of">
        <cmp x="1704" y="1054" width="68" height="116" />
      </word>
      <word id="b06-036-02-10" tag="VBG" text="controlling">
        <cmp x="1802" y="1093" width="61" height="42" />
        <cmp x="1865" y="1093" width="31" height="32" />
        <cmp x="1886" y="1063" width="38" height="62" />
        <cmp x="1930" y="1088" width="51" height="36" />
        <cmp x="1981" y="1060" width="9" height="55" />
        <cmp x="1988" y="1057" width="13" height="68" />
        <cmp x="2009" y="1091" width="9" height="29" />
        <cmp x="2015" y="1059" width="7" height="8" />
        <cmp x="2026" y="1082" width="74" height="115" />
        <cmp x="2079" y="1153" width="5" height="4" />
      </word>
      <upper-contour>
        <point x="365" y="1017" />
        <point x="2089" y="1017" />
      </upper-contour>
      <lower-contour>
        <point x="365" y="1202" />
        <point x="1993" y="1202" />
      </lower-contour>
    </line>
    <line ass="495" asx="0" asy="1230" character-width="999" dss="495" dsx="0" dsy="1376" fd0="13161" fd1="2987" fd2="-858" filter-width="3" id="b06-036-03" lbs="422" lbx="0" lby="1324" segmentation="ok" slant="90000" stroke-width="5620" threshold="177" text="the German militarists, is, in fact, the cover for" ubs="641" ubx="0" uby="1292">
      <word id="b06-036-03-00" tag="ATI" text="the">
        <cmp x="364" y="1252" width="35" height="76" />
        <cmp x="398" y="1257" width="79" height="70" />
      </word>
      <word id="b06-036-03-01" tag="JNP" text="German">
        <cmp x="507" y="1262" width="31" height="71" />
        <cmp x="527" y="1288" width="71" height="42" />
        <cmp x="589" y="1284" width="12" height="28" />
        <cmp x="606" y="1289" width="92" height="40" />
        <cmp x="661" y="1295" width="3" height="3" />
        <cmp x="698" y="1287" width="42" height="37" />
      </word>
      <word id="b06-036-03-02" tag="NNS" text="militarists">
        <cmp x="778" y="1289" width="39" height="36" />
        <cmp x="816" y="1284" width="21" height="36" />
        <cmp x="829" y="1251" width="12" height="12" />
        <cmp x="836" y="1283" width="14" height="37" />
        <cmp x="860" y="1260" width="7" height="63" />
        <cmp x="873" y="1282" width="14" height="37" />
        <cmp x="877" y="1253" width="10" height="10" />
        <cmp x="887" y="1252" width="31" height="65" />
        <cmp x="916" y="1278" width="47" height="45" />
        <cmp x="963" y="1237" width="91" height="75" />
        <cmp x="974" y="1244" width="6" height="12" />
        <cmp x="1028" y="1232" width="14" height="4" />
        <cmp x="1040" y="1267" width="50" height="52" />
      </word>
      <word id="b06-036-03-03" tag="," text=",">
        <cmp x="1105" y="1311" width="17" height="43" />
      </word>
      <word id="b06-036-03-04" tag="BEZ" text="is">
        <cmp x="1152" y="1236" width="11" height="23" />
        <cmp x="1166" y="1276" width="8" height="40" />
        <cmp x="1177" y="1271" width="33" height="50" />
      </word>
      <word id="b06-036-03-05" tag="," text=",">
        <cmp x="1220" y="1314" width="14" height="38" />
      </word>
      <word id="b06-036-03-06" tag="IN" text="in">
        <cmp x="1289" y="1255" width="6" height="12" />
        <cmp x="1294" y="1274" width="9" height="38" />
        <cmp x="1309" y="1280" width="36" height="39" />
      </word>
      <word id="b06-036-03-07" tag="NN" text="fact">
        <cmp x="1354" y="1227" width="47" height="116" />
        <cmp x="1391" y="1275" width="40" height="39" />
        <cmp x="1434" y="1226" width="57" height="85" />
      </word>
      <word id="b06-036-03-08" tag="," text=",">
        <cmp x="1492" y="1308" width="16" height="57" />
      </word>
      <word id="b06-036-03-09" tag="ATI" text="the">
        <cmp x="1548" y="1245" width="111" height="68" />
        <cmp x="1594" y="1243" width="4" height="4" />
      </word>
      <word id="b06-036-03-10" tag="NN" text="cover">
        <cmp x="1711" y="1270" width="15" height="35" />
        <cmp x="1724" y="1275" width="45" height="32" />
        <cmp x="1769" y="1270" width="24" height="43" />
        <cmp x="1786" y="1256" width="76" height="58" />
      </word>
      <word id="b06-036-03-11" tag="IN" text="for">
        <cmp x="1899" y="1215" width="44" height="121" />
        <cmp x="1949" y="1262" width="43" height="31" />
        <cmp x="1950" y="1295" width="7" height="10" />
      </word>
      <upper-contour>
        <point x="365" y="1202" />
        <point x="1993" y="1202" />
      </upper-contour>
      <lower-contour>
        <point x="363" y="1367" />
        <point x="1993" y="1367" />
      </lower-contour>
    </line>
    <line ass="569" asx="0" asy="1436" character-width="999" dss="569" dsx="0" dsy="1582" fd0="12968" fd1="2712" fd2="-1226" filter-width="4" id="b06-036-04" lbs="547" lbx="0" lby="1508" segmentation="ok" slant="90000" stroke-width="5856" threshold="173" text="building up their power. What must Britain do? Today," ubs="614" ubx="0" uby="1471">
      <word id="b06-036-04-00" tag="VBG" text="building">
        <cmp x="365" y="1437" width="79" height="69" />
        <cmp x="452" y="1465" width="15" height="39" />
        <cmp x="453" y="1438" width="9" height="7" />
        <cmp x="467" y="1431" width="83" height="69" />
        <cmp x="537" y="1442" width="8" height="11" />
        <cmp x="558" y="1460" width="80" height="116" />
        <cmp x="587" y="1520" width="16" height="12" />
      </word>
      <word id="b06-036-04-01" tag="RP" text="up">
        <cmp x="667" y="1474" width="28" height="37" />
        <cmp x="700" y="1470" width="32" height="71" />
      </word>
      <word id="b06-036-04-02" tag="PP$" text="their">
        <cmp x="753" y="1440" width="113" height="68" />
        <cmp x="767" y="1434" width="6" height="7" />
        <cmp x="856" y="1436" width="6" height="11" />
        <cmp x="876" y="1461" width="29" height="40" />
      </word>
      <word id="b06-036-04-03" tag="NN" text="power">
        <cmp x="944" y="1462" width="99" height="81" />
        <cmp x="1048" y="1462" width="66" height="50" />
      </word>
      <word id="b06-036-04-04" tag="." text=".">
        <cmp x="1113" y="1497" width="9" height="8" />
      </word>
      <word id="b06-036-04-05" sentence-start="yes" tag="WDT" text="What">
        <cmp x="1165" y="1425" width="148" height="78" />
        <cmp x="1218" y="1434" width="4" height="4" />
      </word>
      <word id="b06-036-04-06" tag="MD" text="must">
        <cmp x="1357" y="1458" width="49" height="44" />
        <cmp x="1408" y="1456" width="37" height="44" />
        <cmp x="1449" y="1425" width="54" height="74" />
      </word>
      <word id="b06-036-04-07" tag="NP" text="Britain">
        <cmp x="1547" y="1435" width="65" height="61" />
        <cmp x="1617" y="1433" width="8" height="12" />
        <cmp x="1618" y="1466" width="10" height="33" />
        <cmp x="1632" y="1433" width="28" height="66" />
        <cmp x="1659" y="1460" width="49" height="38" />
        <cmp x="1696" y="1428" width="9" height="22" />
        <cmp x="1716" y="1453" width="39" height="43" />
      </word>
      <word id="b06-036-04-08" tag="DO" text="do">
        <cmp x="1785" y="1440" width="72" height="61" />
      </word>
      <word id="b06-036-04-09" tag="?" text="?">
        <cmp x="1877" y="1425" width="27" height="45" />
        <cmp x="1880" y="1496" width="11" height="6" />
      </word>
      <word id="b06-036-04-10" sentence-start="yes" tag="NR" text="Today">
        <cmp x="1928" y="1431" width="70" height="11" />
        <cmp x="1963" y="1433" width="80" height="63" />
        <cmp x="2047" y="1457" width="69" height="81" />
      </word>
      <word id="b06-036-04-11" tag="," text=",">
        <cmp x="2118" y="1501" width="11" height="28" />
      </word>
      <upper-contour>
        <point x="363" y="1367" />
        <point x="1993" y="1367" />
      </upper-contour>
      <lower-contour>
        <point x="363" y="1575" />
        <point x="2130" y="1575" />
      </lower-contour>
    </line>
    <line ass="333" asx="0" asy="1610" character-width="999" dss="333" dsx="0" dsy="1739" fd0="12950" fd1="2473" fd2="-1136" filter-width="4" id="b06-036-05" lbs="366" lbx="0" lby="1693" segmentation="ok" slant="90000" stroke-width="5845" threshold="174" text="again, she has a key role. Let her tell men like Strauss" ubs="267" ubx="0" uby="1657">
      <word id="b06-036-05-00" tag="RB" text="again">
        <cmp x="359" y="1651" width="64" height="79" />
        <cmp x="426" y="1654" width="60" height="46" />
        <cmp x="476" y="1632" width="10" height="12" />
        <cmp x="495" y="1654" width="35" height="45" />
      </word>
      <word id="b06-036-05-01" tag="," text=",">
        <cmp x="538" y="1697" width="13" height="37" />
      </word>
      <word id="b06-036-05-02" tag="PP3A" text="she">
        <cmp x="589" y="1626" width="94" height="74" />
      </word>
      <word id="b06-036-05-03" tag="HVZ" text="has">
        <cmp x="702" y="1622" width="11" height="62" />
        <cmp x="710" y="1661" width="4" height="6" />
        <cmp x="714" y="1651" width="84" height="45" />
      </word>
      <word id="b06-036-05-04" tag="AT" text="a">
        <cmp x="841" y="1652" width="39" height="37" />
      </word>
      <word id="b06-036-05-05" tag="JJB" text="key">
        <cmp x="900" y="1620" width="91" height="68" />
        <cmp x="969" y="1654" width="37" height="79" />
      </word>
      <word id="b06-036-05-06" tag="NN" text="role">
        <cmp x="1046" y="1644" width="64" height="41" />
        <cmp x="1109" y="1615" width="42" height="68" />
      </word>
      <word id="b06-036-05-07" tag="." text=".">
        <cmp x="1174" y="1681" width="9" height="12" />
      </word>
      <word id="b06-036-05-08" sentence-start="yes" tag="VB" text="Let">
        <cmp x="1238" y="1616" width="100" height="81" />
      </word>
      <word id="b06-036-05-09" tag="PP3O" text="her">
        <cmp x="1376" y="1624" width="92" height="69" />
      </word>
      <word id="b06-036-05-10" tag="VB" text="tell">
        <cmp x="1491" y="1602" width="88" height="84" />
      </word>
      <word id="b06-036-05-11" tag="NNS" text="men">
        <cmp x="1622" y="1650" width="47" height="36" />
        <cmp x="1669" y="1645" width="70" height="48" />
      </word>
      <word id="b06-036-05-12" tag="IN" text="like">
        <cmp x="1785" y="1620" width="10" height="64" />
        <cmp x="1804" y="1617" width="7" height="21" />
        <cmp x="1805" y="1651" width="8" height="35" />
        <cmp x="1822" y="1616" width="65" height="66" />
      </word>
      <word id="b06-036-05-13" tag="NP" text="Strauss">
        <cmp x="1937" y="1621" width="211" height="68" />
      </word>
      <upper-contour>
        <point x="363" y="1575" />
        <point x="2130" y="1575" />
      </upper-contour>
      <lower-contour>
        <point x="357" y="1733" />
        <point x="2105" y="1733" />
      </lower-contour>
    </line>
    <line ass="405" asx="0" asy="1785" character-width="999" dss="405" dsx="0" dsy="1916" fd0="13036" fd1="2668" fd2="-1039" filter-width="4" id="b06-036-06" lbs="550" lbx="0" lby="1880" segmentation="err" slant="90000" stroke-width="5928" threshold="171" text="that he shall have no bases or &amp;quot;facilities,&amp;quot; no help in" ubs="117" ubx="0" uby="1835">
      <word id="b06-036-06-00" tag="CS" text="that">
        <cmp x="358" y="1799" width="111" height="80" />
        <cmp x="453" y="1810" width="4" height="5" />
      </word>
      <word id="b06-036-06-01" tag="PP3A" text="he">
        <cmp x="513" y="1816" width="73" height="60" />
      </word>
      <word id="b06-036-06-02" tag="MD" text="shall">
        <cmp x="646" y="1833" width="31" height="43" />
        <cmp x="681" y="1810" width="22" height="65" />
        <cmp x="703" y="1805" width="54" height="73" />
        <cmp x="757" y="1800" width="12" height="78" />
      </word>
      <word id="b06-036-06-03" tag="HV" text="have">
        <cmp x="803" y="1805" width="83" height="69" />
        <cmp x="891" y="1837" width="44" height="37" />
      </word>
      <word id="b06-036-06-04" tag="ATI" text="no">
        <cmp x="982" y="1830" width="79" height="39" />
      </word>
      <word id="b06-036-06-05" tag="NNS" text="bases">
        <cmp x="1100" y="1804" width="67" height="64" />
        <cmp x="1164" y="1832" width="84" height="46" />
      </word>
      <word id="b06-036-06-06" tag="CC" text="or">
        <cmp x="1301" y="1833" width="38" height="34" />
        <cmp x="1346" y="1825" width="37" height="40" />
      </word>
      <word id="b06-036-06-07" tag="*&apos;" text="&quot;">
        <cmp x="1433" y="1865" width="7" height="23" />
        <cmp x="1447" y="1864" width="10" height="29" />
      </word>
      <word id="b06-036-06-08" tag="NNS" text="facilities">
        <cmp x="1464" y="1788" width="51" height="115" />
        <cmp x="1495" y="1835" width="83" height="39" />
        <cmp x="1571" y="1810" width="7" height="7" />
        <cmp x="1581" y="1804" width="13" height="76" />
        <cmp x="1602" y="1839" width="11" height="34" />
        <cmp x="1612" y="1804" width="4" height="10" />
        <cmp x="1617" y="1801" width="40" height="70" />
        <cmp x="1652" y="1804" width="7" height="8" />
        <cmp x="1660" y="1824" width="55" height="45" />
        <cmp x="1704" y="1826" width="9" height="6" />
        <cmp x="1717" y="1867" width="10" height="37" />
      </word>
      <word id="b06-036-06-09" tag="," text=",">
        <cmp x="1733" y="1775" width="8" height="35" />
      </word>
      <word id="b06-036-06-10" tag="**&apos;" text="&quot;">
        <cmp x="1744" y="1774" width="12" height="32" />
      </word>
      <word id="b06-036-06-11" tag="ATI" text="no">
        <cmp x="1794" y="1825" width="69" height="43" />
      </word>
      <word id="b06-036-06-12" tag="NN" text="help">
        <cmp x="1898" y="1801" width="13" height="63" />
        <cmp x="1905" y="1792" width="4" height="6" />
        <cmp x="1910" y="1794" width="61" height="79" />
        <cmp x="1970" y="1825" width="40" height="71" />
      </word>
      <word id="b06-036-06-13" tag="IN" text="in">
        <cmp x="2046" y="1793" width="9" height="22" />
        <cmp x="2046" y="1820" width="8" height="40" />
        <cmp x="2059" y="1816" width="45" height="47" />
      </word>
      <upper-contour>
        <point x="357" y="1733" />
        <point x="2105" y="1733" />
      </upper-contour>
      <lower-contour>
        <point x="368" y="1878" />
        <point x="1224" y="1878" />
      </lower-contour>
    </line>
    <line ass="658" asx="0" asy="1975" character-width="999" dss="658" dsx="0" dsy="2094" fd0="13477" fd1="2760" fd2="-1149" filter-width="4" id="b06-036-07" lbs="958" lbx="0" lby="2058" segmentation="ok" slant="96000" stroke-width="5789" threshold="173" text="his quest for atomic arms." ubs="58" ubx="0" uby="2012">
      <word id="b06-036-07-00" tag="PP$" text="his">
        <cmp x="370" y="1992" width="37" height="66" />
        <cmp x="401" y="1990" width="11" height="19" />
        <cmp x="409" y="2023" width="10" height="29" />
        <cmp x="414" y="2015" width="37" height="43" />
      </word>
      <word id="b06-036-07-01" tag="NN" text="quest">
        <cmp x="490" y="2018" width="45" height="72" />
        <cmp x="526" y="2018" width="30" height="40" />
        <cmp x="557" y="2008" width="56" height="52" />
        <cmp x="600" y="1978" width="42" height="76" />
      </word>
      <word id="b06-036-07-02" tag="IN" text="for">
        <cmp x="687" y="1971" width="79" height="114" />
      </word>
      <word id="b06-036-07-03" tag="JJ" text="atomic">
        <cmp x="808" y="1969" width="92" height="77" />
        <cmp x="907" y="2006" width="55" height="33" />
        <cmp x="966" y="1965" width="8" height="20" />
        <cmp x="968" y="2004" width="11" height="35" />
        <cmp x="984" y="2004" width="26" height="42" />
      </word>
      <word id="b06-036-07-04" tag="NNS" text="arms">
        <cmp x="1041" y="2002" width="155" height="44" />
      </word>
      <word id="b06-036-07-05" tag="." text=".">
        <cmp x="1204" y="2035" width="19" height="9" />
      </word>
      <upper-contour>
        <point x="368" y="1878" />
        <point x="1224" y="1878" />
      </upper-contour>
    </line>
  </handwritten-part>
</form>

