<?xml version="1.0" encoding="ISO-8859-1"?>

<!DOCTYPE form SYSTEM 'http://www.iam.unibe.ch/~fki/iamdb/form-metadata.dtd'>

<form created="2002-01-15" height="3542" id="b06-097" last-modified="2002-07-17" skew="95" status="final" version="3.0_beta" width="2479" writer-id="123">
  <machine-printed-part>
    <machine-print-line text="This week of window dressing will not prevent most of the hopeful 15-year-olds leaving" />
    <machine-print-line text="school in six weeks time from ending up in blind alley jobs. It needs more than 10,000" />
    <machine-print-line text="church parades and open days at techs, more than descents into Brighton&apos;s sewers or" />
    <machine-print-line text="balloon ascents over Wolverhampton for Britain&apos;s technical training to catch up with" />
    <machine-print-line text="the space age." />
  </machine-printed-part>
  <handwritten-part>
    <line ass="-224" asx="0" asy="730" character-width="999" dss="-224" dsx="0" dsy="819" fd0="13797" fd1="3123" fd2="-630" filter-width="3" id="b06-097-00" lbs="-228" lbx="0" lby="794" segmentation="ok" slant="66000" stroke-width="5706" threshold="172" text="This week of window dressing will not prevent" ubs="-218" ubx="0" uby="763">
      <word id="b06-097-00-00" sentence-start="yes" tag="DT" text="This">
        <cmp x="333" y="749" width="44" height="42" />
        <cmp x="370" y="745" width="85" height="51" />
        <cmp x="420" y="755" width="7" height="6" />
      </word>
      <word id="b06-097-00-01" tag="NN" text="week">
        <cmp x="511" y="753" width="147" height="42" />
        <cmp x="520" y="768" width="4" height="4" />
      </word>
      <word id="b06-097-00-02" tag="INO" text="of">
        <cmp x="702" y="751" width="58" height="65" />
      </word>
      <word id="b06-097-00-03" tag="NN" text="window">
        <cmp x="822" y="762" width="105" height="38" />
        <cmp x="926" y="735" width="8" height="12" />
        <cmp x="933" y="751" width="127" height="47" />
      </word>
      <word id="b06-097-00-04" tag="NN" text="dressing">
        <cmp x="1109" y="756" width="115" height="43" />
        <cmp x="1225" y="776" width="32" height="21" />
        <cmp x="1264" y="774" width="12" height="22" />
        <cmp x="1277" y="749" width="5" height="6" />
        <cmp x="1278" y="774" width="41" height="24" />
        <cmp x="1318" y="775" width="33" height="50" />
      </word>
      <word id="b06-097-00-05" tag="MD" text="will">
        <cmp x="1410" y="760" width="122" height="40" />
        <cmp x="1482" y="746" width="6" height="7" />
      </word>
      <word id="b06-097-00-06" tag="XNOT" text="not">
        <cmp x="1572" y="755" width="112" height="49" />
      </word>
      <word id="b06-097-00-07" tag="VB" text="prevent">
        <cmp x="1721" y="770" width="63" height="53" />
        <cmp x="1781" y="768" width="58" height="30" />
        <cmp x="1842" y="765" width="95" height="36" />
        <cmp x="1945" y="754" width="28" height="47" />
      </word>
      <lower-contour>
        <point x="345" y="825" />
        <point x="1974" y="825" />
      </lower-contour>
    </line>
    <line ass="-210" asx="0" asy="915" character-width="999" dss="-210" dsx="0" dsy="1000" fd0="14200" fd1="3021" fd2="-946" filter-width="4" id="b06-097-01" lbs="-176" lbx="0" lby="973" segmentation="ok" slant="64000" stroke-width="5759" threshold="172" text="most of the hopeful 15-year-olds leaving school" ubs="-280" ubx="0" uby="940">
      <word id="b06-097-01-00" tag="AP" text="most">
        <cmp x="347" y="931" width="62" height="40" />
        <cmp x="406" y="938" width="32" height="34" />
        <cmp x="435" y="940" width="35" height="31" />
        <cmp x="461" y="932" width="29" height="37" />
        <cmp x="479" y="924" width="7" height="6" />
      </word>
      <word id="b06-097-01-01" tag="INO" text="of">
        <cmp x="531" y="931" width="63" height="60" />
      </word>
      <word id="b06-097-01-02" tag="ATI" text="the">
        <cmp x="631" y="926" width="102" height="53" />
      </word>
      <word id="b06-097-01-03" tag="JJ" text="hopeful">
        <cmp x="783" y="922" width="40" height="56" />
        <cmp x="825" y="947" width="32" height="30" />
        <cmp x="850" y="944" width="51" height="51" />
        <cmp x="899" y="935" width="132" height="57" />
      </word>
      <word id="b06-097-01-04" tag="NNS" text="15-year-olds">
        <cmp x="1091" y="932" width="24" height="36" />
        <cmp x="1116" y="935" width="45" height="40" />
        <cmp x="1167" y="959" width="24" height="6" />
        <cmp x="1220" y="945" width="53" height="54" />
        <cmp x="1270" y="952" width="92" height="31" />
        <cmp x="1341" y="973" width="17" height="9" />
        <cmp x="1386" y="963" width="24" height="6" />
        <cmp x="1425" y="934" width="60" height="47" />
        <cmp x="1473" y="935" width="49" height="43" />
        <cmp x="1513" y="949" width="29" height="29" />
      </word>
      <word id="b06-097-01-05" tag="VBG" text="leaving">
        <cmp x="1594" y="936" width="44" height="48" />
        <cmp x="1637" y="948" width="42" height="34" />
        <cmp x="1687" y="946" width="88" height="34" />
        <cmp x="1739" y="922" width="6" height="7" />
        <cmp x="1768" y="951" width="35" height="57" />
      </word>
      <word id="b06-097-01-06" tag="NN" text="school">
        <cmp x="1844" y="944" width="34" height="38" />
        <cmp x="1874" y="928" width="60" height="49" />
        <cmp x="1941" y="933" width="86" height="45" />
      </word>
      <upper-contour>
        <point x="345" y="825" />
        <point x="1974" y="825" />
      </upper-contour>
      <lower-contour>
        <point x="345" y="1009" />
        <point x="2028" y="1009" />
      </lower-contour>
    </line>
    <line ass="-360" asx="0" asy="1093" character-width="999" dss="-360" dsx="0" dsy="1180" fd0="14439" fd1="3279" fd2="-332" filter-width="4" id="b06-097-02" lbs="-420" lbx="0" lby="1147" segmentation="ok" slant="64000" stroke-width="6005" threshold="172" text="in six weeks time from ending up in blind alley" ubs="-238" ubx="0" uby="1124">
      <word id="b06-097-02-00" tag="IN" text="in">
        <cmp x="340" y="1122" width="64" height="33" />
        <cmp x="363" y="1098" width="6" height="4" />
      </word>
      <word id="b06-097-02-01" tag="CD" text="six">
        <cmp x="464" y="1124" width="34" height="29" />
        <cmp x="501" y="1126" width="53" height="32" />
        <cmp x="517" y="1103" width="5" height="6" />
      </word>
      <word id="b06-097-02-02" tag="NNS$" text="weeks">
        <cmp x="614" y="1107" width="138" height="50" />
        <cmp x="758" y="1125" width="25" height="31" />
      </word>
      <word id="b06-097-02-03" tag="NN" text="time">
        <cmp x="829" y="1112" width="122" height="45" />
        <cmp x="871" y="1107" width="5" height="6" />
      </word>
      <word id="b06-097-02-04" tag="IN" text="from">
        <cmp x="988" y="1108" width="151" height="65" />
      </word>
      <word id="b06-097-02-05" tag="VBG" text="ending">
        <cmp x="1195" y="1125" width="68" height="34" />
        <cmp x="1264" y="1114" width="131" height="76" />
        <cmp x="1323" y="1110" width="4" height="5" />
      </word>
      <word id="b06-097-02-06" tag="RP" text="up">
        <cmp x="1455" y="1131" width="86" height="48" />
      </word>
      <word id="b06-097-02-07" tag="IN" text="in">
        <cmp x="1598" y="1129" width="73" height="34" />
        <cmp x="1622" y="1109" width="6" height="5" />
      </word>
      <word id="b06-097-02-08" tag="JJ" text="blind">
        <cmp x="1720" y="1109" width="178" height="49" />
        <cmp x="1805" y="1106" width="8" height="7" />
      </word>
      <word id="b06-097-02-09" tag="NN" text="alley">
        <cmp x="1956" y="1109" width="153" height="71" />
      </word>
      <upper-contour>
        <point x="345" y="1009" />
        <point x="2028" y="1009" />
      </upper-contour>
      <lower-contour>
        <point x="338" y="1190" />
        <point x="1988" y="1190" />
      </lower-contour>
    </line>
    <line ass="-238" asx="0" asy="1271" character-width="999" dss="-238" dsx="0" dsy="1350" fd0="14429" fd1="3103" fd2="-653" filter-width="4" id="b06-097-03" lbs="-175" lbx="0" lby="1331" segmentation="ok" slant="63000" stroke-width="5724" threshold="172" text="jobs. It needs more than 10,000 church parades" ubs="-362" ubx="0" uby="1299">
      <word id="b06-097-03-00" tag="NNS" text="jobs">
        <cmp x="312" y="1288" width="98" height="65" />
        <cmp x="337" y="1299" width="7" height="9" />
        <cmp x="350" y="1274" width="6" height="4" />
        <cmp x="408" y="1305" width="26" height="30" />
      </word>
      <word id="b06-097-03-01" tag="." text=".">
        <cmp x="458" y="1323" width="10" height="10" />
      </word>
      <word id="b06-097-03-02" sentence-start="yes" tag="PP3" text="It">
        <cmp x="532" y="1283" width="35" height="50" />
        <cmp x="561" y="1286" width="24" height="43" />
      </word>
      <word id="b06-097-03-03" tag="VBZ" text="needs">
        <cmp x="625" y="1300" width="91" height="37" />
        <cmp x="715" y="1288" width="71" height="47" />
      </word>
      <word id="b06-097-03-04" tag="AP" text="more">
        <cmp x="837" y="1304" width="64" height="30" />
        <cmp x="909" y="1304" width="82" height="32" />
      </word>
      <word id="b06-097-03-05" tag="IN" text="than">
        <cmp x="1031" y="1286" width="58" height="49" />
        <cmp x="1090" y="1309" width="87" height="28" />
      </word>
      <word id="b06-097-03-06" tag="CD" text="10,000">
        <cmp x="1242" y="1291" width="33" height="38" />
        <cmp x="1274" y="1306" width="29" height="28" />
        <cmp x="1321" y="1290" width="14" height="19" />
        <cmp x="1335" y="1304" width="109" height="34" />
      </word>
      <word id="b06-097-03-07" tag="NN" text="church">
        <cmp x="1504" y="1293" width="198" height="46" />
      </word>
      <word id="b06-097-03-08" tag="NNS" text="parades">
        <cmp x="1737" y="1310" width="55" height="46" />
        <cmp x="1789" y="1308" width="102" height="32" />
        <cmp x="1891" y="1293" width="96" height="44" />
      </word>
      <upper-contour>
        <point x="338" y="1190" />
        <point x="1988" y="1190" />
      </upper-contour>
      <lower-contour>
        <point x="319" y="1356" />
        <point x="1988" y="1356" />
      </lower-contour>
    </line>
    <line ass="-135" asx="0" asy="1456" character-width="999" dss="-135" dsx="0" dsy="1537" fd0="14061" fd1="3044" fd2="-817" filter-width="4" id="b06-097-04" lbs="-134" lbx="0" lby="1509" segmentation="ok" slant="66000" stroke-width="6030" threshold="172" text="and open days at techs, more than descents into" ubs="-136" ubx="0" uby="1478">
      <word id="b06-097-04-00" tag="CC" text="and">
        <cmp x="321" y="1464" width="150" height="48" />
      </word>
      <word id="b06-097-04-01" tag="JJ" text="open">
        <cmp x="518" y="1478" width="33" height="35" />
        <cmp x="542" y="1480" width="46" height="47" />
        <cmp x="585" y="1479" width="72" height="35" />
      </word>
      <word id="b06-097-04-02" tag="NNS" text="days">
        <cmp x="713" y="1464" width="161" height="76" />
      </word>
      <word id="b06-097-04-03" tag="IN" text="at">
        <cmp x="901" y="1462" width="77" height="50" />
      </word>
      <word id="b06-097-04-04" tag="NNS" text="techs">
        <cmp x="1026" y="1462" width="118" height="50" />
        <cmp x="1146" y="1482" width="25" height="30" />
      </word>
      <word id="b06-097-04-05" tag="," text=",">
        <cmp x="1176" y="1502" width="22" height="32" />
      </word>
      <word id="b06-097-04-06" tag="AP" text="more">
        <cmp x="1263" y="1480" width="62" height="32" />
        <cmp x="1334" y="1478" width="80" height="36" />
      </word>
      <word id="b06-097-04-07" tag="IN" text="than">
        <cmp x="1457" y="1464" width="59" height="51" />
        <cmp x="1521" y="1483" width="85" height="28" />
      </word>
      <word id="b06-097-04-08" tag="NNS" text="descents">
        <cmp x="1662" y="1462" width="112" height="51" />
        <cmp x="1772" y="1463" width="152" height="55" />
      </word>
      <word id="b06-097-04-09" tag="IN" text="into">
        <cmp x="1967" y="1481" width="51" height="37" />
        <cmp x="1994" y="1462" width="6" height="5" />
        <cmp x="2027" y="1468" width="46" height="51" />
      </word>
      <upper-contour>
        <point x="319" y="1356" />
        <point x="1988" y="1356" />
      </upper-contour>
      <lower-contour>
        <point x="331" y="1540" />
        <point x="1805" y="1540" />
      </lower-contour>
    </line>
    <line ass="-249" asx="0" asy="1626" character-width="999" dss="-249" dsx="0" dsy="1713" fd0="13747" fd1="2294" fd2="-1197" filter-width="4" id="b06-097-05" lbs="-181" lbx="0" lby="1688" segmentation="ok" slant="68000" stroke-width="6066" threshold="172" text="Brighton&apos;s sewers or balloon ascents over" ubs="-384" ubx="0" uby="1652">
      <word id="b06-097-05-00" tag="NP$" text="Brighton&apos;s">
        <cmp x="333" y="1638" width="42" height="50" />
        <cmp x="373" y="1655" width="40" height="35" />
        <cmp x="414" y="1629" width="7" height="6" />
        <cmp x="415" y="1639" width="121" height="78" />
        <cmp x="534" y="1655" width="73" height="36" />
        <cmp x="634" y="1635" width="10" height="16" />
        <cmp x="645" y="1653" width="27" height="36" />
      </word>
      <word id="b06-097-05-01" tag="NNS" text="sewers">
        <cmp x="754" y="1655" width="191" height="40" />
      </word>
      <word id="b06-097-05-02" tag="CC" text="or">
        <cmp x="975" y="1658" width="68" height="38" />
      </word>
      <word id="b06-097-05-03" tag="NN" text="balloon">
        <cmp x="1102" y="1639" width="38" height="55" />
        <cmp x="1142" y="1646" width="96" height="47" />
        <cmp x="1237" y="1661" width="121" height="35" />
      </word>
      <word id="b06-097-05-04" tag="NNS" text="ascents">
        <cmp x="1407" y="1654" width="71" height="39" />
        <cmp x="1482" y="1649" width="137" height="47" />
      </word>
      <word id="b06-097-05-05" tag="IN" text="over">
        <cmp x="1667" y="1665" width="30" height="33" />
        <cmp x="1707" y="1662" width="97" height="33" />
      </word>
      <upper-contour>
        <point x="331" y="1540" />
        <point x="1805" y="1540" />
      </upper-contour>
      <lower-contour>
        <point x="334" y="1717" />
        <point x="1805" y="1717" />
      </lower-contour>
    </line>
    <line ass="-331" asx="0" asy="1806" character-width="999" dss="-331" dsx="0" dsy="1893" fd0="13887" fd1="2395" fd2="-1016" filter-width="4" id="b06-097-06" lbs="-386" lbx="0" lby="1865" segmentation="ok" slant="68000" stroke-width="6064" threshold="172" text="Wolverhampton for Britain&apos;s technical training to" ubs="-219" ubx="0" uby="1838">
      <word id="b06-097-06-00" tag="NP" text="Wolverhampton">
        <cmp x="336" y="1822" width="66" height="47" />
        <cmp x="387" y="1824" width="62" height="49" />
        <cmp x="451" y="1836" width="84" height="35" />
        <cmp x="533" y="1821" width="34" height="51" />
        <cmp x="570" y="1840" width="155" height="47" />
        <cmp x="725" y="1819" width="91" height="54" />
      </word>
      <word id="b06-097-06-01" tag="IN" text="for">
        <cmp x="869" y="1819" width="107" height="68" />
      </word>
      <word id="b06-097-06-02" tag="NP$" text="Britain&apos;s">
        <cmp x="1038" y="1826" width="40" height="49" />
        <cmp x="1074" y="1827" width="198" height="51" />
        <cmp x="1122" y="1814" width="7" height="6" />
        <cmp x="1226" y="1820" width="6" height="9" />
        <cmp x="1294" y="1816" width="11" height="23" />
        <cmp x="1300" y="1844" width="24" height="32" />
      </word>
      <word id="b06-097-06-03" tag="JJ" text="technical">
        <cmp x="1373" y="1829" width="188" height="47" />
        <cmp x="1567" y="1835" width="92" height="40" />
        <cmp x="1574" y="1823" width="6" height="8" />
      </word>
      <word id="b06-097-06-04" tag="NN" text="training">
        <cmp x="1701" y="1817" width="171" height="63" />
        <cmp x="1822" y="1830" width="7" height="6" />
        <cmp x="1884" y="1848" width="69" height="30" />
        <cmp x="1909" y="1822" width="7" height="7" />
        <cmp x="1954" y="1851" width="33" height="54" />
      </word>
      <word id="b06-097-06-05" tag="TO" text="to">
        <cmp x="2034" y="1831" width="47" height="48" />
      </word>
      <upper-contour>
        <point x="334" y="1717" />
        <point x="1805" y="1717" />
      </upper-contour>
      <lower-contour>
        <point x="335" y="1887" />
        <point x="1432" y="1887" />
      </lower-contour>
    </line>
    <line ass="-762" asx="0" asy="1987" character-width="999" dss="-762" dsx="0" dsy="2072" fd0="13975" fd1="3201" fd2="-418" filter-width="4" id="b06-097-07" lbs="-644" lbx="0" lby="2045" segmentation="ok" slant="63000" stroke-width="6151" threshold="172" text="catch up with the space age." ubs="-997" ubx="0" uby="2009">
      <word id="b06-097-07-00" tag="VB" text="catch">
        <cmp x="337" y="2002" width="178" height="50" />
      </word>
      <word id="b06-097-07-01" tag="RP" text="up">
        <cmp x="565" y="2020" width="100" height="62" />
      </word>
      <word id="b06-097-07-02" tag="IN" text="with">
        <cmp x="721" y="2020" width="71" height="38" />
        <cmp x="735" y="2019" width="5" height="4" />
        <cmp x="791" y="1999" width="104" height="55" />
        <cmp x="807" y="1999" width="6" height="8" />
      </word>
      <word id="b06-097-07-03" tag="ATI" text="the">
        <cmp x="944" y="2005" width="101" height="52" />
      </word>
      <word id="b06-097-07-04" tag="NN" text="space">
        <cmp x="1099" y="2024" width="29" height="32" />
        <cmp x="1118" y="2023" width="146" height="46" />
      </word>
      <word id="b06-097-07-05" tag="NN" text="age">
        <cmp x="1314" y="2021" width="36" height="33" />
        <cmp x="1350" y="2017" width="57" height="58" />
      </word>
      <word id="b06-097-07-06" tag="." text=".">
        <cmp x="1426" y="2043" width="6" height="6" />
      </word>
      <upper-contour>
        <point x="335" y="1887" />
        <point x="1432" y="1887" />
      </upper-contour>
    </line>
  </handwritten-part>
</form>

