<?xml version="1.0" encoding="ISO-8859-1"?>

<!DOCTYPE form SYSTEM 'http://www.iam.unibe.ch/~fki/iamdb/form-metadata.dtd'>

<form created="2002-01-15" height="3542" id="b06-110" last-modified="2002-07-17" skew="254" status="final" version="3.0_beta" width="2479" writer-id="126">
  <machine-printed-part>
    <machine-print-line text="But the Duke is wrong when he implies that young people prefer unskilled jobs." />
    <machine-print-line text="Countless numbers who want training are denied it. One area electricity board in" />
    <machine-print-line text="1958 offered six craft apprenticeships and received 450 applications, of whom 100" />
    <machine-print-line text="were considered suitable by the board. There were only 17 vacancies for the 58 boys" />
    <machine-print-line text="who passed the Admiralty exams for Rosyth dockyard last year." />
  </machine-printed-part>
  <handwritten-part>
    <line ass="-345" asx="0" asy="696" character-width="999" dss="-345" dsx="0" dsy="831" fd0="12969" fd1="2481" fd2="-1262" filter-width="4" id="b06-110-00" lbs="-265" lbx="0" lby="775" segmentation="ok" slant="90000" stroke-width="5725" threshold="174" text="But the Duke is wrong when he implies that young people" ubs="-506" ubx="0" uby="736">
      <word id="b06-110-00-00" sentence-start="yes" tag="CC" text="But">
        <cmp x="335" y="721" width="94" height="64" />
      </word>
      <word id="b06-110-00-01" tag="ATI" text="the">
        <cmp x="449" y="723" width="89" height="66" />
      </word>
      <word id="b06-110-00-02" tag="NPT" text="Duke">
        <cmp x="564" y="725" width="81" height="62" />
        <cmp x="652" y="719" width="54" height="62" />
        <cmp x="702" y="775" width="15" height="5" />
      </word>
      <word id="b06-110-00-03" tag="BEZ" text="is">
        <cmp x="739" y="714" width="13" height="15" />
        <cmp x="748" y="740" width="14" height="39" />
        <cmp x="764" y="742" width="30" height="38" />
      </word>
      <word id="b06-110-00-04" tag="JJ" text="wrong">
        <cmp x="821" y="748" width="28" height="33" />
        <cmp x="852" y="748" width="18" height="40" />
        <cmp x="873" y="740" width="55" height="47" />
        <cmp x="932" y="746" width="53" height="92" />
      </word>
      <word id="b06-110-00-05" tag="WRB" text="when">
        <cmp x="1022" y="745" width="44" height="38" />
        <cmp x="1067" y="713" width="5" height="5" />
        <cmp x="1068" y="720" width="17" height="57" />
        <cmp x="1086" y="743" width="90" height="44" />
      </word>
      <word id="b06-110-00-06" tag="PP3A" text="he">
        <cmp x="1203" y="720" width="17" height="61" />
        <cmp x="1221" y="752" width="16" height="35" />
        <cmp x="1237" y="750" width="26" height="36" />
        <cmp x="1262" y="779" width="12" height="4" />
      </word>
      <word id="b06-110-00-07" tag="VBZ" text="implies">
        <cmp x="1299" y="714" width="8" height="14" />
        <cmp x="1309" y="743" width="12" height="44" />
        <cmp x="1329" y="745" width="76" height="71" />
        <cmp x="1407" y="724" width="9" height="55" />
        <cmp x="1420" y="748" width="12" height="31" />
        <cmp x="1426" y="725" width="7" height="14" />
        <cmp x="1442" y="741" width="63" height="48" />
      </word>
      <word id="b06-110-00-08" tag="CS" text="that">
        <cmp x="1546" y="708" width="117" height="73" />
        <cmp x="1651" y="709" width="4" height="4" />
        <cmp x="1663" y="737" width="5" height="4" />
      </word>
      <word id="b06-110-00-09" tag="JJ" text="young">
        <cmp x="1703" y="752" width="33" height="67" />
        <cmp x="1742" y="757" width="22" height="30" />
        <cmp x="1764" y="750" width="38" height="40" />
        <cmp x="1807" y="749" width="10" height="35" />
        <cmp x="1818" y="749" width="50" height="90" />
      </word>
      <word id="b06-110-00-10" tag="NNS" text="people">
        <cmp x="1922" y="739" width="139" height="80" />
        <cmp x="1995" y="759" width="4" height="8" />
        <cmp x="2064" y="708" width="60" height="84" />
      </word>
      <lower-contour>
        <point x="333" y="841" />
        <point x="2125" y="841" />
      </lower-contour>
    </line>
    <line ass="533" asx="0" asy="876" character-width="999" dss="533" dsx="0" dsy="1060" fd0="12832" fd1="2652" fd2="-1325" filter-width="4" id="b06-110-01" lbs="583" lbx="0" lby="979" segmentation="ok" slant="90000" stroke-width="5790" threshold="174" text="prefer unskilled jobs. Countless numbers who want training" ubs="432" ubx="0" uby="938">
      <word id="b06-110-01-00" tag="VB" text="prefer">
        <cmp x="336" y="928" width="35" height="40" />
        <cmp x="339" y="946" width="11" height="52" />
        <cmp x="372" y="935" width="54" height="35" />
        <cmp x="429" y="872" width="82" height="113" />
      </word>
      <word id="b06-110-01-01" tag="JJ" text="unskilled">
        <cmp x="558" y="931" width="38" height="44" />
        <cmp x="600" y="929" width="62" height="43" />
        <cmp x="663" y="898" width="50" height="76" />
        <cmp x="699" y="896" width="9" height="12" />
        <cmp x="726" y="899" width="10" height="69" />
        <cmp x="737" y="898" width="48" height="71" />
        <cmp x="780" y="891" width="44" height="75" />
      </word>
      <word id="b06-110-01-02" tag="NNS" text="jobs">
        <cmp x="855" y="901" width="10" height="19" />
        <cmp x="863" y="940" width="10" height="50" />
        <cmp x="874" y="894" width="59" height="68" />
        <cmp x="931" y="921" width="35" height="46" />
      </word>
      <word id="b06-110-01-03" tag="." text=".">
        <cmp x="978" y="955" width="15" height="8" />
      </word>
      <word id="b06-110-01-04" sentence-start="yes" tag="JJ" text="Countless">
        <cmp x="1047" y="896" width="62" height="70" />
        <cmp x="1113" y="929" width="36" height="40" />
        <cmp x="1153" y="902" width="59" height="67" />
        <cmp x="1215" y="894" width="86" height="76" />
      </word>
      <word id="b06-110-01-05" tag="NNS" text="numbers">
        <cmp x="1347" y="933" width="40" height="34" />
        <cmp x="1389" y="930" width="28" height="37" />
        <cmp x="1419" y="891" width="159" height="77" />
      </word>
      <word id="b06-110-01-06" tag="WP" text="who">
        <cmp x="1639" y="932" width="39" height="34" />
        <cmp x="1680" y="900" width="76" height="64" />
      </word>
      <word id="b06-110-01-07" tag="VB" text="want">
        <cmp x="1783" y="891" width="124" height="76" />
      </word>
      <word id="b06-110-01-08" tag="NN" text="training">
        <cmp x="1938" y="897" width="34" height="61" />
        <cmp x="1971" y="921" width="67" height="45" />
        <cmp x="2031" y="898" width="9" height="21" />
        <cmp x="2041" y="924" width="33" height="42" />
        <cmp x="2082" y="890" width="5" height="13" />
        <cmp x="2083" y="924" width="8" height="40" />
        <cmp x="2093" y="918" width="65" height="123" />
      </word>
      <upper-contour>
        <point x="333" y="841" />
        <point x="2125" y="841" />
      </upper-contour>
      <lower-contour>
        <point x="336" y="997" />
        <point x="1941" y="997" />
      </lower-contour>
    </line>
    <line ass="-50" asx="0" asy="1057" character-width="999" dss="-50" dsx="0" dsy="1191" fd0="13128" fd1="2460" fd2="-1302" filter-width="4" id="b06-110-02" lbs="-104" lbx="0" lby="1133" segmentation="ok" slant="90000" stroke-width="5719" threshold="176" text="are denied it. One area electricity board in 1958" ubs="56" ubx="0" uby="1103">
      <word id="b06-110-02-00" tag="BER" text="are">
        <cmp x="338" y="1106" width="83" height="37" />
        <cmp x="343" y="1105" width="6" height="6" />
      </word>
      <word id="b06-110-02-01" tag="VBN" text="denied">
        <cmp x="456" y="1077" width="125" height="65" />
        <cmp x="478" y="1073" width="4" height="4" />
        <cmp x="559" y="1080" width="11" height="20" />
        <cmp x="579" y="1069" width="74" height="75" />
      </word>
      <word id="b06-110-02-02" tag="PP3" text="it">
        <cmp x="693" y="1075" width="7" height="8" />
        <cmp x="695" y="1107" width="12" height="30" />
        <cmp x="701" y="1069" width="37" height="72" />
      </word>
      <word id="b06-110-02-03" tag="." text=".">
        <cmp x="749" y="1140" width="11" height="14" />
      </word>
      <word id="b06-110-02-04" sentence-start="yes" tag="CD1" text="One">
        <cmp x="806" y="1080" width="54" height="61" />
        <cmp x="865" y="1108" width="10" height="33" />
        <cmp x="876" y="1105" width="56" height="44" />
      </word>
      <word id="b06-110-02-05" tag="NN" text="area">
        <cmp x="957" y="1105" width="115" height="44" />
        <cmp x="967" y="1107" width="6" height="6" />
        <cmp x="1044" y="1103" width="8" height="12" />
      </word>
      <word id="b06-110-02-06" tag="NN" text="electricity">
        <cmp x="1122" y="1074" width="77" height="66" />
        <cmp x="1129" y="1114" width="12" height="13" />
        <cmp x="1155" y="1069" width="4" height="7" />
        <cmp x="1200" y="1105" width="40" height="34" />
        <cmp x="1223" y="1061" width="32" height="82" />
        <cmp x="1262" y="1093" width="43" height="44" />
        <cmp x="1283" y="1059" width="7" height="15" />
        <cmp x="1310" y="1101" width="52" height="38" />
        <cmp x="1320" y="1100" width="5" height="9" />
        <cmp x="1354" y="1070" width="8" height="11" />
        <cmp x="1369" y="1059" width="66" height="136" />
      </word>
      <word id="b06-110-02-07" tag="NN" text="board">
        <cmp x="1475" y="1071" width="129" height="69" />
        <cmp x="1605" y="1076" width="47" height="63" />
      </word>
      <word id="b06-110-02-08" tag="IN" text="in">
        <cmp x="1699" y="1081" width="7" height="10" />
        <cmp x="1699" y="1098" width="14" height="45" />
        <cmp x="1715" y="1099" width="39" height="35" />
      </word>
      <word id="b06-110-02-09" tag="CD" text="1958">
        <cmp x="1801" y="1126" width="15" height="17" />
        <cmp x="1815" y="1082" width="21" height="59" />
        <cmp x="1840" y="1082" width="33" height="62" />
        <cmp x="1876" y="1075" width="36" height="65" />
        <cmp x="1911" y="1081" width="29" height="56" />
      </word>
      <upper-contour>
        <point x="336" y="997" />
        <point x="1941" y="997" />
      </upper-contour>
      <lower-contour>
        <point x="336" y="1195" />
        <point x="1941" y="1195" />
      </lower-contour>
    </line>
    <line ass="669" asx="0" asy="1239" character-width="999" dss="669" dsx="0" dsy="1361" fd0="13154" fd1="2368" fd2="-1794" filter-width="3" id="b06-110-03" lbs="505" lbx="0" lby="1328" segmentation="ok" slant="90000" stroke-width="5698" threshold="177" text="offered six craft apprenticeships and received 450" ubs="997" ubx="0" uby="1308">
      <word id="b06-110-03-00" tag="VBD" text="offered">
        <cmp x="327" y="1234" width="106" height="119" />
        <cmp x="426" y="1264" width="73" height="67" />
      </word>
      <word id="b06-110-03-01" tag="CD" text="six">
        <cmp x="548" y="1286" width="45" height="46" />
        <cmp x="585" y="1259" width="13" height="19" />
        <cmp x="596" y="1293" width="5" height="3" />
        <cmp x="601" y="1292" width="43" height="37" />
      </word>
      <word id="b06-110-03-02" tag="NN" text="craft">
        <cmp x="686" y="1279" width="93" height="46" />
        <cmp x="740" y="1302" width="27" height="25" />
        <cmp x="784" y="1231" width="45" height="114" />
        <cmp x="809" y="1235" width="3" height="7" />
      </word>
      <word id="b06-110-03-03" tag="NNS" text="apprenticeships">
        <cmp x="879" y="1285" width="67" height="66" />
        <cmp x="889" y="1291" width="5" height="9" />
        <cmp x="947" y="1292" width="27" height="59" />
        <cmp x="978" y="1288" width="84" height="42" />
        <cmp x="1056" y="1261" width="123" height="65" />
        <cmp x="1091" y="1263" width="8" height="19" />
        <cmp x="1188" y="1284" width="27" height="39" />
        <cmp x="1214" y="1255" width="38" height="63" />
        <cmp x="1250" y="1250" width="8" height="10" />
        <cmp x="1257" y="1287" width="14" height="31" />
        <cmp x="1272" y="1278" width="40" height="59" />
        <cmp x="1305" y="1286" width="39" height="35" />
        <cmp x="1331" y="1283" width="8" height="3" />
      </word>
      <word id="b06-110-03-04" tag="CC" text="and">
        <cmp x="1405" y="1286" width="9" height="10" />
        <cmp x="1405" y="1264" width="96" height="60" />
      </word>
      <word id="b06-110-03-05" tag="VBD" text="received">
        <cmp x="1544" y="1278" width="46" height="42" />
        <cmp x="1595" y="1274" width="30" height="45" />
        <cmp x="1619" y="1274" width="40" height="43" />
        <cmp x="1657" y="1242" width="7" height="9" />
        <cmp x="1658" y="1277" width="12" height="36" />
        <cmp x="1674" y="1267" width="31" height="46" />
        <cmp x="1709" y="1242" width="69" height="84" />
      </word>
      <word id="b06-110-03-06" tag="CD" text="450">
        <cmp x="1840" y="1255" width="43" height="56" />
        <cmp x="1885" y="1250" width="73" height="62" />
        <cmp x="1931" y="1277" width="6" height="7" />
      </word>
      <upper-contour>
        <point x="336" y="1195" />
        <point x="1941" y="1195" />
      </upper-contour>
      <lower-contour>
        <point x="325" y="1352" />
        <point x="1959" y="1352" />
      </lower-contour>
    </line>
    <line ass="701" asx="0" asy="1424" character-width="999" dss="701" dsx="0" dsy="1562" fd0="13292" fd1="2429" fd2="-1648" filter-width="4" id="b06-110-04" lbs="652" lbx="0" lby="1519" segmentation="ok" slant="90000" stroke-width="5825" threshold="173" text="applications, of whom 100 were considered suitable by" ubs="800" ubx="0" uby="1482">
      <word id="b06-110-04-00" tag="NNS" text="applications">
        <cmp x="319" y="1467" width="41" height="43" />
        <cmp x="358" y="1470" width="60" height="74" />
        <cmp x="425" y="1457" width="10" height="47" />
        <cmp x="440" y="1451" width="9" height="11" />
        <cmp x="440" y="1474" width="11" height="32" />
        <cmp x="458" y="1473" width="31" height="37" />
        <cmp x="484" y="1470" width="43" height="40" />
        <cmp x="525" y="1434" width="26" height="77" />
        <cmp x="550" y="1478" width="19" height="34" />
        <cmp x="553" y="1440" width="10" height="15" />
        <cmp x="573" y="1472" width="32" height="34" />
        <cmp x="607" y="1461" width="59" height="47" />
      </word>
      <word id="b06-110-04-01" tag="," text=",">
        <cmp x="668" y="1506" width="10" height="42" />
      </word>
      <word id="b06-110-04-02" tag="INO" text="of">
        <cmp x="730" y="1415" width="73" height="114" />
      </word>
      <word id="b06-110-04-03" tag="WPO" text="whom">
        <cmp x="816" y="1471" width="46" height="37" />
        <cmp x="863" y="1434" width="146" height="81" />
      </word>
      <word id="b06-110-04-04" tag="CD" text="100">
        <cmp x="1065" y="1508" width="6" height="8" />
        <cmp x="1070" y="1448" width="117" height="63" />
      </word>
      <word id="b06-110-04-05" tag="BED" text="were">
        <cmp x="1234" y="1464" width="46" height="43" />
        <cmp x="1280" y="1462" width="88" height="45" />
      </word>
      <word id="b06-110-04-06" tag="VBN" text="considered">
        <cmp x="1424" y="1461" width="25" height="39" />
        <cmp x="1452" y="1466" width="36" height="31" />
        <cmp x="1490" y="1454" width="77" height="49" />
        <cmp x="1569" y="1428" width="7" height="21" />
        <cmp x="1569" y="1455" width="7" height="4" />
        <cmp x="1573" y="1427" width="116" height="72" />
        <cmp x="1691" y="1421" width="35" height="81" />
      </word>
      <word id="b06-110-04-07" tag="JJ" text="suitable">
        <cmp x="1773" y="1461" width="34" height="45" />
        <cmp x="1802" y="1469" width="11" height="4" />
        <cmp x="1809" y="1464" width="33" height="40" />
        <cmp x="1838" y="1431" width="9" height="7" />
        <cmp x="1842" y="1429" width="40" height="70" />
        <cmp x="1877" y="1426" width="63" height="73" />
        <cmp x="1943" y="1427" width="43" height="75" />
      </word>
      <word id="b06-110-04-08" tag="IN" text="by">
        <cmp x="2028" y="1439" width="43" height="61" />
        <cmp x="2071" y="1470" width="33" height="68" />
      </word>
      <upper-contour>
        <point x="325" y="1352" />
        <point x="1959" y="1352" />
      </upper-contour>
      <lower-contour>
        <point x="317" y="1549" />
        <point x="2105" y="1549" />
      </lower-contour>
    </line>
    <line ass="-178" asx="0" asy="1587" character-width="999" dss="-178" dsx="0" dsy="1715" fd0="12975" fd1="2700" fd2="-940" filter-width="3" id="b06-110-05" lbs="-271" lbx="0" lby="1672" segmentation="ok" slant="90000" stroke-width="5633" threshold="174" text="the board. There were only 17 vacancies for the 58" ubs="7" ubx="0" uby="1641">
      <word id="b06-110-05-00" tag="ATI" text="the">
        <cmp x="317" y="1610" width="40" height="75" />
        <cmp x="361" y="1619" width="72" height="62" />
      </word>
      <word id="b06-110-05-01" tag="NN" text="board">
        <cmp x="474" y="1618" width="62" height="67" />
        <cmp x="475" y="1613" width="5" height="4" />
        <cmp x="534" y="1646" width="12" height="11" />
        <cmp x="538" y="1647" width="48" height="37" />
        <cmp x="588" y="1616" width="49" height="66" />
      </word>
      <word id="b06-110-05-02" tag="." text=".">
        <cmp x="655" y="1669" width="7" height="13" />
      </word>
      <word id="b06-110-05-03" sentence-start="yes" tag="EX" text="There">
        <cmp x="674" y="1617" width="86" height="19" />
        <cmp x="724" y="1630" width="8" height="50" />
        <cmp x="747" y="1631" width="75" height="55" />
        <cmp x="820" y="1655" width="4" height="3" />
        <cmp x="825" y="1653" width="62" height="34" />
      </word>
      <word id="b06-110-05-04" tag="BED" text="were">
        <cmp x="914" y="1638" width="95" height="43" />
        <cmp x="1010" y="1641" width="58" height="43" />
      </word>
      <word id="b06-110-05-05" tag="RB" text="only">
        <cmp x="1111" y="1645" width="39" height="31" />
        <cmp x="1153" y="1637" width="33" height="38" />
        <cmp x="1194" y="1612" width="11" height="59" />
        <cmp x="1206" y="1644" width="39" height="75" />
      </word>
      <word id="b06-110-05-06" tag="CD" text="17">
        <cmp x="1293" y="1608" width="85" height="72" />
      </word>
      <word id="b06-110-05-07" tag="NNS" text="vacancies">
        <cmp x="1411" y="1639" width="106" height="46" />
        <cmp x="1515" y="1639" width="68" height="43" />
        <cmp x="1587" y="1635" width="53" height="47" />
        <cmp x="1629" y="1609" width="9" height="16" />
        <cmp x="1646" y="1636" width="30" height="42" />
        <cmp x="1666" y="1631" width="48" height="52" />
      </word>
      <word id="b06-110-05-08" tag="IN" text="for">
        <cmp x="1783" y="1594" width="49" height="105" />
        <cmp x="1833" y="1630" width="33" height="38" />
      </word>
      <word id="b06-110-05-09" tag="ATI" text="the">
        <cmp x="1907" y="1606" width="35" height="78" />
        <cmp x="1942" y="1609" width="69" height="79" />
      </word>
      <word id="b06-110-05-10" tag="CD" text="58">
        <cmp x="2034" y="1618" width="48" height="56" />
        <cmp x="2074" y="1614" width="35" height="62" />
      </word>
      <upper-contour>
        <point x="317" y="1549" />
        <point x="2105" y="1549" />
      </upper-contour>
      <lower-contour>
        <point x="337" y="1719" />
        <point x="2110" y="1719" />
      </lower-contour>
    </line>
    <line ass="-23" asx="0" asy="1770" character-width="999" dss="-23" dsx="0" dsy="1910" fd0="12943" fd1="2542" fd2="-1183" filter-width="4" id="b06-110-06" lbs="14" lbx="0" lby="1864" segmentation="ok" slant="90000" stroke-width="5898" threshold="174" text="boys who passed the Admiralty exams for Rosyth" ubs="-101" ubx="0" uby="1821">
      <word id="b06-110-06-00" tag="NNS" text="boys">
        <cmp x="339" y="1786" width="113" height="113" />
        <cmp x="446" y="1813" width="47" height="52" />
      </word>
      <word id="b06-110-06-01" tag="WP" text="who">
        <cmp x="560" y="1821" width="59" height="46" />
        <cmp x="616" y="1792" width="19" height="65" />
        <cmp x="636" y="1827" width="65" height="34" />
        <cmp x="659" y="1830" width="15" height="14" />
      </word>
      <word id="b06-110-06-02" tag="VBD" text="passed">
        <cmp x="737" y="1819" width="64" height="72" />
        <cmp x="797" y="1824" width="30" height="38" />
        <cmp x="815" y="1819" width="6" height="5" />
        <cmp x="819" y="1792" width="100" height="76" />
      </word>
      <word id="b06-110-06-03" tag="ATI" text="the">
        <cmp x="965" y="1795" width="33" height="66" />
        <cmp x="996" y="1791" width="88" height="87" />
      </word>
      <word id="b06-110-06-04" tag="NP" text="Admiralty">
        <cmp x="1144" y="1791" width="83" height="69" />
        <cmp x="1230" y="1826" width="57" height="39" />
        <cmp x="1295" y="1801" width="12" height="18" />
        <cmp x="1299" y="1831" width="7" height="29" />
        <cmp x="1320" y="1798" width="64" height="72" />
        <cmp x="1346" y="1792" width="7" height="14" />
        <cmp x="1386" y="1828" width="16" height="40" />
        <cmp x="1395" y="1789" width="12" height="13" />
        <cmp x="1405" y="1789" width="72" height="123" />
      </word>
      <word id="b06-110-06-05" tag="NNS" text="exams">
        <cmp x="1536" y="1821" width="79" height="36" />
        <cmp x="1616" y="1814" width="136" height="45" />
      </word>
      <word id="b06-110-06-06" tag="IN" text="for">
        <cmp x="1797" y="1771" width="48" height="102" />
        <cmp x="1844" y="1810" width="40" height="44" />
      </word>
      <word id="b06-110-06-07" tag="NP" text="Rosyth">
        <cmp x="1931" y="1805" width="98" height="62" />
        <cmp x="2034" y="1834" width="34" height="62" />
        <cmp x="2067" y="1795" width="40" height="62" />
        <cmp x="2106" y="1794" width="40" height="69" />
      </word>
      <upper-contour>
        <point x="337" y="1719" />
        <point x="2110" y="1719" />
      </upper-contour>
      <lower-contour>
        <point x="337" y="1898" />
        <point x="995" y="1898" />
      </lower-contour>
    </line>
    <line ass="-242" asx="0" asy="1974" character-width="999" dss="-242" dsx="0" dsy="2081" fd0="12866" fd1="2380" fd2="-1104" filter-width="4" id="b06-110-07" lbs="-131" lbx="0" lby="2038" segmentation="ok" slant="90000" stroke-width="5969" threshold="173" text="dockyard last year." ubs="-463" ubx="0" uby="1997">
      <word id="b06-110-07-00" tag="NN" text="dockyard">
        <cmp x="328" y="1984" width="78" height="58" />
        <cmp x="407" y="1980" width="61" height="63" />
        <cmp x="470" y="2006" width="45" height="78" />
        <cmp x="520" y="1977" width="97" height="67" />
      </word>
      <word id="b06-110-07-01" tag="AP" text="last">
        <cmp x="676" y="1986" width="18" height="63" />
        <cmp x="701" y="1981" width="97" height="66" />
      </word>
      <word id="b06-110-07-02" tag="NN" text="year">
        <cmp x="848" y="2008" width="32" height="73" />
        <cmp x="885" y="1998" width="89" height="44" />
      </word>
      <word id="b06-110-07-03" tag="." text=".">
        <cmp x="987" y="2031" width="8" height="6" />
      </word>
      <upper-contour>
        <point x="337" y="1898" />
        <point x="995" y="1898" />
      </upper-contour>
    </line>
  </handwritten-part>
</form>

