<?xml version="1.0" encoding="ISO-8859-1"?>

<!DOCTYPE form SYSTEM 'http://www.iam.unibe.ch/~fki/iamdb/form-metadata.dtd'>

<form created="2002-01-15" height="3542" id="b06-019" last-modified="2002-07-17" skew="127" status="final" version="3.0_beta" width="2479" writer-id="128">
  <machine-printed-part>
    <machine-print-line text="The process has been too slow for Herr Strauss and last month he attacked Britain for" />
    <machine-print-line text="being an obstacle for West Germany&apos;s plans for a &amp;quot;unified supply apparatus&amp;quot; in Nato." />
    <machine-print-line text="(A supply apparatus which would link together the various West German &amp;quot;facilities.&amp;quot;)" />
    <machine-print-line text="By the end of the year there will be 11 German divisions in Nato compared with four" />
    <machine-print-line text="divisions of British troops." />
  </machine-printed-part>
  <handwritten-part>
    <line ass="8" asx="0" asy="703" character-width="999" dss="8" dsx="0" dsy="849" fd0="12519" fd1="2450" fd2="-1867" filter-width="4" id="b06-019-00" lbs="53" lbx="0" lby="796" segmentation="ok" slant="96000" stroke-width="6071" threshold="183" text="The process has been too slow for Herr" ubs="-81" ubx="0" uby="730">
      <word id="b06-019-00-00" sentence-start="yes" tag="ATI" text="The">
        <cmp x="320" y="704" width="44" height="6" />
        <cmp x="340" y="714" width="11" height="74" />
        <cmp x="368" y="714" width="88" height="79" />
      </word>
      <word id="b06-019-00-01" tag="NN" text="process">
        <cmp x="504" y="733" width="40" height="116" />
        <cmp x="547" y="720" width="80" height="81" />
        <cmp x="630" y="732" width="53" height="73" />
        <cmp x="681" y="729" width="82" height="67" />
        <cmp x="765" y="727" width="38" height="67" />
      </word>
      <word id="b06-019-00-02" tag="HVZ" text="has">
        <cmp x="862" y="706" width="48" height="95" />
        <cmp x="917" y="730" width="40" height="68" />
        <cmp x="956" y="730" width="44" height="72" />
      </word>
      <word id="b06-019-00-03" tag="BEN" text="been">
        <cmp x="1062" y="707" width="45" height="90" />
        <cmp x="1110" y="726" width="176" height="73" />
      </word>
      <word id="b06-019-00-04" tag="QL" text="too">
        <cmp x="1348" y="709" width="39" height="92" />
        <cmp x="1395" y="729" width="41" height="75" />
        <cmp x="1438" y="729" width="42" height="65" />
      </word>
      <word id="b06-019-00-05" tag="JJ" text="slow">
        <cmp x="1533" y="731" width="44" height="65" />
        <cmp x="1583" y="709" width="18" height="86" />
        <cmp x="1603" y="733" width="39" height="60" />
        <cmp x="1646" y="720" width="71" height="70" />
      </word>
      <word id="b06-019-00-06" tag="IN" text="for">
        <cmp x="1772" y="708" width="65" height="120" />
        <cmp x="1847" y="725" width="35" height="74" />
      </word>
      <word id="b06-019-00-07" tag="NPT" text="Herr">
        <cmp x="1935" y="709" width="105" height="97" />
        <cmp x="2047" y="731" width="37" height="70" />
      </word>
      <lower-contour>
        <point x="318" y="848" />
        <point x="1948" y="848" />
      </lower-contour>
    </line>
    <line ass="9" asx="0" asy="885" character-width="999" dss="9" dsx="0" dsy="985" fd0="12841" fd1="2368" fd2="-2389" filter-width="4" id="b06-019-01" lbs="33" lbx="0" lby="975" segmentation="ok" slant="97000" stroke-width="6296" threshold="186" text="Strauss and last month he attacked" ubs="-38" ubx="0" uby="911">
      <word id="b06-019-01-00" tag="NP" text="Strauss">
        <cmp x="313" y="888" width="41" height="93" />
        <cmp x="362" y="892" width="63" height="84" />
        <cmp x="423" y="904" width="183" height="76" />
      </word>
      <word id="b06-019-01-01" tag="CC" text="and">
        <cmp x="659" y="907" width="108" height="71" />
        <cmp x="774" y="898" width="52" height="76" />
      </word>
      <word id="b06-019-01-02" tag="AP" text="last">
        <cmp x="896" y="899" width="15" height="78" />
        <cmp x="908" y="914" width="50" height="59" />
        <cmp x="959" y="910" width="39" height="73" />
        <cmp x="1002" y="892" width="39" height="77" />
      </word>
      <word id="b06-019-01-03" tag="NN" text="month">
        <cmp x="1103" y="915" width="70" height="63" />
        <cmp x="1175" y="913" width="35" height="64" />
        <cmp x="1216" y="913" width="47" height="64" />
        <cmp x="1269" y="888" width="103" height="90" />
      </word>
      <word id="b06-019-01-04" tag="PP3A" text="he">
        <cmp x="1434" y="899" width="121" height="88" />
      </word>
      <word id="b06-019-01-05" tag="VBD" text="attacked">
        <cmp x="1587" y="912" width="51" height="64" />
        <cmp x="1637" y="886" width="36" height="86" />
        <cmp x="1685" y="908" width="42" height="72" />
        <cmp x="1726" y="899" width="90" height="83" />
        <cmp x="1818" y="915" width="49" height="60" />
        <cmp x="1860" y="889" width="87" height="84" />
      </word>
      <upper-contour>
        <point x="318" y="848" />
        <point x="1948" y="848" />
      </upper-contour>
      <lower-contour>
        <point x="311" y="987" />
        <point x="1948" y="987" />
      </lower-contour>
    </line>
    <line ass="-396" asx="0" asy="1047" character-width="999" dss="-396" dsx="0" dsy="1207" fd0="12551" fd1="2394" fd2="-2223" filter-width="4" id="b06-019-02" lbs="-461" lbx="0" lby="1145" segmentation="err" slant="94000" stroke-width="6332" threshold="187" text="Britain for being an obstacle for West Germany&apos;s" ubs="-266" ubx="0" uby="1083">
      <word id="b06-019-02-00" tag="NP" text="Britain">
        <cmp x="303" y="1066" width="51" height="101" />
        <cmp x="354" y="1095" width="31" height="65" />
        <cmp x="384" y="1069" width="8" height="6" />
        <cmp x="401" y="1091" width="12" height="61" />
        <cmp x="411" y="1065" width="37" height="78" />
        <cmp x="453" y="1084" width="109" height="72" />
        <cmp x="488" y="1062" width="6" height="5" />
      </word>
      <word id="b06-019-02-01" tag="IN" text="for">
        <cmp x="614" y="1062" width="58" height="129" />
        <cmp x="677" y="1084" width="35" height="68" />
      </word>
      <word id="b06-019-02-02" tag="BEG" text="being">
        <cmp x="797" y="1069" width="112" height="88" />
        <cmp x="879" y="1067" width="5" height="6" />
        <cmp x="921" y="1093" width="50" height="66" />
        <cmp x="976" y="1089" width="40" height="125" />
      </word>
      <word id="b06-019-02-03" tag="AT" text="an">
        <cmp x="1061" y="1089" width="121" height="84" />
      </word>
      <word id="b06-019-02-04" tag="NN" text="obstacle">
        <cmp x="1250" y="1094" width="51" height="68" />
        <cmp x="1311" y="1074" width="85" height="84" />
        <cmp x="1399" y="1067" width="39" height="87" />
        <cmp x="1437" y="1089" width="46" height="62" />
        <cmp x="1481" y="1078" width="120" height="81" />
      </word>
      <word id="b06-019-02-05" tag="IN" text="for">
        <cmp x="1646" y="1072" width="55" height="119" />
        <cmp x="1709" y="1094" width="37" height="57" />
      </word>
      <word id="b06-019-02-06" tag="NP" text="West">
        <cmp x="1794" y="1064" width="56" height="89" />
        <cmp x="1851" y="1085" width="68" height="73" />
        <cmp x="1920" y="1062" width="36" height="92" />
      </word>
      <word id="b06-019-02-07" tag="NP$" text="Germany&apos;s">
        <cmp x="1995" y="1070" width="186" height="95" />
        <cmp x="2184" y="1091" width="105" height="73" />
        <cmp x="2297" y="1095" width="32" height="108" />
        <cmp x="2322" y="1099" width="49" height="68" />
        <cmp x="2330" y="1074" width="6" height="33" />
      </word>
      <upper-contour>
        <point x="311" y="987" />
        <point x="1948" y="987" />
      </upper-contour>
      <lower-contour>
        <point x="317" y="1214" />
        <point x="2116" y="1214" />
      </lower-contour>
    </line>
    <line ass="-375" asx="0" asy="1224" character-width="999" dss="-375" dsx="0" dsy="1392" fd0="12546" fd1="2380" fd2="-2119" filter-width="4" id="b06-019-03" lbs="-770" lbx="0" lby="1326" segmentation="ok" slant="94000" stroke-width="6410" threshold="186" text="plans for a &amp;quot;unified supply apparatus&amp;quot;" ubs="414" ubx="0" uby="1286">
      <word id="b06-019-03-00" tag="NNS" text="plans">
        <cmp x="319" y="1267" width="45" height="98" />
        <cmp x="368" y="1242" width="20" height="92" />
        <cmp x="385" y="1267" width="111" height="70" />
        <cmp x="496" y="1274" width="38" height="61" />
      </word>
      <word id="b06-019-03-01" tag="IN" text="for">
        <cmp x="601" y="1248" width="63" height="105" />
        <cmp x="671" y="1274" width="36" height="61" />
      </word>
      <word id="b06-019-03-02" tag="AT" text="a">
        <cmp x="760" y="1271" width="69" height="67" />
      </word>
      <word id="b06-019-03-03" tag="*&apos;" text="&quot;">
        <cmp x="890" y="1315" width="7" height="35" />
        <cmp x="909" y="1315" width="8" height="34" />
      </word>
      <word id="b06-019-03-04" tag="JJ" text="unified">
        <cmp x="955" y="1264" width="135" height="76" />
        <cmp x="1062" y="1239" width="7" height="7" />
        <cmp x="1093" y="1247" width="31" height="127" />
        <cmp x="1109" y="1276" width="31" height="63" />
        <cmp x="1124" y="1245" width="6" height="8" />
        <cmp x="1141" y="1272" width="56" height="62" />
        <cmp x="1193" y="1247" width="80" height="97" />
      </word>
      <word id="b06-019-03-05" tag="NN" text="supply">
        <cmp x="1320" y="1270" width="41" height="75" />
        <cmp x="1364" y="1276" width="119" height="124" />
        <cmp x="1490" y="1278" width="43" height="124" />
        <cmp x="1543" y="1250" width="10" height="84" />
        <cmp x="1562" y="1274" width="34" height="103" />
      </word>
      <word id="b06-019-03-06" tag="NN" text="apparatus">
        <cmp x="1643" y="1273" width="49" height="71" />
        <cmp x="1704" y="1268" width="44" height="122" />
        <cmp x="1752" y="1276" width="47" height="116" />
        <cmp x="1804" y="1275" width="131" height="69" />
        <cmp x="1953" y="1258" width="72" height="83" />
        <cmp x="2026" y="1274" width="43" height="68" />
      </word>
      <word id="b06-019-03-07" tag="**&apos;" text="&quot;">
        <cmp x="2088" y="1246" width="6" height="30" />
        <cmp x="2108" y="1239" width="7" height="31" />
      </word>
      <upper-contour>
        <point x="317" y="1214" />
        <point x="2116" y="1214" />
      </upper-contour>
      <lower-contour>
        <point x="317" y="1402" />
        <point x="2116" y="1402" />
      </lower-contour>
    </line>
    <line ass="-94" asx="0" asy="1408" character-width="999" dss="-94" dsx="0" dsy="1583" fd0="12279" fd1="2421" fd2="-2033" filter-width="4" id="b06-019-04" lbs="-77" lbx="0" lby="1515" segmentation="ok" slant="95000" stroke-width="6381" threshold="188" text="in Nato. (A supply apparatus which would" ubs="-127" ubx="0" uby="1454">
      <word id="b06-019-04-00" tag="IN" text="in">
        <cmp x="311" y="1420" width="4" height="8" />
        <cmp x="316" y="1445" width="8" height="66" />
        <cmp x="342" y="1452" width="51" height="68" />
      </word>
      <word id="b06-019-04-01" tag="NP" text="Nato">
        <cmp x="432" y="1423" width="48" height="90" />
        <cmp x="489" y="1422" width="120" height="91" />
      </word>
      <word id="b06-019-04-02" tag="." text=".">
        <cmp x="634" y="1508" width="7" height="7" />
      </word>
      <word id="b06-019-04-03" sentence-start="yes" tag="(" text="(">
        <cmp x="680" y="1411" width="29" height="158" />
      </word>
      <word id="b06-019-04-04" tag="AT" text="A">
        <cmp x="713" y="1425" width="41" height="91" />
      </word>
      <word id="b06-019-04-05" tag="NN" text="supply">
        <cmp x="788" y="1450" width="56" height="73" />
        <cmp x="846" y="1449" width="51" height="74" />
        <cmp x="906" y="1456" width="43" height="110" />
        <cmp x="960" y="1454" width="42" height="107" />
        <cmp x="1003" y="1428" width="18" height="82" />
        <cmp x="1031" y="1454" width="33" height="112" />
      </word>
      <word id="b06-019-04-06" tag="NN" text="apparatus">
        <cmp x="1116" y="1450" width="58" height="69" />
        <cmp x="1182" y="1459" width="43" height="126" />
        <cmp x="1233" y="1453" width="46" height="129" />
        <cmp x="1288" y="1447" width="100" height="74" />
        <cmp x="1387" y="1446" width="53" height="71" />
        <cmp x="1445" y="1438" width="116" height="74" />
      </word>
      <word id="b06-019-04-07" tag="WDT" text="which">
        <cmp x="1622" y="1451" width="55" height="71" />
        <cmp x="1682" y="1432" width="68" height="90" />
        <cmp x="1731" y="1435" width="6" height="9" />
        <cmp x="1755" y="1442" width="98" height="80" />
      </word>
      <word id="b06-019-04-08" tag="MD" text="would">
        <cmp x="1898" y="1450" width="58" height="67" />
        <cmp x="1960" y="1450" width="41" height="75" />
        <cmp x="2008" y="1430" width="71" height="93" />
        <cmp x="2096" y="1428" width="54" height="98" />
      </word>
      <upper-contour>
        <point x="317" y="1402" />
        <point x="2116" y="1402" />
      </upper-contour>
      <lower-contour>
        <point x="320" y="1585" />
        <point x="2046" y="1585" />
      </lower-contour>
    </line>
    <line ass="-108" asx="0" asy="1590" character-width="999" dss="-108" dsx="0" dsy="1790" fd0="12546" fd1="2697" fd2="-1252" filter-width="4" id="b06-019-05" lbs="-81" lbx="0" lby="1693" segmentation="ok" slant="98000" stroke-width="6144" threshold="188" text="link together the various West German" ubs="-160" ubx="0" uby="1625">
      <word id="b06-019-05-00" tag="VB" text="link">
        <cmp x="322" y="1611" width="15" height="83" />
        <cmp x="332" y="1614" width="7" height="7" />
        <cmp x="343" y="1631" width="12" height="62" />
        <cmp x="364" y="1635" width="46" height="70" />
        <cmp x="409" y="1610" width="54" height="93" />
      </word>
      <word id="b06-019-05-01" tag="RB" text="together">
        <cmp x="510" y="1604" width="35" height="95" />
        <cmp x="550" y="1627" width="40" height="67" />
        <cmp x="600" y="1632" width="49" height="160" />
        <cmp x="645" y="1630" width="42" height="61" />
        <cmp x="689" y="1608" width="145" height="85" />
      </word>
      <word id="b06-019-05-02" tag="ATI" text="the">
        <cmp x="906" y="1601" width="127" height="94" />
      </word>
      <word id="b06-019-05-03" tag="JJ" text="various">
        <cmp x="1097" y="1616" width="41" height="78" />
        <cmp x="1139" y="1622" width="95" height="77" />
        <cmp x="1234" y="1593" width="6" height="10" />
        <cmp x="1251" y="1628" width="11" height="61" />
        <cmp x="1266" y="1624" width="44" height="72" />
        <cmp x="1312" y="1625" width="88" height="73" />
      </word>
      <word id="b06-019-05-04" tag="NP" text="West">
        <cmp x="1460" y="1593" width="60" height="103" />
        <cmp x="1521" y="1607" width="109" height="92" />
      </word>
      <word id="b06-019-05-05" tag="JNP" text="German">
        <cmp x="1677" y="1610" width="133" height="92" />
        <cmp x="1823" y="1633" width="75" height="71" />
        <cmp x="1900" y="1628" width="145" height="67" />
      </word>
      <upper-contour>
        <point x="320" y="1585" />
        <point x="2046" y="1585" />
      </upper-contour>
      <lower-contour>
        <point x="326" y="1779" />
        <point x="623" y="1791" />
        <point x="766" y="1705" />
        <point x="2046" y="1705" />
      </lower-contour>
    </line>
    <line ass="295" asx="0" asy="1760" character-width="999" dss="295" dsx="0" dsy="1934" fd0="12547" fd1="2675" fd2="-1578" filter-width="4" id="b06-019-06" lbs="378" lbx="0" lby="1885" segmentation="err" slant="95000" stroke-width="6224" threshold="187" text="&amp;quot;facilities.&amp;quot;) By the end of the year there" ubs="129" ubx="0" uby="1816">
      <word id="b06-019-06-00" tag="*&apos;" text="&quot;">
        <cmp x="328" y="1853" width="5" height="40" />
        <cmp x="343" y="1854" width="8" height="28" />
      </word>
      <word id="b06-019-06-01" tag="NNS" text="facilities">
        <cmp x="362" y="1785" width="41" height="120" />
        <cmp x="410" y="1816" width="49" height="63" />
        <cmp x="462" y="1811" width="67" height="69" />
        <cmp x="502" y="1791" width="7" height="7" />
        <cmp x="543" y="1782" width="16" height="84" />
        <cmp x="562" y="1792" width="9" height="8" />
        <cmp x="575" y="1820" width="11" height="62" />
        <cmp x="607" y="1792" width="50" height="86" />
        <cmp x="662" y="1808" width="87" height="72" />
      </word>
      <word id="b06-019-06-02" tag="." text=".">
        <cmp x="766" y="1772" width="6" height="38" />
        <cmp x="774" y="1872" width="7" height="8" />
      </word>
      <word id="b06-019-06-03" tag="**&apos;" text="&quot;">
        <cmp x="787" y="1771" width="6" height="37" />
      </word>
      <word id="b06-019-06-04" tag=")" text=")">
        <cmp x="822" y="1757" width="43" height="130" />
      </word>
      <word id="b06-019-06-05" sentence-start="yes" tag="IN" text="By">
        <cmp x="895" y="1780" width="50" height="93" />
        <cmp x="961" y="1806" width="31" height="106" />
      </word>
      <word id="b06-019-06-06" tag="ATI" text="the">
        <cmp x="1050" y="1784" width="135" height="97" />
      </word>
      <word id="b06-019-06-07" tag="NN" text="end">
        <cmp x="1230" y="1803" width="109" height="74" />
        <cmp x="1343" y="1781" width="58" height="96" />
      </word>
      <word id="b06-019-06-08" tag="INO" text="of">
        <cmp x="1458" y="1806" width="44" height="65" />
        <cmp x="1510" y="1782" width="36" height="124" />
      </word>
      <word id="b06-019-06-09" tag="ATI" text="the">
        <cmp x="1605" y="1798" width="123" height="77" />
      </word>
      <word id="b06-019-06-10" tag="NN" text="year">
        <cmp x="1763" y="1813" width="38" height="112" />
        <cmp x="1814" y="1803" width="142" height="77" />
      </word>
      <word id="b06-019-06-11" tag="EX" text="there">
        <cmp x="1999" y="1789" width="195" height="98" />
      </word>
      <upper-contour>
        <point x="326" y="1779" />
        <point x="623" y="1791" />
        <point x="766" y="1705" />
        <point x="2046" y="1705" />
      </upper-contour>
      <lower-contour>
        <point x="326" y="1926" />
        <point x="1960" y="1926" />
      </lower-contour>
    </line>
    <line ass="-7" asx="0" asy="1959" character-width="999" dss="-7" dsx="0" dsy="2060" fd0="12472" fd1="2508" fd2="-2149" filter-width="4" id="b06-019-07" lbs="-53" lbx="0" lby="2051" segmentation="ok" slant="95000" stroke-width="6229" threshold="187" text="will be 11 German divisions in Nato" ubs="84" ubx="0" uby="1990">
      <word id="b06-019-07-00" tag="MD" text="will">
        <cmp x="309" y="1987" width="66" height="63" />
        <cmp x="375" y="1965" width="5" height="7" />
        <cmp x="385" y="1986" width="11" height="60" />
        <cmp x="406" y="1968" width="17" height="92" />
        <cmp x="429" y="1962" width="12" height="88" />
      </word>
      <word id="b06-019-07-01" tag="BE" text="be">
        <cmp x="492" y="1967" width="49" height="89" />
        <cmp x="543" y="1991" width="67" height="61" />
      </word>
      <word id="b06-019-07-02" tag="CD" text="11">
        <cmp x="654" y="1971" width="39" height="83" />
        <cmp x="699" y="1973" width="47" height="78" />
      </word>
      <word id="b06-019-07-03" tag="JNP" text="German">
        <cmp x="805" y="1976" width="139" height="82" />
        <cmp x="956" y="1993" width="76" height="65" />
        <cmp x="1041" y="1984" width="116" height="71" />
      </word>
      <word id="b06-019-07-04" tag="NNS" text="divisions">
        <cmp x="1222" y="1960" width="77" height="94" />
        <cmp x="1270" y="1960" width="8" height="7" />
        <cmp x="1306" y="1988" width="34" height="66" />
        <cmp x="1342" y="1966" width="12" height="10" />
        <cmp x="1356" y="1987" width="53" height="75" />
        <cmp x="1414" y="1964" width="8" height="8" />
        <cmp x="1422" y="1983" width="15" height="70" />
        <cmp x="1448" y="1983" width="44" height="66" />
        <cmp x="1501" y="1982" width="90" height="71" />
      </word>
      <word id="b06-019-07-05" tag="IN" text="in">
        <cmp x="1635" y="1974" width="14" height="79" />
        <cmp x="1670" y="1991" width="49" height="66" />
      </word>
      <word id="b06-019-07-06" tag="NP" text="Nato">
        <cmp x="1767" y="1969" width="54" height="86" />
        <cmp x="1828" y="1964" width="131" height="94" />
      </word>
      <upper-contour>
        <point x="326" y="1926" />
        <point x="1960" y="1926" />
      </upper-contour>
      <lower-contour>
        <point x="307" y="2062" />
        <point x="1891" y="2062" />
      </lower-contour>
    </line>
    <line ass="116" asx="0" asy="2145" character-width="999" dss="116" dsx="0" dsy="2278" fd0="12499" fd1="2592" fd2="-2226" filter-width="4" id="b06-019-08" lbs="322" lbx="0" lby="2237" segmentation="ok" slant="96000" stroke-width="6211" threshold="189" text="compared with four divisions of" ubs="-294" ubx="0" uby="2165">
      <word id="b06-019-08-00" tag="VBN" text="compared">
        <cmp x="308" y="2161" width="53" height="70" />
        <cmp x="365" y="2158" width="43" height="75" />
        <cmp x="419" y="2160" width="73" height="70" />
        <cmp x="503" y="2159" width="49" height="118" />
        <cmp x="558" y="2152" width="83" height="84" />
        <cmp x="634" y="2162" width="48" height="69" />
        <cmp x="693" y="2150" width="58" height="87" />
      </word>
      <word id="b06-019-08-01" tag="IN" text="with">
        <cmp x="831" y="2164" width="70" height="69" />
        <cmp x="894" y="2151" width="12" height="10" />
        <cmp x="910" y="2174" width="14" height="57" />
        <cmp x="938" y="2148" width="102" height="95" />
      </word>
      <word id="b06-019-08-02" tag="CD" text="four">
        <cmp x="1095" y="2144" width="64" height="127" />
        <cmp x="1164" y="2154" width="114" height="79" />
      </word>
      <word id="b06-019-08-03" tag="NNS" text="divisions">
        <cmp x="1339" y="2143" width="85" height="91" />
        <cmp x="1406" y="2151" width="8" height="10" />
        <cmp x="1442" y="2170" width="34" height="66" />
        <cmp x="1476" y="2150" width="9" height="9" />
        <cmp x="1491" y="2173" width="6" height="67" />
        <cmp x="1500" y="2150" width="52" height="84" />
        <cmp x="1558" y="2171" width="10" height="62" />
        <cmp x="1585" y="2166" width="38" height="66" />
        <cmp x="1637" y="2164" width="50" height="73" />
        <cmp x="1692" y="2161" width="51" height="81" />
      </word>
      <word id="b06-019-08-04" tag="INO" text="of">
        <cmp x="1808" y="2167" width="35" height="64" />
        <cmp x="1850" y="2144" width="40" height="119" />
      </word>
      <upper-contour>
        <point x="307" y="2062" />
        <point x="1891" y="2062" />
      </upper-contour>
      <lower-contour>
        <point x="306" y="2276" />
        <point x="961" y="2276" />
      </lower-contour>
    </line>
    <line ass="-1091" asx="0" asy="2305" character-width="999" dss="-1091" dsx="0" dsy="2424" fd0="12918" fd1="2856" fd2="-1761" filter-width="4" id="b06-019-09" lbs="-643" lbx="0" lby="2402" segmentation="ok" slant="98000" stroke-width="6295" threshold="186" text="British troops." ubs="-1986" ubx="0" uby="2322">
      <word id="b06-019-09-00" tag="JNP" text="British">
        <cmp x="295" y="2318" width="63" height="104" />
        <cmp x="363" y="2346" width="38" height="62" />
        <cmp x="400" y="2329" width="8" height="8" />
        <cmp x="414" y="2344" width="13" height="67" />
        <cmp x="445" y="2324" width="29" height="85" />
        <cmp x="472" y="2323" width="9" height="7" />
        <cmp x="483" y="2347" width="61" height="71" />
        <cmp x="552" y="2322" width="62" height="85" />
      </word>
      <word id="b06-019-09-01" tag="NNS" text="troops">
        <cmp x="679" y="2318" width="78" height="90" />
        <cmp x="754" y="2340" width="43" height="69" />
        <cmp x="803" y="2349" width="37" height="61" />
        <cmp x="850" y="2343" width="76" height="99" />
      </word>
      <word id="b06-019-09-02" tag="." text=".">
        <cmp x="953" y="2397" width="8" height="8" />
      </word>
      <upper-contour>
        <point x="306" y="2276" />
        <point x="961" y="2276" />
      </upper-contour>
    </line>
  </handwritten-part>
</form>

