<?xml version="1.0" encoding="ISO-8859-1"?>

<!DOCTYPE form SYSTEM 'http://www.iam.unibe.ch/~fki/iamdb/form-metadata.dtd'>

<form created="2002-01-15" height="3542" id="b06-008" last-modified="2002-07-17" skew="63" status="final" version="3.0_beta" width="2479" writer-id="125">
  <machine-printed-part>
    <machine-print-line text="Yesterday West German Defence Minister, Herr Strauss, started talks with the British" />
    <machine-print-line text="Defence Minister, Mr. Watkinson. Their talks are another stage in the cloak oper-" />
    <machine-print-line text="ation, 1961 variety, by which the West German militarists are advancing their rear-" />
    <machine-print-line text="mament. Herr Strauss told the Daily Mail last October that his policy was to make" />
    <machine-print-line text="his country the &amp;quot;strongest militarily in Europe and the United States&apos; principal Nato" />
    <machine-print-line text="ally.&amp;quot;" />
  </machine-printed-part>
  <handwritten-part>
    <line ass="62" asx="0" asy="682" character-width="999" dss="62" dsx="0" dsy="855" fd0="12119" fd1="2220" fd2="-1299" filter-width="4" id="b06-008-00" lbs="106" lbx="0" lby="787" segmentation="ok" slant="86000" stroke-width="6000" threshold="182" text="Yesterday West German Defence Minister," ubs="-25" ubx="0" uby="745">
      <word id="b06-008-00-00" sentence-start="yes" tag="NR" text="Yesterday">
        <cmp x="370" y="710" width="70" height="140" />
        <cmp x="447" y="739" width="27" height="48" />
        <cmp x="477" y="751" width="24" height="37" />
        <cmp x="513" y="699" width="225" height="148" />
      </word>
      <word id="b06-008-00-01" tag="NP" text="West">
        <cmp x="809" y="709" width="73" height="92" />
        <cmp x="866" y="738" width="93" height="63" />
        <cmp x="968" y="711" width="21" height="86" />
      </word>
      <word id="b06-008-00-02" tag="JNP" text="German">
        <cmp x="1065" y="700" width="37" height="87" />
        <cmp x="1093" y="734" width="103" height="57" />
        <cmp x="1195" y="749" width="152" height="39" />
      </word>
      <word id="b06-008-00-03" tag="NN" text="Defence">
        <cmp x="1424" y="704" width="281" height="151" />
      </word>
      <word id="b06-008-00-04" tag="NPT" text="Minister">
        <cmp x="1750" y="681" width="57" height="113" />
        <cmp x="1799" y="724" width="49" height="61" />
        <cmp x="1854" y="725" width="63" height="63" />
        <cmp x="1924" y="714" width="34" height="75" />
        <cmp x="1956" y="708" width="72" height="78" />
      </word>
      <word id="b06-008-00-05" tag="," text=",">
        <cmp x="2040" y="780" width="14" height="44" />
      </word>
      <lower-contour>
        <point x="368" y="856" />
        <point x="2055" y="856" />
      </lower-contour>
    </line>
    <line ass="419" asx="0" asy="871" character-width="999" dss="419" dsx="0" dsy="998" fd0="13144" fd1="2651" fd2="-1216" filter-width="4" id="b06-008-01" lbs="516" lbx="0" lby="979" segmentation="ok" slant="89000" stroke-width="5906" threshold="182" text="Herr Strauss, started talks with the British" ubs="226" ubx="0" uby="932">
      <word id="b06-008-01-00" tag="NPT" text="Herr">
        <cmp x="347" y="868" width="117" height="121" />
        <cmp x="361" y="881" width="18" height="81" />
      </word>
      <word id="b06-008-01-01" tag="NP" text="Strauss">
        <cmp x="565" y="958" width="16" height="22" />
        <cmp x="567" y="868" width="43" height="116" />
        <cmp x="609" y="894" width="227" height="96" />
      </word>
      <word id="b06-008-01-02" tag="," text=",">
        <cmp x="851" y="957" width="10" height="35" />
      </word>
      <word id="b06-008-01-03" tag="VBD" text="started">
        <cmp x="896" y="921" width="36" height="52" />
        <cmp x="946" y="877" width="60" height="94" />
        <cmp x="993" y="934" width="10" height="13" />
        <cmp x="1002" y="884" width="163" height="79" />
      </word>
      <word id="b06-008-01-04" tag="NNS" text="talks">
        <cmp x="1216" y="884" width="95" height="94" />
        <cmp x="1316" y="882" width="29" height="77" />
        <cmp x="1345" y="890" width="80" height="85" />
      </word>
      <word id="b06-008-01-05" tag="IN" text="with">
        <cmp x="1490" y="921" width="66" height="51" />
        <cmp x="1551" y="885" width="78" height="96" />
      </word>
      <word id="b06-008-01-06" tag="ATI" text="the">
        <cmp x="1677" y="869" width="102" height="102" />
      </word>
      <word id="b06-008-01-07" tag="JNP" text="British">
        <cmp x="1847" y="874" width="107" height="84" />
        <cmp x="1940" y="875" width="87" height="95" />
        <cmp x="2020" y="900" width="41" height="65" />
        <cmp x="2069" y="866" width="37" height="100" />
      </word>
      <upper-contour>
        <point x="368" y="856" />
        <point x="2055" y="856" />
      </upper-contour>
      <lower-contour>
        <point x="345" y="992" />
        <point x="2107" y="992" />
      </lower-contour>
    </line>
    <line ass="157" asx="0" asy="1049" character-width="999" dss="157" dsx="0" dsy="1196" fd0="13003" fd1="2736" fd2="-984" filter-width="4" id="b06-008-02" lbs="52" lbx="0" lby="1144" segmentation="ok" slant="81000" stroke-width="5868" threshold="182" text="Defence Minister, Mr. Watkinson. Their talks" ubs="366" ubx="0" uby="1112">
      <word id="b06-008-02-00" tag="NN" text="Defence">
        <cmp x="332" y="1064" width="100" height="88" />
        <cmp x="418" y="1051" width="205" height="145" />
      </word>
      <word id="b06-008-02-01" tag="NPT" text="Minister">
        <cmp x="748" y="1055" width="49" height="98" />
        <cmp x="797" y="1092" width="58" height="53" />
        <cmp x="853" y="1084" width="76" height="67" />
        <cmp x="936" y="1084" width="35" height="70" />
        <cmp x="969" y="1073" width="77" height="78" />
      </word>
      <word id="b06-008-02-02" tag="," text=",">
        <cmp x="1091" y="1128" width="15" height="47" />
      </word>
      <word id="b06-008-02-03" tag="NPT" text="Mr.">
        <cmp x="1167" y="1061" width="85" height="87" />
        <cmp x="1270" y="1134" width="5" height="5" />
      </word>
      <word id="b06-008-02-04" tag="NP" text="Watkinson">
        <cmp x="1326" y="1066" width="58" height="88" />
        <cmp x="1378" y="1055" width="138" height="92" />
        <cmp x="1526" y="1100" width="101" height="46" />
        <cmp x="1535" y="1056" width="9" height="39" />
        <cmp x="1634" y="1097" width="78" height="51" />
      </word>
      <word id="b06-008-02-05" tag="." text=".">
        <cmp x="1742" y="1143" width="9" height="7" />
      </word>
      <word id="b06-008-02-06" sentence-start="yes" tag="PP$" text="Their">
        <cmp x="1777" y="1060" width="144" height="108" />
        <cmp x="1918" y="1077" width="11" height="11" />
        <cmp x="1929" y="1104" width="24" height="43" />
      </word>
      <word id="b06-008-02-07" tag="NNS" text="talks">
        <cmp x="1995" y="1044" width="102" height="100" />
        <cmp x="2100" y="1055" width="77" height="90" />
      </word>
      <upper-contour>
        <point x="345" y="992" />
        <point x="2107" y="992" />
      </upper-contour>
      <lower-contour>
        <point x="339" y="1197" />
        <point x="2099" y="1197" />
      </lower-contour>
    </line>
    <line ass="146" asx="0" asy="1231" character-width="999" dss="146" dsx="0" dsy="1400" fd0="13031" fd1="2452" fd2="-709" filter-width="4" id="b06-008-03" lbs="160" lbx="0" lby="1327" segmentation="ok" slant="87000" stroke-width="5906" threshold="182" text="are another stage in the cloak operation," ubs="119" ubx="0" uby="1283">
      <word id="b06-008-03-00" tag="BER" text="are">
        <cmp x="341" y="1268" width="102" height="60" />
      </word>
      <word id="b06-008-03-01" tag="DT" text="another">
        <cmp x="512" y="1262" width="53" height="64" />
        <cmp x="569" y="1291" width="25" height="32" />
        <cmp x="595" y="1240" width="190" height="94" />
      </word>
      <word id="b06-008-03-02" tag="NN" text="stage">
        <cmp x="853" y="1256" width="40" height="73" />
        <cmp x="901" y="1228" width="128" height="171" />
      </word>
      <word id="b06-008-03-03" tag="IN" text="in">
        <cmp x="1132" y="1269" width="10" height="51" />
        <cmp x="1147" y="1238" width="34" height="82" />
      </word>
      <word id="b06-008-03-04" tag="ATI" text="the">
        <cmp x="1253" y="1236" width="110" height="96" />
      </word>
      <word id="b06-008-03-05" tag="NN" text="cloak">
        <cmp x="1441" y="1236" width="79" height="98" />
        <cmp x="1525" y="1283" width="79" height="38" />
        <cmp x="1620" y="1228" width="32" height="102" />
      </word>
      <word id="b06-008-03-06" tag="NN" text="operation">
        <cmp x="1721" y="1281" width="27" height="39" />
        <cmp x="1747" y="1277" width="141" height="75" />
        <cmp x="1891" y="1248" width="72" height="73" />
        <cmp x="1962" y="1260" width="83" height="54" />
      </word>
      <word id="b06-008-03-07" tag="," text=",">
        <cmp x="2084" y="1312" width="14" height="26" />
      </word>
      <upper-contour>
        <point x="339" y="1197" />
        <point x="2099" y="1197" />
      </upper-contour>
      <lower-contour>
        <point x="339" y="1399" />
        <point x="2099" y="1399" />
      </lower-contour>
    </line>
    <line ass="265" asx="0" asy="1417" character-width="999" dss="265" dsx="0" dsy="1585" fd0="11600" fd1="2215" fd2="-978" filter-width="4" id="b06-008-04" lbs="472" lbx="0" lby="1515" segmentation="ok" slant="87999" stroke-width="6069" threshold="172" text="1961 variety, by which the West German" ubs="-150" ubx="0" uby="1463">
      <word id="b06-008-04-00" tag="CD" text="1961">
        <cmp x="318" y="1432" width="53" height="90" />
        <cmp x="385" y="1430" width="26" height="93" />
        <cmp x="424" y="1424" width="28" height="90" />
        <cmp x="459" y="1430" width="48" height="85" />
      </word>
      <word id="b06-008-04-01" tag="NN" text="variety">
        <cmp x="603" y="1453" width="120" height="51" />
        <cmp x="719" y="1437" width="5" height="6" />
        <cmp x="738" y="1429" width="129" height="151" />
      </word>
      <word id="b06-008-04-02" tag="," text=",">
        <cmp x="911" y="1490" width="10" height="33" />
      </word>
      <word id="b06-008-04-03" tag="IN" text="by">
        <cmp x="955" y="1422" width="114" height="160" />
      </word>
      <word id="b06-008-04-04" tag="WDT" text="which">
        <cmp x="1146" y="1459" width="42" height="59" />
        <cmp x="1193" y="1482" width="24" height="21" />
        <cmp x="1210" y="1412" width="88" height="99" />
        <cmp x="1292" y="1445" width="12" height="9" />
        <cmp x="1305" y="1457" width="34" height="46" />
        <cmp x="1334" y="1411" width="53" height="97" />
      </word>
      <word id="b06-008-04-05" tag="ATI" text="the">
        <cmp x="1448" y="1411" width="101" height="106" />
      </word>
      <word id="b06-008-04-06" tag="NP" text="West">
        <cmp x="1614" y="1430" width="49" height="79" />
        <cmp x="1663" y="1462" width="44" height="48" />
        <cmp x="1709" y="1468" width="39" height="35" />
        <cmp x="1757" y="1421" width="25" height="99" />
      </word>
      <word id="b06-008-04-07" tag="JNP" text="German">
        <cmp x="1851" y="1423" width="142" height="92" />
        <cmp x="1996" y="1468" width="21" height="39" />
        <cmp x="2023" y="1462" width="109" height="41" />
      </word>
      <upper-contour>
        <point x="339" y="1399" />
        <point x="2099" y="1399" />
      </upper-contour>
      <lower-contour>
        <point x="342" y="1582" />
        <point x="2110" y="1582" />
      </lower-contour>
    </line>
    <line ass="57" asx="0" asy="1592" character-width="999" dss="57" dsx="0" dsy="1762" fd0="13212" fd1="2720" fd2="-607" filter-width="4" id="b06-008-05" lbs="70" lbx="0" lby="1682" segmentation="ok" slant="89000" stroke-width="5974" threshold="182" text="militarists are advancing their rearmament." ubs="31" ubx="0" uby="1650">
      <word id="b06-008-05-00" tag="NNS" text="militarists">
        <cmp x="344" y="1624" width="97" height="65" />
        <cmp x="431" y="1604" width="43" height="78" />
        <cmp x="473" y="1643" width="10" height="39" />
        <cmp x="480" y="1601" width="12" height="10" />
        <cmp x="500" y="1604" width="118" height="90" />
        <cmp x="611" y="1619" width="5" height="7" />
        <cmp x="619" y="1635" width="28" height="54" />
        <cmp x="654" y="1599" width="47" height="87" />
      </word>
      <word id="b06-008-05-01" tag="BER" text="are">
        <cmp x="766" y="1640" width="100" height="39" />
      </word>
      <word id="b06-008-05-02" tag="VBG" text="advancing">
        <cmp x="898" y="1611" width="85" height="70" />
        <cmp x="992" y="1639" width="198" height="47" />
        <cmp x="1197" y="1622" width="79" height="140" />
      </word>
      <word id="b06-008-05-03" tag="PP$" text="their">
        <cmp x="1348" y="1591" width="145" height="100" />
        <cmp x="1482" y="1612" width="16" height="16" />
        <cmp x="1509" y="1645" width="19" height="47" />
      </word>
      <word id="b06-008-05-04" tag="NN" text="rearmament">
        <cmp x="1592" y="1641" width="436" height="43" />
        <cmp x="2035" y="1595" width="28" height="101" />
      </word>
      <word id="b06-008-05-05" tag="." text=".">
        <cmp x="2102" y="1681" width="7" height="11" />
      </word>
      <upper-contour>
        <point x="342" y="1582" />
        <point x="2110" y="1582" />
      </upper-contour>
      <lower-contour>
        <point x="342" y="1694" />
        <point x="1248" y="1762" />
        <point x="2110" y="1762" />
      </lower-contour>
    </line>
    <line ass="280" asx="0" asy="1751" character-width="999" dss="280" dsx="0" dsy="1948" fd0="13111" fd1="2591" fd2="-949" filter-width="4" id="b06-008-06" lbs="231" lbx="0" lby="1866" segmentation="ok" slant="86000" stroke-width="5864" threshold="172" text="Herr Strauss told the Daily Mail last October" ubs="376" ubx="0" uby="1822">
      <word id="b06-008-06-00" sentence-start="yes" tag="NPT" text="Herr">
        <cmp x="332" y="1751" width="112" height="114" />
      </word>
      <word id="b06-008-06-01" tag="NP" text="Strauss">
        <cmp x="523" y="1750" width="47" height="116" />
        <cmp x="527" y="1836" width="13" height="30" />
        <cmp x="564" y="1773" width="219" height="100" />
      </word>
      <word id="b06-008-06-02" tag="VBD" text="told">
        <cmp x="841" y="1766" width="54" height="102" />
        <cmp x="896" y="1806" width="7" height="13" />
        <cmp x="902" y="1782" width="59" height="85" />
      </word>
      <word id="b06-008-06-03" tag="ATI" text="the">
        <cmp x="1018" y="1782" width="93" height="87" />
      </word>
      <word id="b06-008-06-04" tag="JJ" text="Daily">
        <cmp x="1176" y="1781" width="116" height="93" />
        <cmp x="1291" y="1778" width="69" height="165" />
      </word>
      <word id="b06-008-06-05" tag="NN" text="Mail">
        <cmp x="1414" y="1788" width="19" height="79" />
        <cmp x="1438" y="1799" width="31" height="59" />
        <cmp x="1475" y="1801" width="94" height="64" />
        <cmp x="1553" y="1780" width="11" height="8" />
        <cmp x="1569" y="1775" width="20" height="89" />
      </word>
      <word id="b06-008-06-06" tag="AP" text="last">
        <cmp x="1684" y="1773" width="111" height="100" />
        <cmp x="1798" y="1782" width="28" height="81" />
      </word>
      <word id="b06-008-06-07" tag="NR" text="October">
        <cmp x="1888" y="1772" width="41" height="96" />
        <cmp x="1921" y="1793" width="13" height="55" />
        <cmp x="1934" y="1813" width="33" height="51" />
        <cmp x="1966" y="1788" width="62" height="70" />
        <cmp x="2045" y="1771" width="101" height="89" />
      </word>
      <upper-contour>
        <point x="342" y="1694" />
        <point x="1248" y="1762" />
        <point x="2110" y="1762" />
      </upper-contour>
      <lower-contour>
        <point x="330" y="1943" />
        <point x="1753" y="1873" />
        <point x="2147" y="1873" />
      </lower-contour>
    </line>
    <line ass="89" asx="0" asy="1946" character-width="999" dss="89" dsx="0" dsy="2115" fd0="13494" fd1="2514" fd2="-501" filter-width="4" id="b06-008-07" lbs="133" lbx="0" lby="2043" segmentation="ok" slant="84000" stroke-width="6074" threshold="182" text="that his policy was to make his country" ubs="2" ubx="0" uby="2003">
      <word id="b06-008-07-00" tag="CS" text="that">
        <cmp x="329" y="1967" width="146" height="83" />
      </word>
      <word id="b06-008-07-01" tag="PP$" text="his">
        <cmp x="547" y="1960" width="27" height="75" />
        <cmp x="574" y="2011" width="50" height="23" />
        <cmp x="629" y="1977" width="42" height="60" />
      </word>
      <word id="b06-008-07-02" tag="NN" text="policy">
        <cmp x="771" y="2003" width="15" height="90" />
        <cmp x="785" y="2007" width="102" height="56" />
        <cmp x="890" y="1969" width="28" height="76" />
        <cmp x="920" y="2004" width="23" height="26" />
        <cmp x="926" y="1963" width="5" height="6" />
        <cmp x="953" y="1987" width="72" height="119" />
      </word>
      <word id="b06-008-07-03" tag="BEDZ" text="was">
        <cmp x="1119" y="1996" width="97" height="44" />
        <cmp x="1218" y="1994" width="39" height="53" />
        <cmp x="1223" y="2036" width="6" height="9" />
      </word>
      <word id="b06-008-07-04" tag="TO" text="to">
        <cmp x="1325" y="1954" width="48" height="102" />
      </word>
      <word id="b06-008-07-05" tag="VB" text="make">
        <cmp x="1438" y="1988" width="118" height="51" />
        <cmp x="1564" y="1953" width="71" height="95" />
      </word>
      <word id="b06-008-07-06" tag="PP$" text="his">
        <cmp x="1738" y="1944" width="56" height="94" />
        <cmp x="1796" y="1974" width="36" height="78" />
      </word>
      <word id="b06-008-07-07" tag="NN" text="country">
        <cmp x="1905" y="1967" width="269" height="145" />
      </word>
      <upper-contour>
        <point x="330" y="1943" />
        <point x="1753" y="1873" />
        <point x="2147" y="1873" />
      </upper-contour>
      <lower-contour>
        <point x="327" y="2113" />
        <point x="2174" y="2113" />
      </lower-contour>
    </line>
    <line ass="-126" asx="0" asy="2128" character-width="999" dss="-126" dsx="0" dsy="2281" fd0="13175" fd1="2516" fd2="-547" filter-width="4" id="b06-008-08" lbs="-134" lbx="0" lby="2215" segmentation="ok" slant="87000" stroke-width="6004" threshold="182" text="the &amp;quot;strongest militarily in Europe and the" ubs="-110" ubx="0" uby="2185">
      <word id="b06-008-08-00" tag="ATI" text="the">
        <cmp x="313" y="2158" width="117" height="76" />
      </word>
      <word id="b06-008-08-01" tag="*&apos;" text="&quot;">
        <cmp x="482" y="2148" width="21" height="27" />
      </word>
      <word id="b06-008-08-02" tag="JJT" text="strongest">
        <cmp x="515" y="2179" width="48" height="44" />
        <cmp x="572" y="2144" width="249" height="140" />
        <cmp x="829" y="2143" width="27" height="81" />
      </word>
      <word id="b06-008-08-03" tag="RB" text="militarily">
        <cmp x="946" y="2168" width="93" height="55" />
        <cmp x="1037" y="2152" width="7" height="6" />
        <cmp x="1054" y="2142" width="49" height="79" />
        <cmp x="1099" y="2154" width="8" height="11" />
        <cmp x="1113" y="2150" width="209" height="130" />
        <cmp x="1227" y="2158" width="6" height="6" />
      </word>
      <word id="b06-008-08-04" tag="IN" text="in">
        <cmp x="1380" y="2153" width="9" height="13" />
        <cmp x="1381" y="2184" width="8" height="42" />
        <cmp x="1399" y="2203" width="38" height="26" />
      </word>
      <word id="b06-008-08-05" tag="NP" text="Europe">
        <cmp x="1498" y="2148" width="50" height="85" />
        <cmp x="1543" y="2187" width="70" height="39" />
        <cmp x="1624" y="2180" width="119" height="88" />
        <cmp x="1730" y="2189" width="69" height="32" />
      </word>
      <word id="b06-008-08-06" tag="CC" text="and">
        <cmp x="1834" y="2142" width="177" height="80" />
      </word>
      <word id="b06-008-08-07" tag="ATI" text="the">
        <cmp x="2048" y="2133" width="125" height="96" />
      </word>
      <upper-contour>
        <point x="327" y="2113" />
        <point x="2174" y="2113" />
      </upper-contour>
      <lower-contour>
        <point x="321" y="2284" />
        <point x="1809" y="2284" />
      </lower-contour>
    </line>
    <line ass="869" asx="0" asy="2312" character-width="999" dss="869" dsx="0" dsy="2475" fd0="13112" fd1="2399" fd2="-989" filter-width="4" id="b06-008-09" lbs="1052" lbx="0" lby="2414" segmentation="ok" slant="85000" stroke-width="6151" threshold="182" text="United States&apos; principal Nato ally.&amp;quot;" ubs="503" ubx="0" uby="2365">
      <word id="b06-008-09-00" tag="NP" text="United">
        <cmp x="323" y="2309" width="29" height="101" />
        <cmp x="349" y="2324" width="97" height="78" />
        <cmp x="436" y="2335" width="20" height="13" />
        <cmp x="453" y="2326" width="99" height="79" />
      </word>
      <word id="b06-008-09-01" tag="NP$" text="States&apos;">
        <cmp x="612" y="2315" width="42" height="91" />
        <cmp x="612" y="2385" width="22" height="24" />
        <cmp x="657" y="2314" width="156" height="98" />
        <cmp x="837" y="2309" width="10" height="47" />
      </word>
      <word id="b06-008-09-02" tag="JJB" text="principal">
        <cmp x="896" y="2351" width="106" height="72" />
        <cmp x="1002" y="2380" width="4" height="5" />
        <cmp x="1011" y="2318" width="8" height="7" />
        <cmp x="1012" y="2360" width="44" height="40" />
        <cmp x="1071" y="2351" width="49" height="46" />
        <cmp x="1123" y="2332" width="12" height="15" />
        <cmp x="1131" y="2312" width="145" height="106" />
      </word>
      <word id="b06-008-09-03" tag="NP" text="Nato">
        <cmp x="1359" y="2308" width="39" height="91" />
        <cmp x="1398" y="2338" width="8" height="34" />
        <cmp x="1406" y="2349" width="52" height="49" />
        <cmp x="1465" y="2315" width="45" height="78" />
      </word>
      <word id="b06-008-09-04" tag="NN" text="ally">
        <cmp x="1575" y="2299" width="92" height="98" />
        <cmp x="1663" y="2314" width="70" height="137" />
      </word>
      <word id="b06-008-09-05" tag="." text=".">
        <cmp x="1752" y="2398" width="7" height="5" />
      </word>
      <word id="b06-008-09-06" tag="**&apos;" text="&quot;">
        <cmp x="1785" y="2305" width="23" height="39" />
      </word>
      <upper-contour>
        <point x="321" y="2284" />
        <point x="1809" y="2284" />
      </upper-contour>
    </line>
  </handwritten-part>
</form>

