<?xml version="1.0" encoding="ISO-8859-1"?>

<!DOCTYPE form SYSTEM 'http://www.iam.unibe.ch/~fki/iamdb/form-metadata.dtd'>

<form created="2002-01-15" height="3542" id="b06-090" last-modified="2002-07-17" skew="0" status="final" version="3.0_beta" width="2479" writer-id="134">
  <machine-printed-part>
    <machine-print-line text="Such a policy would unite the whole movement and lay the basis for the defeat of" />
    <machine-print-line text="the present Tory Government, which has become a real menace to the British people" />
    <machine-print-line text="both in home and foreign policy. It is quite evident that the movement will go on" />
    <machine-print-line text="record against the Polaris base and facilities for German bases and military training." />
  </machine-printed-part>
  <handwritten-part>
    <line ass="-280" asx="0" asy="724" character-width="999" dss="-280" dsx="0" dsy="837" fd0="14444" fd1="2966" fd2="-304" filter-width="3" id="b06-090-00" lbs="-207" lbx="0" lby="786" segmentation="ok" slant="71000" stroke-width="5566" threshold="190" text="Such a policy would unite the whole movement" ubs="-425" ubx="0" uby="756">
      <word id="b06-090-00-00" sentence-start="yes" tag="ABL" text="Such">
        <cmp x="354" y="786" width="30" height="8" />
        <cmp x="363" y="759" width="4" height="3" />
        <cmp x="368" y="762" width="34" height="30" />
        <cmp x="374" y="745" width="4" height="4" />
        <cmp x="379" y="742" width="30" height="6" />
        <cmp x="409" y="746" width="6" height="7" />
        <cmp x="413" y="767" width="37" height="28" />
        <cmp x="460" y="744" width="58" height="48" />
      </word>
      <word id="b06-090-00-01" tag="AT" text="a">
        <cmp x="574" y="759" width="38" height="33" />
      </word>
      <word id="b06-090-00-02" tag="NN" text="policy">
        <cmp x="662" y="759" width="42" height="70" />
        <cmp x="705" y="764" width="27" height="27" />
        <cmp x="736" y="739" width="47" height="50" />
        <cmp x="789" y="744" width="5" height="6" />
        <cmp x="792" y="763" width="28" height="33" />
        <cmp x="800" y="770" width="67" height="72" />
      </word>
      <word id="b06-090-00-03" tag="MD" text="would">
        <cmp x="931" y="759" width="57" height="38" />
        <cmp x="1004" y="761" width="18" height="33" />
        <cmp x="1032" y="746" width="64" height="48" />
        <cmp x="1098" y="743" width="42" height="49" />
      </word>
      <word id="b06-090-00-04" tag="VB" text="unite">
        <cmp x="1196" y="760" width="69" height="29" />
        <cmp x="1273" y="772" width="8" height="19" />
        <cmp x="1288" y="743" width="56" height="55" />
      </word>
      <word id="b06-090-00-05" tag="ATI" text="the">
        <cmp x="1441" y="732" width="75" height="64" />
      </word>
      <word id="b06-090-00-06" tag="JJ" text="whole">
        <cmp x="1603" y="764" width="39" height="29" />
        <cmp x="1650" y="741" width="28" height="50" />
        <cmp x="1691" y="771" width="13" height="20" />
        <cmp x="1710" y="742" width="58" height="55" />
      </word>
      <word id="b06-090-00-07" tag="NN" text="movement">
        <cmp x="1832" y="770" width="45" height="29" />
        <cmp x="1886" y="775" width="17" height="22" />
        <cmp x="1909" y="767" width="44" height="29" />
        <cmp x="1967" y="768" width="47" height="30" />
        <cmp x="2020" y="769" width="57" height="25" />
        <cmp x="2087" y="751" width="37" height="45" />
      </word>
      <lower-contour>
        <point x="355" y="842" />
        <point x="1965" y="842" />
      </lower-contour>
    </line>
    <line ass="21" asx="0" asy="923" character-width="999" dss="21" dsx="0" dsy="1036" fd0="13818" fd1="2811" fd2="-123" filter-width="3" id="b06-090-01" lbs="41" lbx="0" lby="982" segmentation="ok" slant="74000" stroke-width="5622" threshold="189" text="and lay the basis for the defeat of the" ubs="-17" ubx="0" uby="955">
      <word id="b06-090-01-00" tag="CC" text="and">
        <cmp x="357" y="946" width="82" height="33" />
        <cmp x="445" y="937" width="41" height="47" />
      </word>
      <word id="b06-090-01-01" tag="VB" text="lay">
        <cmp x="557" y="928" width="38" height="56" />
        <cmp x="592" y="956" width="26" height="24" />
        <cmp x="625" y="962" width="42" height="55" />
        <cmp x="633" y="964" width="14" height="15" />
      </word>
      <word id="b06-090-01-02" tag="ATI" text="the">
        <cmp x="747" y="924" width="80" height="64" />
      </word>
      <word id="b06-090-01-03" tag="NN" text="basis">
        <cmp x="928" y="929" width="35" height="57" />
        <cmp x="964" y="958" width="23" height="26" />
        <cmp x="994" y="959" width="24" height="26" />
        <cmp x="1022" y="961" width="12" height="24" />
        <cmp x="1036" y="944" width="5" height="6" />
        <cmp x="1043" y="955" width="24" height="31" />
      </word>
      <word id="b06-090-01-04" tag="IN" text="for">
        <cmp x="1149" y="924" width="66" height="113" />
        <cmp x="1204" y="954" width="55" height="34" />
      </word>
      <word id="b06-090-01-05" tag="ATI" text="the">
        <cmp x="1352" y="924" width="25" height="62" />
        <cmp x="1374" y="926" width="58" height="57" />
      </word>
      <word id="b06-090-01-06" tag="NN" text="defeat">
        <cmp x="1505" y="929" width="59" height="56" />
        <cmp x="1561" y="932" width="64" height="101" />
        <cmp x="1628" y="962" width="21" height="21" />
        <cmp x="1665" y="933" width="20" height="55" />
      </word>
      <word id="b06-090-01-07" tag="INO" text="of">
        <cmp x="1733" y="928" width="76" height="100" />
        <cmp x="1745" y="957" width="11" height="8" />
      </word>
      <word id="b06-090-01-08" tag="ATI" text="the">
        <cmp x="1883" y="924" width="81" height="60" />
      </word>
      <upper-contour>
        <point x="355" y="842" />
        <point x="1965" y="842" />
      </upper-contour>
      <lower-contour>
        <point x="365" y="1037" />
        <point x="1965" y="1037" />
      </lower-contour>
    </line>
    <line ass="219" asx="0" asy="1097" character-width="999" dss="219" dsx="0" dsy="1228" fd0="14341" fd1="3167" fd2="-109" filter-width="3" id="b06-090-02" lbs="258" lbx="0" lby="1167" segmentation="ok" slant="65000" stroke-width="5608" threshold="190" text="present Tory Government, which has become a" ubs="141" ubx="0" uby="1139">
      <word id="b06-090-02-00" tag="JJ" text="present">
        <cmp x="367" y="1122" width="94" height="70" />
        <cmp x="467" y="1128" width="27" height="38" />
        <cmp x="504" y="1131" width="61" height="31" />
        <cmp x="578" y="1118" width="26" height="46" />
      </word>
      <word id="b06-090-02-01" tag="NN" text="Tory">
        <cmp x="722" y="1094" width="65" height="72" />
        <cmp x="763" y="1132" width="48" height="29" />
        <cmp x="812" y="1133" width="51" height="67" />
      </word>
      <word id="b06-090-02-02" tag="NN" text="Government">
        <cmp x="953" y="1097" width="80" height="129" />
        <cmp x="1032" y="1144" width="3" height="5" />
        <cmp x="1045" y="1139" width="31" height="31" />
        <cmp x="1077" y="1138" width="43" height="28" />
        <cmp x="1124" y="1135" width="33" height="30" />
        <cmp x="1172" y="1136" width="47" height="27" />
        <cmp x="1225" y="1139" width="53" height="24" />
        <cmp x="1294" y="1117" width="34" height="46" />
      </word>
      <word id="b06-090-02-03" tag="," text=",">
        <cmp x="1356" y="1156" width="10" height="18" />
      </word>
      <word id="b06-090-02-04" tag="WDT" text="which">
        <cmp x="1424" y="1131" width="53" height="32" />
        <cmp x="1484" y="1096" width="34" height="64" />
        <cmp x="1528" y="1142" width="7" height="16" />
        <cmp x="1544" y="1125" width="4" height="6" />
        <cmp x="1544" y="1103" width="61" height="56" />
      </word>
      <word id="b06-090-02-05" tag="HVZ" text="has">
        <cmp x="1682" y="1091" width="52" height="72" />
        <cmp x="1738" y="1135" width="19" height="22" />
        <cmp x="1761" y="1133" width="30" height="29" />
      </word>
      <word id="b06-090-02-06" tag="VBN" text="become">
        <cmp x="1844" y="1099" width="30" height="56" />
        <cmp x="1880" y="1131" width="21" height="26" />
        <cmp x="1905" y="1131" width="23" height="28" />
        <cmp x="1937" y="1138" width="18" height="21" />
        <cmp x="1960" y="1137" width="40" height="24" />
        <cmp x="2008" y="1141" width="21" height="27" />
      </word>
      <word id="b06-090-02-07" tag="AT" text="a">
        <cmp x="2076" y="1131" width="40" height="29" />
      </word>
      <upper-contour>
        <point x="365" y="1037" />
        <point x="1965" y="1037" />
      </upper-contour>
      <lower-contour>
        <point x="365" y="1226" />
        <point x="1965" y="1226" />
      </lower-contour>
    </line>
    <line ass="173" asx="0" asy="1275" character-width="999" dss="173" dsx="0" dsy="1372" fd0="14428" fd1="2721" fd2="-577" filter-width="4" id="b06-090-03" lbs="159" lbx="0" lby="1344" segmentation="ok" slant="64000" stroke-width="5767" threshold="189" text="real menace to the British people both in" ubs="200" ubx="0" uby="1317">
      <word id="b06-090-03-00" tag="JJ" text="real">
        <cmp x="364" y="1311" width="46" height="33" />
        <cmp x="410" y="1313" width="18" height="28" />
        <cmp x="436" y="1288" width="69" height="57" />
      </word>
      <word id="b06-090-03-01" tag="NN" text="menace">
        <cmp x="572" y="1318" width="59" height="31" />
        <cmp x="639" y="1315" width="65" height="29" />
        <cmp x="708" y="1316" width="31" height="29" />
        <cmp x="750" y="1318" width="41" height="27" />
      </word>
      <word id="b06-090-03-02" tag="IN" text="to">
        <cmp x="852" y="1281" width="45" height="70" />
      </word>
      <word id="b06-090-03-03" tag="ATI" text="the">
        <cmp x="941" y="1283" width="93" height="64" />
      </word>
      <word id="b06-090-03-04" tag="JNP" text="British">
        <cmp x="1140" y="1272" width="68" height="67" />
        <cmp x="1194" y="1308" width="49" height="27" />
        <cmp x="1256" y="1291" width="4" height="6" />
        <cmp x="1259" y="1279" width="34" height="60" />
        <cmp x="1282" y="1308" width="11" height="29" />
        <cmp x="1301" y="1297" width="9" height="10" />
        <cmp x="1305" y="1310" width="16" height="24" />
        <cmp x="1323" y="1308" width="5" height="4" />
        <cmp x="1328" y="1272" width="64" height="70" />
      </word>
      <word id="b06-090-03-05" tag="NN" text="people">
        <cmp x="1441" y="1319" width="56" height="50" />
        <cmp x="1497" y="1317" width="26" height="27" />
        <cmp x="1526" y="1319" width="18" height="22" />
        <cmp x="1536" y="1322" width="46" height="42" />
        <cmp x="1580" y="1286" width="57" height="56" />
      </word>
      <word id="b06-090-03-06" tag="ABX" text="both">
        <cmp x="1733" y="1292" width="33" height="46" />
        <cmp x="1767" y="1316" width="18" height="20" />
        <cmp x="1791" y="1288" width="30" height="57" />
        <cmp x="1813" y="1293" width="25" height="48" />
      </word>
      <word id="b06-090-03-07" tag="IN" text="in">
        <cmp x="1921" y="1314" width="11" height="26" />
        <cmp x="1931" y="1310" width="34" height="33" />
        <cmp x="1933" y="1294" width="4" height="5" />
      </word>
      <upper-contour>
        <point x="365" y="1226" />
        <point x="1965" y="1226" />
      </upper-contour>
      <lower-contour>
        <point x="364" y="1369" />
        <point x="1965" y="1369" />
      </lower-contour>
    </line>
    <line ass="323" asx="0" asy="1464" character-width="999" dss="323" dsx="0" dsy="1598" fd0="14374" fd1="3118" fd2="-325" filter-width="3" id="b06-090-04" lbs="341" lbx="0" lby="1527" segmentation="ok" slant="80000" stroke-width="5659" threshold="190" text="home and foreign policy. It is quite evident" ubs="285" ubx="0" uby="1503">
      <word id="b06-090-04-00" tag="NR" text="home">
        <cmp x="366" y="1467" width="31" height="55" />
        <cmp x="407" y="1494" width="15" height="25" />
        <cmp x="429" y="1493" width="37" height="25" />
        <cmp x="475" y="1489" width="24" height="31" />
        <cmp x="493" y="1514" width="3" height="3" />
      </word>
      <word id="b06-090-04-01" tag="CC" text="and">
        <cmp x="573" y="1488" width="68" height="30" />
        <cmp x="652" y="1470" width="45" height="49" />
      </word>
      <word id="b06-090-04-02" tag="JJ" text="foreign">
        <cmp x="773" y="1460" width="62" height="131" />
        <cmp x="832" y="1495" width="54" height="37" />
        <cmp x="889" y="1491" width="42" height="35" />
        <cmp x="935" y="1493" width="62" height="71" />
        <cmp x="937" y="1478" width="6" height="6" />
      </word>
      <word id="b06-090-04-03" tag="NN" text="policy">
        <cmp x="1064" y="1501" width="57" height="59" />
        <cmp x="1128" y="1506" width="17" height="25" />
        <cmp x="1143" y="1476" width="44" height="55" />
        <cmp x="1193" y="1509" width="10" height="21" />
        <cmp x="1209" y="1480" width="9" height="6" />
        <cmp x="1214" y="1500" width="28" height="31" />
        <cmp x="1231" y="1514" width="60" height="53" />
        <cmp x="1246" y="1509" width="23" height="19" />
      </word>
      <word id="b06-090-04-04" tag="." text=".">
        <cmp x="1326" y="1516" width="5" height="5" />
      </word>
      <word id="b06-090-04-05" sentence-start="yes" tag="PP3" text="It">
        <cmp x="1444" y="1471" width="35" height="59" />
        <cmp x="1481" y="1469" width="23" height="55" />
      </word>
      <word id="b06-090-04-06" tag="BEZ" text="is">
        <cmp x="1565" y="1498" width="9" height="24" />
        <cmp x="1577" y="1494" width="21" height="31" />
        <cmp x="1579" y="1479" width="4" height="6" />
      </word>
      <word id="b06-090-04-07" tag="RB" text="quite">
        <cmp x="1684" y="1493" width="47" height="96" />
        <cmp x="1736" y="1496" width="38" height="30" />
        <cmp x="1782" y="1502" width="9" height="19" />
        <cmp x="1801" y="1475" width="47" height="47" />
        <cmp x="1808" y="1476" width="4" height="3" />
      </word>
      <word id="b06-090-04-08" tag="JJ" text="evident">
        <cmp x="1913" y="1486" width="25" height="43" />
        <cmp x="1943" y="1492" width="29" height="31" />
        <cmp x="1969" y="1498" width="11" height="21" />
        <cmp x="1992" y="1474" width="3" height="5" />
        <cmp x="1994" y="1469" width="111" height="55" />
        <cmp x="2113" y="1473" width="31" height="48" />
      </word>
      <upper-contour>
        <point x="364" y="1369" />
        <point x="1965" y="1369" />
      </upper-contour>
      <lower-contour>
        <point x="364" y="1591" />
        <point x="2142" y="1591" />
      </lower-contour>
    </line>
    <line ass="73" asx="0" asy="1634" character-width="999" dss="73" dsx="0" dsy="1753" fd0="14714" fd1="3109" fd2="-104" filter-width="3" id="b06-090-05" lbs="80" lbx="0" lby="1701" segmentation="ok" slant="65000" stroke-width="5664" threshold="188" text="that the movement will go on record against" ubs="58" ubx="0" uby="1675">
      <word id="b06-090-05-00" tag="CS" text="that">
        <cmp x="352" y="1639" width="26" height="73" />
        <cmp x="371" y="1642" width="37" height="59" />
        <cmp x="425" y="1675" width="21" height="18" />
        <cmp x="455" y="1648" width="24" height="50" />
      </word>
      <word id="b06-090-05-01" tag="ATI" text="the">
        <cmp x="607" y="1635" width="24" height="65" />
        <cmp x="622" y="1638" width="43" height="62" />
        <cmp x="669" y="1669" width="24" height="39" />
        <cmp x="692" y="1700" width="3" height="3" />
      </word>
      <word id="b06-090-05-02" tag="NN" text="movement">
        <cmp x="779" y="1671" width="67" height="30" />
        <cmp x="855" y="1674" width="20" height="26" />
        <cmp x="888" y="1667" width="43" height="35" />
        <cmp x="931" y="1678" width="58" height="25" />
        <cmp x="941" y="1674" width="4" height="3" />
        <cmp x="993" y="1673" width="58" height="28" />
        <cmp x="1066" y="1654" width="20" height="42" />
      </word>
      <word id="b06-090-05-03" tag="MD" text="will">
        <cmp x="1168" y="1671" width="45" height="31" />
        <cmp x="1220" y="1674" width="10" height="23" />
        <cmp x="1235" y="1660" width="8" height="7" />
        <cmp x="1238" y="1646" width="75" height="58" />
      </word>
      <word id="b06-090-05-04" tag="VB" text="go">
        <cmp x="1377" y="1674" width="31" height="78" />
        <cmp x="1417" y="1680" width="18" height="26" />
      </word>
      <word id="b06-090-05-05" tag="IN" text="on">
        <cmp x="1501" y="1669" width="69" height="36" />
      </word>
      <word id="b06-090-05-06" tag="NN" text="record">
        <cmp x="1639" y="1669" width="64" height="30" />
        <cmp x="1711" y="1671" width="25" height="30" />
        <cmp x="1750" y="1666" width="58" height="33" />
        <cmp x="1807" y="1648" width="55" height="51" />
      </word>
      <word id="b06-090-05-07" tag="IN" text="against">
        <cmp x="1916" y="1670" width="36" height="27" />
        <cmp x="1950" y="1676" width="34" height="68" />
        <cmp x="1987" y="1678" width="33" height="26" />
        <cmp x="2023" y="1681" width="14" height="23" />
        <cmp x="2041" y="1681" width="24" height="19" />
        <cmp x="2044" y="1661" width="6" height="9" />
        <cmp x="2079" y="1680" width="24" height="27" />
        <cmp x="2109" y="1651" width="32" height="52" />
      </word>
      <upper-contour>
        <point x="364" y="1591" />
        <point x="2142" y="1591" />
      </upper-contour>
      <lower-contour>
        <point x="350" y="1752" />
        <point x="2142" y="1752" />
      </lower-contour>
    </line>
    <line ass="-163" asx="0" asy="1812" character-width="999" dss="-163" dsx="0" dsy="1945" fd0="14376" fd1="2908" fd2="-582" filter-width="3" id="b06-090-06" lbs="-213" lbx="0" lby="1870" segmentation="ok" slant="71000" stroke-width="5665" threshold="189" text="the Polaris base and facilities for German bases" ubs="-62" ubx="0" uby="1852">
      <word id="b06-090-06-00" tag="ATI" text="the">
        <cmp x="337" y="1861" width="4" height="4" />
        <cmp x="337" y="1823" width="23" height="66" />
        <cmp x="358" y="1832" width="70" height="61" />
        <cmp x="375" y="1825" width="4" height="8" />
      </word>
      <word id="b06-090-06-01" tag="NP" text="Polaris">
        <cmp x="529" y="1815" width="49" height="68" />
        <cmp x="569" y="1849" width="21" height="30" />
        <cmp x="598" y="1824" width="37" height="58" />
        <cmp x="638" y="1850" width="58" height="31" />
        <cmp x="697" y="1854" width="3" height="3" />
        <cmp x="703" y="1859" width="8" height="18" />
        <cmp x="714" y="1837" width="15" height="11" />
        <cmp x="721" y="1847" width="24" height="27" />
      </word>
      <word id="b06-090-06-02" tag="NN" text="base">
        <cmp x="833" y="1815" width="64" height="56" />
        <cmp x="902" y="1844" width="26" height="27" />
        <cmp x="931" y="1846" width="21" height="25" />
      </word>
      <word id="b06-090-06-03" tag="CC" text="and">
        <cmp x="1027" y="1846" width="77" height="29" />
        <cmp x="1110" y="1827" width="54" height="48" />
      </word>
      <word id="b06-090-06-04" tag="NNS" text="facilities">
        <cmp x="1214" y="1821" width="70" height="125" />
        <cmp x="1272" y="1857" width="22" height="21" />
        <cmp x="1302" y="1858" width="20" height="26" />
        <cmp x="1327" y="1865" width="9" height="21" />
        <cmp x="1347" y="1835" width="5" height="6" />
        <cmp x="1347" y="1828" width="48" height="57" />
        <cmp x="1404" y="1835" width="7" height="7" />
        <cmp x="1408" y="1827" width="26" height="54" />
        <cmp x="1435" y="1856" width="10" height="21" />
        <cmp x="1449" y="1844" width="11" height="6" />
        <cmp x="1451" y="1850" width="57" height="29" />
      </word>
      <word id="b06-090-06-05" tag="IN" text="for">
        <cmp x="1546" y="1825" width="60" height="126" />
        <cmp x="1608" y="1853" width="61" height="39" />
      </word>
      <word id="b06-090-06-06" tag="JNP" text="German">
        <cmp x="1735" y="1820" width="103" height="114" />
        <cmp x="1841" y="1849" width="78" height="27" />
        <cmp x="1920" y="1856" width="36" height="25" />
      </word>
      <word id="b06-090-06-07" tag="NNS" text="bases">
        <cmp x="2006" y="1821" width="30" height="57" />
        <cmp x="2041" y="1852" width="29" height="23" />
        <cmp x="2073" y="1852" width="25" height="28" />
        <cmp x="2102" y="1852" width="25" height="26" />
        <cmp x="2124" y="1848" width="25" height="26" />
      </word>
      <upper-contour>
        <point x="350" y="1752" />
        <point x="2142" y="1752" />
      </upper-contour>
      <lower-contour>
        <point x="344" y="1893" />
        <point x="1167" y="1893" />
      </lower-contour>
    </line>
    <line ass="206" asx="0" asy="1990" character-width="999" dss="206" dsx="0" dsy="2117" fd0="14406" fd1="3487" fd2="-107" filter-width="4" id="b06-090-07" lbs="163" lbx="0" lby="2057" segmentation="err" slant="68000" stroke-width="5860" threshold="203" text="and military training." ubs="291" ubx="0" uby="2034">
      <word id="b06-090-07-00" tag="CC" text="and">
        <cmp x="346" y="2026" width="72" height="32" />
        <cmp x="424" y="2005" width="53" height="57" />
      </word>
      <word id="b06-090-07-01" tag="JJ" text="military">
        <cmp x="552" y="2025" width="63" height="32" />
        <cmp x="621" y="2033" width="13" height="18" />
        <cmp x="640" y="1995" width="63" height="60" />
        <cmp x="650" y="2012" width="4" height="5" />
        <cmp x="714" y="2008" width="5" height="5" />
        <cmp x="727" y="1997" width="36" height="63" />
        <cmp x="756" y="2029" width="46" height="27" />
        <cmp x="805" y="2037" width="48" height="60" />
        <cmp x="811" y="2036" width="21" height="15" />
      </word>
      <word id="b06-090-07-02" tag="NN" text="training">
        <cmp x="957" y="1988" width="45" height="65" />
        <cmp x="1003" y="2024" width="27" height="27" />
        <cmp x="1036" y="2029" width="10" height="24" />
        <cmp x="1049" y="2006" width="4" height="7" />
        <cmp x="1053" y="2029" width="33" height="26" />
        <cmp x="1094" y="2034" width="11" height="21" />
        <cmp x="1115" y="2031" width="25" height="29" />
      </word>
      <word id="b06-090-07-03" tag="." text=".">
        <cmp x="1131" y="2037" width="36" height="76" />
      </word>
      <upper-contour>
        <point x="344" y="1893" />
        <point x="1167" y="1893" />
      </upper-contour>
    </line>
  </handwritten-part>
</form>

