<?xml version="1.0" encoding="ISO-8859-1"?>

<!DOCTYPE form SYSTEM 'http://www.iam.unibe.ch/~fki/iamdb/form-metadata.dtd'>

<form created="2002-01-15" height="3542" id="b06-059" last-modified="2002-07-17" skew="0" status="final" version="3.0_beta" width="2479" writer-id="130">
  <machine-printed-part>
    <machine-print-line text="It would become easy to become cynical and to despair. And yet, wherever the issues" />
    <machine-print-line text="were put clearly, sections of the movement reaffirmed their original stand. Only where" />
    <machine-print-line text="the issues were posed so as to cause doubt and confusion were positions lost. It is" />
    <machine-print-line text="my view that this immediate confusion hides the fact that the Peace movement is" />
    <machine-print-line text="still advancing and that clarification of the issues can bring a majority to secure the" />
    <machine-print-line text="Scarborough decisions." />
  </machine-printed-part>
  <handwritten-part>
    <line ass="-643" asx="0" asy="699" character-width="999" dss="-643" dsx="0" dsy="837" fd0="14040" fd1="2554" fd2="-911" filter-width="3" id="b06-059-00" lbs="-578" lbx="0" lby="782" segmentation="ok" slant="53000" stroke-width="5665" threshold="182" text="It would become easy to become cynical and" ubs="-774" ubx="0" uby="752">
      <word id="b06-059-00-00" sentence-start="yes" tag="PP3" text="It">
        <cmp x="352" y="735" width="29" height="29" />
        <cmp x="360" y="720" width="58" height="66" />
        <cmp x="381" y="729" width="5" height="6" />
        <cmp x="386" y="722" width="3" height="4" />
      </word>
      <word id="b06-059-00-01" tag="MD" text="would">
        <cmp x="466" y="751" width="56" height="42" />
        <cmp x="524" y="725" width="101" height="68" />
        <cmp x="604" y="727" width="48" height="70" />
      </word>
      <word id="b06-059-00-02" tag="VB" text="become">
        <cmp x="747" y="717" width="55" height="67" />
        <cmp x="787" y="763" width="33" height="31" />
        <cmp x="819" y="765" width="134" height="36" />
        <cmp x="860" y="772" width="15" height="8" />
      </word>
      <word id="b06-059-00-03" tag="JJ" text="easy">
        <cmp x="1056" y="760" width="138" height="91" />
      </word>
      <word id="b06-059-00-04" tag="TO" text="to">
        <cmp x="1280" y="722" width="71" height="75" />
      </word>
      <word id="b06-059-00-05" tag="VB" text="become">
        <cmp x="1450" y="724" width="195" height="76" />
      </word>
      <word id="b06-059-00-06" tag="JJ" text="cynical">
        <cmp x="1738" y="722" width="247" height="108" />
        <cmp x="1883" y="721" width="5" height="6" />
      </word>
      <word id="b06-059-00-07" tag="CC" text="and">
        <cmp x="2027" y="726" width="143" height="81" />
      </word>
      <lower-contour>
        <point x="350" y="851" />
        <point x="2171" y="851" />
      </lower-contour>
    </line>
    <line ass="221" asx="0" asy="870" character-width="999" dss="221" dsx="0" dsy="1023" fd0="14486" fd1="2530" fd2="-329" filter-width="3" id="b06-059-01" lbs="255" lbx="0" lby="979" segmentation="ok" slant="53000" stroke-width="5662" threshold="182" text="to despair. And yet, wherever the issues were put" ubs="155" ubx="0" uby="953">
      <word id="b06-059-01-00" tag="TO" text="to">
        <cmp x="316" y="869" width="84" height="104" />
      </word>
      <word id="b06-059-01-01" tag="VB" text="despair">
        <cmp x="468" y="901" width="229" height="91" />
        <cmp x="648" y="913" width="5" height="5" />
      </word>
      <word id="b06-059-01-02" tag="." text=".">
        <cmp x="721" y="976" width="4" height="4" />
      </word>
      <word id="b06-059-01-03" sentence-start="yes" tag="CC" text="And">
        <cmp x="779" y="901" width="143" height="79" />
      </word>
      <word id="b06-059-01-04" tag="RB" text="yet">
        <cmp x="978" y="897" width="130" height="124" />
      </word>
      <word id="b06-059-01-05" tag="," text=",">
        <cmp x="1116" y="974" width="15" height="21" />
      </word>
      <word id="b06-059-01-06" tag="WRB" text="wherever">
        <cmp x="1187" y="969" width="8" height="6" />
        <cmp x="1195" y="910" width="261" height="72" />
      </word>
      <word id="b06-059-01-07" tag="ATI" text="the">
        <cmp x="1507" y="883" width="103" height="93" />
      </word>
      <word id="b06-059-01-08" tag="NNS" text="issues">
        <cmp x="1696" y="938" width="157" height="33" />
        <cmp x="1744" y="894" width="4" height="5" />
      </word>
      <word id="b06-059-01-09" tag="BED" text="were">
        <cmp x="1911" y="948" width="108" height="29" />
      </word>
      <word id="b06-059-01-10" tag="VBN" text="put">
        <cmp x="2050" y="880" width="161" height="125" />
      </word>
      <upper-contour>
        <point x="350" y="851" />
        <point x="2171" y="851" />
      </upper-contour>
      <lower-contour>
        <point x="314" y="1021" />
        <point x="2062" y="1021" />
      </lower-contour>
    </line>
    <line ass="-155" asx="0" asy="1053" character-width="999" dss="-155" dsx="0" dsy="1188" fd0="14337" fd1="2080" fd2="-863" filter-width="3" id="b06-059-02" lbs="-174" lbx="0" lby="1151" segmentation="ok" slant="56000" stroke-width="5520" threshold="182" text="clearly, sections of the movement reaffirmed their" ubs="-119" ubx="0" uby="1128">
      <word id="b06-059-02-00" tag="RB" text="clearly">
        <cmp x="315" y="1067" width="212" height="124" />
      </word>
      <word id="b06-059-02-01" tag="," text=",">
        <cmp x="530" y="1152" width="14" height="29" />
      </word>
      <word id="b06-059-02-02" tag="NNS" text="sections">
        <cmp x="593" y="1058" width="210" height="97" />
        <cmp x="755" y="1086" width="5" height="4" />
      </word>
      <word id="b06-059-02-03" tag="INO" text="of">
        <cmp x="893" y="1061" width="102" height="129" />
      </word>
      <word id="b06-059-02-04" tag="ATI" text="the">
        <cmp x="1049" y="1077" width="101" height="78" />
      </word>
      <word id="b06-059-02-05" tag="NN" text="movement">
        <cmp x="1221" y="1082" width="282" height="81" />
      </word>
      <word id="b06-059-02-06" tag="VBD" text="reaffirmed">
        <cmp x="1567" y="1058" width="353" height="124" />
      </word>
      <word id="b06-059-02-07" tag="PP$" text="their">
        <cmp x="1912" y="1063" width="149" height="100" />
        <cmp x="2033" y="1109" width="4" height="4" />
      </word>
      <upper-contour>
        <point x="314" y="1021" />
        <point x="2062" y="1021" />
      </upper-contour>
      <lower-contour>
        <point x="320" y="1191" />
        <point x="2062" y="1191" />
      </lower-contour>
    </line>
    <line ass="76" asx="0" asy="1240" character-width="999" dss="76" dsx="0" dsy="1384" fd0="14377" fd1="2424" fd2="-421" filter-width="3" id="b06-059-03" lbs="63" lbx="0" lby="1334" segmentation="ok" slant="55000" stroke-width="5554" threshold="186" text="original stand. Only where the issues were" ubs="103" ubx="0" uby="1314">
      <word id="b06-059-03-00" tag="JJ" text="original">
        <cmp x="322" y="1303" width="74" height="26" />
        <cmp x="389" y="1308" width="103" height="61" />
        <cmp x="414" y="1250" width="5" height="5" />
        <cmp x="475" y="1267" width="5" height="8" />
        <cmp x="492" y="1249" width="85" height="91" />
      </word>
      <word id="b06-059-03-01" tag="NN" text="stand">
        <cmp x="639" y="1328" width="3" height="3" />
        <cmp x="645" y="1240" width="149" height="98" />
        <cmp x="792" y="1252" width="74" height="85" />
      </word>
      <word id="b06-059-03-02" tag="." text=".">
        <cmp x="868" y="1328" width="5" height="7" />
      </word>
      <word id="b06-059-03-03" sentence-start="yes" tag="RB" text="Only">
        <cmp x="947" y="1246" width="170" height="138" />
      </word>
      <word id="b06-059-03-04" tag="WRB" text="where">
        <cmp x="1195" y="1240" width="169" height="92" />
      </word>
      <word id="b06-059-03-05" tag="ATI" text="the">
        <cmp x="1464" y="1248" width="125" height="91" />
      </word>
      <word id="b06-059-03-06" tag="NNS" text="issues">
        <cmp x="1685" y="1297" width="174" height="38" />
        <cmp x="1734" y="1274" width="5" height="6" />
      </word>
      <word id="b06-059-03-07" tag="BED" text="were">
        <cmp x="1938" y="1301" width="137" height="44" />
      </word>
      <upper-contour>
        <point x="320" y="1191" />
        <point x="2062" y="1191" />
      </upper-contour>
      <lower-contour>
        <point x="332" y="1384" />
        <point x="2076" y="1384" />
      </lower-contour>
    </line>
    <line ass="-203" asx="0" asy="1408" character-width="999" dss="-203" dsx="0" dsy="1534" fd0="14219" fd1="2497" fd2="-578" filter-width="3" id="b06-059-04" lbs="-199" lbx="0" lby="1510" segmentation="ok" slant="53000" stroke-width="5614" threshold="182" text="posed so as to cause doubt and confusion" ubs="-209" ubx="0" uby="1482">
      <word id="b06-059-04-00" tag="VBN" text="posed">
        <cmp x="334" y="1470" width="60" height="66" />
        <cmp x="393" y="1427" width="154" height="94" />
      </word>
      <word id="b06-059-04-01" tag="TO31" text="so">
        <cmp x="610" y="1477" width="75" height="34" />
      </word>
      <word id="b06-059-04-02" tag="TO32" text="as">
        <cmp x="768" y="1483" width="70" height="33" />
      </word>
      <word id="b06-059-04-03" tag="TO33" text="to">
        <cmp x="891" y="1427" width="93" height="92" />
      </word>
      <word id="b06-059-04-04" tag="VB" text="cause">
        <cmp x="1088" y="1484" width="159" height="32" />
        <cmp x="1110" y="1480" width="8" height="8" />
      </word>
      <word id="b06-059-04-05" tag="NN" text="doubt">
        <cmp x="1340" y="1414" width="239" height="97" />
      </word>
      <word id="b06-059-04-06" tag="CC" text="and">
        <cmp x="1612" y="1434" width="143" height="81" />
      </word>
      <word id="b06-059-04-07" tag="NN" text="confusion">
        <cmp x="1805" y="1424" width="290" height="105" />
        <cmp x="2063" y="1437" width="5" height="7" />
      </word>
      <upper-contour>
        <point x="332" y="1384" />
        <point x="2076" y="1384" />
      </upper-contour>
      <lower-contour>
        <point x="332" y="1537" />
        <point x="2096" y="1537" />
      </lower-contour>
    </line>
    <line ass="-268" asx="0" asy="1574" character-width="999" dss="-268" dsx="0" dsy="1734" fd0="14236" fd1="2706" fd2="-351" filter-width="4" id="b06-059-05" lbs="-245" lbx="0" lby="1684" segmentation="err" slant="50000" stroke-width="5818" threshold="182" text="were positions lost. It is my view that this" ubs="-314" ubx="0" uby="1659">
      <word id="b06-059-05-00" tag="BED" text="were">
        <cmp x="334" y="1651" width="126" height="37" />
      </word>
      <word id="b06-059-05-01" tag="NNS" text="positions">
        <cmp x="534" y="1606" width="263" height="111" />
        <cmp x="757" y="1619" width="5" height="7" />
        <cmp x="784" y="1667" width="33" height="24" />
      </word>
      <word id="b06-059-05-02" tag="VBN" text="lost">
        <cmp x="916" y="1579" width="156" height="115" />
      </word>
      <word id="b06-059-05-03" tag="." text=".">
        <cmp x="1051" y="1694" width="5" height="5" />
      </word>
      <word id="b06-059-05-04" sentence-start="yes" tag="PP3" text="It">
        <cmp x="1146" y="1614" width="111" height="86" />
      </word>
      <word id="b06-059-05-05" tag="BEZ" text="is">
        <cmp x="1283" y="1666" width="57" height="32" />
      </word>
      <word id="b06-059-05-06" tag="PP$" text="my">
        <cmp x="1405" y="1666" width="119" height="76" />
      </word>
      <word id="b06-059-05-07" tag="NN" text="view">
        <cmp x="1586" y="1661" width="169" height="38" />
        <cmp x="1677" y="1626" width="7" height="6" />
      </word>
      <word id="b06-059-05-08" tag="CS" text="that">
        <cmp x="1789" y="1609" width="198" height="83" />
      </word>
      <word id="b06-059-05-09" tag="DT" text="this">
        <cmp x="2005" y="1608" width="111" height="97" />
      </word>
      <upper-contour>
        <point x="332" y="1537" />
        <point x="2096" y="1537" />
      </upper-contour>
      <lower-contour>
        <point x="334" y="1742" />
        <point x="2076" y="1742" />
      </lower-contour>
    </line>
    <line ass="255" asx="0" asy="1782" character-width="999" dss="255" dsx="0" dsy="1902" fd0="14486" fd1="2423" fd2="-1004" filter-width="4" id="b06-059-06" lbs="373" lbx="0" lby="1877" segmentation="ok" slant="52000" stroke-width="5879" threshold="182" text="immediate confusion hides the fact that the" ubs="19" ubx="0" uby="1840">
      <word id="b06-059-06-00" tag="JJ" text="immediate">
        <cmp x="336" y="1811" width="193" height="66" />
        <cmp x="364" y="1781" width="4" height="9" />
        <cmp x="538" y="1822" width="4" height="5" />
        <cmp x="545" y="1790" width="93" height="87" />
      </word>
      <word id="b06-059-06-01" tag="NN" text="confusion">
        <cmp x="735" y="1779" width="263" height="112" />
      </word>
      <word id="b06-059-06-02" tag="VBZ" text="hides">
        <cmp x="1104" y="1780" width="164" height="94" />
        <cmp x="1200" y="1784" width="6" height="5" />
      </word>
      <word id="b06-059-06-03" tag="ATI" text="the">
        <cmp x="1333" y="1784" width="120" height="86" />
      </word>
      <word id="b06-059-06-04" tag="NN" text="fact">
        <cmp x="1525" y="1777" width="105" height="120" />
        <cmp x="1535" y="1786" width="164" height="102" />
      </word>
      <word id="b06-059-06-05" tag="CS" text="that">
        <cmp x="1748" y="1791" width="100" height="83" />
        <cmp x="1783" y="1777" width="161" height="91" />
      </word>
      <word id="b06-059-06-06" tag="ATI" text="the">
        <cmp x="1968" y="1778" width="107" height="89" />
      </word>
      <upper-contour>
        <point x="334" y="1742" />
        <point x="2076" y="1742" />
      </upper-contour>
      <lower-contour>
        <point x="334" y="1898" />
        <point x="2055" y="1898" />
      </lower-contour>
    </line>
    <line ass="-710" asx="0" asy="1933" character-width="999" dss="-710" dsx="0" dsy="2085" fd0="14219" fd1="2457" fd2="-906" filter-width="4" id="b06-059-07" lbs="-659" lbx="0" lby="2031" segmentation="ok" slant="50000" stroke-width="6012" threshold="182" text="Peace movement is still advancing and that" ubs="-811" ubx="0" uby="2004">
      <word id="b06-059-07-00" tag="NN" text="Peace">
        <cmp x="319" y="1938" width="69" height="110" />
        <cmp x="333" y="2001" width="157" height="47" />
        <cmp x="337" y="1954" width="8" height="11" />
      </word>
      <word id="b06-059-07-01" tag="NN" text="movement">
        <cmp x="570" y="1962" width="291" height="89" />
      </word>
      <word id="b06-059-07-02" tag="BEZ" text="is">
        <cmp x="908" y="2018" width="67" height="26" />
        <cmp x="946" y="1971" width="5" height="9" />
      </word>
      <word id="b06-059-07-03" tag="RB" text="still">
        <cmp x="1045" y="1959" width="181" height="97" />
      </word>
      <word id="b06-059-07-04" tag="VBG" text="advancing">
        <cmp x="1285" y="1985" width="328" height="121" />
        <cmp x="1530" y="1992" width="7" height="6" />
      </word>
      <word id="b06-059-07-05" tag="CC" text="and">
        <cmp x="1672" y="1959" width="181" height="105" />
      </word>
      <word id="b06-059-07-06" tag="DT" text="that">
        <cmp x="1843" y="1968" width="211" height="101" />
        <cmp x="1961" y="2029" width="10" height="6" />
      </word>
      <upper-contour>
        <point x="334" y="1898" />
        <point x="2055" y="1898" />
      </upper-contour>
      <lower-contour>
        <point x="329" y="2106" />
        <point x="2001" y="2106" />
      </lower-contour>
    </line>
    <line ass="-572" asx="0" asy="2131" character-width="999" dss="-572" dsx="0" dsy="2257" fd0="14094" fd1="2473" fd2="-796" filter-width="4" id="b06-059-08" lbs="-547" lbx="0" lby="2217" segmentation="ok" slant="51000" stroke-width="5768" threshold="182" text="clarification of the issues can bring a" ubs="-621" ubx="0" uby="2196">
      <word id="b06-059-08-00" tag="NN" text="clarification">
        <cmp x="331" y="2138" width="228" height="97" />
        <cmp x="494" y="2139" width="5" height="8" />
        <cmp x="498" y="2221" width="4" height="4" />
        <cmp x="503" y="2193" width="51" height="29" />
        <cmp x="560" y="2162" width="147" height="73" />
        <cmp x="576" y="2148" width="6" height="5" />
        <cmp x="677" y="2158" width="4" height="7" />
      </word>
      <word id="b06-059-08-01" tag="INO" text="of">
        <cmp x="807" y="2146" width="101" height="98" />
      </word>
      <word id="b06-059-08-02" tag="ATI" text="the">
        <cmp x="972" y="2154" width="109" height="73" />
      </word>
      <word id="b06-059-08-03" tag="NNS" text="issues">
        <cmp x="1189" y="2193" width="172" height="38" />
        <cmp x="1252" y="2144" width="4" height="8" />
      </word>
      <word id="b06-059-08-04" tag="MD" text="can">
        <cmp x="1472" y="2195" width="111" height="38" />
      </word>
      <word id="b06-059-08-05" tag="VB" text="bring">
        <cmp x="1654" y="2156" width="168" height="78" />
        <cmp x="1778" y="2218" width="69" height="58" />
      </word>
      <word id="b06-059-08-06" tag="AT" text="a">
        <cmp x="1948" y="2198" width="52" height="41" />
      </word>
      <upper-contour>
        <point x="329" y="2106" />
        <point x="2001" y="2106" />
      </upper-contour>
      <lower-contour>
        <point x="329" y="2277" />
        <point x="1977" y="2277" />
      </lower-contour>
    </line>
    <line ass="32" asx="0" asy="2324" character-width="999" dss="32" dsx="0" dsy="2443" fd0="13780" fd1="2575" fd2="-1053" filter-width="4" id="b06-059-09" lbs="-30" lbx="0" lby="2402" segmentation="ok" slant="48000" stroke-width="5988" threshold="182" text="majority to # secure the Scarborough" ubs="157" ubx="0" uby="2381">
      <word id="b06-059-09-00" tag="NN" text="majority">
        <cmp x="328" y="2330" width="285" height="112" />
        <cmp x="462" y="2330" width="4" height="9" />
      </word>
      <word id="b06-059-09-01" tag="TO" text="to">
        <cmp x="699" y="2324" width="91" height="75" />
      </word>
      <word id="b06-059-09-02" tag="&amp;GA" text="#">
        <cmp x="864" y="2341" width="55" height="67" />
      </word>
      <word id="b06-059-09-03" tag="VB" text="secure">
        <cmp x="973" y="2368" width="212" height="41" />
      </word>
      <word id="b06-059-09-04" tag="ATI" text="the">
        <cmp x="1258" y="2327" width="123" height="82" />
        <cmp x="1296" y="2387" width="4" height="7" />
      </word>
      <word id="b06-059-09-05" tag="NP" text="Scarborough">
        <cmp x="1499" y="2329" width="477" height="114" />
      </word>
      <upper-contour>
        <point x="329" y="2277" />
        <point x="1977" y="2277" />
      </upper-contour>
      <lower-contour>
        <point x="334" y="2442" />
        <point x="618" y="2442" />
      </lower-contour>
    </line>
    <line ass="-2931" asx="0" asy="2474" character-width="999" dss="-2931" dsx="0" dsy="2565" fd0="14256" fd1="3141" fd2="-416" filter-width="4" id="b06-059-10" lbs="-2833" lbx="0" lby="2561" segmentation="err" slant="55000" stroke-width="5773" threshold="182" text="decisions." ubs="-3127" ubx="0" uby="2532">
      <word id="b06-059-10-00" tag="NNS" text="decisions">
        <cmp x="336" y="2502" width="176" height="83" />
        <cmp x="469" y="2500" width="5" height="4" />
        <cmp x="511" y="2560" width="106" height="35" />
      </word>
      <word id="b06-059-10-01" tag="." text=".">
        <cmp x="529" y="2514" width="4" height="4" />
      </word>
      <upper-contour>
        <point x="334" y="2442" />
        <point x="618" y="2442" />
      </upper-contour>
    </line>
  </handwritten-part>
</form>

