<?xml version="1.0" encoding="ISO-8859-1"?>

<!DOCTYPE form SYSTEM 'http://www.iam.unibe.ch/~fki/iamdb/form-metadata.dtd'>

<form created="2002-01-15" height="3542" id="b06-082" last-modified="2002-07-17" skew="286" status="final" version="3.0_beta" width="2479" writer-id="132">
  <machine-printed-part>
    <machine-print-line text="The statement of Padley and Crossman is no different in principle to the new defence" />
    <machine-print-line text="statement. They accept American nuclear bases, and also the use of nuclear weapons" />
    <machine-print-line text="and nuclear strategy until some future date. They deceive the people by their talk" />
    <machine-print-line text="of political and collective control of Nato. The Pentagon has made it perfectly clear" />
    <machine-print-line text="who controls the American H-bomb, and who will actually give the instructions to" />
    <machine-print-line text="press the button for nuclear warfare." />
  </machine-printed-part>
  <handwritten-part>
    <line ass="-51" asx="0" asy="702" character-width="999" dss="-51" dsx="0" dsy="862" fd0="14549" fd1="2580" fd2="-1393" filter-width="3" id="b06-082-00" lbs="-23" lbx="0" lby="789" segmentation="ok" slant="57000" stroke-width="5325" threshold="178" text="The statement of Padley and Crossman is no" ubs="-109" ubx="0" uby="752">
      <word id="b06-082-00-00" sentence-start="yes" tag="ATI" text="The">
        <cmp x="348" y="725" width="117" height="78" />
      </word>
      <word id="b06-082-00-01" tag="NN" text="statement">
        <cmp x="505" y="754" width="59" height="44" />
        <cmp x="563" y="705" width="54" height="87" />
        <cmp x="588" y="703" width="292" height="91" />
      </word>
      <word id="b06-082-00-02" tag="INO" text="of">
        <cmp x="903" y="703" width="106" height="124" />
      </word>
      <word id="b06-082-00-03" tag="NP" text="Padley">
        <cmp x="1034" y="706" width="80" height="97" />
        <cmp x="1066" y="751" width="51" height="51" />
        <cmp x="1114" y="718" width="146" height="147" />
      </word>
      <word id="b06-082-00-04" tag="CC" text="and">
        <cmp x="1281" y="738" width="87" height="61" />
        <cmp x="1359" y="720" width="76" height="81" />
      </word>
      <word id="b06-082-00-05" tag="NP" text="Crossman">
        <cmp x="1445" y="714" width="110" height="95" />
        <cmp x="1548" y="756" width="229" height="48" />
      </word>
      <word id="b06-082-00-06" tag="BEZ" text="is">
        <cmp x="1802" y="742" width="95" height="57" />
        <cmp x="1884" y="710" width="9" height="13" />
      </word>
      <word id="b06-082-00-07" tag="RB" text="no">
        <cmp x="1912" y="751" width="61" height="46" />
        <cmp x="1945" y="751" width="62" height="41" />
      </word>
      <lower-contour>
        <point x="346" y="865" />
        <point x="1676" y="801" />
        <point x="2008" y="801" />
      </lower-contour>
    </line>
    <line ass="471" asx="0" asy="866" character-width="999" dss="471" dsx="0" dsy="1019" fd0="14623" fd1="2561" fd2="-1696" filter-width="3" id="b06-082-01" lbs="510" lbx="0" lby="980" segmentation="ok" slant="56000" stroke-width="5463" threshold="174" text="different in principle to the new defence statement." ubs="392" ubx="0" uby="949">
      <word id="b06-082-01-00" tag="JJ" text="different">
        <cmp x="337" y="869" width="300" height="144" />
        <cmp x="438" y="894" width="8" height="11" />
      </word>
      <word id="b06-082-01-01" tag="IN" text="in">
        <cmp x="632" y="927" width="98" height="57" />
        <cmp x="709" y="876" width="12" height="15" />
      </word>
      <word id="b06-082-01-02" tag="NN" text="principle">
        <cmp x="732" y="928" width="171" height="84" />
        <cmp x="879" y="879" width="8" height="16" />
        <cmp x="900" y="930" width="61" height="42" />
        <cmp x="941" y="901" width="115" height="95" />
        <cmp x="967" y="894" width="6" height="19" />
      </word>
      <word id="b06-082-01-03" tag="IN" text="to">
        <cmp x="1116" y="881" width="60" height="94" />
      </word>
      <word id="b06-082-01-04" tag="ATI" text="the">
        <cmp x="1235" y="876" width="86" height="102" />
      </word>
      <word id="b06-082-01-05" tag="JJ" text="new">
        <cmp x="1356" y="920" width="126" height="53" />
      </word>
      <word id="b06-082-01-06" tag="NN" text="defence">
        <cmp x="1511" y="854" width="178" height="154" />
        <cmp x="1591" y="925" width="12" height="11" />
        <cmp x="1662" y="945" width="20" height="17" />
        <cmp x="1683" y="919" width="70" height="45" />
      </word>
      <word id="b06-082-01-07" tag="NN" text="statement">
        <cmp x="1770" y="923" width="79" height="53" />
        <cmp x="1851" y="869" width="212" height="105" />
        <cmp x="2054" y="893" width="115" height="76" />
      </word>
      <word id="b06-082-01-08" tag="." text=".">
        <cmp x="2173" y="957" width="9" height="19" />
      </word>
      <upper-contour>
        <point x="346" y="865" />
        <point x="1676" y="801" />
        <point x="2008" y="801" />
      </upper-contour>
      <lower-contour>
        <point x="343" y="1012" />
        <point x="2116" y="1012" />
      </lower-contour>
    </line>
    <line ass="89" asx="0" asy="1052" character-width="999" dss="89" dsx="0" dsy="1223" fd0="14616" fd1="2627" fd2="-1838" filter-width="3" id="b06-082-02" lbs="76" lbx="0" lby="1148" segmentation="ok" slant="53000" stroke-width="5489" threshold="177" text="They accept American nuclear bases, and also" ubs="116" ubx="0" uby="1117">
      <word id="b06-082-02-00" sentence-start="yes" tag="PP3AS" text="They">
        <cmp x="345" y="1082" width="86" height="85" />
        <cmp x="390" y="1072" width="129" height="151" />
      </word>
      <word id="b06-082-02-01" tag="VB" text="accept">
        <cmp x="557" y="1093" width="57" height="64" />
        <cmp x="595" y="1139" width="6" height="5" />
        <cmp x="600" y="1072" width="203" height="111" />
      </word>
      <word id="b06-082-02-02" tag="JNP" text="American">
        <cmp x="827" y="1058" width="124" height="101" />
        <cmp x="925" y="1100" width="112" height="46" />
        <cmp x="1032" y="1097" width="113" height="54" />
        <cmp x="1048" y="1054" width="5" height="14" />
      </word>
      <word id="b06-082-02-03" tag="JJ" text="nuclear">
        <cmp x="1206" y="1105" width="98" height="57" />
        <cmp x="1300" y="1071" width="92" height="80" />
        <cmp x="1377" y="1112" width="109" height="43" />
      </word>
      <word id="b06-082-02-04" tag="NNS" text="bases">
        <cmp x="1512" y="1050" width="198" height="101" />
      </word>
      <word id="b06-082-02-05" tag="," text=",">
        <cmp x="1681" y="1132" width="51" height="66" />
      </word>
      <word id="b06-082-02-06" tag="CC" text="and">
        <cmp x="1763" y="1104" width="104" height="52" />
        <cmp x="1857" y="1077" width="85" height="69" />
      </word>
      <word id="b06-082-02-07" tag="RB" text="also">
        <cmp x="1952" y="1067" width="118" height="77" />
        <cmp x="2064" y="1106" width="51" height="43" />
      </word>
      <upper-contour>
        <point x="343" y="1012" />
        <point x="2116" y="1012" />
      </upper-contour>
      <lower-contour>
        <point x="359" y="1222" />
        <point x="2105" y="1222" />
      </lower-contour>
    </line>
    <line ass="185" asx="0" asy="1236" character-width="999" dss="185" dsx="0" dsy="1392" fd0="14606" fd1="2626" fd2="-2090" filter-width="3" id="b06-082-03" lbs="53" lbx="0" lby="1324" segmentation="ok" slant="53000" stroke-width="5458" threshold="176" text="the use of nuclear weapons and nuclear strategy" ubs="450" ubx="0" uby="1300">
      <word id="b06-082-03-00" tag="ATI" text="the">
        <cmp x="361" y="1239" width="98" height="95" />
      </word>
      <word id="b06-082-03-01" tag="NN" text="use">
        <cmp x="503" y="1277" width="109" height="57" />
      </word>
      <word id="b06-082-03-02" tag="INO" text="of">
        <cmp x="645" y="1234" width="148" height="149" />
      </word>
      <word id="b06-082-03-03" tag="JJ" text="nuclear">
        <cmp x="771" y="1257" width="167" height="71" />
        <cmp x="925" y="1286" width="95" height="41" />
      </word>
      <word id="b06-082-03-04" tag="NNS" text="weapons">
        <cmp x="1038" y="1275" width="277" height="89" />
        <cmp x="1310" y="1294" width="29" height="28" />
      </word>
      <word id="b06-082-03-05" tag="CC" text="and">
        <cmp x="1367" y="1257" width="159" height="76" />
      </word>
      <word id="b06-082-03-06" tag="JJ" text="nuclear">
        <cmp x="1537" y="1246" width="182" height="81" />
        <cmp x="1707" y="1288" width="45" height="38" />
        <cmp x="1750" y="1297" width="44" height="31" />
      </word>
      <word id="b06-082-03-07" tag="NN" text="strategy">
        <cmp x="1805" y="1234" width="246" height="103" />
        <cmp x="1990" y="1288" width="114" height="100" />
      </word>
      <upper-contour>
        <point x="359" y="1222" />
        <point x="2105" y="1222" />
      </upper-contour>
      <lower-contour>
        <point x="359" y="1391" />
        <point x="2105" y="1391" />
      </lower-contour>
    </line>
    <line ass="348" asx="0" asy="1409" character-width="999" dss="348" dsx="0" dsy="1600" fd0="14525" fd1="2711" fd2="-928" filter-width="3" id="b06-082-04" lbs="323" lbx="0" lby="1514" segmentation="ok" slant="54000" stroke-width="5491" threshold="174" text="until some future date. They deceive the people" ubs="397" ubx="0" uby="1482">
      <word id="b06-082-04-00" tag="IN" text="until">
        <cmp x="350" y="1424" width="160" height="99" />
        <cmp x="507" y="1414" width="69" height="106" />
        <cmp x="518" y="1423" width="10" height="9" />
      </word>
      <word id="b06-082-04-01" tag="DTI" text="some">
        <cmp x="553" y="1469" width="190" height="55" />
      </word>
      <word id="b06-082-04-02" tag="JJB" text="future">
        <cmp x="778" y="1402" width="243" height="156" />
      </word>
      <word id="b06-082-04-03" tag="NN" text="date">
        <cmp x="1069" y="1433" width="87" height="80" />
        <cmp x="1120" y="1470" width="45" height="39" />
        <cmp x="1159" y="1410" width="82" height="96" />
      </word>
      <word id="b06-082-04-04" tag="." text=".">
        <cmp x="1263" y="1495" width="5" height="8" />
      </word>
      <word id="b06-082-04-05" sentence-start="yes" tag="PP3AS" text="They">
        <cmp x="1318" y="1412" width="178" height="181" />
      </word>
      <word id="b06-082-04-06" tag="VB" text="deceive">
        <cmp x="1540" y="1431" width="158" height="78" />
        <cmp x="1666" y="1462" width="13" height="10" />
        <cmp x="1696" y="1460" width="69" height="47" />
        <cmp x="1718" y="1408" width="10" height="23" />
      </word>
      <word id="b06-082-04-07" tag="ATI" text="the">
        <cmp x="1816" y="1400" width="101" height="101" />
      </word>
      <word id="b06-082-04-08" tag="NNS" text="people">
        <cmp x="1910" y="1457" width="108" height="86" />
        <cmp x="2008" y="1427" width="153" height="102" />
      </word>
      <upper-contour>
        <point x="359" y="1391" />
        <point x="2105" y="1391" />
      </upper-contour>
      <lower-contour>
        <point x="348" y="1557" />
        <point x="1383" y="1593" />
        <point x="2162" y="1593" />
      </lower-contour>
    </line>
    <line ass="91" asx="0" asy="1583" character-width="999" dss="91" dsx="0" dsy="1748" fd0="14195" fd1="1585" fd2="-1993" filter-width="3" id="b06-082-05" lbs="132" lbx="0" lby="1682" segmentation="ok" slant="57000" stroke-width="5494" threshold="172" text="by their talk of political and collective control" ubs="7" ubx="0" uby="1646">
      <word id="b06-082-05-00" tag="IN" text="by">
        <cmp x="329" y="1583" width="117" height="164" />
        <cmp x="416" y="1593" width="3" height="4" />
      </word>
      <word id="b06-082-05-01" tag="PP$" text="their">
        <cmp x="518" y="1584" width="171" height="102" />
        <cmp x="645" y="1588" width="15" height="31" />
      </word>
      <word id="b06-082-05-02" tag="NN" text="talk">
        <cmp x="731" y="1583" width="165" height="106" />
      </word>
      <word id="b06-082-05-03" tag="INO" text="of">
        <cmp x="915" y="1583" width="128" height="147" />
      </word>
      <word id="b06-082-05-04" tag="JJ" text="political">
        <cmp x="1037" y="1610" width="156" height="113" />
        <cmp x="1169" y="1646" width="30" height="38" />
        <cmp x="1200" y="1593" width="66" height="94" />
        <cmp x="1212" y="1603" width="15" height="10" />
        <cmp x="1249" y="1612" width="128" height="74" />
        <cmp x="1269" y="1602" width="7" height="23" />
      </word>
      <word id="b06-082-05-05" tag="CC" text="and">
        <cmp x="1397" y="1610" width="163" height="81" />
      </word>
      <word id="b06-082-05-06" tag="JJ" text="collective">
        <cmp x="1582" y="1637" width="58" height="49" />
        <cmp x="1628" y="1593" width="214" height="100" />
        <cmp x="1831" y="1633" width="77" height="55" />
        <cmp x="1840" y="1608" width="5" height="14" />
      </word>
      <word id="b06-082-05-07" tag="NN" text="control">
        <cmp x="1961" y="1626" width="52" height="55" />
        <cmp x="1998" y="1637" width="85" height="50" />
        <cmp x="2058" y="1600" width="166" height="95" />
      </word>
      <upper-contour>
        <point x="348" y="1557" />
        <point x="1383" y="1593" />
        <point x="2162" y="1593" />
      </upper-contour>
      <lower-contour>
        <point x="350" y="1746" />
        <point x="2080" y="1746" />
      </lower-contour>
    </line>
    <line ass="11" asx="0" asy="1763" character-width="999" dss="11" dsx="0" dsy="1955" fd0="14497" fd1="2674" fd2="-1191" filter-width="3" id="b06-082-06" lbs="-61" lbx="0" lby="1870" segmentation="ok" slant="54000" stroke-width="5600" threshold="174" text="of Nato. The Pentagon has made it perfectly" ubs="157" ubx="0" uby="1837">
      <word id="b06-082-06-00" tag="INO" text="of">
        <cmp x="352" y="1767" width="116" height="143" />
      </word>
      <word id="b06-082-06-01" tag="NP" text="Nato">
        <cmp x="467" y="1764" width="101" height="105" />
        <cmp x="527" y="1770" width="136" height="104" />
      </word>
      <word id="b06-082-06-02" tag="." text=".">
        <cmp x="673" y="1847" width="13" height="24" />
      </word>
      <word id="b06-082-06-03" sentence-start="yes" tag="ATI" text="The">
        <cmp x="736" y="1802" width="125" height="81" />
      </word>
      <word id="b06-082-06-04" tag="NP" text="Pentagon">
        <cmp x="900" y="1763" width="118" height="130" />
        <cmp x="944" y="1780" width="163" height="100" />
        <cmp x="1056" y="1827" width="56" height="53" />
        <cmp x="1058" y="1829" width="172" height="120" />
      </word>
      <word id="b06-082-06-05" tag="HVZ" text="has">
        <cmp x="1279" y="1766" width="75" height="102" />
        <cmp x="1329" y="1817" width="80" height="50" />
      </word>
      <word id="b06-082-06-06" tag="VBN" text="made">
        <cmp x="1424" y="1788" width="188" height="88" />
      </word>
      <word id="b06-082-06-07" tag="PP3" text="it">
        <cmp x="1628" y="1772" width="150" height="108" />
        <cmp x="1711" y="1782" width="20" height="15" />
      </word>
      <word id="b06-082-06-08" tag="RB" text="perfectly">
        <cmp x="1744" y="1771" width="335" height="184" />
      </word>
      <upper-contour>
        <point x="350" y="1746" />
        <point x="2080" y="1746" />
      </upper-contour>
      <lower-contour>
        <point x="350" y="1949" />
        <point x="1334" y="1919" />
        <point x="1965" y="1958" />
        <point x="2080" y="1958" />
      </lower-contour>
    </line>
    <line ass="44" asx="0" asy="1947" character-width="999" dss="44" dsx="0" dsy="2112" fd0="14440" fd1="2439" fd2="-1686" filter-width="3" id="b06-082-07" lbs="41" lbx="0" lby="2043" segmentation="ok" slant="51000" stroke-width="5422" threshold="177" text="clear who controls the American H-bomb, and" ubs="49" ubx="0" uby="2010">
      <word id="b06-082-07-00" tag="JJ" text="clear">
        <cmp x="339" y="1963" width="179" height="93" />
      </word>
      <word id="b06-082-07-01" tag="WP" text="who">
        <cmp x="548" y="1955" width="152" height="97" />
      </word>
      <word id="b06-082-07-02" tag="VBZ" text="controls">
        <cmp x="752" y="1968" width="200" height="85" />
        <cmp x="801" y="2015" width="3" height="4" />
        <cmp x="936" y="1972" width="112" height="81" />
      </word>
      <word id="b06-082-07-03" tag="ATI" text="the">
        <cmp x="1086" y="1956" width="105" height="103" />
        <cmp x="1167" y="2016" width="3" height="3" />
      </word>
      <word id="b06-082-07-04" tag="JNP" text="American">
        <cmp x="1254" y="1947" width="188" height="105" />
        <cmp x="1435" y="1998" width="117" height="51" />
        <cmp x="1455" y="1956" width="4" height="15" />
      </word>
      <word id="b06-082-07-05" tag="NN" text="H-bomb">
        <cmp x="1619" y="1955" width="93" height="87" />
        <cmp x="1675" y="2010" width="49" height="8" />
        <cmp x="1707" y="1956" width="224" height="99" />
      </word>
      <word id="b06-082-07-06" tag="," text=",">
        <cmp x="1865" y="2039" width="62" height="73" />
      </word>
      <word id="b06-082-07-07" tag="CC" text="and">
        <cmp x="1950" y="1996" width="77" height="60" />
        <cmp x="2019" y="1971" width="108" height="87" />
        <cmp x="2028" y="2031" width="11" height="16" />
      </word>
      <upper-contour>
        <point x="350" y="1949" />
        <point x="1334" y="1919" />
        <point x="1965" y="1958" />
        <point x="2080" y="1958" />
      </upper-contour>
      <lower-contour>
        <point x="339" y="2115" />
        <point x="2128" y="2115" />
      </lower-contour>
    </line>
    <line ass="-97" asx="0" asy="2114" character-width="999" dss="-97" dsx="0" dsy="2461" fd0="14418" fd1="2480" fd2="-1843" filter-width="3" id="b06-082-08" lbs="-131" lbx="0" lby="2213" segmentation="err" slant="55000" stroke-width="5585" threshold="174" text="who will actually give the instructions to press" ubs="-28" ubx="0" uby="2182">
      <word id="b06-082-08-00" tag="WP" text="who">
        <cmp x="341" y="2170" width="51" height="69" />
        <cmp x="361" y="2126" width="113" height="108" />
        <cmp x="421" y="2193" width="20" height="30" />
        <cmp x="423" y="2205" width="3" height="3" />
        <cmp x="443" y="2184" width="38" height="40" />
      </word>
      <word id="b06-082-08-01" tag="MD" text="will">
        <cmp x="517" y="2169" width="46" height="55" />
        <cmp x="534" y="2133" width="148" height="94" />
        <cmp x="589" y="2126" width="8" height="13" />
        <cmp x="625" y="2155" width="5" height="6" />
        <cmp x="657" y="2141" width="4" height="4" />
      </word>
      <word id="b06-082-08-02" tag="RB" text="actually">
        <cmp x="690" y="2183" width="55" height="51" />
        <cmp x="734" y="2146" width="231" height="87" />
        <cmp x="769" y="2188" width="216" height="262" />
      </word>
      <word id="b06-082-08-03" tag="VB" text="give">
        <cmp x="979" y="2186" width="130" height="129" />
        <cmp x="1095" y="2182" width="89" height="52" />
        <cmp x="1111" y="2152" width="6" height="13" />
      </word>
      <word id="b06-082-08-04" tag="ATI" text="the">
        <cmp x="1230" y="2120" width="88" height="109" />
        <cmp x="1269" y="2181" width="72" height="46" />
      </word>
      <word id="b06-082-08-05" tag="NNS" text="instructions">
        <cmp x="1367" y="2166" width="145" height="60" />
        <cmp x="1473" y="2118" width="6" height="19" />
        <cmp x="1524" y="2123" width="312" height="115" />
        <cmp x="1742" y="2147" width="8" height="17" />
      </word>
      <word id="b06-082-08-06" tag="TO" text="to">
        <cmp x="1873" y="2118" width="80" height="105" />
      </word>
      <word id="b06-082-08-07" tag="VB" text="press">
        <cmp x="1943" y="2181" width="203" height="100" />
      </word>
      <upper-contour>
        <point x="339" y="2115" />
        <point x="2128" y="2115" />
      </upper-contour>
      <lower-contour>
        <point x="369" y="2233" />
        <point x="761" y="2449" />
        <point x="776" y="2443" />
        <point x="921" y="2314" />
        <point x="1484" y="2239" />
        <point x="1591" y="2239" />
      </lower-contour>
    </line>
    <line ass="330" asx="0" asy="2305" character-width="999" dss="330" dsx="0" dsy="2452" fd0="14095" fd1="2334" fd2="-1811" filter-width="3" id="b06-082-09" lbs="375" lbx="0" lby="2416" segmentation="err" slant="56000" stroke-width="5617" threshold="172" text="the button for nuclear warfare." ubs="240" ubx="0" uby="2366">
      <word id="b06-082-09-00" tag="ATI" text="the">
        <cmp x="371" y="2310" width="92" height="106" />
      </word>
      <word id="b06-082-09-01" tag="NN" text="button">
        <cmp x="518" y="2303" width="224" height="118" />
      </word>
      <word id="b06-082-09-02" tag="IN" text="for">
        <cmp x="771" y="2438" width="6" height="8" />
      </word>
      <word id="b06-082-09-03" tag="JJ" text="nuclear">
        <cmp x="943" y="2358" width="95" height="57" />
        <cmp x="1032" y="2321" width="190" height="90" />
      </word>
      <word id="b06-082-09-04" tag="NN" text="warfare">
        <cmp x="1265" y="2310" width="302" height="136" />
        <cmp x="1407" y="2404" width="3" height="4" />
      </word>
      <word id="b06-082-09-05" tag="." text=".">
        <cmp x="1582" y="2393" width="8" height="14" />
      </word>
      <upper-contour>
        <point x="369" y="2233" />
        <point x="761" y="2449" />
        <point x="776" y="2443" />
        <point x="921" y="2314" />
        <point x="1484" y="2239" />
        <point x="1591" y="2239" />
      </upper-contour>
    </line>
  </handwritten-part>
</form>

