<?xml version="1.0" encoding="ISO-8859-1"?>

<!DOCTYPE form SYSTEM 'http://www.iam.unibe.ch/~fki/iamdb/form-metadata.dtd'>

<form created="2002-01-16" height="3542" id="c02-003" last-modified="2002-07-17" skew="-95" status="final" version="3.0_beta" width="2479" writer-id="138">
  <machine-printed-part>
    <machine-print-line text="It would now seem that Wicki&apos;s name must be added to this list, for his new film may" />
    <machine-print-line text="well be a landmark in the revitalisation of the German cinema. Wicki is not only" />
    <machine-print-line text="a director. He began his career as an actor, had his first important film ro*?5le in" />
    <machine-print-line text="Ka&amp;quot;utner&apos;s &amp;quot;Die letzt Bru&amp;quot;cke,&amp;quot; and he also appears in the new Antonioni film." />
  </machine-printed-part>
  <handwritten-part>
    <line ass="-545" asx="0" asy="738" character-width="999" dss="-545" dsx="0" dsy="797" fd0="14677" fd1="3806" fd2="385" filter-width="3" id="c02-003-00" lbs="-543" lbx="0" lby="789" segmentation="err" slant="79000" stroke-width="5542" threshold="182" text="It would now seem that Wicki&apos;s name must" ubs="-548" ubx="0" uby="766">
      <word id="c02-003-00-00" sentence-start="yes" tag="PP3" text="It">
        <cmp x="367" y="747" width="8" height="38" />
        <cmp x="385" y="747" width="23" height="40" />
      </word>
      <word id="c02-003-00-01" tag="MD" text="would">
        <cmp x="488" y="771" width="47" height="31" />
        <cmp x="540" y="774" width="21" height="21" />
        <cmp x="570" y="770" width="35" height="30" />
        <cmp x="613" y="759" width="16" height="39" />
        <cmp x="632" y="752" width="36" height="48" />
      </word>
      <word id="c02-003-00-02" tag="RN" text="now">
        <cmp x="736" y="777" width="26" height="19" />
        <cmp x="765" y="774" width="22" height="20" />
        <cmp x="793" y="778" width="48" height="24" />
      </word>
      <word id="c02-003-00-03" tag="VB" text="seem">
        <cmp x="929" y="778" width="18" height="23" />
        <cmp x="962" y="775" width="24" height="24" />
        <cmp x="995" y="773" width="25" height="29" />
        <cmp x="1034" y="781" width="44" height="18" />
      </word>
      <word id="c02-003-00-04" tag="CS" text="that">
        <cmp x="1190" y="758" width="27" height="41" />
        <cmp x="1224" y="761" width="37" height="34" />
        <cmp x="1266" y="772" width="39" height="25" />
        <cmp x="1302" y="761" width="24" height="34" />
      </word>
      <word id="c02-003-00-05" tag="NP$" text="Wicki&apos;s">
        <cmp x="1429" y="752" width="57" height="58" />
        <cmp x="1497" y="786" width="8" height="21" />
        <cmp x="1500" y="768" width="12" height="10" />
        <cmp x="1516" y="781" width="39" height="24" />
        <cmp x="1559" y="760" width="41" height="45" />
        <cmp x="1614" y="783" width="9" height="25" />
        <cmp x="1616" y="761" width="8" height="8" />
        <cmp x="1641" y="762" width="10" height="18" />
        <cmp x="1644" y="779" width="26" height="31" />
      </word>
      <word id="c02-003-00-06" tag="NN" text="name">
        <cmp x="1736" y="780" width="77" height="26" />
        <cmp x="1820" y="779" width="55" height="28" />
        <cmp x="1891" y="779" width="33" height="33" />
      </word>
      <word id="c02-003-00-07" tag="MD" text="must">
        <cmp x="2002" y="784" width="55" height="26" />
        <cmp x="2068" y="784" width="39" height="24" />
        <cmp x="2110" y="783" width="23" height="28" />
        <cmp x="2154" y="759" width="25" height="50" />
      </word>
      <lower-contour>
        <point x="365" y="811" />
        <point x="2117" y="811" />
      </lower-contour>
    </line>
    <line ass="-506" asx="0" asy="908" character-width="999" dss="-506" dsx="0" dsy="1021" fd0="14069" fd1="3650" fd2="315" filter-width="3" id="c02-003-01" lbs="-469" lbx="0" lby="972" segmentation="ok" slant="90000" stroke-width="5478" threshold="190" text="be added to this list, for his new film" ubs="-578" ubx="0" uby="945">
      <word id="c02-003-01-00" tag="BE" text="be">
        <cmp x="354" y="932" width="35" height="45" />
        <cmp x="400" y="946" width="28" height="34" />
      </word>
      <word id="c02-003-01-01" tag="VBN" text="added">
        <cmp x="510" y="948" width="33" height="28" />
        <cmp x="548" y="949" width="30" height="26" />
        <cmp x="580" y="924" width="14" height="48" />
        <cmp x="596" y="924" width="48" height="53" />
        <cmp x="656" y="924" width="89" height="64" />
      </word>
      <word id="c02-003-01-02" tag="IN" text="to">
        <cmp x="814" y="938" width="26" height="48" />
        <cmp x="841" y="958" width="23" height="25" />
      </word>
      <word id="c02-003-01-03" tag="DT" text="this">
        <cmp x="931" y="937" width="31" height="43" />
        <cmp x="968" y="939" width="35" height="38" />
        <cmp x="1011" y="963" width="8" height="20" />
        <cmp x="1015" y="950" width="11" height="10" />
        <cmp x="1045" y="960" width="21" height="23" />
      </word>
      <word id="c02-003-01-04" tag="NN" text="list">
        <cmp x="1129" y="945" width="14" height="43" />
        <cmp x="1152" y="952" width="8" height="10" />
        <cmp x="1152" y="967" width="9" height="21" />
        <cmp x="1170" y="960" width="23" height="28" />
        <cmp x="1206" y="934" width="26" height="51" />
      </word>
      <word id="c02-003-01-05" tag="," text=",">
        <cmp x="1239" y="983" width="20" height="35" />
      </word>
      <word id="c02-003-01-06" tag="CS" text="for">
        <cmp x="1364" y="925" width="44" height="109" />
        <cmp x="1396" y="960" width="32" height="27" />
        <cmp x="1442" y="961" width="35" height="21" />
      </word>
      <word id="c02-003-01-07" tag="PP$" text="his">
        <cmp x="1537" y="943" width="40" height="41" />
        <cmp x="1583" y="966" width="9" height="20" />
        <cmp x="1588" y="942" width="7" height="10" />
        <cmp x="1603" y="959" width="30" height="29" />
      </word>
      <word id="c02-003-01-08" tag="JJ" text="new">
        <cmp x="1732" y="963" width="36" height="26" />
        <cmp x="1776" y="961" width="25" height="30" />
        <cmp x="1812" y="960" width="54" height="31" />
      </word>
      <word id="c02-003-01-09" tag="NN" text="film">
        <cmp x="1949" y="926" width="37" height="96" />
        <cmp x="1989" y="968" width="11" height="22" />
        <cmp x="2001" y="942" width="6" height="7" />
        <cmp x="2016" y="940" width="16" height="46" />
        <cmp x="2041" y="960" width="75" height="32" />
      </word>
      <upper-contour>
        <point x="365" y="811" />
        <point x="2117" y="811" />
      </upper-contour>
      <lower-contour>
        <point x="352" y="1034" />
        <point x="2117" y="1034" />
      </lower-contour>
    </line>
    <line ass="-147" asx="0" asy="1106" character-width="999" dss="-147" dsx="0" dsy="1204" fd0="14420" fd1="3801" fd2="464" filter-width="4" id="c02-003-02" lbs="-119" lbx="0" lby="1155" segmentation="ok" slant="72000" stroke-width="5730" threshold="191" text="may well be a landmark in the revitali-" ubs="-205" ubx="0" uby="1127">
      <word id="c02-003-02-00" tag="MD" text="may">
        <cmp x="342" y="1124" width="59" height="36" />
        <cmp x="402" y="1132" width="40" height="26" />
        <cmp x="450" y="1137" width="32" height="69" />
      </word>
      <word id="c02-003-02-01" tag="RB" text="well">
        <cmp x="586" y="1132" width="54" height="23" />
        <cmp x="653" y="1118" width="26" height="39" />
        <cmp x="693" y="1112" width="13" height="45" />
        <cmp x="709" y="1115" width="10" height="43" />
      </word>
      <word id="c02-003-02-02" tag="BE" text="be">
        <cmp x="809" y="1115" width="45" height="39" />
        <cmp x="859" y="1121" width="30" height="38" />
      </word>
      <word id="c02-003-02-03" tag="AT" text="a">
        <cmp x="1025" y="1127" width="37" height="28" />
      </word>
      <word id="c02-003-02-04" tag="NN" text="landmark">
        <cmp x="1170" y="1115" width="12" height="43" />
        <cmp x="1189" y="1128" width="41" height="30" />
        <cmp x="1239" y="1131" width="44" height="26" />
        <cmp x="1288" y="1112" width="36" height="48" />
        <cmp x="1336" y="1130" width="68" height="33" />
        <cmp x="1412" y="1131" width="36" height="25" />
        <cmp x="1458" y="1129" width="37" height="31" />
        <cmp x="1503" y="1112" width="44" height="48" />
      </word>
      <word id="c02-003-02-05" tag="IN" text="in">
        <cmp x="1628" y="1130" width="9" height="7" />
        <cmp x="1628" y="1146" width="5" height="20" />
        <cmp x="1642" y="1143" width="28" height="19" />
      </word>
      <word id="c02-003-02-06" tag="ATI" text="the">
        <cmp x="1761" y="1114" width="29" height="48" />
        <cmp x="1793" y="1112" width="39" height="42" />
        <cmp x="1848" y="1125" width="33" height="33" />
      </word>
      <word id="c02-003-02-07" tag="NN-" text="revitali-">
        <cmp x="1948" y="1132" width="29" height="29" />
        <cmp x="1981" y="1128" width="35" height="35" />
        <cmp x="2022" y="1132" width="31" height="29" />
        <cmp x="2058" y="1112" width="7" height="6" />
        <cmp x="2059" y="1136" width="6" height="17" />
        <cmp x="2087" y="1115" width="18" height="45" />
        <cmp x="2111" y="1139" width="25" height="25" />
        <cmp x="2148" y="1122" width="14" height="42" />
        <cmp x="2163" y="1146" width="8" height="20" />
        <cmp x="2174" y="1118" width="12" height="9" />
        <cmp x="2207" y="1140" width="18" height="7" />
      </word>
      <upper-contour>
        <point x="352" y="1034" />
        <point x="2117" y="1034" />
      </upper-contour>
      <lower-contour>
        <point x="340" y="1207" />
        <point x="2076" y="1207" />
      </lower-contour>
    </line>
    <line ass="354" asx="0" asy="1293" character-width="999" dss="354" dsx="0" dsy="1386" fd0="14563" fd1="3397" fd2="27" filter-width="3" id="c02-003-03" lbs="369" lbx="0" lby="1350" segmentation="ok" slant="77000" stroke-width="5648" threshold="188" text="sation of the German cinema. Wicki is" ubs="326" ubx="0" uby="1324">
      <word id="c02-003-03-00" tag="-NN" text="sation">
        <cmp x="323" y="1314" width="31" height="35" />
        <cmp x="371" y="1315" width="35" height="26" />
        <cmp x="409" y="1296" width="21" height="47" />
        <cmp x="444" y="1313" width="17" height="37" />
        <cmp x="466" y="1324" width="20" height="24" />
        <cmp x="499" y="1321" width="39" height="22" />
      </word>
      <word id="c02-003-03-01" tag="INO" text="of">
        <cmp x="635" y="1324" width="30" height="30" />
        <cmp x="672" y="1296" width="33" height="86" />
      </word>
      <word id="c02-003-03-02" tag="ATI" text="the">
        <cmp x="783" y="1294" width="31" height="46" />
        <cmp x="820" y="1296" width="41" height="48" />
        <cmp x="870" y="1322" width="23" height="30" />
      </word>
      <word id="c02-003-03-03" tag="JNP" text="German">
        <cmp x="988" y="1290" width="47" height="60" />
        <cmp x="1007" y="1320" width="38" height="23" />
        <cmp x="1054" y="1313" width="35" height="31" />
        <cmp x="1094" y="1316" width="34" height="33" />
        <cmp x="1129" y="1315" width="68" height="31" />
        <cmp x="1200" y="1318" width="33" height="24" />
        <cmp x="1241" y="1316" width="43" height="26" />
      </word>
      <word id="c02-003-03-04" tag="NN" text="cinema">
        <cmp x="1369" y="1312" width="44" height="33" />
        <cmp x="1412" y="1299" width="7" height="11" />
        <cmp x="1421" y="1312" width="49" height="27" />
        <cmp x="1474" y="1309" width="34" height="32" />
        <cmp x="1510" y="1314" width="59" height="29" />
        <cmp x="1570" y="1314" width="39" height="31" />
      </word>
      <word id="c02-003-03-05" tag="." text=".">
        <cmp x="1634" y="1329" width="14" height="12" />
      </word>
      <word id="c02-003-03-06" sentence-start="yes" tag="NP" text="Wicki">
        <cmp x="1729" y="1288" width="61" height="60" />
        <cmp x="1813" y="1313" width="9" height="21" />
        <cmp x="1819" y="1289" width="11" height="11" />
        <cmp x="1834" y="1308" width="34" height="27" />
        <cmp x="1879" y="1283" width="34" height="51" />
        <cmp x="1933" y="1308" width="10" height="25" />
        <cmp x="1940" y="1289" width="11" height="9" />
      </word>
      <word id="c02-003-03-07" tag="BEZ" text="is">
        <cmp x="2031" y="1310" width="13" height="27" />
        <cmp x="2043" y="1288" width="10" height="12" />
        <cmp x="2049" y="1301" width="26" height="36" />
      </word>
      <upper-contour>
        <point x="340" y="1207" />
        <point x="2076" y="1207" />
      </upper-contour>
      <lower-contour>
        <point x="331" y="1382" />
        <point x="2076" y="1382" />
      </lower-contour>
    </line>
    <line ass="440" asx="0" asy="1471" character-width="999" dss="440" dsx="0" dsy="1605" fd0="14043" fd1="3389" fd2="-123" filter-width="3" id="c02-003-04" lbs="428" lbx="0" lby="1528" segmentation="ok" slant="86000" stroke-width="5645" threshold="187" text="not only a director. He began his career" ubs="466" ubx="0" uby="1499">
      <word id="c02-003-04-00" tag="XNOT" text="not">
        <cmp x="333" y="1491" width="32" height="37" />
        <cmp x="371" y="1492" width="29" height="32" />
        <cmp x="418" y="1468" width="27" height="53" />
      </word>
      <word id="c02-003-04-01" tag="RB" text="only">
        <cmp x="495" y="1498" width="29" height="26" />
        <cmp x="535" y="1502" width="33" height="26" />
        <cmp x="579" y="1491" width="11" height="43" />
        <cmp x="591" y="1510" width="37" height="91" />
      </word>
      <word id="c02-003-04-02" tag="AT" text="a">
        <cmp x="757" y="1491" width="40" height="29" />
      </word>
      <word id="c02-003-04-03" tag="NN" text="director">
        <cmp x="878" y="1468" width="44" height="56" />
        <cmp x="926" y="1498" width="8" height="20" />
        <cmp x="933" y="1474" width="10" height="10" />
        <cmp x="953" y="1491" width="25" height="28" />
        <cmp x="989" y="1491" width="33" height="32" />
        <cmp x="1034" y="1493" width="33" height="32" />
        <cmp x="1071" y="1468" width="20" height="52" />
        <cmp x="1095" y="1491" width="25" height="26" />
        <cmp x="1130" y="1495" width="29" height="32" />
      </word>
      <word id="c02-003-04-04" tag="." text=".">
        <cmp x="1176" y="1514" width="6" height="7" />
      </word>
      <word id="c02-003-04-05" sentence-start="yes" tag="PP3A" text="He">
        <cmp x="1281" y="1468" width="29" height="50" />
        <cmp x="1317" y="1468" width="16" height="48" />
        <cmp x="1347" y="1484" width="50" height="37" />
      </word>
      <word id="c02-003-04-06" tag="VBD" text="began">
        <cmp x="1462" y="1478" width="43" height="39" />
        <cmp x="1515" y="1484" width="25" height="32" />
        <cmp x="1546" y="1486" width="41" height="87" />
        <cmp x="1592" y="1485" width="94" height="27" />
      </word>
      <word id="c02-003-04-07" tag="PP$" text="his">
        <cmp x="1783" y="1468" width="39" height="41" />
        <cmp x="1838" y="1488" width="8" height="25" />
        <cmp x="1844" y="1468" width="11" height="5" />
        <cmp x="1860" y="1481" width="30" height="34" />
      </word>
      <word id="c02-003-04-08" tag="NN" text="career">
        <cmp x="2000" y="1473" width="34" height="39" />
        <cmp x="2033" y="1480" width="38" height="30" />
        <cmp x="2085" y="1480" width="31" height="33" />
        <cmp x="2126" y="1477" width="34" height="37" />
        <cmp x="2162" y="1484" width="27" height="36" />
        <cmp x="2197" y="1487" width="36" height="34" />
      </word>
      <upper-contour>
        <point x="331" y="1382" />
        <point x="2076" y="1382" />
      </upper-contour>
      <lower-contour>
        <point x="331" y="1602" />
        <point x="2004" y="1602" />
      </lower-contour>
    </line>
    <line ass="914" asx="0" asy="1667" character-width="999" dss="914" dsx="0" dsy="1762" fd0="14257" fd1="3799" fd2="529" filter-width="3" id="c02-003-05" lbs="964" lbx="0" lby="1718" segmentation="ok" slant="89000" stroke-width="5612" threshold="186" text="as an actor, had his first important" ubs="813" ubx="0" uby="1689">
      <word id="c02-003-05-00" tag="IN" text="as">
        <cmp x="329" y="1678" width="31" height="33" />
        <cmp x="372" y="1680" width="31" height="34" />
      </word>
      <word id="c02-003-05-01" tag="AT" text="an">
        <cmp x="514" y="1677" width="35" height="27" />
        <cmp x="557" y="1682" width="41" height="26" />
      </word>
      <word id="c02-003-05-02" tag="NN" text="actor">
        <cmp x="671" y="1679" width="39" height="25" />
        <cmp x="720" y="1680" width="38" height="30" />
        <cmp x="766" y="1657" width="48" height="53" />
        <cmp x="821" y="1678" width="26" height="35" />
      </word>
      <word id="c02-003-05-03" tag="," text=",">
        <cmp x="894" y="1710" width="8" height="24" />
      </word>
      <word id="c02-003-05-04" tag="HVD" text="had">
        <cmp x="1007" y="1656" width="42" height="41" />
        <cmp x="1052" y="1676" width="34" height="27" />
        <cmp x="1087" y="1650" width="37" height="52" />
      </word>
      <word id="c02-003-05-05" tag="PP$" text="his">
        <cmp x="1219" y="1659" width="40" height="38" />
        <cmp x="1273" y="1675" width="6" height="21" />
        <cmp x="1276" y="1659" width="9" height="11" />
        <cmp x="1294" y="1667" width="21" height="30" />
      </word>
      <word id="c02-003-05-06" tag="OD" text="first">
        <cmp x="1415" y="1647" width="29" height="85" />
        <cmp x="1457" y="1673" width="10" height="30" />
        <cmp x="1464" y="1658" width="10" height="12" />
        <cmp x="1481" y="1674" width="17" height="28" />
        <cmp x="1513" y="1674" width="27" height="30" />
        <cmp x="1557" y="1654" width="32" height="41" />
      </word>
      <word id="c02-003-05-07" tag="JJ" text="important">
        <cmp x="1660" y="1670" width="9" height="22" />
        <cmp x="1662" y="1647" width="10" height="9" />
        <cmp x="1676" y="1671" width="58" height="23" />
        <cmp x="1744" y="1663" width="29" height="71" />
        <cmp x="1780" y="1661" width="31" height="21" />
        <cmp x="1820" y="1659" width="28" height="27" />
        <cmp x="1858" y="1640" width="24" height="49" />
        <cmp x="1894" y="1658" width="24" height="22" />
        <cmp x="1923" y="1663" width="41" height="26" />
        <cmp x="1980" y="1640" width="23" height="46" />
      </word>
      <upper-contour>
        <point x="331" y="1602" />
        <point x="2004" y="1602" />
      </upper-contour>
      <lower-contour>
        <point x="336" y="1734" />
        <point x="2004" y="1734" />
      </lower-contour>
    </line>
    <line ass="1096" asx="0" asy="1840" character-width="999" dss="1096" dsx="0" dsy="1943" fd0="14137" fd1="3647" fd2="426" filter-width="3" id="c02-003-06" lbs="1061" lbx="0" lby="1899" segmentation="ok" slant="87000" stroke-width="5686" threshold="188" text="film ro*?5le in Ka&amp;quot;utner&apos;s &amp;quot;Die letzt" ubs="1167" ubx="0" uby="1875">
      <word id="c02-003-06-00" tag="NN" text="film">
        <cmp x="338" y="1847" width="22" height="90" />
        <cmp x="371" y="1879" width="8" height="22" />
        <cmp x="380" y="1856" width="9" height="8" />
        <cmp x="407" y="1854" width="10" height="45" />
        <cmp x="426" y="1869" width="65" height="29" />
      </word>
      <word id="c02-003-06-01" tag="NN" text="ro*?5le">
        <cmp x="612" y="1869" width="23" height="28" />
        <cmp x="642" y="1868" width="31" height="29" />
        <cmp x="691" y="1827" width="34" height="38" />
        <cmp x="745" y="1828" width="37" height="46" />
        <cmp x="764" y="1891" width="12" height="7" />
        <cmp x="812" y="1843" width="46" height="57" />
        <cmp x="883" y="1840" width="11" height="47" />
        <cmp x="903" y="1860" width="34" height="33" />
      </word>
      <word id="c02-003-06-02" tag="IN" text="in">
        <cmp x="1051" y="1858" width="6" height="25" />
        <cmp x="1054" y="1841" width="9" height="8" />
        <cmp x="1070" y="1861" width="39" height="29" />
      </word>
      <word id="c02-003-06-03" tag="NP$" text="Ka&quot;utner&apos;s">
        <cmp x="1240" y="1832" width="50" height="46" />
        <cmp x="1286" y="1856" width="36" height="26" />
        <cmp x="1345" y="1819" width="11" height="21" />
        <cmp x="1353" y="1825" width="10" height="19" />
        <cmp x="1376" y="1857" width="38" height="28" />
        <cmp x="1416" y="1831" width="19" height="39" />
        <cmp x="1444" y="1852" width="39" height="27" />
        <cmp x="1492" y="1850" width="36" height="31" />
        <cmp x="1548" y="1851" width="25" height="33" />
        <cmp x="1601" y="1829" width="9" height="23" />
        <cmp x="1617" y="1844" width="25" height="31" />
      </word>
      <word id="c02-003-06-04" tag="*&apos;" text="&quot;">
        <cmp x="1729" y="1809" width="7" height="14" />
        <cmp x="1743" y="1812" width="8" height="13" />
        <cmp x="1752" y="1822" width="3" height="3" />
      </word>
      <word id="c02-003-06-05" tag="&amp;FW" text="Die">
        <cmp x="1797" y="1830" width="40" height="45" />
        <cmp x="1844" y="1847" width="8" height="17" />
        <cmp x="1853" y="1829" width="10" height="10" />
        <cmp x="1862" y="1840" width="27" height="28" />
      </word>
      <word id="c02-003-06-06" tag="&amp;FW" text="letzt">
        <cmp x="2011" y="1815" width="11" height="46" />
        <cmp x="2029" y="1833" width="32" height="35" />
        <cmp x="2083" y="1819" width="51" height="53" />
        <cmp x="2152" y="1818" width="19" height="40" />
      </word>
      <upper-contour>
        <point x="336" y="1734" />
        <point x="2004" y="1734" />
      </upper-contour>
      <lower-contour>
        <point x="351" y="1902" />
        <point x="2100" y="1902" />
      </lower-contour>
    </line>
    <line ass="995" asx="0" asy="2021" character-width="999" dss="995" dsx="0" dsy="2145" fd0="13890" fd1="3510" fd2="234" filter-width="3" id="c02-003-07" lbs="968" lbx="0" lby="2081" segmentation="ok" slant="87999" stroke-width="5653" threshold="189" text="Bru&amp;quot;cke,&amp;quot; and he also appears in the" ubs="1051" ubx="0" uby="2053">
      <word id="c02-003-07-00" tag="&amp;FW" text="Bru&quot;cke">
        <cmp x="353" y="2029" width="43" height="51" />
        <cmp x="410" y="2048" width="7" height="27" />
        <cmp x="419" y="2048" width="28" height="11" />
        <cmp x="454" y="2046" width="42" height="29" />
        <cmp x="521" y="2014" width="8" height="17" />
        <cmp x="533" y="2016" width="10" height="24" />
        <cmp x="552" y="2051" width="36" height="29" />
        <cmp x="613" y="2028" width="48" height="43" />
        <cmp x="671" y="2041" width="32" height="31" />
      </word>
      <word id="c02-003-07-01" tag="," text=",">
        <cmp x="720" y="2073" width="17" height="27" />
      </word>
      <word id="c02-003-07-02" tag="**&apos;" text="&quot;">
        <cmp x="732" y="2009" width="19" height="19" />
      </word>
      <word id="c02-003-07-03" tag="CC" text="and">
        <cmp x="864" y="2033" width="38" height="39" />
        <cmp x="910" y="2032" width="68" height="37" />
        <cmp x="978" y="2005" width="12" height="55" />
      </word>
      <word id="c02-003-07-04" tag="PP3A" text="he">
        <cmp x="1095" y="2016" width="33" height="49" />
        <cmp x="1141" y="2029" width="36" height="34" />
      </word>
      <word id="c02-003-07-05" tag="RB" text="also">
        <cmp x="1276" y="2034" width="41" height="29" />
        <cmp x="1324" y="2009" width="12" height="44" />
        <cmp x="1336" y="2027" width="31" height="37" />
        <cmp x="1371" y="2032" width="43" height="27" />
      </word>
      <word id="c02-003-07-06" tag="VBZ" text="appears">
        <cmp x="1487" y="2040" width="39" height="27" />
        <cmp x="1540" y="2034" width="33" height="85" />
        <cmp x="1580" y="2032" width="33" height="65" />
        <cmp x="1622" y="2022" width="25" height="29" />
        <cmp x="1649" y="2024" width="33" height="25" />
        <cmp x="1689" y="2025" width="26" height="28" />
        <cmp x="1717" y="2024" width="28" height="32" />
      </word>
      <word id="c02-003-07-07" tag="IN" text="in">
        <cmp x="1866" y="2018" width="9" height="23" />
        <cmp x="1875" y="1997" width="7" height="9" />
        <cmp x="1878" y="2020" width="50" height="30" />
      </word>
      <word id="c02-003-07-08" tag="ATI" text="the">
        <cmp x="1983" y="1996" width="31" height="47" />
        <cmp x="2021" y="1997" width="32" height="48" />
        <cmp x="2065" y="2022" width="34" height="29" />
      </word>
      <upper-contour>
        <point x="351" y="1902" />
        <point x="2100" y="1902" />
      </upper-contour>
      <lower-contour>
        <point x="353" y="2100" />
        <point x="1306" y="2100" />
      </lower-contour>
    </line>
    <line ass="830" asx="0" asy="2199" character-width="999" dss="830" dsx="0" dsy="2300" fd0="14670" fd1="3453" fd2="-187" filter-width="3" id="c02-003-08" lbs="878" lbx="0" lby="2263" segmentation="ok" slant="89000" stroke-width="5595" threshold="184" text="new Antonioni film." ubs="735" ubx="0" uby="2232">
      <word id="c02-003-08-00" tag="JJ" text="new">
        <cmp x="355" y="2232" width="39" height="24" />
        <cmp x="400" y="2218" width="37" height="38" />
        <cmp x="445" y="2216" width="54" height="36" />
      </word>
      <word id="c02-003-08-01" tag="NP" text="Antonioni">
        <cmp x="645" y="2192" width="47" height="62" />
        <cmp x="700" y="2225" width="44" height="37" />
        <cmp x="748" y="2200" width="22" height="51" />
        <cmp x="771" y="2225" width="34" height="28" />
        <cmp x="807" y="2226" width="38" height="30" />
        <cmp x="856" y="2229" width="10" height="31" />
        <cmp x="859" y="2214" width="10" height="9" />
        <cmp x="874" y="2230" width="28" height="24" />
        <cmp x="913" y="2224" width="36" height="29" />
        <cmp x="963" y="2228" width="10" height="26" />
        <cmp x="964" y="2209" width="10" height="6" />
      </word>
      <word id="c02-003-08-02" tag="NN" text="film">
        <cmp x="1102" y="2185" width="41" height="100" />
        <cmp x="1150" y="2220" width="9" height="24" />
        <cmp x="1160" y="2193" width="6" height="9" />
        <cmp x="1179" y="2188" width="13" height="51" />
        <cmp x="1205" y="2208" width="67" height="34" />
      </word>
      <word id="c02-003-08-03" tag="." text=".">
        <cmp x="1299" y="2238" width="7" height="8" />
      </word>
      <upper-contour>
        <point x="353" y="2100" />
        <point x="1306" y="2100" />
      </upper-contour>
    </line>
  </handwritten-part>
</form>

