<?xml version="1.0" encoding="ISO-8859-1"?>

<!DOCTYPE form SYSTEM 'http://www.iam.unibe.ch/~fki/iamdb/form-metadata.dtd'>

<form created="2002-01-16" height="3542" id="c02-035" last-modified="2002-07-17" skew="-95" status="final" version="3.0_beta" width="2479" writer-id="143">
  <machine-printed-part>
    <machine-print-line text="It is most unfair to call &amp;quot;Malachias&amp;quot; a cut-rate &amp;quot;Dolce Vita,&amp;quot; for it is far more intimate" />
    <machine-print-line text="and deeply felt. In 1944 Herbert Selpin tried a similar feat in &amp;quot;Titanic&amp;quot; by paralleling" />
    <machine-print-line text="the last days of the Third Reich with the sinking of the great ocean liner, and paid" />
    <machine-print-line text="for his audacity with his life." />
  </machine-printed-part>
  <handwritten-part>
    <line ass="165" asx="0" asy="770" character-width="999" dss="165" dsx="0" dsy="857" fd0="13576" fd1="3323" fd2="-400" filter-width="3" id="c02-035-00" lbs="232" lbx="0" lby="842" segmentation="ok" slant="79000" stroke-width="5236" threshold="181" text="It is most unfair to call &amp;quot;Malachias&amp;quot; a cut-rate" ubs="31" ubx="0" uby="810">
      <word id="c02-035-00-00" sentence-start="yes" tag="PP3" text="It">
        <cmp x="392" y="776" width="8" height="64" />
        <cmp x="403" y="783" width="20" height="58" />
      </word>
      <word id="c02-035-00-01" tag="BEZ" text="is">
        <cmp x="484" y="804" width="12" height="33" />
        <cmp x="490" y="805" width="32" height="40" />
        <cmp x="494" y="779" width="6" height="10" />
      </word>
      <word id="c02-035-00-02" tag="QL" text="most">
        <cmp x="592" y="804" width="55" height="36" />
        <cmp x="651" y="809" width="52" height="37" />
        <cmp x="703" y="773" width="21" height="70" />
      </word>
      <word id="c02-035-00-03" tag="JJ" text="unfair">
        <cmp x="798" y="801" width="39" height="38" />
        <cmp x="841" y="818" width="28" height="24" />
        <cmp x="874" y="772" width="35" height="83" />
        <cmp x="899" y="813" width="28" height="28" />
        <cmp x="931" y="815" width="11" height="23" />
        <cmp x="938" y="796" width="5" height="10" />
        <cmp x="946" y="813" width="21" height="22" />
      </word>
      <word id="c02-035-00-04" tag="TO" text="to">
        <cmp x="1029" y="770" width="57" height="68" />
      </word>
      <word id="c02-035-00-05" tag="VB" text="call">
        <cmp x="1153" y="811" width="28" height="34" />
        <cmp x="1185" y="787" width="94" height="56" />
      </word>
      <word id="c02-035-00-06" tag="*&apos;" text="&quot;">
        <cmp x="1364" y="768" width="27" height="14" />
      </word>
      <word id="c02-035-00-07" tag="NP" text="Malachias">
        <cmp x="1416" y="781" width="54" height="56" />
        <cmp x="1469" y="811" width="27" height="24" />
        <cmp x="1500" y="780" width="22" height="53" />
        <cmp x="1526" y="807" width="38" height="34" />
        <cmp x="1575" y="776" width="67" height="63" />
        <cmp x="1647" y="814" width="7" height="21" />
        <cmp x="1662" y="806" width="59" height="34" />
        <cmp x="1664" y="779" width="5" height="17" />
      </word>
      <word id="c02-035-00-08" tag="**&apos;" text="&quot;">
        <cmp x="1728" y="770" width="28" height="18" />
      </word>
      <word id="c02-035-00-09" tag="AT" text="a">
        <cmp x="1812" y="800" width="46" height="38" />
      </word>
      <word id="c02-035-00-10" tag="JJB" text="cut-rate">
        <cmp x="1914" y="803" width="34" height="39" />
        <cmp x="1959" y="805" width="34" height="36" />
        <cmp x="1998" y="775" width="21" height="62" />
        <cmp x="2038" y="818" width="25" height="7" />
        <cmp x="2075" y="802" width="56" height="37" />
        <cmp x="2135" y="777" width="49" height="62" />
      </word>
      <lower-contour>
        <point x="390" y="855" />
        <point x="2184" y="855" />
      </lower-contour>
    </line>
    <line ass="-784" asx="0" asy="927" character-width="999" dss="-784" dsx="0" dsy="1033" fd0="13624" fd1="3055" fd2="-161" filter-width="3" id="c02-035-01" lbs="-892" lbx="0" lby="989" segmentation="ok" slant="78000" stroke-width="5405" threshold="180" text="&amp;quot;Dolce Vita,&amp;quot; for it is far more intimate and deeply" ubs="-570" ubx="0" uby="971">
      <word id="c02-035-01-00" tag="*&apos;" text="&quot;">
        <cmp x="375" y="962" width="23" height="19" />
        <cmp x="379" y="958" width="4" height="4" />
      </word>
      <word id="c02-035-01-01" tag="&amp;FW" text="Dolce">
        <cmp x="434" y="954" width="46" height="50" />
        <cmp x="481" y="982" width="28" height="31" />
        <cmp x="512" y="961" width="49" height="52" />
        <cmp x="562" y="985" width="38" height="26" />
      </word>
      <word id="c02-035-01-02" tag="&amp;FW" text="Vita">
        <cmp x="670" y="946" width="47" height="68" />
        <cmp x="709" y="985" width="9" height="35" />
        <cmp x="720" y="952" width="6" height="13" />
        <cmp x="727" y="960" width="44" height="60" />
      </word>
      <word id="c02-035-01-03" tag="," text=",">
        <cmp x="782" y="1016" width="8" height="24" />
      </word>
      <word id="c02-035-01-04" tag="**&apos;" text="&quot;">
        <cmp x="803" y="951" width="23" height="13" />
      </word>
      <word id="c02-035-01-05" tag="CS" text="for">
        <cmp x="883" y="947" width="64" height="100" />
        <cmp x="952" y="994" width="18" height="21" />
      </word>
      <word id="c02-035-01-06" tag="PP3" text="it">
        <cmp x="1016" y="993" width="9" height="29" />
        <cmp x="1026" y="961" width="6" height="14" />
        <cmp x="1040" y="950" width="22" height="68" />
      </word>
      <word id="c02-035-01-07" tag="BEZ" text="is">
        <cmp x="1117" y="987" width="12" height="28" />
        <cmp x="1124" y="978" width="32" height="33" />
        <cmp x="1135" y="958" width="5" height="10" />
      </word>
      <word id="c02-035-01-08" tag="RB" text="far">
        <cmp x="1213" y="945" width="53" height="100" />
        <cmp x="1249" y="990" width="67" height="30" />
      </word>
      <word id="c02-035-01-09" tag="QL" text="more">
        <cmp x="1374" y="985" width="47" height="31" />
        <cmp x="1423" y="988" width="25" height="24" />
        <cmp x="1450" y="985" width="57" height="32" />
      </word>
      <word id="c02-035-01-10" tag="JJ" text="intimate">
        <cmp x="1580" y="985" width="9" height="29" />
        <cmp x="1594" y="961" width="5" height="7" />
        <cmp x="1596" y="993" width="25" height="20" />
        <cmp x="1623" y="958" width="21" height="53" />
        <cmp x="1649" y="984" width="12" height="26" />
        <cmp x="1658" y="985" width="49" height="30" />
        <cmp x="1663" y="964" width="5" height="11" />
        <cmp x="1710" y="994" width="26" height="23" />
        <cmp x="1745" y="956" width="48" height="59" />
      </word>
      <word id="c02-035-01-11" tag="CC" text="and">
        <cmp x="1842" y="987" width="38" height="27" />
        <cmp x="1876" y="994" width="29" height="22" />
        <cmp x="1907" y="961" width="49" height="54" />
      </word>
      <word id="c02-035-01-12" tag="RB" text="deeply">
        <cmp x="2007" y="956" width="62" height="58" />
        <cmp x="2051" y="986" width="91" height="52" />
        <cmp x="2144" y="966" width="24" height="45" />
        <cmp x="2167" y="989" width="22" height="53" />
      </word>
      <upper-contour>
        <point x="390" y="855" />
        <point x="2184" y="855" />
      </upper-contour>
      <lower-contour>
        <point x="426" y="1047" />
        <point x="2190" y="1047" />
      </lower-contour>
    </line>
    <line ass="183" asx="0" asy="1128" character-width="999" dss="183" dsx="0" dsy="1234" fd0="13749" fd1="2885" fd2="-720" filter-width="3" id="c02-035-02" lbs="213" lbx="0" lby="1198" segmentation="ok" slant="75000" stroke-width="5507" threshold="179" text="felt. In 1944 Herbert Selpin tried a similar feat" ubs="123" ubx="0" uby="1167">
      <word id="c02-035-02-00" tag="VBN" text="felt">
        <cmp x="428" y="1126" width="96" height="90" />
      </word>
      <word id="c02-035-02-01" tag="." text=".">
        <cmp x="552" y="1182" width="8" height="15" />
      </word>
      <word id="c02-035-02-02" sentence-start="yes" tag="IN" text="In">
        <cmp x="632" y="1130" width="14" height="64" />
        <cmp x="641" y="1172" width="35" height="29" />
      </word>
      <word id="c02-035-02-03" tag="CD" text="1944">
        <cmp x="753" y="1148" width="70" height="61" />
        <cmp x="819" y="1147" width="32" height="50" />
        <cmp x="859" y="1144" width="45" height="44" />
        <cmp x="901" y="1147" width="40" height="44" />
      </word>
      <word id="c02-035-02-04" tag="NP" text="Herbert">
        <cmp x="1006" y="1133" width="57" height="57" />
        <cmp x="1051" y="1130" width="138" height="64" />
      </word>
      <word id="c02-035-02-05" tag="NP" text="Selpin">
        <cmp x="1277" y="1131" width="90" height="66" />
        <cmp x="1360" y="1171" width="35" height="59" />
        <cmp x="1400" y="1176" width="9" height="21" />
        <cmp x="1411" y="1172" width="29" height="27" />
        <cmp x="1414" y="1144" width="6" height="15" />
      </word>
      <word id="c02-035-02-06" tag="VBD" text="tried">
        <cmp x="1516" y="1131" width="45" height="64" />
        <cmp x="1566" y="1166" width="7" height="25" />
        <cmp x="1577" y="1141" width="6" height="13" />
        <cmp x="1584" y="1165" width="23" height="27" />
        <cmp x="1613" y="1138" width="49" height="55" />
      </word>
      <word id="c02-035-02-07" tag="AT" text="a">
        <cmp x="1720" y="1164" width="41" height="31" />
      </word>
      <word id="c02-035-02-08" tag="JJ" text="similar">
        <cmp x="1814" y="1161" width="28" height="35" />
        <cmp x="1844" y="1163" width="4" height="7" />
        <cmp x="1851" y="1164" width="14" height="27" />
        <cmp x="1864" y="1167" width="45" height="23" />
        <cmp x="1865" y="1142" width="6" height="11" />
        <cmp x="1916" y="1170" width="12" height="20" />
        <cmp x="1936" y="1136" width="7" height="14" />
        <cmp x="1941" y="1138" width="26" height="49" />
        <cmp x="1962" y="1162" width="35" height="32" />
        <cmp x="2005" y="1165" width="28" height="27" />
      </word>
      <word id="c02-035-02-09" tag="NN" text="feat">
        <cmp x="2116" y="1123" width="76" height="90" />
        <cmp x="2195" y="1142" width="22" height="48" />
      </word>
      <upper-contour>
        <point x="426" y="1047" />
        <point x="2190" y="1047" />
      </upper-contour>
      <lower-contour>
        <point x="426" y="1230" />
        <point x="2100" y="1230" />
      </lower-contour>
    </line>
    <line ass="-528" asx="0" asy="1289" character-width="999" dss="-528" dsx="0" dsy="1410" fd0="13488" fd1="3118" fd2="-199" filter-width="3" id="c02-035-03" lbs="-615" lbx="0" lby="1354" segmentation="err" slant="75000" stroke-width="5310" threshold="181" text="in &amp;quot;Titanic&amp;quot; by paralleling the last days of the" ubs="-354" ubx="0" uby="1331">
      <word id="c02-035-03-00" tag="IN" text="in">
        <cmp x="422" y="1344" width="7" height="30" />
        <cmp x="426" y="1313" width="7" height="15" />
        <cmp x="436" y="1352" width="32" height="26" />
      </word>
      <word id="c02-035-03-01" tag="*&apos;" text="&quot;">
        <cmp x="534" y="1313" width="31" height="19" />
      </word>
      <word id="c02-035-03-02" tag="NP" text="Titanic">
        <cmp x="605" y="1319" width="33" height="56" />
        <cmp x="654" y="1339" width="6" height="31" />
        <cmp x="656" y="1311" width="7" height="10" />
        <cmp x="677" y="1308" width="39" height="64" />
        <cmp x="727" y="1342" width="10" height="32" />
        <cmp x="735" y="1318" width="5" height="11" />
        <cmp x="737" y="1347" width="29" height="27" />
        <cmp x="774" y="1314" width="32" height="17" />
      </word>
      <word id="c02-035-03-03" tag="**&apos;" text="&quot;">
        <cmp x="880" y="1311" width="37" height="63" />
      </word>
      <word id="c02-035-03-04" tag="IN" text="by">
        <cmp x="923" y="1346" width="14" height="26" />
        <cmp x="932" y="1349" width="22" height="57" />
      </word>
      <word id="c02-035-03-05" tag="VBG" text="paralleling">
        <cmp x="1021" y="1343" width="73" height="70" />
        <cmp x="1095" y="1344" width="37" height="30" />
        <cmp x="1150" y="1313" width="52" height="59" />
        <cmp x="1194" y="1346" width="31" height="28" />
        <cmp x="1228" y="1318" width="21" height="57" />
        <cmp x="1255" y="1357" width="5" height="13" />
        <cmp x="1264" y="1323" width="7" height="16" />
        <cmp x="1267" y="1350" width="21" height="21" />
        <cmp x="1288" y="1347" width="21" height="75" />
      </word>
      <word id="c02-035-03-06" tag="ATI" text="the">
        <cmp x="1392" y="1308" width="47" height="62" />
        <cmp x="1442" y="1343" width="33" height="25" />
      </word>
      <word id="c02-035-03-07" tag="AP" text="last">
        <cmp x="1544" y="1313" width="23" height="59" />
        <cmp x="1568" y="1308" width="6" height="7" />
        <cmp x="1571" y="1339" width="48" height="33" />
        <cmp x="1617" y="1312" width="28" height="60" />
      </word>
      <word id="c02-035-03-08" tag="NNS" text="days">
        <cmp x="1712" y="1311" width="65" height="57" />
        <cmp x="1758" y="1336" width="27" height="30" />
        <cmp x="1791" y="1341" width="53" height="52" />
      </word>
      <word id="c02-035-03-09" tag="INO" text="of">
        <cmp x="1901" y="1340" width="29" height="28" />
        <cmp x="1934" y="1308" width="36" height="80" />
      </word>
      <word id="c02-035-03-10" tag="ATI" text="the">
        <cmp x="2014" y="1308" width="45" height="59" />
        <cmp x="2067" y="1341" width="32" height="30" />
      </word>
      <upper-contour>
        <point x="426" y="1230" />
        <point x="2100" y="1230" />
      </upper-contour>
      <lower-contour>
        <point x="420" y="1422" />
        <point x="2100" y="1422" />
      </lower-contour>
    </line>
    <line ass="-351" asx="0" asy="1478" character-width="999" dss="-351" dsx="0" dsy="1589" fd0="13620" fd1="2962" fd2="-570" filter-width="3" id="c02-035-04" lbs="-381" lbx="0" lby="1543" segmentation="ok" slant="75000" stroke-width="5371" threshold="177" text="Third Reich with the sinking of the great ocean liner," ubs="-291" ubx="0" uby="1518">
      <word id="c02-035-04-00" tag="OD" text="Third">
        <cmp x="394" y="1495" width="41" height="53" />
        <cmp x="422" y="1491" width="3" height="4" />
        <cmp x="441" y="1488" width="27" height="59" />
        <cmp x="476" y="1523" width="10" height="26" />
        <cmp x="486" y="1486" width="7" height="17" />
        <cmp x="491" y="1525" width="15" height="23" />
        <cmp x="509" y="1503" width="42" height="46" />
      </word>
      <word id="c02-035-04-01" tag="NN" text="Reich">
        <cmp x="631" y="1501" width="130" height="54" />
        <cmp x="704" y="1502" width="4" height="19" />
      </word>
      <word id="c02-035-04-02" tag="IN" text="with">
        <cmp x="835" y="1530" width="48" height="30" />
        <cmp x="837" y="1528" width="5" height="4" />
        <cmp x="882" y="1496" width="45" height="62" />
      </word>
      <word id="c02-035-04-03" tag="ATI" text="the">
        <cmp x="989" y="1485" width="83" height="64" />
      </word>
      <word id="c02-035-04-04" tag="NN" text="sinking">
        <cmp x="1127" y="1518" width="41" height="39" />
        <cmp x="1163" y="1531" width="12" height="26" />
        <cmp x="1178" y="1502" width="6" height="11" />
        <cmp x="1179" y="1534" width="24" height="22" />
        <cmp x="1220" y="1498" width="15" height="55" />
        <cmp x="1229" y="1523" width="20" height="31" />
        <cmp x="1253" y="1537" width="12" height="17" />
        <cmp x="1265" y="1506" width="6" height="18" />
        <cmp x="1274" y="1533" width="18" height="18" />
        <cmp x="1293" y="1528" width="23" height="69" />
      </word>
      <word id="c02-035-04-05" tag="INO" text="of">
        <cmp x="1387" y="1488" width="69" height="91" />
      </word>
      <word id="c02-035-04-06" tag="ATI" text="the">
        <cmp x="1507" y="1488" width="50" height="66" />
        <cmp x="1559" y="1525" width="34" height="26" />
      </word>
      <word id="c02-035-04-07" tag="JJ" text="great">
        <cmp x="1681" y="1519" width="37" height="63" />
        <cmp x="1719" y="1523" width="18" height="30" />
        <cmp x="1736" y="1495" width="80" height="59" />
      </word>
      <word id="c02-035-04-08" tag="NN" text="ocean">
        <cmp x="1883" y="1516" width="71" height="41" />
        <cmp x="1951" y="1521" width="36" height="36" />
        <cmp x="1984" y="1525" width="29" height="32" />
        <cmp x="2013" y="1530" width="39" height="31" />
      </word>
      <word id="c02-035-04-09" tag="NN" text="liner">
        <cmp x="2110" y="1498" width="30" height="57" />
        <cmp x="2149" y="1529" width="8" height="18" />
        <cmp x="2158" y="1526" width="23" height="25" />
        <cmp x="2163" y="1495" width="5" height="11" />
        <cmp x="2182" y="1523" width="51" height="31" />
      </word>
      <word id="c02-035-04-10" tag="," text=",">
        <cmp x="2233" y="1545" width="14" height="34" />
      </word>
      <upper-contour>
        <point x="420" y="1422" />
        <point x="2100" y="1422" />
      </upper-contour>
      <lower-contour>
        <point x="398" y="1597" />
        <point x="1979" y="1597" />
      </lower-contour>
    </line>
    <line ass="335" asx="0" asy="1670" character-width="999" dss="335" dsx="0" dsy="1771" fd0="13962" fd1="3286" fd2="-340" filter-width="3" id="c02-035-05" lbs="383" lbx="0" lby="1740" segmentation="ok" slant="79000" stroke-width="5358" threshold="178" text="and paid for his audacity with his life." ubs="240" ubx="0" uby="1709">
      <word id="c02-035-05-00" tag="CC" text="and">
        <cmp x="400" y="1696" width="61" height="40" />
        <cmp x="463" y="1673" width="47" height="62" />
      </word>
      <word id="c02-035-05-01" tag="VBD" text="paid">
        <cmp x="595" y="1697" width="36" height="59" />
        <cmp x="611" y="1707" width="3" height="3" />
        <cmp x="631" y="1703" width="36" height="31" />
        <cmp x="669" y="1715" width="6" height="14" />
        <cmp x="678" y="1683" width="6" height="8" />
        <cmp x="680" y="1677" width="50" height="58" />
      </word>
      <word id="c02-035-05-02" tag="IN" text="for">
        <cmp x="815" y="1665" width="59" height="92" />
        <cmp x="879" y="1714" width="26" height="17" />
      </word>
      <word id="c02-035-05-03" tag="PP$" text="his">
        <cmp x="970" y="1668" width="38" height="66" />
        <cmp x="1014" y="1709" width="11" height="17" />
        <cmp x="1023" y="1698" width="29" height="31" />
        <cmp x="1035" y="1673" width="6" height="17" />
      </word>
      <word id="c02-035-05-04" tag="NN" text="audacity">
        <cmp x="1131" y="1705" width="81" height="30" />
        <cmp x="1218" y="1682" width="44" height="51" />
        <cmp x="1258" y="1701" width="36" height="30" />
        <cmp x="1299" y="1704" width="31" height="32" />
        <cmp x="1348" y="1707" width="10" height="32" />
        <cmp x="1360" y="1671" width="5" height="15" />
        <cmp x="1368" y="1672" width="59" height="92" />
      </word>
      <word id="c02-035-05-05" tag="IN" text="with">
        <cmp x="1509" y="1700" width="51" height="34" />
        <cmp x="1554" y="1707" width="10" height="19" />
        <cmp x="1566" y="1673" width="7" height="8" />
        <cmp x="1566" y="1666" width="45" height="68" />
      </word>
      <word id="c02-035-05-06" tag="PP$" text="his">
        <cmp x="1694" y="1675" width="30" height="56" />
        <cmp x="1731" y="1696" width="41" height="35" />
        <cmp x="1750" y="1677" width="5" height="11" />
      </word>
      <word id="c02-035-05-07" tag="NN" text="life">
        <cmp x="1841" y="1673" width="23" height="56" />
        <cmp x="1870" y="1697" width="15" height="30" />
        <cmp x="1891" y="1664" width="8" height="11" />
        <cmp x="1896" y="1664" width="54" height="87" />
      </word>
      <word id="c02-035-05-08" tag="." text=".">
        <cmp x="1971" y="1727" width="8" height="6" />
      </word>
      <upper-contour>
        <point x="398" y="1597" />
        <point x="1979" y="1597" />
      </upper-contour>
    </line>
  </handwritten-part>
</form>

