<?xml version="1.0" encoding="ISO-8859-1"?>

<!DOCTYPE form SYSTEM 'http://www.iam.unibe.ch/~fki/iamdb/form-metadata.dtd'>

<form created="2002-01-16" height="3542" id="c02-030" last-modified="2002-07-17" skew="-127" status="final" version="3.0_beta" width="2479" writer-id="142">
  <machine-printed-part>
    <machine-print-line text="When the final miracle does occur, it is accepted as a marvellous joke; no one has" />
    <machine-print-line text="learned anything. Wicki suddenly returns to the city for a final epilogue. In complete" />
    <machine-print-line text="silence he shows the faces of people walking in the streets, smug, content, satisfied," />
    <machine-print-line text="and thoroughly frightening. Wicki has succeeded in his second film in recording his" />
    <machine-print-line text="personal apocalypse of the last days of a sick society." />
  </machine-printed-part>
  <handwritten-part>
    <line ass="-143" asx="0" asy="732" character-width="999" dss="-143" dsx="0" dsy="850" fd0="13698" fd1="2315" fd2="-873" filter-width="4" id="c02-030-00" lbs="-77" lbx="0" lby="823" segmentation="err" slant="59000" stroke-width="6926" threshold="159" text="When the final miracle does occur, it is accepted as a" ubs="-274" ubx="0" uby="789">
      <word id="c02-030-00-00" sentence-start="yes" tag="WRB" text="When">
        <cmp x="362" y="746" width="63" height="86" />
        <cmp x="409" y="746" width="126" height="85" />
      </word>
      <word id="c02-030-00-01" tag="ATI" text="the">
        <cmp x="591" y="743" width="108" height="80" />
      </word>
      <word id="c02-030-00-02" tag="JJ" text="final">
        <cmp x="757" y="734" width="77" height="118" />
        <cmp x="822" y="789" width="35" height="29" />
        <cmp x="857" y="765" width="81" height="54" />
      </word>
      <word id="c02-030-00-03" tag="NN" text="miracle">
        <cmp x="969" y="792" width="108" height="34" />
        <cmp x="1078" y="772" width="9" height="8" />
      </word>
      <word id="c02-030-00-04" tag="DOZ" text="does">
        <cmp x="1083" y="759" width="150" height="60" />
      </word>
      <word id="c02-030-00-05" tag="VB" text="occur">
        <cmp x="1266" y="789" width="37" height="30" />
        <cmp x="1307" y="788" width="126" height="37" />
      </word>
      <word id="c02-030-00-06" tag="," text=",">
        <cmp x="1417" y="820" width="20" height="26" />
      </word>
      <word id="c02-030-00-07" tag="PP3" text="it">
        <cmp x="1467" y="757" width="92" height="72" />
        <cmp x="1507" y="775" width="17" height="9" />
      </word>
      <word id="c02-030-00-08" tag="BEZ" text="is">
        <cmp x="1559" y="796" width="70" height="25" />
        <cmp x="1602" y="765" width="15" height="9" />
      </word>
      <word id="c02-030-00-09" tag="VBN" text="accepted">
        <cmp x="1661" y="794" width="42" height="29" />
        <cmp x="1697" y="789" width="144" height="58" />
        <cmp x="1845" y="766" width="45" height="57" />
        <cmp x="1888" y="783" width="57" height="42" />
      </word>
      <word id="c02-030-00-10" tag="IN" text="as">
        <cmp x="1970" y="796" width="81" height="30" />
      </word>
      <word id="c02-030-00-11" tag="AT" text="a">
        <cmp x="2065" y="796" width="39" height="33" />
      </word>
      <lower-contour>
        <point x="361" y="853" />
        <point x="2105" y="853" />
      </lower-contour>
    </line>
    <line ass="-362" asx="0" asy="916" character-width="999" dss="-362" dsx="0" dsy="1034" fd0="13151" fd1="2099" fd2="-1005" filter-width="5" id="c02-030-01" lbs="-399" lbx="0" lby="992" segmentation="ok" slant="57000" stroke-width="7152" threshold="159" text="marvellous joke; no one has learned anything. Wicki" ubs="-286" ubx="0" uby="967">
      <word id="c02-030-01-00" tag="JJ" text="marvellous">
        <cmp x="363" y="974" width="77" height="34" />
        <cmp x="443" y="944" width="282" height="55" />
      </word>
      <word id="c02-030-01-01" tag="NN" text="joke">
        <cmp x="757" y="978" width="40" height="60" />
        <cmp x="789" y="948" width="15" height="8" />
        <cmp x="801" y="929" width="109" height="77" />
      </word>
      <word id="c02-030-01-02" tag=";" text=";">
        <cmp x="903" y="989" width="37" height="40" />
        <cmp x="929" y="971" width="9" height="8" />
      </word>
      <word id="c02-030-01-03" tag="PN21" text="no">
        <cmp x="972" y="973" width="102" height="34" />
      </word>
      <word id="c02-030-01-04" tag="PN22" text="one">
        <cmp x="1084" y="974" width="87" height="30" />
      </word>
      <word id="c02-030-01-05" tag="HVZ" text="has">
        <cmp x="1206" y="939" width="117" height="68" />
      </word>
      <word id="c02-030-01-06" tag="VBN" text="learned">
        <cmp x="1362" y="941" width="79" height="65" />
        <cmp x="1439" y="953" width="190" height="51" />
      </word>
      <word id="c02-030-01-07" tag="PN" text="anything">
        <cmp x="1654" y="976" width="110" height="63" />
        <cmp x="1768" y="928" width="86" height="83" />
        <cmp x="1844" y="955" width="8" height="7" />
        <cmp x="1853" y="978" width="36" height="23" />
        <cmp x="1853" y="970" width="69" height="74" />
      </word>
      <word id="c02-030-01-08" tag="." text=".">
        <cmp x="1929" y="997" width="8" height="12" />
      </word>
      <word id="c02-030-01-09" sentence-start="yes" tag="NP" text="Wicki">
        <cmp x="1970" y="942" width="69" height="62" />
        <cmp x="2014" y="934" width="149" height="75" />
        <cmp x="2060" y="935" width="13" height="9" />
        <cmp x="2163" y="970" width="8" height="7" />
      </word>
      <upper-contour>
        <point x="361" y="853" />
        <point x="2105" y="853" />
      </upper-contour>
      <lower-contour>
        <point x="361" y="1044" />
        <point x="2148" y="1044" />
      </lower-contour>
    </line>
    <line ass="-143" asx="0" asy="1100" character-width="999" dss="-143" dsx="0" dsy="1238" fd0="13571" fd1="2399" fd2="-691" filter-width="4" id="c02-030-02" lbs="-47" lbx="0" lby="1180" segmentation="ok" slant="59000" stroke-width="6983" threshold="160" text="suddenly returns to the city for a final epilogue. In" ubs="-336" ubx="0" uby="1145">
      <word id="c02-030-02-00" tag="RB" text="suddenly">
        <cmp x="360" y="1149" width="43" height="41" />
        <cmp x="400" y="1152" width="60" height="32" />
        <cmp x="459" y="1117" width="74" height="59" />
        <cmp x="506" y="1115" width="183" height="101" />
      </word>
      <word id="c02-030-02-01" tag="VBZ" text="returns">
        <cmp x="722" y="1108" width="214" height="72" />
      </word>
      <word id="c02-030-02-02" tag="IN" text="to">
        <cmp x="956" y="1107" width="53" height="73" />
      </word>
      <word id="c02-030-02-03" tag="ATI" text="the">
        <cmp x="1046" y="1103" width="89" height="78" />
      </word>
      <word id="c02-030-02-04" tag="NN" text="city">
        <cmp x="1183" y="1154" width="42" height="25" />
        <cmp x="1221" y="1140" width="10" height="7" />
        <cmp x="1232" y="1112" width="57" height="107" />
      </word>
      <word id="c02-030-02-05" tag="IN" text="for">
        <cmp x="1308" y="1122" width="86" height="83" />
      </word>
      <word id="c02-030-02-06" tag="AT" text="a">
        <cmp x="1416" y="1155" width="34" height="24" />
      </word>
      <word id="c02-030-02-07" tag="JJ" text="final">
        <cmp x="1469" y="1109" width="67" height="100" />
        <cmp x="1526" y="1136" width="10" height="9" />
        <cmp x="1526" y="1125" width="127" height="59" />
      </word>
      <word id="c02-030-02-08" tag="NN" text="epilogue">
        <cmp x="1690" y="1150" width="104" height="61" />
        <cmp x="1793" y="1133" width="13" height="11" />
        <cmp x="1794" y="1127" width="89" height="58" />
        <cmp x="1841" y="1157" width="147" height="87" />
      </word>
      <word id="c02-030-02-09" tag="." text=".">
        <cmp x="2000" y="1180" width="13" height="12" />
      </word>
      <word id="c02-030-02-10" sentence-start="yes" tag="IN" text="In">
        <cmp x="2048" y="1126" width="99" height="68" />
      </word>
      <upper-contour>
        <point x="361" y="1044" />
        <point x="2148" y="1044" />
      </upper-contour>
      <lower-contour>
        <point x="374" y="1243" />
        <point x="2148" y="1243" />
      </lower-contour>
    </line>
    <line ass="-320" asx="0" asy="1271" character-width="999" dss="-320" dsx="0" dsy="1386" fd0="12813" fd1="2770" fd2="-584" filter-width="5" id="c02-030-03" lbs="-323" lbx="0" lby="1353" segmentation="ok" slant="56000" stroke-width="7192" threshold="160" text="complete silence he shows the faces of people" ubs="-313" ubx="0" uby="1326">
      <word id="c02-030-03-00" tag="JJ" text="complete">
        <cmp x="376" y="1324" width="124" height="39" />
        <cmp x="476" y="1321" width="64" height="68" />
        <cmp x="544" y="1286" width="137" height="73" />
      </word>
      <word id="c02-030-03-01" tag="NN" text="silence">
        <cmp x="734" y="1336" width="53" height="32" />
        <cmp x="781" y="1301" width="14" height="12" />
        <cmp x="802" y="1304" width="113" height="58" />
        <cmp x="928" y="1332" width="60" height="28" />
      </word>
      <word id="c02-030-03-02" tag="PP3A" text="he">
        <cmp x="1061" y="1280" width="73" height="76" />
      </word>
      <word id="c02-030-03-03" tag="VBZ" text="shows">
        <cmp x="1175" y="1329" width="41" height="36" />
        <cmp x="1214" y="1306" width="139" height="55" />
      </word>
      <word id="c02-030-03-04" tag="ATI" text="the">
        <cmp x="1408" y="1280" width="124" height="82" />
      </word>
      <word id="c02-030-03-05" tag="NNS" text="faces">
        <cmp x="1560" y="1297" width="85" height="87" />
        <cmp x="1659" y="1332" width="92" height="35" />
      </word>
      <word id="c02-030-03-06" tag="INO" text="of">
        <cmp x="1791" y="1295" width="84" height="102" />
      </word>
      <word id="c02-030-03-07" tag="NNS" text="people">
        <cmp x="1883" y="1329" width="55" height="60" />
        <cmp x="1937" y="1332" width="76" height="29" />
        <cmp x="1997" y="1318" width="165" height="67" />
      </word>
      <upper-contour>
        <point x="374" y="1243" />
        <point x="2148" y="1243" />
      </upper-contour>
      <lower-contour>
        <point x="374" y="1396" />
        <point x="2113" y="1396" />
      </lower-contour>
    </line>
    <line ass="-662" asx="0" asy="1449" character-width="999" dss="-662" dsx="0" dsy="1561" fd0="13808" fd1="2715" fd2="-358" filter-width="4" id="c02-030-04" lbs="-644" lbx="0" lby="1529" segmentation="ok" slant="56000" stroke-width="6791" threshold="160" text="walking in the streets, smug, content, satisfied," ubs="-699" ubx="0" uby="1499">
      <word id="c02-030-04-00" tag="VBG" text="walking">
        <cmp x="371" y="1500" width="53" height="45" />
        <cmp x="422" y="1455" width="160" height="83" />
        <cmp x="582" y="1489" width="8" height="8" />
        <cmp x="584" y="1506" width="36" height="28" />
      </word>
      <word id="c02-030-04-01" tag="IN" text="in">
        <cmp x="673" y="1514" width="82" height="25" />
        <cmp x="715" y="1487" width="17" height="9" />
      </word>
      <word id="c02-030-04-02" tag="ATI" text="the">
        <cmp x="788" y="1462" width="146" height="87" />
      </word>
      <word id="c02-030-04-03" tag="NNS" text="streets">
        <cmp x="1003" y="1513" width="41" height="29" />
        <cmp x="1048" y="1477" width="116" height="60" />
        <cmp x="1172" y="1467" width="55" height="67" />
      </word>
      <word id="c02-030-04-04" tag="," text=",">
        <cmp x="1213" y="1535" width="18" height="25" />
      </word>
      <word id="c02-030-04-05" tag="JJ" text="smug">
        <cmp x="1263" y="1512" width="36" height="31" />
        <cmp x="1300" y="1513" width="101" height="26" />
        <cmp x="1381" y="1503" width="60" height="66" />
      </word>
      <word id="c02-030-04-06" tag="," text=",">
        <cmp x="1424" y="1532" width="20" height="37" />
      </word>
      <word id="c02-030-04-07" tag="JJ" text="content">
        <cmp x="1485" y="1511" width="97" height="34" />
        <cmp x="1584" y="1476" width="87" height="70" />
        <cmp x="1679" y="1469" width="34" height="75" />
      </word>
      <word id="c02-030-04-08" tag="," text=",">
        <cmp x="1691" y="1536" width="39" height="45" />
      </word>
      <word id="c02-030-04-09" tag="JJ" text="satisfied">
        <cmp x="1755" y="1505" width="45" height="39" />
        <cmp x="1804" y="1480" width="89" height="69" />
        <cmp x="1886" y="1514" width="39" height="34" />
        <cmp x="1926" y="1482" width="57" height="85" />
        <cmp x="1987" y="1495" width="7" height="8" />
        <cmp x="1995" y="1517" width="31" height="30" />
        <cmp x="2036" y="1486" width="70" height="59" />
      </word>
      <word id="c02-030-04-10" tag="," text=",">
        <cmp x="2093" y="1538" width="19" height="26" />
      </word>
      <upper-contour>
        <point x="374" y="1396" />
        <point x="2113" y="1396" />
      </upper-contour>
      <lower-contour>
        <point x="369" y="1580" />
        <point x="1911" y="1580" />
      </lower-contour>
    </line>
    <line ass="23" asx="0" asy="1639" character-width="999" dss="23" dsx="0" dsy="1759" fd0="13266" fd1="2123" fd2="-747" filter-width="5" id="c02-030-05" lbs="-38" lbx="0" lby="1724" segmentation="ok" slant="61000" stroke-width="7157" threshold="155" text="and thoroughly frightening. Wicki has" ubs="146" ubx="0" uby="1701">
      <word id="c02-030-05-00" tag="CC" text="and">
        <cmp x="367" y="1685" width="86" height="30" />
        <cmp x="454" y="1657" width="61" height="60" />
      </word>
      <word id="c02-030-05-01" tag="RB" text="thoroughly">
        <cmp x="566" y="1642" width="138" height="84" />
        <cmp x="695" y="1687" width="41" height="29" />
        <cmp x="741" y="1691" width="105" height="30" />
        <cmp x="822" y="1690" width="51" height="70" />
        <cmp x="879" y="1641" width="130" height="118" />
      </word>
      <word id="c02-030-05-02" tag="JJ" text="frightening">
        <cmp x="1063" y="1646" width="76" height="100" />
        <cmp x="1137" y="1692" width="57" height="68" />
        <cmp x="1140" y="1675" width="10" height="8" />
        <cmp x="1194" y="1658" width="31" height="64" />
        <cmp x="1240" y="1704" width="5" height="5" />
        <cmp x="1244" y="1656" width="174" height="71" />
        <cmp x="1374" y="1662" width="21" height="13" />
        <cmp x="1391" y="1696" width="73" height="63" />
      </word>
      <word id="c02-030-05-03" tag="." text=".">
        <cmp x="1476" y="1713" width="14" height="14" />
      </word>
      <word id="c02-030-05-04" sentence-start="yes" tag="NP" text="Wicki">
        <cmp x="1543" y="1662" width="57" height="64" />
        <cmp x="1591" y="1695" width="32" height="23" />
        <cmp x="1623" y="1669" width="7" height="10" />
        <cmp x="1639" y="1639" width="99" height="80" />
        <cmp x="1744" y="1673" width="11" height="7" />
      </word>
      <word id="c02-030-05-05" tag="HVZ" text="has">
        <cmp x="1790" y="1639" width="120" height="80" />
      </word>
      <upper-contour>
        <point x="369" y="1580" />
        <point x="1911" y="1580" />
      </upper-contour>
      <lower-contour>
        <point x="365" y="1760" />
        <point x="1911" y="1760" />
      </lower-contour>
    </line>
    <line ass="-242" asx="0" asy="1813" character-width="999" dss="-242" dsx="0" dsy="1915" fd0="11608" fd1="2791" fd2="-123" filter-width="5" id="c02-030-06" lbs="-321" lbx="0" lby="1888" segmentation="err" slant="55000" stroke-width="7523" threshold="157" text="succeeded in his second film in" ubs="-84" ubx="0" uby="1868">
      <word id="c02-030-06-00" tag="VBN" text="succeeded">
        <cmp x="366" y="1843" width="302" height="62" />
        <cmp x="689" y="1861" width="53" height="43" />
        <cmp x="723" y="1866" width="66" height="31" />
        <cmp x="799" y="1838" width="296" height="58" />
      </word>
      <word id="c02-030-06-01" tag="IN" text="in">
        <cmp x="1140" y="1874" width="76" height="29" />
        <cmp x="1195" y="1834" width="15" height="16" />
      </word>
      <word id="c02-030-06-02" tag="PP$" text="his">
        <cmp x="1285" y="1819" width="88" height="80" />
        <cmp x="1369" y="1848" width="10" height="8" />
        <cmp x="1369" y="1869" width="46" height="42" />
      </word>
      <word id="c02-030-06-03" tag="OD" text="second">
        <cmp x="1481" y="1865" width="185" height="42" />
        <cmp x="1683" y="1844" width="66" height="47" />
      </word>
      <word id="c02-030-06-04" tag="NN" text="film">
        <cmp x="1769" y="1821" width="88" height="102" />
        <cmp x="1838" y="1853" width="9" height="6" />
        <cmp x="1847" y="1838" width="129" height="66" />
      </word>
      <word id="c02-030-06-05" tag="IN" text="in">
        <cmp x="2009" y="1879" width="84" height="23" />
        <cmp x="2042" y="1841" width="13" height="13" />
      </word>
      <upper-contour>
        <point x="365" y="1760" />
        <point x="1911" y="1760" />
      </upper-contour>
      <lower-contour>
        <point x="364" y="1923" />
        <point x="2094" y="1923" />
      </lower-contour>
    </line>
    <line ass="-566" asx="0" asy="1984" character-width="999" dss="-566" dsx="0" dsy="2111" fd0="12606" fd1="2315" fd2="-587" filter-width="5" id="c02-030-07" lbs="-539" lbx="0" lby="2064" segmentation="ok" slant="59999" stroke-width="7158" threshold="160" text="recording his personal apocalypse of the" ubs="-620" ubx="0" uby="2041">
      <word id="c02-030-07-00" tag="VBG" text="recording">
        <cmp x="353" y="2031" width="261" height="48" />
        <cmp x="612" y="2031" width="12" height="9" />
        <cmp x="628" y="2051" width="39" height="22" />
        <cmp x="629" y="2040" width="66" height="78" />
      </word>
      <word id="c02-030-07-01" tag="PP$" text="his">
        <cmp x="771" y="2000" width="79" height="72" />
        <cmp x="850" y="2017" width="10" height="9" />
        <cmp x="856" y="2041" width="42" height="38" />
      </word>
      <word id="c02-030-07-02" tag="JJ" text="personal">
        <cmp x="940" y="2047" width="65" height="47" />
        <cmp x="1010" y="2047" width="104" height="33" />
        <cmp x="1130" y="2058" width="70" height="21" />
        <cmp x="1206" y="2024" width="98" height="51" />
      </word>
      <word id="c02-030-07-03" tag="NN" text="apocalypse">
        <cmp x="1393" y="2047" width="84" height="57" />
        <cmp x="1491" y="2050" width="40" height="27" />
        <cmp x="1538" y="2033" width="156" height="90" />
        <cmp x="1683" y="2049" width="139" height="57" />
      </word>
      <word id="c02-030-07-04" tag="INO" text="of">
        <cmp x="1883" y="2018" width="80" height="90" />
      </word>
      <word id="c02-030-07-05" tag="ATI" text="the">
        <cmp x="1970" y="2003" width="127" height="74" />
      </word>
      <upper-contour>
        <point x="364" y="1923" />
        <point x="2094" y="1923" />
      </upper-contour>
      <lower-contour>
        <point x="366" y="2123" />
        <point x="1713" y="2123" />
      </lower-contour>
    </line>
    <line ass="196" asx="0" asy="2179" character-width="999" dss="196" dsx="0" dsy="2324" fd0="13242" fd1="2952" fd2="-246" filter-width="4" id="c02-030-08" lbs="229" lbx="0" lby="2264" segmentation="ok" slant="59999" stroke-width="7047" threshold="158" text="last days of a sick society." ubs="130" ubx="0" uby="2236">
      <word id="c02-030-08-00" tag="AP" text="last">
        <cmp x="368" y="2248" width="12" height="8" />
        <cmp x="385" y="2239" width="10" height="7" />
        <cmp x="402" y="2191" width="104" height="71" />
        <cmp x="517" y="2187" width="36" height="72" />
      </word>
      <word id="c02-030-08-01" tag="NNS" text="days">
        <cmp x="634" y="2202" width="180" height="94" />
      </word>
      <word id="c02-030-08-02" tag="INO" text="of">
        <cmp x="881" y="2189" width="89" height="109" />
      </word>
      <word id="c02-030-08-03" tag="AT" text="a">
        <cmp x="1015" y="2230" width="39" height="28" />
      </word>
      <word id="c02-030-08-04" tag="JJ" text="sick">
        <cmp x="1132" y="2231" width="65" height="31" />
        <cmp x="1191" y="2209" width="9" height="8" />
        <cmp x="1207" y="2175" width="102" height="87" />
      </word>
      <word id="c02-030-08-05" tag="NN" text="society">
        <cmp x="1378" y="2229" width="152" height="38" />
        <cmp x="1531" y="2203" width="9" height="11" />
        <cmp x="1552" y="2179" width="130" height="140" />
      </word>
      <word id="c02-030-08-06" tag="." text=".">
        <cmp x="1694" y="2245" width="18" height="9" />
      </word>
      <upper-contour>
        <point x="366" y="2123" />
        <point x="1713" y="2123" />
      </upper-contour>
    </line>
  </handwritten-part>
</form>

