<?xml version="1.0" encoding="ISO-8859-1"?>

<!DOCTYPE form SYSTEM 'http://www.iam.unibe.ch/~fki/iamdb/form-metadata.dtd'>

<form created="2002-01-16" height="3542" id="c02-012" last-modified="2002-07-17" skew="-63" status="final" version="3.0_beta" width="2479" writer-id="140">
  <machine-printed-part>
    <machine-print-line text="Every unnecessary detail, all superfluous local colouring must be eliminated. He" />
    <machine-print-line text="does not want the accuracy of a police photograph, but rather he wants to show" />
    <machine-print-line text="the eternal in every instant.&amp;quot; The chilling horror of &amp;quot;Malachias&amp;quot; is due as much to" />
    <machine-print-line text="Wicki the photographer as to Wicki the director. His earlier film, &amp;quot;Die Bru&amp;quot;cke,&amp;quot;" />
    <machine-print-line text="was equally terrifying, but here the director moves out of the world of reality into an" />
    <machine-print-line text="icy supernatural vacuum where the sun never shines." />
  </machine-printed-part>
  <handwritten-part>
    <line ass="-406" asx="0" asy="927" character-width="999" dss="-406" dsx="0" dsy="1027" fd0="13120" fd1="2652" fd2="-1654" filter-width="3" id="c02-012-00" lbs="-378" lbx="0" lby="987" segmentation="ok" slant="90000" stroke-width="5003" threshold="181" text="Every unnecessary detail, all superfluous local" ubs="-464" ubx="0" uby="951">
      <word id="c02-012-00-00" sentence-start="yes" tag="AT" text="Every">
        <cmp x="352" y="939" width="47" height="7" />
        <cmp x="352" y="947" width="49" height="46" />
        <cmp x="398" y="951" width="34" height="39" />
        <cmp x="420" y="953" width="60" height="43" />
        <cmp x="485" y="957" width="45" height="74" />
      </word>
      <word id="c02-012-00-01" tag="JJ" text="unnecessary">
        <cmp x="566" y="958" width="44" height="38" />
        <cmp x="618" y="958" width="34" height="35" />
        <cmp x="660" y="956" width="39" height="39" />
        <cmp x="702" y="960" width="40" height="37" />
        <cmp x="742" y="961" width="53" height="35" />
        <cmp x="793" y="946" width="88" height="46" />
        <cmp x="883" y="948" width="42" height="44" />
        <cmp x="931" y="949" width="55" height="38" />
        <cmp x="993" y="952" width="47" height="82" />
      </word>
      <word id="c02-012-00-02" tag="NN" text="detail">
        <cmp x="1084" y="952" width="42" height="47" />
        <cmp x="1129" y="955" width="48" height="45" />
        <cmp x="1189" y="950" width="60" height="50" />
        <cmp x="1252" y="943" width="5" height="5" />
        <cmp x="1252" y="961" width="6" height="38" />
        <cmp x="1267" y="939" width="10" height="57" />
      </word>
      <word id="c02-012-00-03" tag="," text=",">
        <cmp x="1306" y="990" width="18" height="35" />
      </word>
      <word id="c02-012-00-04" tag="ABN" text="all">
        <cmp x="1360" y="964" width="51" height="41" />
        <cmp x="1415" y="954" width="8" height="47" />
        <cmp x="1428" y="951" width="8" height="48" />
      </word>
      <word id="c02-012-00-05" tag="JJ" text="superfluous">
        <cmp x="1495" y="963" width="91" height="41" />
        <cmp x="1586" y="940" width="143" height="89" />
        <cmp x="1733" y="950" width="10" height="49" />
        <cmp x="1754" y="964" width="47" height="34" />
        <cmp x="1808" y="960" width="91" height="42" />
        <cmp x="1902" y="967" width="38" height="39" />
        <cmp x="1925" y="971" width="3" height="4" />
      </word>
      <word id="c02-012-00-06" tag="JJ" text="local">
        <cmp x="1985" y="942" width="9" height="53" />
        <cmp x="1994" y="957" width="127" height="46" />
        <cmp x="2133" y="943" width="6" height="57" />
      </word>
      <lower-contour>
        <point x="350" y="1034" />
        <point x="2033" y="1034" />
      </lower-contour>
    </line>
    <line ass="-31" asx="0" asy="1116" character-width="999" dss="-31" dsx="0" dsy="1221" fd0="12939" fd1="2842" fd2="-1112" filter-width="3" id="c02-012-01" lbs="26" lbx="0" lby="1173" segmentation="ok" slant="90000" stroke-width="4913" threshold="183" text="colouring must be eliminated. He does not" ubs="-147" ubx="0" uby="1139">
      <word id="c02-012-01-00" tag="NN" text="colouring">
        <cmp x="346" y="1141" width="49" height="40" />
        <cmp x="393" y="1122" width="66" height="54" />
        <cmp x="468" y="1142" width="99" height="38" />
        <cmp x="571" y="1138" width="25" height="37" />
        <cmp x="605" y="1135" width="9" height="40" />
        <cmp x="611" y="1124" width="5" height="4" />
        <cmp x="630" y="1140" width="75" height="83" />
        <cmp x="655" y="1157" width="7" height="19" />
      </word>
      <word id="c02-012-01-01" tag="MD" text="must">
        <cmp x="757" y="1139" width="54" height="38" />
        <cmp x="817" y="1136" width="46" height="40" />
        <cmp x="866" y="1118" width="57" height="57" />
      </word>
      <word id="c02-012-01-02" tag="BE" text="be">
        <cmp x="976" y="1124" width="83" height="49" />
      </word>
      <word id="c02-012-01-03" tag="VBN" text="eliminated">
        <cmp x="1099" y="1135" width="52" height="37" />
        <cmp x="1153" y="1122" width="9" height="47" />
        <cmp x="1171" y="1142" width="7" height="28" />
        <cmp x="1174" y="1118" width="6" height="9" />
        <cmp x="1190" y="1139" width="53" height="36" />
        <cmp x="1253" y="1146" width="10" height="28" />
        <cmp x="1259" y="1125" width="5" height="7" />
        <cmp x="1276" y="1139" width="37" height="37" />
        <cmp x="1317" y="1133" width="44" height="44" />
        <cmp x="1369" y="1132" width="6" height="47" />
        <cmp x="1376" y="1127" width="94" height="50" />
      </word>
      <word id="c02-012-01-04" tag="." text=".">
        <cmp x="1505" y="1165" width="5" height="8" />
      </word>
      <word id="c02-012-01-05" sentence-start="yes" tag="PP3A" text="He">
        <cmp x="1549" y="1126" width="89" height="54" />
      </word>
      <word id="c02-012-01-06" tag="DOZ" text="does">
        <cmp x="1683" y="1124" width="123" height="52" />
        <cmp x="1811" y="1135" width="45" height="44" />
      </word>
      <word id="c02-012-01-07" tag="XNOT" text="not">
        <cmp x="1906" y="1127" width="126" height="55" />
      </word>
      <upper-contour>
        <point x="350" y="1034" />
        <point x="2033" y="1034" />
      </upper-contour>
      <lower-contour>
        <point x="347" y="1223" />
        <point x="2033" y="1223" />
      </lower-contour>
    </line>
    <line ass="-607" asx="0" asy="1285" character-width="999" dss="-607" dsx="0" dsy="1399" fd0="12904" fd1="2875" fd2="-1017" filter-width="3" id="c02-012-02" lbs="-563" lbx="0" lby="1343" segmentation="ok" slant="90000" stroke-width="4888" threshold="185" text="want the accuracy of a police photograph," ubs="-694" ubx="0" uby="1307">
      <word id="c02-012-02-00" tag="VB" text="want">
        <cmp x="349" y="1309" width="84" height="47" />
        <cmp x="436" y="1304" width="65" height="50" />
      </word>
      <word id="c02-012-02-01" tag="ATI" text="the">
        <cmp x="535" y="1299" width="137" height="54" />
      </word>
      <word id="c02-012-02-02" tag="NN" text="accuracy">
        <cmp x="730" y="1314" width="38" height="38" />
        <cmp x="770" y="1313" width="80" height="37" />
        <cmp x="850" y="1310" width="72" height="43" />
        <cmp x="929" y="1315" width="43" height="38" />
        <cmp x="976" y="1316" width="46" height="33" />
        <cmp x="1021" y="1322" width="54" height="67" />
      </word>
      <word id="c02-012-02-03" tag="INO" text="of">
        <cmp x="1133" y="1299" width="71" height="86" />
      </word>
      <word id="c02-012-02-04" tag="AT" text="a">
        <cmp x="1246" y="1310" width="64" height="41" />
      </word>
      <word id="c02-012-02-05" tag="NNS" text="police">
        <cmp x="1350" y="1317" width="85" height="71" />
        <cmp x="1440" y="1307" width="36" height="47" />
        <cmp x="1473" y="1310" width="4" height="4" />
        <cmp x="1494" y="1315" width="91" height="38" />
      </word>
      <word id="c02-012-02-06" tag="NN" text="photograph">
        <cmp x="1627" y="1321" width="47" height="69" />
        <cmp x="1684" y="1305" width="26" height="56" />
        <cmp x="1722" y="1323" width="46" height="36" />
        <cmp x="1760" y="1304" width="42" height="49" />
        <cmp x="1809" y="1323" width="49" height="35" />
        <cmp x="1838" y="1322" width="71" height="98" />
        <cmp x="1918" y="1319" width="13" height="39" />
        <cmp x="1934" y="1311" width="48" height="42" />
        <cmp x="1991" y="1320" width="41" height="72" />
        <cmp x="2043" y="1307" width="76" height="54" />
      </word>
      <word id="c02-012-02-07" tag="," text=",">
        <cmp x="2121" y="1343" width="24" height="39" />
      </word>
      <upper-contour>
        <point x="347" y="1223" />
        <point x="2033" y="1223" />
      </upper-contour>
      <lower-contour>
        <point x="347" y="1420" />
        <point x="2071" y="1420" />
      </lower-contour>
    </line>
    <line ass="-93" asx="0" asy="1460" character-width="999" dss="-93" dsx="0" dsy="1540" fd0="12813" fd1="2732" fd2="-1059" filter-width="3" id="c02-012-03" lbs="-77" lbx="0" lby="1530" segmentation="ok" slant="90000" stroke-width="5027" threshold="179" text="but rather he wants to show the eternal in" ubs="-125" ubx="0" uby="1496">
      <word id="c02-012-03-00" tag="CC" text="but">
        <cmp x="349" y="1479" width="56" height="57" />
        <cmp x="400" y="1513" width="40" height="27" />
        <cmp x="438" y="1482" width="40" height="53" />
        <cmp x="456" y="1476" width="4" height="5" />
      </word>
      <word id="c02-012-03-01" tag="RB" text="rather">
        <cmp x="522" y="1490" width="25" height="39" />
        <cmp x="549" y="1485" width="54" height="42" />
        <cmp x="586" y="1483" width="41" height="49" />
        <cmp x="632" y="1486" width="34" height="50" />
        <cmp x="674" y="1497" width="67" height="38" />
      </word>
      <word id="c02-012-03-02" tag="PP3A" text="he">
        <cmp x="797" y="1479" width="89" height="53" />
      </word>
      <word id="c02-012-03-03" tag="VBZ" text="wants">
        <cmp x="917" y="1492" width="88" height="42" />
        <cmp x="1012" y="1483" width="70" height="51" />
        <cmp x="1075" y="1498" width="51" height="45" />
      </word>
      <word id="c02-012-03-04" tag="TO" text="to">
        <cmp x="1153" y="1490" width="88" height="49" />
      </word>
      <word id="c02-012-03-05" tag="VB" text="show">
        <cmp x="1280" y="1499" width="47" height="37" />
        <cmp x="1332" y="1486" width="36" height="48" />
        <cmp x="1370" y="1497" width="103" height="41" />
      </word>
      <word id="c02-012-03-06" tag="ATI" text="the">
        <cmp x="1491" y="1492" width="47" height="48" />
        <cmp x="1546" y="1488" width="92" height="53" />
      </word>
      <word id="c02-012-03-07" tag="JJ" text="eternal">
        <cmp x="1672" y="1497" width="47" height="39" />
        <cmp x="1727" y="1489" width="72" height="48" />
        <cmp x="1812" y="1497" width="36" height="38" />
        <cmp x="1852" y="1481" width="96" height="52" />
      </word>
      <word id="c02-012-03-08" tag="IN" text="in">
        <cmp x="1994" y="1465" width="7" height="7" />
        <cmp x="1997" y="1501" width="8" height="36" />
        <cmp x="2014" y="1499" width="56" height="46" />
      </word>
      <upper-contour>
        <point x="347" y="1420" />
        <point x="2071" y="1420" />
      </upper-contour>
      <lower-contour>
        <point x="347" y="1545" />
        <point x="2071" y="1545" />
      </lower-contour>
    </line>
    <line ass="70" asx="0" asy="1653" character-width="999" dss="70" dsx="0" dsy="1776" fd0="13024" fd1="2717" fd2="-1106" filter-width="3" id="c02-012-04" lbs="162" lbx="0" lby="1710" segmentation="ok" slant="92999" stroke-width="4967" threshold="183" text="every instant.&amp;quot; The chilling horror of &amp;quot;Mala-" ubs="-112" ubx="0" uby="1675">
      <word id="c02-012-04-00" tag="AT" text="every">
        <cmp x="342" y="1675" width="84" height="46" />
        <cmp x="429" y="1679" width="53" height="39" />
        <cmp x="477" y="1677" width="57" height="90" />
      </word>
      <word id="c02-012-04-01" tag="NN" text="instant">
        <cmp x="587" y="1673" width="7" height="31" />
        <cmp x="592" y="1654" width="5" height="4" />
        <cmp x="601" y="1674" width="28" height="29" />
        <cmp x="630" y="1667" width="46" height="46" />
        <cmp x="687" y="1656" width="57" height="57" />
        <cmp x="751" y="1675" width="61" height="39" />
        <cmp x="806" y="1666" width="33" height="46" />
      </word>
      <word id="c02-012-04-02" tag="." text=".">
        <cmp x="856" y="1705" width="7" height="9" />
      </word>
      <word id="c02-012-04-03" tag="**&apos;" text="&quot;">
        <cmp x="878" y="1654" width="20" height="16" />
      </word>
      <word id="c02-012-04-04" sentence-start="yes" tag="ATI" text="The">
        <cmp x="913" y="1661" width="63" height="13" />
        <cmp x="947" y="1676" width="6" height="43" />
        <cmp x="977" y="1660" width="29" height="57" />
        <cmp x="1007" y="1673" width="56" height="40" />
      </word>
      <word id="c02-012-04-05" tag="JJ" text="chilling">
        <cmp x="1096" y="1669" width="85" height="48" />
        <cmp x="1200" y="1660" width="5" height="11" />
        <cmp x="1200" y="1682" width="6" height="35" />
        <cmp x="1224" y="1665" width="7" height="50" />
        <cmp x="1239" y="1663" width="9" height="54" />
        <cmp x="1262" y="1683" width="7" height="36" />
        <cmp x="1266" y="1661" width="4" height="7" />
        <cmp x="1284" y="1684" width="78" height="92" />
      </word>
      <word id="c02-012-04-06" tag="NN" text="horror">
        <cmp x="1420" y="1661" width="74" height="54" />
        <cmp x="1505" y="1678" width="17" height="37" />
        <cmp x="1534" y="1675" width="28" height="37" />
        <cmp x="1560" y="1680" width="45" height="35" />
        <cmp x="1616" y="1675" width="22" height="37" />
      </word>
      <word id="c02-012-04-07" tag="INO" text="of">
        <cmp x="1698" y="1679" width="50" height="32" />
        <cmp x="1747" y="1660" width="24" height="93" />
      </word>
      <word id="c02-012-04-08" tag="*&apos;" text="&quot;">
        <cmp x="1828" y="1660" width="27" height="24" />
      </word>
      <word id="c02-012-04-09" tag="NP-" text="Mala-">
        <cmp x="1870" y="1670" width="52" height="53" />
        <cmp x="1922" y="1673" width="47" height="44" />
        <cmp x="1979" y="1665" width="8" height="50" />
        <cmp x="1996" y="1673" width="62" height="45" />
        <cmp x="2074" y="1682" width="33" height="8" />
      </word>
      <upper-contour>
        <point x="347" y="1545" />
        <point x="2071" y="1545" />
      </upper-contour>
      <lower-contour>
        <point x="346" y="1776" />
        <point x="2107" y="1776" />
      </lower-contour>
    </line>
    <line ass="-167" asx="0" asy="1827" character-width="999" dss="-167" dsx="0" dsy="1922" fd0="13290" fd1="3235" fd2="-798" filter-width="3" id="c02-012-05" lbs="-162" lbx="0" lby="1888" segmentation="ok" slant="90000" stroke-width="4844" threshold="188" text="chias&amp;quot; is due as much to Wicki the photo-" ubs="-177" ubx="0" uby="1851">
      <word id="c02-012-05-00" tag="-NP" text="chias">
        <cmp x="348" y="1847" width="46" height="44" />
        <cmp x="394" y="1830" width="42" height="58" />
        <cmp x="447" y="1849" width="4" height="37" />
        <cmp x="450" y="1830" width="4" height="5" />
        <cmp x="465" y="1851" width="80" height="42" />
      </word>
      <word id="c02-012-05-01" tag="**&apos;" text="&quot;">
        <cmp x="551" y="1832" width="17" height="20" />
      </word>
      <word id="c02-012-05-02" tag="BEZ" text="is">
        <cmp x="624" y="1859" width="10" height="37" />
        <cmp x="629" y="1842" width="5" height="4" />
        <cmp x="641" y="1855" width="39" height="39" />
      </word>
      <word id="c02-012-05-03" tag="JJ" text="due">
        <cmp x="715" y="1846" width="44" height="46" />
        <cmp x="769" y="1851" width="111" height="44" />
      </word>
      <word id="c02-012-05-04" tag="QL" text="as">
        <cmp x="939" y="1853" width="82" height="46" />
      </word>
      <word id="c02-012-05-05" tag="RB" text="much">
        <cmp x="1078" y="1856" width="59" height="39" />
        <cmp x="1151" y="1858" width="53" height="36" />
        <cmp x="1206" y="1848" width="42" height="45" />
        <cmp x="1248" y="1844" width="51" height="47" />
      </word>
      <word id="c02-012-05-06" tag="IN" text="to">
        <cmp x="1311" y="1853" width="52" height="42" />
        <cmp x="1359" y="1859" width="46" height="38" />
      </word>
      <word id="c02-012-05-07" tag="NP" text="Wicki">
        <cmp x="1474" y="1836" width="47" height="55" />
        <cmp x="1533" y="1851" width="6" height="42" />
        <cmp x="1539" y="1839" width="4" height="6" />
        <cmp x="1547" y="1848" width="47" height="40" />
        <cmp x="1598" y="1847" width="46" height="44" />
        <cmp x="1652" y="1837" width="5" height="7" />
        <cmp x="1653" y="1856" width="7" height="38" />
      </word>
      <word id="c02-012-05-08" tag="ATI" text="the">
        <cmp x="1716" y="1845" width="81" height="54" />
        <cmp x="1804" y="1859" width="48" height="39" />
      </word>
      <word id="c02-012-05-09" tag="NN-" text="photo-">
        <cmp x="1892" y="1851" width="42" height="77" />
        <cmp x="1936" y="1841" width="41" height="49" />
        <cmp x="1975" y="1841" width="71" height="51" />
        <cmp x="2049" y="1863" width="40" height="35" />
        <cmp x="2100" y="1865" width="32" height="7" />
      </word>
      <upper-contour>
        <point x="346" y="1776" />
        <point x="2107" y="1776" />
      </upper-contour>
      <lower-contour>
        <point x="346" y="1928" />
        <point x="2112" y="1928" />
      </lower-contour>
    </line>
    <line ass="145" asx="0" asy="2017" character-width="999" dss="145" dsx="0" dsy="2121" fd0="12976" fd1="2792" fd2="-1174" filter-width="3" id="c02-012-06" lbs="262" lbx="0" lby="2077" segmentation="ok" slant="90000" stroke-width="4872" threshold="185" text="grapher as to Wicki the director. His earlier" ubs="-88" ubx="0" uby="2029">
      <word id="c02-012-06-00" tag="-NN" text="grapher">
        <cmp x="337" y="2033" width="65" height="89" />
        <cmp x="406" y="2031" width="17" height="38" />
        <cmp x="431" y="2029" width="87" height="72" />
        <cmp x="523" y="2022" width="101" height="51" />
      </word>
      <word id="c02-012-06-01" tag="CS" text="as">
        <cmp x="679" y="2022" width="88" height="48" />
      </word>
      <word id="c02-012-06-02" tag="IN" text="to">
        <cmp x="797" y="2023" width="79" height="50" />
      </word>
      <word id="c02-012-06-03" tag="NP" text="Wicki">
        <cmp x="924" y="2016" width="75" height="56" />
        <cmp x="987" y="2017" width="5" height="6" />
        <cmp x="1011" y="2032" width="52" height="37" />
        <cmp x="1067" y="2029" width="49" height="43" />
        <cmp x="1119" y="2036" width="12" height="33" />
        <cmp x="1122" y="2017" width="5" height="9" />
      </word>
      <word id="c02-012-06-04" tag="ATI" text="the">
        <cmp x="1170" y="2017" width="41" height="53" />
        <cmp x="1223" y="2016" width="82" height="57" />
      </word>
      <word id="c02-012-06-05" tag="NN" text="director">
        <cmp x="1346" y="2022" width="49" height="51" />
        <cmp x="1404" y="2040" width="7" height="30" />
        <cmp x="1405" y="2015" width="6" height="7" />
        <cmp x="1430" y="2036" width="15" height="40" />
        <cmp x="1459" y="2037" width="43" height="41" />
        <cmp x="1501" y="2038" width="48" height="37" />
        <cmp x="1537" y="2028" width="32" height="45" />
        <cmp x="1567" y="2040" width="48" height="35" />
        <cmp x="1616" y="2037" width="18" height="37" />
      </word>
      <word id="c02-012-06-06" tag="." text=".">
        <cmp x="1665" y="2069" width="6" height="8" />
      </word>
      <word id="c02-012-06-07" sentence-start="yes" tag="PP$" text="His">
        <cmp x="1698" y="2018" width="71" height="53" />
        <cmp x="1767" y="2014" width="5" height="8" />
        <cmp x="1780" y="2031" width="44" height="44" />
      </word>
      <word id="c02-012-06-08" tag="JJR" text="earlier">
        <cmp x="1861" y="2028" width="84" height="46" />
        <cmp x="1957" y="2032" width="17" height="43" />
        <cmp x="1990" y="2018" width="7" height="57" />
        <cmp x="2008" y="2039" width="6" height="35" />
        <cmp x="2012" y="2024" width="4" height="6" />
        <cmp x="2031" y="2036" width="81" height="45" />
      </word>
      <upper-contour>
        <point x="346" y="1928" />
        <point x="2112" y="1928" />
      </upper-contour>
      <lower-contour>
        <point x="335" y="2122" />
        <point x="2093" y="2122" />
      </lower-contour>
    </line>
    <line ass="-1332" asx="0" asy="2141" character-width="999" dss="-1332" dsx="0" dsy="2269" fd0="13237" fd1="2728" fd2="-1221" filter-width="3" id="c02-012-07" lbs="-1677" lbx="0" lby="2213" segmentation="err" slant="90000" stroke-width="5074" threshold="179" text="film, &amp;quot;Die Bru&amp;quot;cke,&amp;quot; was equally terrifying," ubs="-641" ubx="0" uby="2203">
      <word id="c02-012-07-00" tag="NN" text="film">
        <cmp x="322" y="2188" width="57" height="9" />
        <cmp x="324" y="2198" width="50" height="42" />
        <cmp x="378" y="2207" width="6" height="37" />
        <cmp x="380" y="2192" width="4" height="5" />
        <cmp x="403" y="2192" width="9" height="49" />
        <cmp x="425" y="2210" width="82" height="37" />
      </word>
      <word id="c02-012-07-01" tag="," text=",">
        <cmp x="541" y="2240" width="16" height="33" />
      </word>
      <word id="c02-012-07-02" tag="*&apos;" text="&quot;">
        <cmp x="602" y="2195" width="20" height="21" />
      </word>
      <word id="c02-012-07-03" tag="&amp;FW" text="Die">
        <cmp x="629" y="2202" width="45" height="51" />
        <cmp x="692" y="2210" width="5" height="41" />
        <cmp x="699" y="2188" width="7" height="9" />
        <cmp x="700" y="2209" width="58" height="41" />
      </word>
      <word id="c02-012-07-04" tag="&amp;FW" text="Bru&quot;cke">
        <cmp x="782" y="2196" width="136" height="57" />
        <cmp x="894" y="2194" width="8" height="15" />
        <cmp x="904" y="2195" width="5" height="19" />
        <cmp x="929" y="2211" width="50" height="39" />
        <cmp x="983" y="2207" width="94" height="48" />
        <cmp x="1071" y="2191" width="23" height="24" />
      </word>
      <word id="c02-012-07-05" tag="," text=",">
        <cmp x="1080" y="2246" width="15" height="27" />
      </word>
      <word id="c02-012-07-06" tag="**&apos;" text="&quot;">
        <cmp x="1152" y="2216" width="43" height="46" />
      </word>
      <word id="c02-012-07-07" tag="BEDZ" text="was">
        <cmp x="1203" y="2210" width="86" height="52" />
      </word>
      <word id="c02-012-07-08" tag="RB" text="equally">
        <cmp x="1332" y="2216" width="46" height="37" />
        <cmp x="1378" y="2216" width="50" height="67" />
        <cmp x="1434" y="2221" width="45" height="31" />
        <cmp x="1490" y="2208" width="43" height="39" />
        <cmp x="1542" y="2203" width="8" height="48" />
        <cmp x="1557" y="2206" width="9" height="42" />
        <cmp x="1575" y="2219" width="55" height="83" />
      </word>
      <word id="c02-012-07-09" tag="JJ" text="terrifying">
        <cmp x="1662" y="2204" width="99" height="47" />
        <cmp x="1762" y="2220" width="14" height="30" />
        <cmp x="1790" y="2211" width="29" height="38" />
        <cmp x="1832" y="2200" width="4" height="8" />
        <cmp x="1832" y="2216" width="8" height="36" />
        <cmp x="1844" y="2194" width="69" height="90" />
        <cmp x="1883" y="2222" width="56" height="71" />
        <cmp x="1950" y="2215" width="8" height="36" />
        <cmp x="1965" y="2188" width="8" height="6" />
        <cmp x="1974" y="2223" width="86" height="94" />
      </word>
      <word id="c02-012-07-10" tag="," text=",">
        <cmp x="2067" y="2238" width="25" height="38" />
      </word>
      <upper-contour>
        <point x="335" y="2122" />
        <point x="2093" y="2122" />
      </upper-contour>
      <lower-contour>
        <point x="327" y="2317" />
        <point x="2093" y="2317" />
      </lower-contour>
    </line>
    <line ass="-90" asx="0" asy="2369" character-width="999" dss="-90" dsx="0" dsy="2466" fd0="12752" fd1="2968" fd2="-1016" filter-width="3" id="c02-012-08" lbs="-80" lbx="0" lby="2428" segmentation="ok" slant="90000" stroke-width="4927" threshold="182" text="but here the director moves out of the world" ubs="-112" ubx="0" uby="2391">
      <word id="c02-012-08-00" tag="CC" text="but">
        <cmp x="329" y="2373" width="85" height="56" />
        <cmp x="422" y="2373" width="34" height="53" />
      </word>
      <word id="c02-012-08-01" tag="RN" text="here">
        <cmp x="509" y="2374" width="38" height="54" />
        <cmp x="549" y="2393" width="52" height="37" />
        <cmp x="614" y="2393" width="61" height="38" />
      </word>
      <word id="c02-012-08-02" tag="ATI" text="the">
        <cmp x="693" y="2382" width="48" height="46" />
        <cmp x="750" y="2377" width="93" height="54" />
      </word>
      <word id="c02-012-08-03" tag="NN" text="director">
        <cmp x="882" y="2382" width="45" height="49" />
        <cmp x="940" y="2393" width="8" height="33" />
        <cmp x="941" y="2373" width="5" height="7" />
        <cmp x="958" y="2390" width="19" height="38" />
        <cmp x="975" y="2394" width="42" height="38" />
        <cmp x="1022" y="2394" width="50" height="38" />
        <cmp x="1064" y="2376" width="41" height="55" />
        <cmp x="1098" y="2396" width="46" height="32" />
        <cmp x="1158" y="2394" width="15" height="37" />
      </word>
      <word id="c02-012-08-04" tag="VBZ" text="moves">
        <cmp x="1231" y="2398" width="56" height="36" />
        <cmp x="1288" y="2389" width="161" height="45" />
      </word>
      <word id="c02-012-08-05" tag="RP" text="out">
        <cmp x="1495" y="2392" width="98" height="45" />
        <cmp x="1595" y="2382" width="38" height="48" />
      </word>
      <word id="c02-012-08-06" tag="INO" text="of">
        <cmp x="1666" y="2396" width="49" height="37" />
        <cmp x="1720" y="2373" width="18" height="96" />
      </word>
      <word id="c02-012-08-07" tag="ATI" text="the">
        <cmp x="1755" y="2377" width="45" height="49" />
        <cmp x="1806" y="2373" width="84" height="54" />
      </word>
      <word id="c02-012-08-08" tag="NN" text="world">
        <cmp x="1941" y="2394" width="96" height="42" />
        <cmp x="1945" y="2394" width="4" height="4" />
        <cmp x="2040" y="2402" width="12" height="32" />
        <cmp x="2065" y="2375" width="9" height="56" />
        <cmp x="2077" y="2374" width="51" height="54" />
      </word>
      <upper-contour>
        <point x="327" y="2317" />
        <point x="2093" y="2317" />
      </upper-contour>
      <lower-contour>
        <point x="352" y="2469" />
        <point x="2129" y="2469" />
      </lower-contour>
    </line>
    <line ass="-67" asx="0" asy="2548" character-width="999" dss="-67" dsx="0" dsy="2652" fd0="13235" fd1="3207" fd2="-975" filter-width="3" id="c02-012-09" lbs="83" lbx="0" lby="2609" segmentation="ok" slant="90000" stroke-width="4842" threshold="185" text="of reality into an icy supernatural vacuum" ubs="-368" ubx="0" uby="2564">
      <word id="c02-012-09-00" tag="INO" text="of">
        <cmp x="354" y="2551" width="72" height="98" />
      </word>
      <word id="c02-012-09-01" tag="NN" text="reality">
        <cmp x="477" y="2564" width="66" height="47" />
        <cmp x="548" y="2561" width="43" height="43" />
        <cmp x="597" y="2556" width="10" height="55" />
        <cmp x="618" y="2572" width="7" height="35" />
        <cmp x="620" y="2553" width="7" height="8" />
        <cmp x="634" y="2552" width="64" height="52" />
        <cmp x="667" y="2573" width="60" height="80" />
      </word>
      <word id="c02-012-09-02" tag="IN" text="into">
        <cmp x="786" y="2565" width="10" height="37" />
        <cmp x="790" y="2551" width="5" height="7" />
        <cmp x="805" y="2554" width="68" height="53" />
        <cmp x="870" y="2575" width="44" height="36" />
      </word>
      <word id="c02-012-09-03" tag="AT" text="an">
        <cmp x="966" y="2563" width="45" height="43" />
        <cmp x="1021" y="2564" width="37" height="42" />
      </word>
      <word id="c02-012-09-04" tag="JJ" text="icy">
        <cmp x="1102" y="2565" width="57" height="40" />
        <cmp x="1110" y="2551" width="5" height="4" />
        <cmp x="1159" y="2578" width="48" height="76" />
      </word>
      <word id="c02-012-09-05" tag="JJ" text="supernatural">
        <cmp x="1266" y="2572" width="99" height="39" />
        <cmp x="1367" y="2581" width="55" height="61" />
        <cmp x="1428" y="2569" width="50" height="46" />
        <cmp x="1500" y="2576" width="36" height="39" />
        <cmp x="1538" y="2563" width="46" height="45" />
        <cmp x="1594" y="2557" width="76" height="54" />
        <cmp x="1678" y="2571" width="20" height="38" />
        <cmp x="1700" y="2566" width="51" height="44" />
        <cmp x="1755" y="2554" width="9" height="50" />
      </word>
      <word id="c02-012-09-06" tag="NN" text="vacuum">
        <cmp x="1831" y="2571" width="30" height="34" />
        <cmp x="1866" y="2563" width="48" height="46" />
        <cmp x="1917" y="2566" width="99" height="41" />
        <cmp x="2024" y="2572" width="55" height="36" />
        <cmp x="2090" y="2573" width="69" height="47" />
      </word>
      <upper-contour>
        <point x="352" y="2469" />
        <point x="2129" y="2469" />
      </upper-contour>
    </line>
  </handwritten-part>
</form>

