<?xml version="1.0" encoding="ISO-8859-1"?>

<!DOCTYPE form SYSTEM 'http://www.iam.unibe.ch/~fki/iamdb/form-metadata.dtd'>

<form created="2002-01-16" height="3542" id="c02-000" last-modified="2002-07-17" skew="-127" status="final" version="3.0_beta" width="2479" writer-id="137">
  <machine-printed-part>
    <machine-print-line text="AFTER ten days of intermittent, near fatal ennui, the eleventh Berlin International" />
    <machine-print-line text="Film Festival was suddenly jolted back to life by two extraordinary films, Bern-" />
    <machine-print-line text="hard Wicki&apos;s &amp;quot;Das Wunder des Malachias&amp;quot; (&amp;quot;The Miracle of Father Malachias&amp;quot;) and" />
    <machine-print-line text="Michaelangelo Antonioni&apos;s &amp;quot;La Notte.&amp;quot; The number of German film directors who" />
    <machine-print-line text="have made first rate works in the last 25 years can be counted on the fingers of one hand: Frank Wysbar (&amp;quot;Fa&amp;quot;hrmann Maria&amp;quot;), Helmut Ka&amp;quot;utner (&amp;quot;Die Grosse Frei-" />
    <machine-print-line text="heit No. 7&amp;quot;), Herbert Selpin (&amp;quot;Titanic&amp;quot;), Wolfgang Staudte (&amp;quot;Rotation&amp;quot;), and Georg" />
    <machine-print-line text="Klaren (&amp;quot;Wozzeck&amp;quot;)." />
  </machine-printed-part>
  <handwritten-part>
    <line ass="-868" asx="0" asy="886" character-width="999" dss="-868" dsx="0" dsy="986" fd0="12117" fd1="2461" fd2="-249" filter-width="5" id="c02-000-00" lbs="-808" lbx="0" lby="952" segmentation="ok" slant="85000" stroke-width="7608" threshold="155" text="AFTER ten days of intermittent, near fatal" ubs="-989" ubx="0" uby="919">
      <word id="c02-000-00-00" sentence-start="yes" tag="IN" text="AFTER">
        <cmp x="344" y="908" width="48" height="54" />
        <cmp x="391" y="901" width="142" height="56" />
        <cmp x="452" y="912" width="9" height="44" />
        <cmp x="532" y="900" width="49" height="63" />
      </word>
      <word id="c02-000-00-01" tag="CD" text="ten">
        <cmp x="647" y="908" width="158" height="68" />
      </word>
      <word id="c02-000-00-02" tag="NNS" text="days">
        <cmp x="882" y="900" width="143" height="102" />
      </word>
      <word id="c02-000-00-03" tag="INO" text="of">
        <cmp x="1099" y="912" width="54" height="89" />
      </word>
      <word id="c02-000-00-04" tag="JJ" text="intermittent">
        <cmp x="1233" y="919" width="531" height="59" />
        <cmp x="1268" y="917" width="7" height="9" />
        <cmp x="1548" y="923" width="7" height="9" />
      </word>
      <word id="c02-000-00-05" tag="," text=",">
        <cmp x="1774" y="968" width="9" height="31" />
      </word>
      <word id="c02-000-00-06" tag="RI" text="near">
        <cmp x="1818" y="940" width="192" height="38" />
      </word>
      <word id="c02-000-00-07" tag="JJ" text="fatal">
        <cmp x="2048" y="922" width="168" height="84" />
      </word>
      <lower-contour>
        <point x="342" y="1005" />
        <point x="2134" y="1005" />
      </lower-contour>
    </line>
    <line ass="105" asx="0" asy="1083" character-width="999" dss="105" dsx="0" dsy="1178" fd0="13842" fd1="2923" fd2="-41" filter-width="5" id="c02-000-01" lbs="112" lbx="0" lby="1155" segmentation="ok" slant="87999" stroke-width="7554" threshold="162" text="ennui, the eleventh Berlin International" ubs="90" ubx="0" uby="1125">
      <word id="c02-000-01-00" tag="NN" text="ennui">
        <cmp x="337" y="1109" width="265" height="45" />
        <cmp x="581" y="1098" width="7" height="8" />
      </word>
      <word id="c02-000-01-01" tag="," text=",">
        <cmp x="634" y="1149" width="10" height="28" />
      </word>
      <word id="c02-000-01-02" tag="ATI" text="the">
        <cmp x="665" y="1095" width="142" height="64" />
      </word>
      <word id="c02-000-01-03" tag="OD" text="eleventh">
        <cmp x="863" y="1095" width="338" height="67" />
      </word>
      <word id="c02-000-01-04" tag="NP" text="Berlin">
        <cmp x="1264" y="1082" width="41" height="71" />
        <cmp x="1294" y="1085" width="197" height="69" />
        <cmp x="1392" y="1093" width="7" height="7" />
      </word>
      <word id="c02-000-01-05" tag="JJ" text="International">
        <cmp x="1553" y="1096" width="274" height="63" />
        <cmp x="1828" y="1089" width="305" height="64" />
        <cmp x="1920" y="1096" width="8" height="9" />
      </word>
      <upper-contour>
        <point x="342" y="1005" />
        <point x="2134" y="1005" />
      </upper-contour>
      <lower-contour>
        <point x="348" y="1178" />
        <point x="2134" y="1178" />
      </lower-contour>
    </line>
    <line ass="-758" asx="0" asy="1242" character-width="999" dss="-758" dsx="0" dsy="1355" fd0="13321" fd1="2441" fd2="-458" filter-width="5" id="c02-000-02" lbs="-892" lbx="0" lby="1312" segmentation="ok" slant="83000" stroke-width="7526" threshold="166" text="Film Festival was suddenly jolted back to" ubs="-488" ubx="0" uby="1288">
      <word id="c02-000-02-00" tag="NN" text="Film">
        <cmp x="350" y="1269" width="199" height="63" />
        <cmp x="414" y="1276" width="7" height="9" />
      </word>
      <word id="c02-000-02-01" tag="NN" text="Festival">
        <cmp x="598" y="1267" width="302" height="97" />
        <cmp x="742" y="1275" width="7" height="9" />
      </word>
      <word id="c02-000-02-02" tag="BEDZ" text="was">
        <cmp x="958" y="1302" width="153" height="37" />
      </word>
      <word id="c02-000-02-03" tag="RB" text="suddenly">
        <cmp x="1158" y="1300" width="117" height="34" />
        <cmp x="1278" y="1273" width="254" height="92" />
      </word>
      <word id="c02-000-02-04" tag="VBN" text="jolted">
        <cmp x="1582" y="1267" width="227" height="93" />
        <cmp x="1600" y="1282" width="8" height="8" />
      </word>
      <word id="c02-000-02-05" tag="RP" text="back">
        <cmp x="1858" y="1267" width="183" height="76" />
      </word>
      <word id="c02-000-02-06" tag="IN" text="to">
        <cmp x="2077" y="1280" width="99" height="59" />
      </word>
      <upper-contour>
        <point x="348" y="1178" />
        <point x="2134" y="1178" />
      </upper-contour>
      <lower-contour>
        <point x="348" y="1366" />
        <point x="2066" y="1366" />
      </lower-contour>
    </line>
    <line ass="244" asx="0" asy="1443" character-width="999" dss="244" dsx="0" dsy="1551" fd0="13095" fd1="2539" fd2="-261" filter-width="5" id="c02-000-03" lbs="293" lbx="0" lby="1521" segmentation="ok" slant="86000" stroke-width="7352" threshold="166" text="life by two extraordinary films, Bernhard" ubs="146" ubx="0" uby="1483">
      <word id="c02-000-03-00" tag="NN" text="life">
        <cmp x="343" y="1442" width="121" height="87" />
        <cmp x="399" y="1447" width="7" height="9" />
      </word>
      <word id="c02-000-03-01" tag="IN" text="by">
        <cmp x="502" y="1447" width="102" height="89" />
      </word>
      <word id="c02-000-03-02" tag="CD" text="two">
        <cmp x="638" y="1452" width="148" height="68" />
      </word>
      <word id="c02-000-03-03" tag="JJ" text="extraordinary">
        <cmp x="834" y="1450" width="557" height="96" />
        <cmp x="1160" y="1456" width="7" height="9" />
      </word>
      <word id="c02-000-03-04" tag="NNS" text="films">
        <cmp x="1426" y="1446" width="101" height="92" />
        <cmp x="1476" y="1450" width="7" height="9" />
        <cmp x="1526" y="1469" width="128" height="38" />
      </word>
      <word id="c02-000-03-05" tag="," text=",">
        <cmp x="1676" y="1512" width="10" height="31" />
      </word>
      <word id="c02-000-03-06" tag="NP" text="Bernhard">
        <cmp x="1733" y="1442" width="332" height="74" />
      </word>
      <upper-contour>
        <point x="348" y="1366" />
        <point x="2066" y="1366" />
      </upper-contour>
      <lower-contour>
        <point x="343" y="1547" />
        <point x="2066" y="1547" />
      </lower-contour>
    </line>
    <line ass="186" asx="0" asy="1616" character-width="999" dss="186" dsx="0" dsy="1702" fd0="13746" fd1="2919" fd2="-187" filter-width="4" id="c02-000-04" lbs="101" lbx="0" lby="1686" segmentation="ok" slant="87999" stroke-width="7007" threshold="172" text="Wicki&apos;s &amp;quot;Das Wunder des Malachias&amp;quot; (&amp;quot;The" ubs="355" ubx="0" uby="1661">
      <word id="c02-000-04-00" tag="NP$" text="Wicki&apos;s">
        <cmp x="345" y="1617" width="88" height="68" />
        <cmp x="419" y="1615" width="159" height="76" />
        <cmp x="447" y="1626" width="7" height="7" />
        <cmp x="547" y="1630" width="9" height="9" />
        <cmp x="588" y="1624" width="8" height="25" />
        <cmp x="600" y="1651" width="49" height="44" />
      </word>
      <word id="c02-000-04-01" tag="*&apos;" text="&quot;">
        <cmp x="706" y="1631" width="19" height="16" />
      </word>
      <word id="c02-000-04-02" tag="&amp;FW" text="Das">
        <cmp x="748" y="1623" width="43" height="71" />
        <cmp x="788" y="1654" width="79" height="39" />
      </word>
      <word id="c02-000-04-03" tag="&amp;FW" text="Wunder">
        <cmp x="920" y="1627" width="102" height="65" />
        <cmp x="999" y="1640" width="261" height="56" />
      </word>
      <word id="c02-000-04-04" tag="&amp;FW" text="des">
        <cmp x="1301" y="1631" width="106" height="62" />
      </word>
      <word id="c02-000-04-05" tag="&amp;FW" text="Malachias">
        <cmp x="1453" y="1621" width="298" height="76" />
        <cmp x="1730" y="1632" width="6" height="7" />
        <cmp x="1746" y="1654" width="74" height="40" />
      </word>
      <word id="c02-000-04-06" tag="**&apos;" text="&quot;">
        <cmp x="1840" y="1629" width="16" height="18" />
      </word>
      <word id="c02-000-04-07" tag="(" text="(">
        <cmp x="1884" y="1637" width="14" height="59" />
      </word>
      <word id="c02-000-04-08" tag="*&apos;" text="&quot;">
        <cmp x="1916" y="1634" width="20" height="16" />
      </word>
      <word id="c02-000-04-09" tag="ATI" text="The">
        <cmp x="1962" y="1629" width="58" height="30" />
        <cmp x="1970" y="1631" width="129" height="60" />
      </word>
      <upper-contour>
        <point x="343" y="1547" />
        <point x="2066" y="1547" />
      </upper-contour>
      <lower-contour>
        <point x="352" y="1698" />
        <point x="2100" y="1698" />
      </lower-contour>
    </line>
    <line ass="-224" asx="0" asy="1788" character-width="999" dss="-224" dsx="0" dsy="1898" fd0="13047" fd1="2642" fd2="-57" filter-width="5" id="c02-000-05" lbs="-152" lbx="0" lby="1861" segmentation="ok" slant="84000" stroke-width="7150" threshold="177" text="Miracle of Father Malachias&amp;quot;) and Michael-" ubs="-368" ubx="0" uby="1825">
      <word id="c02-000-05-00" tag="NN" text="Miracle">
        <cmp x="354" y="1811" width="147" height="56" />
        <cmp x="399" y="1800" width="7" height="9" />
        <cmp x="502" y="1795" width="97" height="69" />
      </word>
      <word id="c02-000-05-01" tag="INO" text="of">
        <cmp x="652" y="1803" width="60" height="99" />
      </word>
      <word id="c02-000-05-02" tag="NPT" text="Father">
        <cmp x="778" y="1806" width="226" height="70" />
      </word>
      <word id="c02-000-05-03" tag="NP" text="Malachias">
        <cmp x="1079" y="1813" width="9" height="51" />
        <cmp x="1088" y="1807" width="401" height="66" />
        <cmp x="1378" y="1814" width="7" height="7" />
      </word>
      <word id="c02-000-05-04" tag="**&apos;" text="&quot;">
        <cmp x="1513" y="1802" width="16" height="18" />
      </word>
      <word id="c02-000-05-05" tag=")" text=")">
        <cmp x="1542" y="1795" width="16" height="77" />
      </word>
      <word id="c02-000-05-06" tag="CC" text="and">
        <cmp x="1587" y="1814" width="185" height="57" />
      </word>
      <word id="c02-000-05-07" tag="NP-" text="Michael-">
        <cmp x="1834" y="1822" width="9" height="46" />
        <cmp x="1838" y="1809" width="86" height="56" />
        <cmp x="1912" y="1806" width="10" height="9" />
        <cmp x="1934" y="1806" width="75" height="65" />
        <cmp x="2012" y="1826" width="98" height="57" />
        <cmp x="2120" y="1847" width="24" height="19" />
      </word>
      <upper-contour>
        <point x="352" y="1698" />
        <point x="2100" y="1698" />
      </upper-contour>
      <lower-contour>
        <point x="352" y="1903" />
        <point x="2145" y="1903" />
      </lower-contour>
    </line>
    <line ass="-457" asx="0" asy="1962" character-width="999" dss="-457" dsx="0" dsy="2063" fd0="14153" fd1="2944" fd2="73" filter-width="5" id="c02-000-06" lbs="-339" lbx="0" lby="2032" segmentation="ok" slant="85000" stroke-width="7149" threshold="178" text="angelo Antonioni&apos;s &amp;quot;La Notte.&amp;quot; The num-" ubs="-693" ubx="0" uby="1993">
      <word id="c02-000-06-00" tag="-NP" text="angelo">
        <cmp x="337" y="1972" width="267" height="96" />
      </word>
      <word id="c02-000-06-01" tag="NP$" text="Antonioni&apos;s">
        <cmp x="674" y="1968" width="455" height="76" />
        <cmp x="954" y="1977" width="7" height="9" />
        <cmp x="1094" y="1980" width="7" height="8" />
        <cmp x="1146" y="1975" width="10" height="29" />
        <cmp x="1155" y="2006" width="49" height="41" />
      </word>
      <word id="c02-000-06-02" tag="*&apos;" text="&quot;">
        <cmp x="1252" y="1982" width="25" height="22" />
      </word>
      <word id="c02-000-06-03" tag="&amp;FW" text="La">
        <cmp x="1288" y="1981" width="102" height="67" />
      </word>
      <word id="c02-000-06-04" tag="&amp;FW" text="Notte">
        <cmp x="1436" y="1985" width="59" height="57" />
        <cmp x="1489" y="1988" width="113" height="62" />
      </word>
      <word id="c02-000-06-05" tag="." text=".">
        <cmp x="1617" y="1987" width="24" height="17" />
      </word>
      <word id="c02-000-06-06" tag="**&apos;" text="&quot;">
        <cmp x="1651" y="2043" width="8" height="7" />
      </word>
      <word id="c02-000-06-07" sentence-start="yes" tag="ATI" text="The">
        <cmp x="1702" y="1985" width="56" height="29" />
        <cmp x="1707" y="1986" width="120" height="65" />
      </word>
      <word id="c02-000-06-08" tag="NN-" text="num-">
        <cmp x="1874" y="2016" width="257" height="37" />
        <cmp x="2131" y="2018" width="19" height="17" />
      </word>
      <upper-contour>
        <point x="352" y="1903" />
        <point x="2145" y="1903" />
      </upper-contour>
      <lower-contour>
        <point x="335" y="2069" />
        <point x="2034" y="2069" />
      </lower-contour>
    </line>
    <line ass="-444" asx="0" asy="2140" character-width="999" dss="-444" dsx="0" dsy="2242" fd0="13495" fd1="2679" fd2="84" filter-width="4" id="c02-000-07" lbs="-438" lbx="0" lby="2212" segmentation="ok" slant="81000" stroke-width="7129" threshold="178" text="ber of German film directors who have" ubs="-456" ubx="0" uby="2183">
      <word id="c02-000-07-00" tag="-NN" text="ber">
        <cmp x="333" y="2149" width="103" height="64" />
      </word>
      <word id="c02-000-07-01" tag="INO" text="of">
        <cmp x="491" y="2154" width="52" height="89" />
      </word>
      <word id="c02-000-07-02" tag="JNP" text="German">
        <cmp x="622" y="2162" width="336" height="85" />
      </word>
      <word id="c02-000-07-03" tag="NN" text="film">
        <cmp x="1013" y="2149" width="114" height="102" />
        <cmp x="1070" y="2162" width="7" height="9" />
        <cmp x="1126" y="2191" width="103" height="33" />
      </word>
      <word id="c02-000-07-04" tag="NNS" text="directors">
        <cmp x="1302" y="2161" width="136" height="65" />
        <cmp x="1354" y="2162" width="7" height="8" />
        <cmp x="1442" y="2165" width="147" height="68" />
      </word>
      <word id="c02-000-07-05" tag="WP" text="who">
        <cmp x="1634" y="2162" width="172" height="69" />
      </word>
      <word id="c02-000-07-06" tag="HV" text="have">
        <cmp x="1845" y="2154" width="188" height="79" />
      </word>
      <upper-contour>
        <point x="335" y="2069" />
        <point x="2034" y="2069" />
      </upper-contour>
      <lower-contour>
        <point x="335" y="2251" />
        <point x="2034" y="2251" />
      </lower-contour>
    </line>
    <line ass="-702" asx="0" asy="2320" character-width="999" dss="-702" dsx="0" dsy="2419" fd0="13413" fd1="2567" fd2="-49" filter-width="5" id="c02-000-08" lbs="-709" lbx="0" lby="2385" segmentation="ok" slant="82000" stroke-width="7236" threshold="177" text="made first rate works in the last 25 years" ubs="-688" ubx="0" uby="2353">
      <word id="c02-000-08-00" tag="VBN" text="made">
        <cmp x="337" y="2333" width="226" height="59" />
      </word>
      <word id="c02-000-08-01" tag="OD" text="first">
        <cmp x="621" y="2333" width="166" height="81" />
        <cmp x="667" y="2334" width="8" height="10" />
      </word>
      <word id="c02-000-08-02" tag="NN" text="rate">
        <cmp x="837" y="2333" width="153" height="65" />
      </word>
      <word id="c02-000-08-03" tag="NNS" text="works">
        <cmp x="1042" y="2334" width="229" height="69" />
      </word>
      <word id="c02-000-08-04" tag="IN" text="in">
        <cmp x="1324" y="2376" width="115" height="26" />
        <cmp x="1356" y="2342" width="7" height="9" />
      </word>
      <word id="c02-000-08-05" tag="ATI" text="the">
        <cmp x="1495" y="2347" width="134" height="59" />
      </word>
      <word id="c02-000-08-06" tag="AP" text="last">
        <cmp x="1683" y="2346" width="173" height="66" />
      </word>
      <word id="c02-000-08-07" tag="CD" text="25">
        <cmp x="1907" y="2351" width="36" height="52" />
        <cmp x="1948" y="2347" width="45" height="58" />
      </word>
      <word id="c02-000-08-08" tag="NNS" text="years">
        <cmp x="2011" y="2367" width="155" height="78" />
      </word>
      <upper-contour>
        <point x="335" y="2251" />
        <point x="2034" y="2251" />
      </upper-contour>
      <lower-contour>
        <point x="335" y="2444" />
        <point x="2059" y="2444" />
      </lower-contour>
    </line>
    <line ass="-587" asx="0" asy="2497" character-width="999" dss="-587" dsx="0" dsy="2594" fd0="13366" fd1="2779" fd2="136" filter-width="5" id="c02-000-09" lbs="-573" lbx="0" lby="2563" segmentation="ok" slant="86000" stroke-width="7153" threshold="182" text="can be counted on the fingers of one" ubs="-614" ubx="0" uby="2533">
      <word id="c02-000-09-00" tag="MD" text="can">
        <cmp x="335" y="2524" width="155" height="45" />
      </word>
      <word id="c02-000-09-01" tag="BE" text="be">
        <cmp x="555" y="2508" width="94" height="68" />
      </word>
      <word id="c02-000-09-02" tag="VBN" text="counted">
        <cmp x="708" y="2509" width="332" height="69" />
      </word>
      <word id="c02-000-09-03" tag="IN" text="on">
        <cmp x="1084" y="2533" width="126" height="42" />
      </word>
      <word id="c02-000-09-04" tag="ATI" text="the">
        <cmp x="1246" y="2520" width="143" height="61" />
      </word>
      <word id="c02-000-09-05" tag="NNS" text="fingers">
        <cmp x="1432" y="2520" width="280" height="90" />
        <cmp x="1488" y="2523" width="7" height="8" />
      </word>
      <word id="c02-000-09-06" tag="INO" text="of">
        <cmp x="1776" y="2515" width="66" height="99" />
      </word>
      <word id="c02-000-09-07" tag="CD1" text="one">
        <cmp x="1899" y="2544" width="159" height="40" />
      </word>
      <upper-contour>
        <point x="335" y="2444" />
        <point x="2059" y="2444" />
      </upper-contour>
    </line>
  </handwritten-part>
</form>

