<?xml version="1.0" encoding="ISO-8859-1"?>

<!DOCTYPE form SYSTEM 'http://www.iam.unibe.ch/~fki/iamdb/form-metadata.dtd'>

<form created="2002-01-16" height="3542" id="c02-056" last-modified="2002-07-17" skew="-63" status="final" version="3.0_beta" width="2479" writer-id="145">
  <machine-printed-part>
    <machine-print-line text="This director is at last being re-evaluated and given his proper place in the history of" />
    <machine-print-line text="the German film. Most charming was his tongue-in-cheek &amp;quot;Unheimliche Geschichten&amp;quot;" />
    <machine-print-line text="(1920), five ghost stories with a light touch, and there was much to admire in &amp;quot;Drey-" />
    <machine-print-line text="fus&amp;quot; (1930) and the virtually unknown but extremely important &amp;quot;1914&amp;quot; (1931), which" />
    <machine-print-line text="tries to show that it took more than just Germany to start the First World War." />
  </machine-printed-part>
  <handwritten-part>
    <line ass="-47" asx="0" asy="708" character-width="999" dss="-47" dsx="0" dsy="839" fd0="13716" fd1="2276" fd2="-1005" filter-width="4" id="c02-056-00" lbs="-52" lbx="0" lby="778" segmentation="ok" slant="63000" stroke-width="6401" threshold="182" text="This director is at last being re-evaluated and" ubs="-37" ubx="0" uby="748">
      <word id="c02-056-00-00" sentence-start="yes" tag="DT" text="This">
        <cmp x="374" y="724" width="142" height="60" />
        <cmp x="470" y="732" width="13" height="8" />
      </word>
      <word id="c02-056-00-01" tag="NN" text="director">
        <cmp x="564" y="729" width="59" height="54" />
        <cmp x="619" y="737" width="6" height="12" />
        <cmp x="625" y="745" width="59" height="38" />
        <cmp x="687" y="721" width="119" height="65" />
      </word>
      <word id="c02-056-00-02" tag="BEZ" text="is">
        <cmp x="851" y="750" width="60" height="32" />
        <cmp x="881" y="728" width="6" height="20" />
      </word>
      <word id="c02-056-00-03" tag="RB21" text="at">
        <cmp x="950" y="750" width="35" height="32" />
        <cmp x="989" y="718" width="28" height="61" />
      </word>
      <word id="c02-056-00-04" tag="RB22" text="last">
        <cmp x="1062" y="715" width="50" height="63" />
        <cmp x="1098" y="748" width="67" height="35" />
        <cmp x="1168" y="710" width="36" height="66" />
      </word>
      <word id="c02-056-00-05" tag="BEG" text="being">
        <cmp x="1236" y="719" width="67" height="63" />
        <cmp x="1306" y="749" width="59" height="30" />
        <cmp x="1325" y="727" width="21" height="11" />
        <cmp x="1339" y="750" width="59" height="92" />
      </word>
      <word id="c02-056-00-06" tag="VBN" text="re-evaluated">
        <cmp x="1445" y="746" width="58" height="40" />
        <cmp x="1526" y="763" width="23" height="8" />
        <cmp x="1567" y="747" width="72" height="38" />
        <cmp x="1634" y="725" width="103" height="63" />
        <cmp x="1738" y="752" width="34" height="32" />
        <cmp x="1786" y="719" width="48" height="62" />
        <cmp x="1829" y="720" width="55" height="64" />
      </word>
      <word id="c02-056-00-07" tag="CC" text="and">
        <cmp x="1909" y="717" width="143" height="67" />
      </word>
      <lower-contour>
        <point x="372" y="842" />
        <point x="2053" y="842" />
      </lower-contour>
    </line>
    <line ass="540" asx="0" asy="898" character-width="999" dss="540" dsx="0" dsy="1023" fd0="13357" fd1="2905" fd2="-761" filter-width="4" id="c02-056-01" lbs="713" lbx="0" lby="979" segmentation="ok" slant="63000" stroke-width="6548" threshold="181" text="given his proper place in the history of the" ubs="193" ubx="0" uby="936">
      <word id="c02-056-01-00" tag="VBN" text="given">
        <cmp x="372" y="917" width="60" height="94" />
        <cmp x="433" y="914" width="9" height="10" />
        <cmp x="443" y="920" width="87" height="42" />
      </word>
      <word id="c02-056-01-01" tag="PP$" text="his">
        <cmp x="585" y="892" width="106" height="67" />
        <cmp x="647" y="911" width="8" height="7" />
      </word>
      <word id="c02-056-01-02" tag="JJ" text="proper">
        <cmp x="735" y="936" width="112" height="58" />
        <cmp x="833" y="937" width="100" height="50" />
      </word>
      <word id="c02-056-01-03" tag="NN" text="place">
        <cmp x="964" y="914" width="102" height="82" />
        <cmp x="1054" y="930" width="114" height="32" />
      </word>
      <word id="c02-056-01-04" tag="IN" text="in">
        <cmp x="1226" y="934" width="81" height="30" />
        <cmp x="1274" y="919" width="10" height="10" />
      </word>
      <word id="c02-056-01-05" tag="ATI" text="the">
        <cmp x="1358" y="901" width="98" height="62" />
      </word>
      <word id="c02-056-01-06" tag="NN" text="history">
        <cmp x="1524" y="907" width="71" height="53" />
        <cmp x="1593" y="913" width="6" height="5" />
        <cmp x="1597" y="932" width="45" height="27" />
        <cmp x="1646" y="897" width="31" height="55" />
        <cmp x="1666" y="922" width="132" height="86" />
      </word>
      <word id="c02-056-01-07" tag="INO" text="of">
        <cmp x="1839" y="884" width="102" height="102" />
      </word>
      <word id="c02-056-01-08" tag="ATI" text="the">
        <cmp x="2006" y="890" width="82" height="63" />
      </word>
      <upper-contour>
        <point x="372" y="842" />
        <point x="2053" y="842" />
      </upper-contour>
      <lower-contour>
        <point x="370" y="1011" />
        <point x="2088" y="1011" />
      </lower-contour>
    </line>
    <line ass="206" asx="0" asy="1070" character-width="999" dss="206" dsx="0" dsy="1205" fd0="13232" fd1="2186" fd2="-1407" filter-width="4" id="c02-056-02" lbs="304" lbx="0" lby="1146" segmentation="ok" slant="63000" stroke-width="6421" threshold="182" text="German film. Most charming was his tongue-in-cheek" ubs="9" ubx="0" uby="1113">
      <word id="c02-056-02-00" tag="JNP" text="German">
        <cmp x="360" y="1080" width="98" height="114" />
        <cmp x="454" y="1109" width="54" height="35" />
        <cmp x="511" y="1110" width="81" height="34" />
      </word>
      <word id="c02-056-02-01" tag="NN" text="film">
        <cmp x="644" y="1068" width="136" height="109" />
      </word>
      <word id="c02-056-02-02" tag="." text=".">
        <cmp x="811" y="1135" width="7" height="8" />
      </word>
      <word id="c02-056-02-03" sentence-start="yes" tag="QL" text="Most">
        <cmp x="880" y="1077" width="65" height="63" />
        <cmp x="923" y="1102" width="71" height="38" />
        <cmp x="998" y="1072" width="40" height="68" />
      </word>
      <word id="c02-056-02-04" tag="JJ" text="charming">
        <cmp x="1078" y="1084" width="245" height="64" />
        <cmp x="1285" y="1095" width="19" height="9" />
        <cmp x="1299" y="1113" width="55" height="86" />
      </word>
      <word id="c02-056-02-05" tag="BEDZ" text="was">
        <cmp x="1402" y="1111" width="108" height="38" />
      </word>
      <word id="c02-056-02-06" tag="PP$" text="his">
        <cmp x="1534" y="1081" width="106" height="67" />
        <cmp x="1599" y="1097" width="10" height="6" />
      </word>
      <word id="c02-056-02-07" tag="JJB" text="tongue-in-cheek">
        <cmp x="1686" y="1085" width="107" height="61" />
        <cmp x="1786" y="1113" width="45" height="86" />
        <cmp x="1841" y="1109" width="65" height="37" />
        <cmp x="1933" y="1119" width="28" height="8" />
        <cmp x="1983" y="1114" width="67" height="28" />
        <cmp x="2017" y="1097" width="8" height="9" />
        <cmp x="2080" y="1117" width="31" height="11" />
        <cmp x="2107" y="1079" width="152" height="64" />
      </word>
      <upper-contour>
        <point x="370" y="1011" />
        <point x="2088" y="1011" />
      </upper-contour>
      <lower-contour>
        <point x="360" y="1199" />
        <point x="2126" y="1199" />
      </lower-contour>
    </line>
    <line ass="-724" asx="0" asy="1220" character-width="999" dss="-724" dsx="0" dsy="1360" fd0="13732" fd1="2946" fd2="-1070" filter-width="4" id="c02-056-03" lbs="-777" lbx="0" lby="1296" segmentation="ok" slant="65000" stroke-width="6321" threshold="183" text="&amp;quot;Unheimliche Geschichten&amp;quot; (1920), five ghost stories" ubs="-616" ubx="0" uby="1269">
      <word id="c02-056-03-00" tag="*&apos;" text="&quot;">
        <cmp x="362" y="1249" width="21" height="26" />
      </word>
      <word id="c02-056-03-01" tag="&amp;FW" text="Unheimliche">
        <cmp x="393" y="1234" width="71" height="82" />
        <cmp x="468" y="1244" width="70" height="70" />
        <cmp x="538" y="1268" width="6" height="7" />
        <cmp x="539" y="1257" width="96" height="57" />
        <cmp x="637" y="1249" width="93" height="70" />
        <cmp x="640" y="1266" width="8" height="10" />
      </word>
      <word id="c02-056-03-02" tag="&amp;FW" text="Geschichten">
        <cmp x="787" y="1257" width="190" height="114" />
        <cmp x="975" y="1279" width="4" height="6" />
        <cmp x="984" y="1253" width="79" height="65" />
        <cmp x="1065" y="1249" width="84" height="66" />
      </word>
      <word id="c02-056-03-03" tag="**&apos;" text="&quot;">
        <cmp x="1196" y="1246" width="21" height="28" />
      </word>
      <word id="c02-056-03-04" tag="(" text="(">
        <cmp x="1239" y="1260" width="30" height="76" />
      </word>
      <word id="c02-056-03-05" tag="CD" text="1920">
        <cmp x="1282" y="1268" width="46" height="50" />
        <cmp x="1322" y="1270" width="85" height="53" />
      </word>
      <word id="c02-056-03-06" tag=")" text=")">
        <cmp x="1400" y="1260" width="51" height="86" />
      </word>
      <word id="c02-056-03-07" tag="," text=",">
        <cmp x="1464" y="1310" width="16" height="22" />
      </word>
      <word id="c02-056-03-08" tag="CD" text="five">
        <cmp x="1509" y="1239" width="71" height="116" />
        <cmp x="1581" y="1279" width="6" height="11" />
        <cmp x="1583" y="1286" width="63" height="39" />
      </word>
      <word id="c02-056-03-09" tag="NN" text="ghost">
        <cmp x="1690" y="1286" width="43" height="85" />
        <cmp x="1741" y="1258" width="107" height="66" />
        <cmp x="1850" y="1257" width="39" height="63" />
      </word>
      <word id="c02-056-03-10" tag="NNS" text="stories">
        <cmp x="1922" y="1295" width="39" height="24" />
        <cmp x="1964" y="1256" width="161" height="71" />
        <cmp x="2063" y="1264" width="6" height="9" />
      </word>
      <upper-contour>
        <point x="360" y="1199" />
        <point x="2126" y="1199" />
      </upper-contour>
      <lower-contour>
        <point x="360" y="1371" />
        <point x="2126" y="1371" />
      </lower-contour>
    </line>
    <line ass="-196" asx="0" asy="1419" character-width="999" dss="-196" dsx="0" dsy="1546" fd0="13648" fd1="2849" fd2="-809" filter-width="4" id="c02-056-04" lbs="-105" lbx="0" lby="1497" segmentation="ok" slant="63000" stroke-width="6527" threshold="181" text="with a light touch, and there was much to admire" ubs="-377" ubx="0" uby="1456">
      <word id="c02-056-04-00" tag="IN" text="with">
        <cmp x="350" y="1461" width="65" height="37" />
        <cmp x="406" y="1450" width="12" height="10" />
        <cmp x="422" y="1430" width="66" height="71" />
      </word>
      <word id="c02-056-04-01" tag="AT" text="a">
        <cmp x="558" y="1469" width="39" height="35" />
      </word>
      <word id="c02-056-04-02" tag="JJ" text="light">
        <cmp x="652" y="1443" width="74" height="59" />
        <cmp x="717" y="1470" width="47" height="79" />
        <cmp x="729" y="1456" width="7" height="7" />
        <cmp x="772" y="1445" width="39" height="54" />
        <cmp x="822" y="1435" width="38" height="59" />
      </word>
      <word id="c02-056-04-03" tag="NN" text="touch">
        <cmp x="926" y="1423" width="165" height="73" />
      </word>
      <word id="c02-056-04-04" tag="," text=",">
        <cmp x="1107" y="1490" width="27" height="29" />
      </word>
      <word id="c02-056-04-05" tag="CC" text="and">
        <cmp x="1194" y="1457" width="75" height="40" />
        <cmp x="1270" y="1445" width="48" height="59" />
      </word>
      <word id="c02-056-04-06" tag="EX" text="there">
        <cmp x="1375" y="1432" width="159" height="75" />
      </word>
      <word id="c02-056-04-07" tag="BEDZ" text="was">
        <cmp x="1586" y="1465" width="117" height="40" />
      </word>
      <word id="c02-056-04-08" tag="AP" text="much">
        <cmp x="1746" y="1468" width="103" height="38" />
        <cmp x="1843" y="1441" width="64" height="62" />
      </word>
      <word id="c02-056-04-09" tag="TO" text="to">
        <cmp x="1963" y="1446" width="59" height="60" />
      </word>
      <word id="c02-056-04-10" tag="VB" text="admire">
        <cmp x="2058" y="1468" width="34" height="34" />
        <cmp x="2089" y="1431" width="106" height="73" />
        <cmp x="2193" y="1464" width="52" height="39" />
        <cmp x="2196" y="1453" width="6" height="6" />
      </word>
      <upper-contour>
        <point x="360" y="1371" />
        <point x="2126" y="1371" />
      </upper-contour>
      <lower-contour>
        <point x="349" y="1549" />
        <point x="2132" y="1549" />
      </lower-contour>
    </line>
    <line ass="-76" asx="0" asy="1607" character-width="999" dss="-76" dsx="0" dsy="1718" fd0="13848" fd1="2510" fd2="-933" filter-width="4" id="c02-056-05" lbs="-114" lbx="0" lby="1672" segmentation="err" slant="66999" stroke-width="6346" threshold="180" text="in &amp;quot;Dreyfus&amp;quot; (1930) and the virtually unknown" ubs="0" ubx="0" uby="1648">
      <word id="c02-056-05-00" tag="IN" text="in">
        <cmp x="351" y="1650" width="66" height="38" />
        <cmp x="383" y="1636" width="8" height="8" />
      </word>
      <word id="c02-056-05-01" tag="*&apos;" text="&quot;">
        <cmp x="489" y="1610" width="23" height="31" />
      </word>
      <word id="c02-056-05-02" tag="NP" text="Dreyfus">
        <cmp x="544" y="1620" width="68" height="59" />
        <cmp x="563" y="1635" width="21" height="36" />
        <cmp x="604" y="1641" width="64" height="40" />
        <cmp x="672" y="1635" width="7" height="7" />
        <cmp x="675" y="1608" width="112" height="96" />
      </word>
      <word id="c02-056-05-03" tag="**&apos;" text="&quot;">
        <cmp x="831" y="1618" width="17" height="24" />
      </word>
      <word id="c02-056-05-04" tag="(" text="(">
        <cmp x="880" y="1618" width="43" height="78" />
      </word>
      <word id="c02-056-05-05" tag="CD" text="1930">
        <cmp x="930" y="1628" width="47" height="46" />
        <cmp x="969" y="1628" width="108" height="47" />
        <cmp x="1059" y="1624" width="50" height="74" />
      </word>
      <word id="c02-056-05-06" tag=")" text=")">
        <cmp x="1143" y="1648" width="82" height="32" />
      </word>
      <word id="c02-056-05-07" tag="CC" text="and">
        <cmp x="1227" y="1629" width="46" height="52" />
      </word>
      <word id="c02-056-05-08" tag="ATI" text="the">
        <cmp x="1315" y="1613" width="84" height="64" />
      </word>
      <word id="c02-056-05-09" tag="RB" text="virtually">
        <cmp x="1445" y="1641" width="77" height="38" />
        <cmp x="1522" y="1625" width="6" height="9" />
        <cmp x="1522" y="1645" width="31" height="33" />
        <cmp x="1560" y="1615" width="59" height="65" />
        <cmp x="1620" y="1627" width="147" height="95" />
      </word>
      <word id="c02-056-05-10" tag="JJ" text="unknown">
        <cmp x="1799" y="1648" width="110" height="33" />
        <cmp x="1912" y="1618" width="52" height="60" />
        <cmp x="1963" y="1649" width="35" height="23" />
        <cmp x="1998" y="1646" width="133" height="34" />
      </word>
      <upper-contour>
        <point x="349" y="1549" />
        <point x="2132" y="1549" />
      </upper-contour>
      <lower-contour>
        <point x="351" y="1722" />
        <point x="2113" y="1722" />
      </lower-contour>
    </line>
    <line ass="320" asx="0" asy="1786" character-width="999" dss="320" dsx="0" dsy="1897" fd0="13879" fd1="2623" fd2="-674" filter-width="4" id="c02-056-06" lbs="343" lbx="0" lby="1861" segmentation="ok" slant="64000" stroke-width="6364" threshold="180" text="but extremely important &amp;quot;1914&amp;quot; (1931), which" ubs="276" ubx="0" uby="1831">
      <word id="c02-056-06-00" tag="CC" text="but">
        <cmp x="353" y="1785" width="76" height="73" />
        <cmp x="433" y="1785" width="36" height="69" />
      </word>
      <word id="c02-056-06-01" tag="RB" text="extremely">
        <cmp x="536" y="1828" width="85" height="36" />
        <cmp x="628" y="1800" width="246" height="94" />
      </word>
      <word id="c02-056-06-02" tag="JJ" text="important">
        <cmp x="916" y="1825" width="83" height="29" />
        <cmp x="953" y="1800" width="13" height="8" />
        <cmp x="994" y="1828" width="53" height="52" />
        <cmp x="1051" y="1828" width="79" height="28" />
        <cmp x="1141" y="1791" width="33" height="65" />
        <cmp x="1165" y="1819" width="98" height="37" />
        <cmp x="1267" y="1792" width="29" height="57" />
      </word>
      <word id="c02-056-06-03" tag="*&apos;" text="&quot;">
        <cmp x="1357" y="1790" width="22" height="25" />
      </word>
      <word id="c02-056-06-04" tag="CD" text="1914">
        <cmp x="1381" y="1801" width="62" height="58" />
        <cmp x="1432" y="1804" width="36" height="47" />
        <cmp x="1471" y="1809" width="37" height="40" />
        <cmp x="1503" y="1804" width="40" height="57" />
      </word>
      <word id="c02-056-06-05" tag="**&apos;" text="&quot;">
        <cmp x="1568" y="1791" width="20" height="26" />
      </word>
      <word id="c02-056-06-06" tag="(" text="(">
        <cmp x="1621" y="1794" width="31" height="64" />
      </word>
      <word id="c02-056-06-07" tag="CD" text="1931">
        <cmp x="1655" y="1811" width="49" height="43" />
        <cmp x="1704" y="1808" width="35" height="49" />
        <cmp x="1727" y="1816" width="52" height="38" />
        <cmp x="1780" y="1815" width="39" height="38" />
      </word>
      <word id="c02-056-06-08" tag=")" text=")">
        <cmp x="1834" y="1792" width="38" height="61" />
      </word>
      <word id="c02-056-06-09" tag="," text=",">
        <cmp x="1885" y="1850" width="13" height="19" />
        <cmp x="1895" y="1843" width="4" height="4" />
      </word>
      <word id="c02-056-06-10" tag="WDT" text="which">
        <cmp x="1932" y="1791" width="110" height="65" />
        <cmp x="2041" y="1790" width="71" height="64" />
        <cmp x="2047" y="1807" width="10" height="7" />
      </word>
      <upper-contour>
        <point x="351" y="1722" />
        <point x="2113" y="1722" />
      </upper-contour>
      <lower-contour>
        <point x="369" y="1894" />
        <point x="2050" y="1894" />
      </lower-contour>
    </line>
    <line ass="-82" asx="0" asy="1964" character-width="999" dss="-82" dsx="0" dsy="2085" fd0="13733" fd1="3255" fd2="-449" filter-width="4" id="c02-056-07" lbs="-97" lbx="0" lby="2036" segmentation="ok" slant="65000" stroke-width="6449" threshold="181" text="tries to show that it took more than just" ubs="-52" ubx="0" uby="2007">
      <word id="c02-056-07-00" tag="VBZ" text="tries">
        <cmp x="371" y="1965" width="153" height="73" />
        <cmp x="450" y="1982" width="7" height="7" />
        <cmp x="496" y="2027" width="7" height="9" />
      </word>
      <word id="c02-056-07-01" tag="TO" text="to">
        <cmp x="623" y="1980" width="61" height="57" />
        <cmp x="655" y="1973" width="4" height="6" />
      </word>
      <word id="c02-056-07-02" tag="VB" text="show">
        <cmp x="753" y="1980" width="156" height="64" />
      </word>
      <word id="c02-056-07-03" tag="CS" text="that">
        <cmp x="972" y="1986" width="68" height="58" />
        <cmp x="1046" y="2007" width="30" height="33" />
        <cmp x="1085" y="1972" width="45" height="69" />
      </word>
      <word id="c02-056-07-04" tag="PP3" text="it">
        <cmp x="1173" y="2006" width="35" height="35" />
        <cmp x="1205" y="1979" width="49" height="62" />
      </word>
      <word id="c02-056-07-05" tag="VBD" text="took">
        <cmp x="1305" y="1984" width="131" height="59" />
        <cmp x="1409" y="1982" width="7" height="9" />
      </word>
      <word id="c02-056-07-06" tag="AP" text="more">
        <cmp x="1472" y="2001" width="148" height="41" />
      </word>
      <word id="c02-056-07-07" tag="IN" text="than">
        <cmp x="1686" y="1970" width="65" height="71" />
        <cmp x="1749" y="2006" width="82" height="35" />
      </word>
      <word id="c02-056-07-08" tag="RB" text="just">
        <cmp x="1879" y="2008" width="88" height="81" />
        <cmp x="1919" y="1984" width="19" height="8" />
        <cmp x="1966" y="1978" width="83" height="60" />
      </word>
      <upper-contour>
        <point x="369" y="1894" />
        <point x="2050" y="1894" />
      </upper-contour>
      <lower-contour>
        <point x="369" y="2044" />
        <point x="1837" y="2044" />
      </lower-contour>
    </line>
    <line ass="6" asx="0" asy="2144" character-width="999" dss="6" dsx="0" dsy="2277" fd0="13442" fd1="2352" fd2="-1318" filter-width="4" id="c02-056-08" lbs="-93" lbx="0" lby="2212" segmentation="ok" slant="66000" stroke-width="6306" threshold="180" text="Germany to start the First World War." ubs="205" ubx="0" uby="2181">
      <word id="c02-056-08-00" tag="NP" text="Germany">
        <cmp x="356" y="2154" width="104" height="124" />
        <cmp x="458" y="2184" width="56" height="35" />
        <cmp x="519" y="2186" width="131" height="79" />
      </word>
      <word id="c02-056-08-01" tag="TO" text="to">
        <cmp x="721" y="2150" width="54" height="75" />
      </word>
      <word id="c02-056-08-02" tag="VB" text="start">
        <cmp x="809" y="2186" width="51" height="30" />
        <cmp x="859" y="2150" width="30" height="63" />
        <cmp x="877" y="2149" width="109" height="70" />
      </word>
      <word id="c02-056-08-03" tag="ATI" text="the">
        <cmp x="1063" y="2153" width="92" height="70" />
      </word>
      <word id="c02-056-08-04" tag="OD" text="First">
        <cmp x="1208" y="2171" width="139" height="48" />
        <cmp x="1219" y="2152" width="65" height="15" />
        <cmp x="1351" y="2145" width="35" height="67" />
      </word>
      <word id="c02-056-08-05" tag="NN" text="World">
        <cmp x="1454" y="2149" width="60" height="64" />
        <cmp x="1491" y="2177" width="72" height="38" />
        <cmp x="1567" y="2151" width="77" height="63" />
      </word>
      <word id="c02-056-08-06" tag="NN" text="War">
        <cmp x="1707" y="2154" width="52" height="64" />
        <cmp x="1744" y="2176" width="67" height="40" />
      </word>
      <word id="c02-056-08-07" tag="." text=".">
        <cmp x="1830" y="2215" width="7" height="10" />
      </word>
      <upper-contour>
        <point x="369" y="2044" />
        <point x="1837" y="2044" />
      </upper-contour>
    </line>
  </handwritten-part>
</form>

