<?xml version="1.0" encoding="ISO-8859-1"?>

<!DOCTYPE form SYSTEM 'http://www.iam.unibe.ch/~fki/iamdb/form-metadata.dtd'>

<form created="2002-01-16" height="3542" id="c03-084c" last-modified="2002-07-17" skew="284" status="final" version="3.0_beta" width="2479" writer-id="152">
  <machine-printed-part>
    <machine-print-line text="Mr. Bryan Stonehouse&apos;s production is quietly effective, giving full value to the formal" />
    <machine-print-line text="elements of Betti&apos;s writing without over-emphasizing them. Last night&apos;s play in the" />
    <machine-print-line text="&amp;quot;Play of the Week&amp;quot; series on independent television, Then We Fall, by Mr. Paul Fer-" />
    <machine-print-line text="ris, was a morality on the not unfamiliar theme of the destructive power of unbridled" />
    <machine-print-line text="ambition." />
  </machine-printed-part>
  <handwritten-part>
    <line ass="-680" asx="0" asy="737" character-width="999" dss="-680" dsx="0" dsy="878" fd0="13740" fd1="2287" fd2="-2097" filter-width="3" id="c03-084c-00" lbs="-786" lbx="0" lby="816" segmentation="ok" slant="72000" stroke-width="5231" threshold="186" text="Mr. Bryan Stonehouse&apos;s production is quietly effective," ubs="-469" ubx="0" uby="774">
      <word id="c03-084c-00-00" sentence-start="yes" tag="NPT" text="Mr.">
        <cmp x="294" y="766" width="53" height="62" />
        <cmp x="343" y="784" width="30" height="45" />
        <cmp x="381" y="810" width="6" height="6" />
      </word>
      <word id="c03-084c-00-01" tag="NP" text="Bryan">
        <cmp x="413" y="755" width="44" height="76" />
        <cmp x="461" y="782" width="67" height="102" />
        <cmp x="527" y="774" width="93" height="55" />
      </word>
      <word id="c03-084c-00-02" tag="NP$" text="Stonehouse&apos;s">
        <cmp x="673" y="752" width="92" height="71" />
        <cmp x="760" y="773" width="33" height="52" />
        <cmp x="800" y="771" width="67" height="52" />
        <cmp x="882" y="760" width="34" height="62" />
        <cmp x="918" y="774" width="69" height="49" />
        <cmp x="989" y="779" width="33" height="47" />
        <cmp x="1017" y="778" width="36" height="46" />
        <cmp x="1069" y="751" width="3" height="3" />
        <cmp x="1070" y="779" width="45" height="50" />
      </word>
      <word id="c03-084c-00-03" tag="NN" text="production">
        <cmp x="1187" y="778" width="45" height="83" />
        <cmp x="1231" y="777" width="37" height="46" />
        <cmp x="1252" y="780" width="39" height="51" />
        <cmp x="1296" y="765" width="97" height="68" />
        <cmp x="1392" y="768" width="74" height="63" />
        <cmp x="1472" y="782" width="37" height="48" />
        <cmp x="1510" y="783" width="18" height="45" />
        <cmp x="1529" y="789" width="28" height="50" />
      </word>
      <word id="c03-084c-00-04" tag="BEZ" text="is">
        <cmp x="1626" y="789" width="46" height="50" />
        <cmp x="1663" y="763" width="4" height="6" />
        <cmp x="1666" y="791" width="33" height="42" />
      </word>
      <word id="c03-084c-00-05" tag="RB" text="quietly">
        <cmp x="1768" y="776" width="109" height="99" />
        <cmp x="1872" y="773" width="5" height="6" />
        <cmp x="1885" y="763" width="128" height="120" />
        <cmp x="1941" y="762" width="4" height="3" />
      </word>
      <word id="c03-084c-00-06" tag="JJ" text="effective">
        <cmp x="2079" y="761" width="193" height="112" />
        <cmp x="2271" y="783" width="7" height="6" />
        <cmp x="2283" y="793" width="70" height="53" />
      </word>
      <word id="c03-084c-00-07" tag="," text=",">
        <cmp x="2365" y="835" width="14" height="45" />
      </word>
      <lower-contour>
        <point x="292" y="886" />
        <point x="2321" y="886" />
      </lower-contour>
    </line>
    <line ass="265" asx="0" asy="937" character-width="999" dss="265" dsx="0" dsy="1069" fd0="13446" fd1="1931" fd2="-1826" filter-width="3" id="c03-084c-01" lbs="594" lbx="0" lby="1025" segmentation="err" slant="72000" stroke-width="5132" threshold="187" text="giving full value to the formal elements of Betti&apos;s" ubs="-391" ubx="0" uby="959">
      <word id="c03-084c-01-00" tag="VBG" text="giving">
        <cmp x="274" y="953" width="64" height="110" />
        <cmp x="334" y="942" width="5" height="5" />
        <cmp x="349" y="956" width="43" height="56" />
        <cmp x="399" y="968" width="15" height="34" />
        <cmp x="415" y="963" width="22" height="44" />
        <cmp x="436" y="959" width="40" height="106" />
      </word>
      <word id="c03-084c-01-01" tag="JJ" text="full">
        <cmp x="524" y="935" width="159" height="105" />
      </word>
      <word id="c03-084c-01-02" tag="NN" text="value">
        <cmp x="750" y="963" width="29" height="50" />
        <cmp x="780" y="946" width="155" height="65" />
      </word>
      <word id="c03-084c-01-03" tag="IN" text="to">
        <cmp x="1007" y="935" width="27" height="74" />
        <cmp x="1030" y="961" width="36" height="49" />
      </word>
      <word id="c03-084c-01-04" tag="ATI" text="the">
        <cmp x="1126" y="935" width="111" height="80" />
      </word>
      <word id="c03-084c-01-05" tag="JJ" text="formal">
        <cmp x="1293" y="936" width="67" height="124" />
        <cmp x="1345" y="966" width="131" height="50" />
        <cmp x="1483" y="944" width="73" height="70" />
      </word>
      <word id="c03-084c-01-06" tag="NNS" text="elements">
        <cmp x="1640" y="952" width="238" height="72" />
        <cmp x="1885" y="957" width="45" height="61" />
      </word>
      <word id="c03-084c-01-07" tag="INO" text="of">
        <cmp x="1994" y="945" width="66" height="116" />
        <cmp x="2013" y="968" width="5" height="7" />
      </word>
      <word id="c03-084c-01-08" tag="NP$" text="Betti&apos;s">
        <cmp x="2106" y="947" width="51" height="73" />
        <cmp x="2160" y="962" width="88" height="59" />
        <cmp x="2249" y="966" width="4" height="4" />
        <cmp x="2284" y="954" width="4" height="4" />
        <cmp x="2280" y="978" width="41" height="42" />
      </word>
      <upper-contour>
        <point x="292" y="886" />
        <point x="2321" y="886" />
      </upper-contour>
      <lower-contour>
        <point x="272" y="1064" />
        <point x="2321" y="1064" />
      </lower-contour>
    </line>
    <line ass="121" asx="0" asy="1111" character-width="999" dss="121" dsx="0" dsy="1268" fd0="13873" fd1="2408" fd2="-1814" filter-width="3" id="c03-084c-02" lbs="152" lbx="0" lby="1181" segmentation="err" slant="71000" stroke-width="5216" threshold="186" text="writing without over-emphasizing them. Last night&apos;s" ubs="58" ubx="0" uby="1145">
      <word id="c03-084c-02-00" tag="NN" text="writing">
        <cmp x="264" y="1147" width="67" height="60" />
        <cmp x="343" y="1148" width="45" height="42" />
        <cmp x="383" y="1127" width="6" height="7" />
        <cmp x="393" y="1124" width="42" height="64" />
        <cmp x="434" y="1124" width="4" height="5" />
        <cmp x="443" y="1138" width="41" height="54" />
        <cmp x="478" y="1143" width="47" height="123" />
      </word>
      <word id="c03-084c-02-01" tag="IN" text="without">
        <cmp x="605" y="1136" width="92" height="63" />
        <cmp x="697" y="1127" width="4" height="7" />
        <cmp x="705" y="1111" width="70" height="78" />
        <cmp x="784" y="1126" width="117" height="64" />
      </word>
      <word id="c03-084c-02-02" tag="VBG" text="over-emphasizing">
        <cmp x="983" y="1140" width="36" height="51" />
        <cmp x="1024" y="1138" width="85" height="52" />
        <cmp x="1131" y="1159" width="31" height="9" />
        <cmp x="1187" y="1140" width="105" height="54" />
        <cmp x="1285" y="1147" width="45" height="75" />
        <cmp x="1333" y="1117" width="54" height="65" />
        <cmp x="1387" y="1144" width="77" height="47" />
        <cmp x="1461" y="1146" width="32" height="40" />
        <cmp x="1468" y="1141" width="75" height="118" />
        <cmp x="1493" y="1131" width="5" height="3" />
        <cmp x="1546" y="1133" width="3" height="4" />
        <cmp x="1556" y="1139" width="43" height="48" />
        <cmp x="1592" y="1145" width="47" height="111" />
      </word>
      <word id="c03-084c-02-03" tag="PP3OS" text="them">
        <cmp x="1712" y="1108" width="171" height="83" />
      </word>
      <word id="c03-084c-02-04" tag="." text=".">
        <cmp x="1905" y="1175" width="6" height="5" />
      </word>
      <word id="c03-084c-02-05" sentence-start="yes" tag="AP" text="Last">
        <cmp x="1971" y="1123" width="141" height="66" />
      </word>
      <word id="c03-084c-02-06" tag="NN$" text="night&apos;s">
        <cmp x="2160" y="1150" width="47" height="43" />
        <cmp x="2209" y="1156" width="15" height="35" />
        <cmp x="2213" y="1147" width="52" height="112" />
        <cmp x="2227" y="1137" width="5" height="5" />
        <cmp x="2263" y="1131" width="43" height="62" />
        <cmp x="2311" y="1135" width="29" height="48" />
        <cmp x="2349" y="1152" width="35" height="40" />
        <cmp x="2361" y="1121" width="6" height="12" />
      </word>
      <upper-contour>
        <point x="272" y="1064" />
        <point x="2321" y="1064" />
      </upper-contour>
      <lower-contour>
        <point x="285" y="1265" />
        <point x="2385" y="1265" />
      </lower-contour>
    </line>
    <line ass="-126" asx="0" asy="1274" character-width="999" dss="-126" dsx="0" dsy="1435" fd0="13832" fd1="2259" fd2="-1417" filter-width="3" id="c03-084c-03" lbs="21" lbx="0" lby="1373" segmentation="err" slant="71000" stroke-width="5312" threshold="185" text="play in the &amp;quot;Play of the Week&amp;quot; series on indepen-" ubs="-421" ubx="0" uby="1320">
      <word id="c03-084c-03-00" tag="NN" text="play">
        <cmp x="287" y="1318" width="50" height="87" />
        <cmp x="342" y="1305" width="131" height="116" />
      </word>
      <word id="c03-084c-03-01" tag="IN" text="in">
        <cmp x="537" y="1326" width="36" height="46" />
        <cmp x="570" y="1313" width="3" height="4" />
        <cmp x="580" y="1328" width="48" height="36" />
      </word>
      <word id="c03-084c-03-02" tag="ATI" text="the">
        <cmp x="692" y="1288" width="56" height="74" />
        <cmp x="741" y="1316" width="59" height="53" />
      </word>
      <word id="c03-084c-03-03" tag="*&apos;" text="&quot;">
        <cmp x="881" y="1344" width="16" height="44" />
      </word>
      <word id="c03-084c-03-04" tag="NN" text="Play">
        <cmp x="895" y="1351" width="14" height="40" />
        <cmp x="928" y="1296" width="47" height="65" />
        <cmp x="967" y="1307" width="131" height="131" />
      </word>
      <word id="c03-084c-03-05" tag="INO" text="of">
        <cmp x="1150" y="1295" width="77" height="102" />
      </word>
      <word id="c03-084c-03-06" tag="ATI" text="the">
        <cmp x="1276" y="1288" width="111" height="81" />
      </word>
      <word id="c03-084c-03-07" tag="NN" text="Week">
        <cmp x="1432" y="1304" width="90" height="86" />
        <cmp x="1521" y="1306" width="128" height="70" />
      </word>
      <word id="c03-084c-03-08" tag="**&apos;" text="&quot;">
        <cmp x="1686" y="1279" width="22" height="28" />
      </word>
      <word id="c03-084c-03-09" tag="NN" text="series">
        <cmp x="1717" y="1327" width="144" height="53" />
        <cmp x="1859" y="1305" width="5" height="5" />
        <cmp x="1871" y="1324" width="68" height="53" />
      </word>
      <word id="c03-084c-03-10" tag="IN" text="on">
        <cmp x="1998" y="1328" width="38" height="53" />
        <cmp x="2039" y="1330" width="45" height="50" />
      </word>
      <word id="c03-084c-03-11" tag="JJ-" text="indepen-">
        <cmp x="2142" y="1342" width="28" height="38" />
        <cmp x="2164" y="1326" width="4" height="6" />
        <cmp x="2170" y="1335" width="41" height="38" />
        <cmp x="2216" y="1320" width="153" height="86" />
        <cmp x="2371" y="1336" width="23" height="41" />
        <cmp x="2407" y="1355" width="34" height="11" />
      </word>
      <upper-contour>
        <point x="285" y="1265" />
        <point x="2385" y="1265" />
      </upper-contour>
      <lower-contour>
        <point x="285" y="1438" />
        <point x="2308" y="1438" />
      </lower-contour>
    </line>
    <line ass="-78" asx="0" asy="1463" character-width="999" dss="-78" dsx="0" dsy="1614" fd0="13604" fd1="2505" fd2="-1415" filter-width="3" id="c03-084c-04" lbs="-47" lbx="0" lby="1541" segmentation="err" slant="71000" stroke-width="5112" threshold="183" text="dent television, Then We Fall, by Mr. Paul Ferris," ubs="-139" ubx="0" uby="1496">
      <word id="c03-084c-04-00" tag="-JJ" text="dent">
        <cmp x="272" y="1489" width="119" height="72" />
        <cmp x="398" y="1489" width="24" height="53" />
      </word>
      <word id="c03-084c-04-01" tag="NN" text="television">
        <cmp x="505" y="1472" width="108" height="73" />
        <cmp x="625" y="1497" width="51" height="46" />
        <cmp x="675" y="1478" width="5" height="6" />
        <cmp x="676" y="1495" width="68" height="47" />
        <cmp x="738" y="1484" width="6" height="7" />
        <cmp x="745" y="1497" width="31" height="46" />
        <cmp x="778" y="1498" width="60" height="47" />
      </word>
      <word id="c03-084c-04-02" tag="," text=",">
        <cmp x="859" y="1529" width="21" height="60" />
      </word>
      <word id="c03-084c-04-03" tag="RN" text="Then">
        <cmp x="922" y="1472" width="55" height="74" />
        <cmp x="973" y="1497" width="59" height="51" />
      </word>
      <word id="c03-084c-04-04" tag="PP1AS" text="We">
        <cmp x="1106" y="1476" width="86" height="84" />
        <cmp x="1186" y="1497" width="24" height="52" />
      </word>
      <word id="c03-084c-04-05" tag="VB" text="Fall">
        <cmp x="1258" y="1477" width="67" height="19" />
        <cmp x="1270" y="1491" width="44" height="63" />
        <cmp x="1310" y="1478" width="106" height="79" />
        <cmp x="1434" y="1551" width="16" height="49" />
      </word>
      <word id="c03-084c-04-06" tag="," text=",">
        <cmp x="1514" y="1482" width="40" height="69" />
      </word>
      <word id="c03-084c-04-07" tag="IN" text="by">
        <cmp x="1545" y="1503" width="53" height="115" />
      </word>
      <word id="c03-084c-04-08" tag="NPT" text="Mr.">
        <cmp x="1661" y="1481" width="72" height="68" />
        <cmp x="1721" y="1491" width="39" height="56" />
        <cmp x="1771" y="1548" width="8" height="10" />
      </word>
      <word id="c03-084c-04-09" tag="NP" text="Paul">
        <cmp x="1843" y="1467" width="48" height="81" />
        <cmp x="1870" y="1480" width="132" height="78" />
      </word>
      <word id="c03-084c-04-10" tag="NP" text="Ferris">
        <cmp x="2076" y="1492" width="42" height="58" />
        <cmp x="2079" y="1477" width="56" height="10" />
        <cmp x="2105" y="1506" width="128" height="51" />
        <cmp x="2226" y="1484" width="4" height="6" />
        <cmp x="2227" y="1507" width="45" height="43" />
      </word>
      <word id="c03-084c-04-11" tag="," text=",">
        <cmp x="2287" y="1535" width="20" height="46" />
      </word>
      <upper-contour>
        <point x="285" y="1438" />
        <point x="2308" y="1438" />
      </upper-contour>
      <lower-contour>
        <point x="270" y="1619" />
        <point x="2308" y="1619" />
      </lower-contour>
    </line>
    <line ass="-303" asx="0" asy="1646" character-width="999" dss="-303" dsx="0" dsy="1793" fd0="13916" fd1="2233" fd2="-1807" filter-width="3" id="c03-084c-05" lbs="-448" lbx="0" lby="1721" segmentation="ok" slant="68999" stroke-width="5235" threshold="184" text="was a morality on the not unfamiliar theme of" ubs="-13" ubx="0" uby="1683">
      <word id="c03-084c-05-00" tag="BEDZ" text="was">
        <cmp x="252" y="1677" width="81" height="62" />
        <cmp x="339" y="1674" width="75" height="56" />
      </word>
      <word id="c03-084c-05-01" tag="AT" text="a">
        <cmp x="497" y="1676" width="51" height="51" />
      </word>
      <word id="c03-084c-05-02" tag="NN" text="morality">
        <cmp x="636" y="1682" width="63" height="43" />
        <cmp x="706" y="1683" width="64" height="46" />
        <cmp x="774" y="1663" width="101" height="67" />
        <cmp x="881" y="1671" width="4" height="5" />
        <cmp x="890" y="1669" width="47" height="63" />
        <cmp x="911" y="1692" width="47" height="106" />
      </word>
      <word id="c03-084c-05-03" tag="IN" text="on">
        <cmp x="1041" y="1680" width="37" height="55" />
        <cmp x="1079" y="1684" width="16" height="38" />
        <cmp x="1097" y="1685" width="26" height="45" />
      </word>
      <word id="c03-084c-05-04" tag="ATI" text="the">
        <cmp x="1185" y="1659" width="110" height="74" />
      </word>
      <word id="c03-084c-05-05" tag="XNOT" text="not">
        <cmp x="1364" y="1691" width="43" height="46" />
        <cmp x="1413" y="1671" width="65" height="63" />
      </word>
      <word id="c03-084c-05-06" tag="JJ" text="unfamiliar">
        <cmp x="1555" y="1678" width="110" height="58" />
        <cmp x="1653" y="1657" width="51" height="124" />
        <cmp x="1695" y="1675" width="105" height="53" />
        <cmp x="1795" y="1693" width="37" height="38" />
        <cmp x="1833" y="1672" width="4" height="6" />
        <cmp x="1839" y="1669" width="57" height="66" />
        <cmp x="1894" y="1682" width="78" height="51" />
        <cmp x="1895" y="1670" width="4" height="6" />
      </word>
      <word id="c03-084c-05-07" tag="NN" text="theme">
        <cmp x="2042" y="1657" width="175" height="75" />
      </word>
      <word id="c03-084c-05-08" tag="INO" text="of">
        <cmp x="2269" y="1658" width="78" height="105" />
        <cmp x="2281" y="1733" width="27" height="52" />
      </word>
      <upper-contour>
        <point x="270" y="1619" />
        <point x="2308" y="1619" />
      </upper-contour>
      <lower-contour>
        <point x="250" y="1797" />
        <point x="2235" y="1797" />
      </lower-contour>
    </line>
    <line ass="-181" asx="0" asy="1819" character-width="999" dss="-181" dsx="0" dsy="1950" fd0="13675" fd1="2139" fd2="-1793" filter-width="3" id="c03-084c-06" lbs="-61" lbx="0" lby="1904" segmentation="ok" slant="71000" stroke-width="5345" threshold="184" text="the destructive power of unbridled ambition." ubs="-419" ubx="0" uby="1849">
      <word id="c03-084c-06-00" tag="ATI" text="the">
        <cmp x="247" y="1820" width="106" height="79" />
      </word>
      <word id="c03-084c-06-01" tag="JJ" text="destructive">
        <cmp x="468" y="1832" width="209" height="79" />
        <cmp x="679" y="1840" width="81" height="71" />
        <cmp x="757" y="1834" width="4" height="5" />
        <cmp x="772" y="1850" width="71" height="57" />
      </word>
      <word id="c03-084c-06-02" tag="NN" text="power">
        <cmp x="929" y="1865" width="53" height="84" />
        <cmp x="984" y="1861" width="148" height="49" />
      </word>
      <word id="c03-084c-06-03" tag="INO" text="of">
        <cmp x="1218" y="1834" width="80" height="122" />
      </word>
      <word id="c03-084c-06-04" tag="JJ" text="unbridled">
        <cmp x="1372" y="1856" width="112" height="69" />
        <cmp x="1501" y="1834" width="39" height="67" />
        <cmp x="1548" y="1852" width="50" height="39" />
        <cmp x="1593" y="1831" width="6" height="6" />
        <cmp x="1598" y="1834" width="49" height="63" />
        <cmp x="1651" y="1836" width="24" height="57" />
        <cmp x="1676" y="1852" width="29" height="47" />
        <cmp x="1710" y="1844" width="60" height="63" />
      </word>
      <word id="c03-084c-06-05" tag="NN" text="ambition">
        <cmp x="1862" y="1864" width="115" height="58" />
        <cmp x="1985" y="1854" width="42" height="59" />
        <cmp x="2029" y="1872" width="16" height="36" />
        <cmp x="2047" y="1856" width="4" height="4" />
        <cmp x="2054" y="1853" width="50" height="59" />
        <cmp x="2097" y="1852" width="7" height="7" />
        <cmp x="2108" y="1863" width="38" height="53" />
        <cmp x="2155" y="1869" width="44" height="49" />
      </word>
      <word id="c03-084c-06-06" tag="." text=".">
        <cmp x="2229" y="1918" width="6" height="6" />
      </word>
      <upper-contour>
        <point x="250" y="1797" />
        <point x="2235" y="1797" />
      </upper-contour>
    </line>
  </handwritten-part>
</form>

