<?xml version="1.0" encoding="ISO-8859-1"?>

<!DOCTYPE form SYSTEM 'http://www.iam.unibe.ch/~fki/iamdb/form-metadata.dtd'>

<form created="2002-01-16" height="3542" id="c03-081c" last-modified="2002-07-17" skew="378" status="final" version="3.0_beta" width="2479" writer-id="152">
  <machine-printed-part>
    <machine-print-line text="Arguably, the dramatist has committed a technical error in allowing Irene to speak" />
    <machine-print-line text="for herself; we would be altogether clearer in our minds about her if she remained" />
    <machine-print-line text="a flawed but beautiful enigma, seen but not heard. However, Miss Pinkie Johnstone" />
    <machine-print-line text="makes her few brief scenes effective, and Mr. Dinsdale Landen, in the longest and" />
    <machine-print-line text="most exacting role, that of the sergeant, gives a performance of rare intelligence and" />
    <machine-print-line text="restrained power." />
  </machine-printed-part>
  <handwritten-part>
    <line ass="189" asx="0" asy="745" character-width="999" dss="189" dsx="0" dsy="907" fd0="13611" fd1="2034" fd2="-2334" filter-width="3" id="c03-081c-00" lbs="255" lbx="0" lby="830" segmentation="ok" slant="74000" stroke-width="5123" threshold="188" text="Arguably, the dramatist has committed a technical" ubs="56" ubx="0" uby="781">
      <word id="c03-081c-00-00" sentence-start="yes" tag="RB" text="Arguably">
        <cmp x="320" y="753" width="64" height="88" />
        <cmp x="381" y="778" width="93" height="124" />
        <cmp x="481" y="771" width="38" height="58" />
        <cmp x="526" y="765" width="37" height="62" />
        <cmp x="570" y="760" width="82" height="125" />
      </word>
      <word id="c03-081c-00-01" tag="," text=",">
        <cmp x="672" y="815" width="19" height="60" />
      </word>
      <word id="c03-081c-00-02" tag="ATI" text="the">
        <cmp x="755" y="743" width="92" height="81" />
      </word>
      <word id="c03-081c-00-03" tag="NN" text="dramatist">
        <cmp x="923" y="761" width="81" height="66" />
        <cmp x="998" y="771" width="60" height="61" />
        <cmp x="1056" y="779" width="25" height="45" />
        <cmp x="1082" y="781" width="22" height="45" />
        <cmp x="1102" y="761" width="87" height="68" />
        <cmp x="1185" y="762" width="72" height="68" />
        <cmp x="1188" y="755" width="4" height="4" />
      </word>
      <word id="c03-081c-00-04" tag="HVZ" text="has">
        <cmp x="1305" y="749" width="74" height="87" />
        <cmp x="1377" y="776" width="63" height="58" />
      </word>
      <word id="c03-081c-00-05" tag="VBN" text="committed">
        <cmp x="1527" y="781" width="71" height="53" />
        <cmp x="1552" y="779" width="7" height="3" />
        <cmp x="1598" y="785" width="60" height="52" />
        <cmp x="1660" y="784" width="55" height="43" />
        <cmp x="1716" y="787" width="14" height="47" />
        <cmp x="1728" y="769" width="5" height="7" />
        <cmp x="1743" y="757" width="130" height="74" />
      </word>
      <word id="c03-081c-00-06" tag="AT" text="a">
        <cmp x="1931" y="780" width="46" height="52" />
      </word>
      <word id="c03-081c-00-07" tag="JJ" text="technical">
        <cmp x="2045" y="754" width="54" height="69" />
        <cmp x="2102" y="760" width="79" height="68" />
        <cmp x="2183" y="784" width="18" height="38" />
        <cmp x="2203" y="787" width="42" height="38" />
        <cmp x="2242" y="770" width="4" height="5" />
        <cmp x="2262" y="776" width="29" height="48" />
        <cmp x="2294" y="752" width="94" height="73" />
      </word>
      <lower-contour>
        <point x="318" y="901" />
        <point x="2305" y="901" />
      </lower-contour>
    </line>
    <line ass="-402" asx="0" asy="914" character-width="999" dss="-402" dsx="0" dsy="1076" fd0="13582" fd1="2074" fd2="-1758" filter-width="3" id="c03-081c-01" lbs="-451" lbx="0" lby="1000" segmentation="ok" slant="71000" stroke-width="5152" threshold="189" text="error in allowing Irene to speak for herself;" ubs="-304" ubx="0" uby="953">
      <word id="c03-081c-01-00" tag="NN" text="error">
        <cmp x="298" y="956" width="130" height="65" />
        <cmp x="426" y="954" width="62" height="55" />
      </word>
      <word id="c03-081c-01-01" tag="IN" text="in">
        <cmp x="565" y="960" width="38" height="51" />
        <cmp x="598" y="940" width="4" height="4" />
        <cmp x="606" y="960" width="50" height="51" />
      </word>
      <word id="c03-081c-01-02" tag="VBG" text="allowing">
        <cmp x="747" y="930" width="109" height="79" />
        <cmp x="856" y="960" width="39" height="51" />
        <cmp x="896" y="959" width="90" height="49" />
        <cmp x="985" y="944" width="5" height="4" />
        <cmp x="994" y="959" width="42" height="54" />
        <cmp x="1030" y="959" width="46" height="126" />
      </word>
      <word id="c03-081c-01-03" tag="NP" text="Irene">
        <cmp x="1178" y="933" width="176" height="73" />
      </word>
      <word id="c03-081c-01-04" tag="TO" text="to">
        <cmp x="1420" y="937" width="71" height="70" />
      </word>
      <word id="c03-081c-01-05" tag="VB" text="speak">
        <cmp x="1555" y="955" width="99" height="83" />
        <cmp x="1658" y="949" width="35" height="53" />
        <cmp x="1692" y="935" width="90" height="68" />
      </word>
      <word id="c03-081c-01-06" tag="IN" text="for">
        <cmp x="1873" y="928" width="94" height="122" />
      </word>
      <word id="c03-081c-01-07" tag="PPL" text="herself">
        <cmp x="2020" y="935" width="125" height="86" />
        <cmp x="2137" y="947" width="117" height="65" />
        <cmp x="2249" y="936" width="46" height="110" />
      </word>
      <word id="c03-081c-01-08" tag=";" text=";">
        <cmp x="2276" y="994" width="25" height="48" />
        <cmp x="2300" y="973" width="4" height="5" />
      </word>
      <upper-contour>
        <point x="318" y="901" />
        <point x="2305" y="901" />
      </upper-contour>
      <lower-contour>
        <point x="296" y="1084" />
        <point x="2305" y="1084" />
      </lower-contour>
    </line>
    <line ass="28" asx="0" asy="1114" character-width="999" dss="28" dsx="0" dsy="1242" fd0="13925" fd1="2366" fd2="-1732" filter-width="3" id="c03-081c-02" lbs="76" lbx="0" lby="1188" segmentation="ok" slant="71000" stroke-width="5302" threshold="187" text="we would be altogether clearer in our minds" ubs="-67" ubx="0" uby="1140">
      <word id="c03-081c-02-00" tag="PP1AS" text="we">
        <cmp x="295" y="1131" width="119" height="73" />
      </word>
      <word id="c03-081c-02-01" tag="MD" text="would">
        <cmp x="488" y="1136" width="78" height="53" />
        <cmp x="571" y="1139" width="36" height="46" />
        <cmp x="605" y="1120" width="104" height="74" />
        <cmp x="710" y="1123" width="53" height="66" />
      </word>
      <word id="c03-081c-02-02" tag="BE" text="be">
        <cmp x="845" y="1124" width="40" height="65" />
        <cmp x="889" y="1142" width="41" height="47" />
      </word>
      <word id="c03-081c-02-03" tag="RB" text="altogether">
        <cmp x="1018" y="1124" width="80" height="70" />
        <cmp x="1102" y="1123" width="24" height="63" />
        <cmp x="1126" y="1142" width="43" height="47" />
        <cmp x="1177" y="1142" width="76" height="101" />
        <cmp x="1259" y="1118" width="129" height="70" />
      </word>
      <word id="c03-081c-02-04" tag="JJR" text="clearer">
        <cmp x="1476" y="1114" width="100" height="74" />
        <cmp x="1574" y="1134" width="136" height="55" />
      </word>
      <word id="c03-081c-02-05" tag="IN" text="in">
        <cmp x="1783" y="1143" width="25" height="38" />
        <cmp x="1805" y="1125" width="6" height="8" />
        <cmp x="1812" y="1144" width="51" height="40" />
      </word>
      <word id="c03-081c-02-06" tag="PP$" text="our">
        <cmp x="1955" y="1142" width="35" height="50" />
        <cmp x="1992" y="1143" width="70" height="48" />
      </word>
      <word id="c03-081c-02-07" tag="NNS" text="minds">
        <cmp x="2135" y="1148" width="61" height="40" />
        <cmp x="2197" y="1150" width="14" height="31" />
        <cmp x="2211" y="1128" width="4" height="4" />
        <cmp x="2220" y="1147" width="43" height="41" />
        <cmp x="2262" y="1121" width="49" height="67" />
        <cmp x="2309" y="1138" width="33" height="52" />
      </word>
      <upper-contour>
        <point x="296" y="1084" />
        <point x="2305" y="1084" />
      </upper-contour>
      <lower-contour>
        <point x="306" y="1243" />
        <point x="2342" y="1243" />
      </lower-contour>
    </line>
    <line ass="-318" asx="0" asy="1274" character-width="999" dss="-318" dsx="0" dsy="1396" fd0="13695" fd1="2157" fd2="-1891" filter-width="3" id="c03-081c-03" lbs="-369" lbx="0" lby="1357" segmentation="ok" slant="68000" stroke-width="5297" threshold="187" text="about her if she remained a flawed but beautiful" ubs="-215" ubx="0" uby="1313">
      <word id="c03-081c-03-00" tag="IN" text="about">
        <cmp x="308" y="1304" width="46" height="67" />
        <cmp x="361" y="1296" width="44" height="73" />
        <cmp x="409" y="1301" width="116" height="69" />
      </word>
      <word id="c03-081c-03-01" tag="PP3O" text="her">
        <cmp x="620" y="1284" width="114" height="75" />
      </word>
      <word id="c03-081c-03-02" tag="CS" text="if">
        <cmp x="796" y="1309" width="38" height="51" />
        <cmp x="829" y="1286" width="5" height="5" />
        <cmp x="837" y="1283" width="39" height="117" />
      </word>
      <word id="c03-081c-03-03" tag="PP3A" text="she">
        <cmp x="935" y="1289" width="122" height="77" />
      </word>
      <word id="c03-081c-03-04" tag="VBD" text="remained">
        <cmp x="1130" y="1313" width="123" height="49" />
        <cmp x="1264" y="1308" width="58" height="54" />
        <cmp x="1314" y="1299" width="4" height="8" />
        <cmp x="1327" y="1318" width="75" height="47" />
        <cmp x="1401" y="1305" width="54" height="62" />
      </word>
      <word id="c03-081c-03-05" tag="AT" text="a">
        <cmp x="1528" y="1317" width="47" height="52" />
      </word>
      <word id="c03-081c-03-06" tag="JJ" text="flawed">
        <cmp x="1646" y="1283" width="250" height="116" />
      </word>
      <word id="c03-081c-03-07" tag="CC" text="but">
        <cmp x="1990" y="1296" width="34" height="68" />
        <cmp x="2019" y="1307" width="87" height="65" />
      </word>
      <word id="c03-081c-03-08" tag="JJ" text="beautiful">
        <cmp x="2175" y="1307" width="44" height="59" />
        <cmp x="2219" y="1320" width="28" height="46" />
        <cmp x="2239" y="1319" width="91" height="53" />
        <cmp x="2332" y="1305" width="38" height="62" />
        <cmp x="2369" y="1298" width="102" height="96" />
        <cmp x="2370" y="1310" width="4" height="4" />
      </word>
      <upper-contour>
        <point x="306" y="1243" />
        <point x="2342" y="1243" />
      </upper-contour>
      <lower-contour>
        <point x="306" y="1401" />
        <point x="2372" y="1401" />
      </lower-contour>
    </line>
    <line ass="318" asx="0" asy="1476" character-width="999" dss="318" dsx="0" dsy="1609" fd0="13595" fd1="2334" fd2="-1501" filter-width="3" id="c03-081c-04" lbs="385" lbx="0" lby="1550" segmentation="ok" slant="71000" stroke-width="5123" threshold="185" text="enigma, seen but not heard. However, Miss Pinkie" ubs="185" ubx="0" uby="1506">
      <word id="c03-081c-04-00" tag="NN" text="enigma">
        <cmp x="264" y="1497" width="133" height="62" />
        <cmp x="398" y="1476" width="4" height="6" />
        <cmp x="399" y="1497" width="109" height="107" />
        <cmp x="508" y="1497" width="52" height="52" />
      </word>
      <word id="c03-081c-04-01" tag="," text=",">
        <cmp x="587" y="1528" width="17" height="40" />
      </word>
      <word id="c03-081c-04-02" tag="VBN" text="seen">
        <cmp x="636" y="1500" width="179" height="50" />
      </word>
      <word id="c03-081c-04-03" tag="CC" text="but">
        <cmp x="891" y="1486" width="36" height="61" />
        <cmp x="929" y="1487" width="79" height="58" />
      </word>
      <word id="c03-081c-04-04" tag="XNOT" text="not">
        <cmp x="1084" y="1503" width="42" height="44" />
        <cmp x="1133" y="1481" width="65" height="68" />
      </word>
      <word id="c03-081c-04-05" tag="VBN" text="heard">
        <cmp x="1235" y="1474" width="110" height="82" />
        <cmp x="1343" y="1496" width="69" height="58" />
        <cmp x="1414" y="1484" width="57" height="62" />
      </word>
      <word id="c03-081c-04-06" tag="." text=".">
        <cmp x="1509" y="1537" width="7" height="6" />
      </word>
      <word id="c03-081c-04-07" sentence-start="yes" tag="RB" text="However">
        <cmp x="1555" y="1484" width="63" height="66" />
        <cmp x="1615" y="1497" width="123" height="55" />
        <cmp x="1743" y="1500" width="92" height="51" />
      </word>
      <word id="c03-081c-04-08" tag="," text=",">
        <cmp x="1846" y="1544" width="25" height="55" />
      </word>
      <word id="c03-081c-04-09" tag="NPT" text="Miss">
        <cmp x="1928" y="1471" width="69" height="67" />
        <cmp x="1986" y="1498" width="14" height="39" />
        <cmp x="1992" y="1493" width="81" height="50" />
        <cmp x="2005" y="1478" width="9" height="5" />
      </word>
      <word id="c03-081c-04-10" tag="NP" text="Pinkie">
        <cmp x="2149" y="1465" width="54" height="79" />
        <cmp x="2187" y="1508" width="15" height="33" />
        <cmp x="2203" y="1484" width="5" height="7" />
        <cmp x="2208" y="1499" width="43" height="40" />
        <cmp x="2245" y="1477" width="56" height="64" />
        <cmp x="2308" y="1507" width="13" height="40" />
        <cmp x="2322" y="1486" width="5" height="9" />
        <cmp x="2332" y="1496" width="39" height="58" />
      </word>
      <upper-contour>
        <point x="306" y="1401" />
        <point x="2372" y="1401" />
      </upper-contour>
      <lower-contour>
        <point x="262" y="1603" />
        <point x="2372" y="1603" />
      </lower-contour>
    </line>
    <line ass="-261" asx="0" asy="1639" character-width="999" dss="-261" dsx="0" dsy="1794" fd0="13825" fd1="1860" fd2="-2065" filter-width="3" id="c03-081c-05" lbs="-242" lbx="0" lby="1719" segmentation="ok" slant="71000" stroke-width="5198" threshold="186" text="Johnstone makes her few brief scenes effective, and" ubs="-300" ubx="0" uby="1673">
      <word id="c03-081c-05-00" tag="NP" text="Johnstone">
        <cmp x="253" y="1646" width="45" height="151" />
        <cmp x="293" y="1649" width="202" height="74" />
        <cmp x="489" y="1673" width="31" height="48" />
        <cmp x="529" y="1675" width="74" height="61" />
      </word>
      <word id="c03-081c-05-01" tag="VBZ" text="makes">
        <cmp x="691" y="1675" width="72" height="48" />
        <cmp x="762" y="1679" width="38" height="50" />
        <cmp x="799" y="1650" width="101" height="79" />
      </word>
      <word id="c03-081c-05-02" tag="PP$" text="her">
        <cmp x="983" y="1731" width="4" height="3" />
        <cmp x="986" y="1650" width="136" height="80" />
      </word>
      <word id="c03-081c-05-03" tag="AP" text="few">
        <cmp x="1185" y="1648" width="121" height="119" />
      </word>
      <word id="c03-081c-05-04" tag="JJ" text="brief">
        <cmp x="1387" y="1655" width="42" height="70" />
        <cmp x="1431" y="1677" width="47" height="44" />
        <cmp x="1476" y="1657" width="3" height="7" />
        <cmp x="1483" y="1646" width="62" height="102" />
        <cmp x="1531" y="1676" width="4" height="6" />
      </word>
      <word id="c03-081c-05-05" tag="NNS" text="scenes">
        <cmp x="1605" y="1678" width="48" height="49" />
        <cmp x="1646" y="1678" width="176" height="53" />
      </word>
      <word id="c03-081c-05-06" tag="JJ" text="effective">
        <cmp x="1912" y="1655" width="135" height="115" />
        <cmp x="2047" y="1682" width="41" height="52" />
        <cmp x="2090" y="1676" width="46" height="55" />
        <cmp x="2110" y="1666" width="8" height="9" />
        <cmp x="2136" y="1664" width="4" height="5" />
        <cmp x="2149" y="1677" width="73" height="53" />
        <cmp x="2156" y="1682" width="5" height="6" />
      </word>
      <word id="c03-081c-05-07" tag="," text=",">
        <cmp x="2234" y="1697" width="24" height="50" />
      </word>
      <word id="c03-081c-05-08" tag="CC" text="and">
        <cmp x="2313" y="1681" width="78" height="50" />
        <cmp x="2390" y="1672" width="53" height="68" />
      </word>
      <upper-contour>
        <point x="262" y="1603" />
        <point x="2372" y="1603" />
      </upper-contour>
      <lower-contour>
        <point x="270" y="1774" />
        <point x="2262" y="1774" />
      </lower-contour>
    </line>
    <line ass="-330" asx="0" asy="1821" character-width="999" dss="-330" dsx="0" dsy="1960" fd0="13732" fd1="2100" fd2="-1775" filter-width="3" id="c03-081c-06" lbs="-269" lbx="0" lby="1895" segmentation="ok" slant="71000" stroke-width="5285" threshold="188" text="Mr. Dinsdale Landen, in the longest and most" ubs="-454" ubx="0" uby="1848">
      <word id="c03-081c-06-00" tag="NPT" text="Mr.">
        <cmp x="272" y="1827" width="60" height="67" />
        <cmp x="321" y="1848" width="35" height="48" />
        <cmp x="359" y="1882" width="6" height="5" />
      </word>
      <word id="c03-081c-06-01" tag="NP" text="Dinsdale">
        <cmp x="433" y="1827" width="56" height="74" />
        <cmp x="485" y="1859" width="13" height="33" />
        <cmp x="495" y="1840" width="3" height="4" />
        <cmp x="507" y="1853" width="87" height="51" />
        <cmp x="595" y="1835" width="153" height="77" />
      </word>
      <word id="c03-081c-06-02" tag="NP" text="Landen">
        <cmp x="835" y="1827" width="131" height="74" />
        <cmp x="967" y="1843" width="143" height="67" />
      </word>
      <word id="c03-081c-06-03" tag="," text=",">
        <cmp x="1146" y="1880" width="17" height="57" />
      </word>
      <word id="c03-081c-06-04" tag="IN" text="in">
        <cmp x="1205" y="1868" width="26" height="42" />
        <cmp x="1229" y="1846" width="3" height="7" />
        <cmp x="1236" y="1865" width="52" height="48" />
      </word>
      <word id="c03-081c-06-05" tag="ATI" text="the">
        <cmp x="1358" y="1828" width="111" height="82" />
      </word>
      <word id="c03-081c-06-06" tag="JJT" text="longest">
        <cmp x="1543" y="1834" width="72" height="91" />
        <cmp x="1604" y="1858" width="35" height="56" />
        <cmp x="1638" y="1860" width="45" height="46" />
        <cmp x="1675" y="1841" width="147" height="131" />
      </word>
      <word id="c03-081c-06-07" tag="CC" text="and">
        <cmp x="1884" y="1856" width="103" height="51" />
        <cmp x="1984" y="1841" width="61" height="68" />
      </word>
      <word id="c03-081c-06-08" tag="QL" text="most">
        <cmp x="2114" y="1863" width="70" height="47" />
        <cmp x="2180" y="1853" width="81" height="60" />
      </word>
      <upper-contour>
        <point x="270" y="1774" />
        <point x="2262" y="1774" />
      </upper-contour>
      <lower-contour>
        <point x="270" y="1974" />
        <point x="2262" y="1974" />
      </lower-contour>
    </line>
    <line ass="-55" asx="0" asy="2005" character-width="999" dss="-55" dsx="0" dsy="2163" fd0="13592" fd1="2181" fd2="-1681" filter-width="3" id="c03-081c-07" lbs="8" lbx="0" lby="2087" segmentation="err" slant="68999" stroke-width="5253" threshold="187" text="exacting role, that of the sergeant, gives a performance" ubs="-182" ubx="0" uby="2040">
      <word id="c03-081c-07-00" tag="JJ" text="exacting">
        <cmp x="253" y="2045" width="48" height="55" />
        <cmp x="314" y="2041" width="34" height="44" />
        <cmp x="351" y="2035" width="39" height="51" />
        <cmp x="393" y="2024" width="80" height="65" />
        <cmp x="475" y="2040" width="43" height="44" />
        <cmp x="516" y="2040" width="45" height="107" />
      </word>
      <word id="c03-081c-07-01" tag="NN" text="role">
        <cmp x="652" y="2022" width="126" height="66" />
      </word>
      <word id="c03-081c-07-02" tag="," text=",">
        <cmp x="792" y="2065" width="19" height="46" />
      </word>
      <word id="c03-081c-07-03" tag="DT" text="that">
        <cmp x="863" y="2006" width="71" height="73" />
        <cmp x="940" y="2031" width="46" height="52" />
        <cmp x="986" y="2023" width="26" height="60" />
      </word>
      <word id="c03-081c-07-04" tag="INO" text="of">
        <cmp x="1065" y="2015" width="85" height="117" />
      </word>
      <word id="c03-081c-07-05" tag="ATI" text="the">
        <cmp x="1207" y="2012" width="97" height="74" />
      </word>
      <word id="c03-081c-07-06" tag="NN" text="sergeant">
        <cmp x="1376" y="2043" width="117" height="45" />
        <cmp x="1473" y="2044" width="93" height="123" />
        <cmp x="1569" y="2048" width="55" height="45" />
        <cmp x="1625" y="2027" width="63" height="67" />
      </word>
      <word id="c03-081c-07-07" tag="," text=",">
        <cmp x="1721" y="2064" width="18" height="49" />
      </word>
      <word id="c03-081c-07-08" tag="VBZ" text="gives">
        <cmp x="1773" y="2031" width="67" height="113" />
        <cmp x="1851" y="2037" width="99" height="45" />
      </word>
      <word id="c03-081c-07-09" tag="AT" text="a">
        <cmp x="2010" y="2039" width="56" height="52" />
      </word>
      <word id="c03-081c-07-10" tag="NN" text="performance">
        <cmp x="2105" y="2043" width="57" height="90" />
        <cmp x="2164" y="2017" width="91" height="99" />
        <cmp x="2245" y="2040" width="35" height="49" />
        <cmp x="2278" y="2038" width="36" height="42" />
        <cmp x="2304" y="2041" width="61" height="48" />
        <cmp x="2365" y="2044" width="36" height="42" />
        <cmp x="2401" y="2044" width="77" height="50" />
      </word>
      <upper-contour>
        <point x="270" y="1974" />
        <point x="2262" y="1974" />
      </upper-contour>
      <lower-contour>
        <point x="276" y="2168" />
        <point x="2067" y="2168" />
      </lower-contour>
    </line>
    <line ass="97" asx="0" asy="2195" character-width="999" dss="97" dsx="0" dsy="2331" fd0="13672" fd1="2331" fd2="-1850" filter-width="3" id="c03-081c-08" lbs="168" lbx="0" lby="2271" segmentation="ok" slant="70000" stroke-width="5266" threshold="184" text="of rare intelligence and restrained power." ubs="-45" ubx="0" uby="2220">
      <word id="c03-081c-08-00" tag="INO" text="of">
        <cmp x="278" y="2194" width="71" height="112" />
      </word>
      <word id="c03-081c-08-01" tag="JJ" text="rare">
        <cmp x="426" y="2217" width="37" height="49" />
        <cmp x="462" y="2218" width="114" height="50" />
      </word>
      <word id="c03-081c-08-02" tag="NN" text="intelligence">
        <cmp x="654" y="2220" width="40" height="51" />
        <cmp x="687" y="2202" width="4" height="5" />
        <cmp x="697" y="2219" width="48" height="48" />
        <cmp x="753" y="2194" width="134" height="78" />
        <cmp x="877" y="2215" width="135" height="117" />
        <cmp x="886" y="2199" width="5" height="9" />
        <cmp x="1013" y="2222" width="74" height="51" />
      </word>
      <word id="c03-081c-08-03" tag="CC" text="and">
        <cmp x="1183" y="2217" width="89" height="61" />
        <cmp x="1272" y="2214" width="53" height="64" />
      </word>
      <word id="c03-081c-08-04" tag="JJ" text="restrained">
        <cmp x="1409" y="2206" width="115" height="64" />
        <cmp x="1519" y="2221" width="32" height="44" />
        <cmp x="1546" y="2220" width="62" height="47" />
        <cmp x="1605" y="2204" width="4" height="7" />
        <cmp x="1610" y="2226" width="79" height="48" />
        <cmp x="1693" y="2203" width="67" height="73" />
      </word>
      <word id="c03-081c-08-05" tag="NN" text="power">
        <cmp x="1831" y="2217" width="58" height="91" />
        <cmp x="1890" y="2215" width="154" height="54" />
      </word>
      <word id="c03-081c-08-06" tag="." text=".">
        <cmp x="2062" y="2255" width="5" height="6" />
      </word>
      <upper-contour>
        <point x="276" y="2168" />
        <point x="2067" y="2168" />
      </upper-contour>
    </line>
  </handwritten-part>
</form>

