<?xml version="1.0" encoding="ISO-8859-1"?>

<!DOCTYPE form SYSTEM 'http://www.iam.unibe.ch/~fki/iamdb/form-metadata.dtd'>

<form created="2002-01-16" height="3542" id="c03-081d" last-modified="2002-07-17" skew="191" status="final" version="3.0_beta" width="2479" writer-id="153">
  <machine-printed-part>
    <machine-print-line text="Arguably, the dramatist has committed a technical error in allowing Irene to speak" />
    <machine-print-line text="for herself; we would be altogether clearer in our minds about her if she remained" />
    <machine-print-line text="a flawed but beautiful enigma, seen but not heard. However, Miss Pinkie Johnstone" />
    <machine-print-line text="makes her few brief scenes effective, and Mr. Dinsdale Landen, in the longest and" />
    <machine-print-line text="most exacting role, that of the sergeant, gives a performance of rare intelligence and" />
    <machine-print-line text="restrained power." />
  </machine-printed-part>
  <handwritten-part>
    <line ass="60" asx="0" asy="765" character-width="999" dss="60" dsx="0" dsy="883" fd0="13821" fd1="2046" fd2="-1773" filter-width="4" id="c03-081d-00" lbs="121" lbx="0" lby="834" segmentation="ok" slant="63000" stroke-width="6646" threshold="151" text="Arguably, the dramatist has committed a" ubs="-60" ubx="0" uby="789">
      <word id="c03-081d-00-00" sentence-start="yes" tag="RB" text="Arguably">
        <cmp x="365" y="767" width="337" height="116" />
        <cmp x="675" y="785" width="49" height="81" />
      </word>
      <word id="c03-081d-00-01" tag="," text=",">
        <cmp x="734" y="823" width="21" height="31" />
      </word>
      <word id="c03-081d-00-02" tag="ATI" text="the">
        <cmp x="806" y="765" width="122" height="65" />
      </word>
      <word id="c03-081d-00-03" tag="NN" text="dramatist">
        <cmp x="972" y="774" width="340" height="69" />
        <cmp x="1237" y="781" width="7" height="9" />
      </word>
      <word id="c03-081d-00-04" tag="HVZ" text="has">
        <cmp x="1344" y="778" width="142" height="62" />
      </word>
      <word id="c03-081d-00-05" tag="VBN" text="committed">
        <cmp x="1525" y="773" width="370" height="63" />
        <cmp x="1756" y="774" width="6" height="8" />
      </word>
      <word id="c03-081d-00-06" tag="AT" text="a">
        <cmp x="1925" y="796" width="47" height="35" />
      </word>
      <lower-contour>
        <point x="363" y="882" />
        <point x="1973" y="882" />
      </lower-contour>
    </line>
    <line ass="-196" asx="0" asy="945" character-width="999" dss="-196" dsx="0" dsy="1053" fd0="13616" fd1="2367" fd2="-1196" filter-width="4" id="c03-081d-01" lbs="-105" lbx="0" lby="1009" segmentation="ok" slant="63000" stroke-width="6887" threshold="152" text="technical error in allowing Irene to speak" ubs="-377" ubx="0" uby="968">
      <word id="c03-081d-01-00" tag="JJ" text="technical">
        <cmp x="350" y="951" width="121" height="68" />
        <cmp x="468" y="953" width="250" height="62" />
        <cmp x="577" y="957" width="7" height="7" />
      </word>
      <word id="c03-081d-01-01" tag="NN" text="error">
        <cmp x="788" y="966" width="196" height="51" />
      </word>
      <word id="c03-081d-01-02" tag="IN" text="in">
        <cmp x="1017" y="972" width="96" height="42" />
        <cmp x="1078" y="951" width="11" height="6" />
      </word>
      <word id="c03-081d-01-03" tag="VBG" text="allowing">
        <cmp x="1171" y="957" width="232" height="63" />
        <cmp x="1397" y="976" width="92" height="83" />
        <cmp x="1403" y="951" width="7" height="7" />
      </word>
      <word id="c03-081d-01-04" tag="NP" text="Irene">
        <cmp x="1553" y="957" width="189" height="61" />
      </word>
      <word id="c03-081d-01-05" tag="TO" text="to">
        <cmp x="1800" y="963" width="112" height="57" />
      </word>
      <word id="c03-081d-01-06" tag="VB" text="speak">
        <cmp x="1973" y="976" width="40" height="39" />
        <cmp x="1991" y="957" width="196" height="88" />
      </word>
      <upper-contour>
        <point x="363" y="882" />
        <point x="1973" y="882" />
      </upper-contour>
      <lower-contour>
        <point x="358" y="1059" />
        <point x="2188" y="1059" />
      </lower-contour>
    </line>
    <line ass="132" asx="0" asy="1124" character-width="999" dss="132" dsx="0" dsy="1233" fd0="13572" fd1="2175" fd2="-1213" filter-width="4" id="c03-081d-02" lbs="106" lbx="0" lby="1197" segmentation="ok" slant="59000" stroke-width="7038" threshold="152" text="for herself; we would be altogether clearer" ubs="185" ubx="0" uby="1163">
      <word id="c03-081d-02-00" tag="IN" text="for">
        <cmp x="360" y="1124" width="132" height="109" />
      </word>
      <word id="c03-081d-02-01" tag="PPL" text="herself">
        <cmp x="537" y="1124" width="274" height="94" />
      </word>
      <word id="c03-081d-02-02" tag=";" text=";">
        <cmp x="800" y="1187" width="28" height="33" />
        <cmp x="829" y="1165" width="7" height="9" />
      </word>
      <word id="c03-081d-02-03" tag="PP1AS" text="we">
        <cmp x="879" y="1153" width="117" height="44" />
      </word>
      <word id="c03-081d-02-04" tag="MD" text="would">
        <cmp x="1047" y="1142" width="262" height="58" />
      </word>
      <word id="c03-081d-02-05" tag="BE" text="be">
        <cmp x="1353" y="1147" width="87" height="50" />
      </word>
      <word id="c03-081d-02-06" tag="RB" text="altogether">
        <cmp x="1512" y="1136" width="205" height="93" />
        <cmp x="1716" y="1132" width="170" height="59" />
      </word>
      <word id="c03-081d-02-07" tag="JJR" text="clearer">
        <cmp x="1940" y="1137" width="206" height="61" />
        <cmp x="2149" y="1161" width="40" height="32" />
      </word>
      <upper-contour>
        <point x="358" y="1059" />
        <point x="2188" y="1059" />
      </upper-contour>
      <lower-contour>
        <point x="358" y="1232" />
        <point x="2190" y="1232" />
      </lower-contour>
    </line>
    <line ass="114" asx="0" asy="1317" character-width="999" dss="114" dsx="0" dsy="1402" fd0="13813" fd1="2498" fd2="-774" filter-width="4" id="c03-081d-03" lbs="137" lbx="0" lby="1375" segmentation="ok" slant="59999" stroke-width="7061" threshold="151" text="in our minds about her if she remained" ubs="68" ubx="0" uby="1337">
      <word id="c03-081d-03-00" tag="IN" text="in">
        <cmp x="358" y="1335" width="75" height="42" />
        <cmp x="392" y="1320" width="9" height="8" />
      </word>
      <word id="c03-081d-03-01" tag="PP$" text="our">
        <cmp x="511" y="1331" width="136" height="48" />
      </word>
      <word id="c03-081d-03-02" tag="NNS" text="minds">
        <cmp x="711" y="1315" width="261" height="62" />
        <cmp x="826" y="1318" width="7" height="7" />
      </word>
      <word id="c03-081d-03-03" tag="IN" text="about">
        <cmp x="1056" y="1314" width="241" height="67" />
      </word>
      <word id="c03-081d-03-04" tag="PP3O" text="her">
        <cmp x="1346" y="1318" width="142" height="55" />
      </word>
      <word id="c03-081d-03-05" tag="CS" text="if">
        <cmp x="1537" y="1317" width="94" height="82" />
        <cmp x="1589" y="1322" width="10" height="7" />
      </word>
      <word id="c03-081d-03-06" tag="PP3A" text="she">
        <cmp x="1659" y="1320" width="132" height="57" />
      </word>
      <word id="c03-081d-03-07" tag="VBD" text="remained">
        <cmp x="1861" y="1317" width="380" height="57" />
        <cmp x="2089" y="1314" width="6" height="7" />
      </word>
      <upper-contour>
        <point x="358" y="1232" />
        <point x="2190" y="1232" />
      </upper-contour>
      <lower-contour>
        <point x="356" y="1400" />
        <point x="2154" y="1400" />
      </lower-contour>
    </line>
    <line ass="-258" asx="0" asy="1481" character-width="999" dss="-258" dsx="0" dsy="1590" fd0="13545" fd1="2219" fd2="-1187" filter-width="4" id="c03-081d-04" lbs="-273" lbx="0" lby="1545" segmentation="ok" slant="59000" stroke-width="7048" threshold="148" text="a flawed but beautiful enigma, seen but" ubs="-227" ubx="0" uby="1507">
      <word id="c03-081d-04-00" tag="AT" text="a">
        <cmp x="347" y="1508" width="50" height="47" />
      </word>
      <word id="c03-081d-04-01" tag="JJ" text="flawed">
        <cmp x="447" y="1486" width="294" height="103" />
      </word>
      <word id="c03-081d-04-02" tag="CC" text="but">
        <cmp x="781" y="1486" width="177" height="63" />
      </word>
      <word id="c03-081d-04-03" tag="JJ" text="beautiful">
        <cmp x="997" y="1492" width="367" height="90" />
        <cmp x="1235" y="1505" width="6" height="7" />
      </word>
      <word id="c03-081d-04-04" tag="NN" text="enigma">
        <cmp x="1437" y="1510" width="106" height="43" />
        <cmp x="1520" y="1514" width="177" height="85" />
        <cmp x="1542" y="1497" width="6" height="8" />
      </word>
      <word id="c03-081d-04-05" tag="," text=",">
        <cmp x="1695" y="1552" width="21" height="23" />
      </word>
      <word id="c03-081d-04-06" tag="VBN" text="seen">
        <cmp x="1766" y="1510" width="178" height="44" />
      </word>
      <word id="c03-081d-04-07" tag="CC" text="but">
        <cmp x="2021" y="1499" width="132" height="58" />
      </word>
      <upper-contour>
        <point x="356" y="1400" />
        <point x="2154" y="1400" />
      </upper-contour>
      <lower-contour>
        <point x="345" y="1599" />
        <point x="2039" y="1599" />
      </lower-contour>
    </line>
    <line ass="111" asx="0" asy="1670" character-width="999" dss="111" dsx="0" dsy="1784" fd0="13760" fd1="2427" fd2="-1296" filter-width="4" id="c03-081d-05" lbs="74" lbx="0" lby="1730" segmentation="ok" slant="61000" stroke-width="6882" threshold="150" text="not heard. However, Miss Pinkie Johnstone" ubs="186" ubx="0" uby="1697">
      <word id="c03-081d-05-00" tag="XNOT" text="not">
        <cmp x="339" y="1675" width="152" height="63" />
      </word>
      <word id="c03-081d-05-01" tag="VBN" text="heard">
        <cmp x="525" y="1677" width="95" height="65" />
        <cmp x="616" y="1669" width="135" height="62" />
      </word>
      <word id="c03-081d-05-02" tag="." text=".">
        <cmp x="742" y="1724" width="7" height="8" />
      </word>
      <word id="c03-081d-05-03" sentence-start="yes" tag="RB" text="However">
        <cmp x="811" y="1675" width="322" height="62" />
      </word>
      <word id="c03-081d-05-04" tag="," text=",">
        <cmp x="1116" y="1729" width="25" height="25" />
      </word>
      <word id="c03-081d-05-05" tag="NPT" text="Miss">
        <cmp x="1195" y="1669" width="169" height="64" />
        <cmp x="1291" y="1674" width="8" height="10" />
      </word>
      <word id="c03-081d-05-06" tag="NP" text="Pinkie">
        <cmp x="1420" y="1671" width="57" height="72" />
        <cmp x="1446" y="1678" width="156" height="59" />
        <cmp x="1494" y="1673" width="11" height="9" />
        <cmp x="1594" y="1694" width="37" height="38" />
        <cmp x="1601" y="1679" width="7" height="8" />
      </word>
      <word id="c03-081d-05-07" tag="NP" text="Johnstone">
        <cmp x="1666" y="1682" width="76" height="100" />
        <cmp x="1730" y="1671" width="308" height="66" />
      </word>
      <upper-contour>
        <point x="345" y="1599" />
        <point x="2039" y="1599" />
      </upper-contour>
      <lower-contour>
        <point x="344" y="1783" />
        <point x="2039" y="1783" />
      </lower-contour>
    </line>
    <line ass="107" asx="0" asy="1845" character-width="999" dss="107" dsx="0" dsy="1944" fd0="13481" fd1="2133" fd2="-1092" filter-width="4" id="c03-081d-06" lbs="302" lbx="0" lby="1916" segmentation="ok" slant="57000" stroke-width="7089" threshold="152" text="makes her few brief scenes effective, and Mr." ubs="-282" ubx="0" uby="1866">
      <word id="c03-081d-06-00" tag="VBZ" text="makes">
        <cmp x="346" y="1847" width="249" height="68" />
      </word>
      <word id="c03-081d-06-01" tag="PP$" text="her">
        <cmp x="645" y="1854" width="131" height="59" />
      </word>
      <word id="c03-081d-06-02" tag="AP" text="few">
        <cmp x="824" y="1855" width="147" height="89" />
      </word>
      <word id="c03-081d-06-03" tag="JJ" text="brief">
        <cmp x="1026" y="1852" width="166" height="58" />
        <cmp x="1171" y="1846" width="64" height="88" />
        <cmp x="1178" y="1844" width="8" height="5" />
      </word>
      <word id="c03-081d-06-04" tag="NNS" text="scenes">
        <cmp x="1270" y="1870" width="258" height="46" />
      </word>
      <word id="c03-081d-06-05" tag="JJ" text="effective">
        <cmp x="1580" y="1854" width="292" height="84" />
        <cmp x="1798" y="1856" width="7" height="10" />
      </word>
      <word id="c03-081d-06-06" tag="," text=",">
        <cmp x="1891" y="1911" width="23" height="28" />
      </word>
      <word id="c03-081d-06-07" tag="CC" text="and">
        <cmp x="1954" y="1863" width="102" height="42" />
      </word>
      <word id="c03-081d-06-08" tag="NPT" text="Mr.">
        <cmp x="2077" y="1854" width="114" height="57" />
        <cmp x="2185" y="1899" width="7" height="7" />
      </word>
      <upper-contour>
        <point x="344" y="1783" />
        <point x="2039" y="1783" />
      </upper-contour>
      <lower-contour>
        <point x="346" y="1943" />
        <point x="2162" y="1943" />
      </lower-contour>
    </line>
    <line ass="128" asx="0" asy="2026" character-width="999" dss="128" dsx="0" dsy="2147" fd0="13589" fd1="2110" fd2="-1310" filter-width="4" id="c03-081d-07" lbs="218" lbx="0" lby="2096" segmentation="ok" slant="59999" stroke-width="6837" threshold="155" text="Dinsdale Landen, in the longest and most" ubs="-51" ubx="0" uby="2055">
      <word id="c03-081d-07-00" tag="NP" text="Dinsdale">
        <cmp x="348" y="2030" width="53" height="73" />
        <cmp x="390" y="2037" width="305" height="59" />
        <cmp x="431" y="2036" width="8" height="7" />
      </word>
      <word id="c03-081d-07-01" tag="NP" text="Landen">
        <cmp x="765" y="2025" width="146" height="65" />
        <cmp x="905" y="2034" width="119" height="58" />
      </word>
      <word id="c03-081d-07-02" tag="," text=",">
        <cmp x="1038" y="2096" width="21" height="23" />
      </word>
      <word id="c03-081d-07-03" tag="IN" text="in">
        <cmp x="1103" y="2052" width="87" height="37" />
        <cmp x="1149" y="2035" width="8" height="9" />
      </word>
      <word id="c03-081d-07-04" tag="ATI" text="the">
        <cmp x="1235" y="2035" width="120" height="63" />
      </word>
      <word id="c03-081d-07-05" tag="JJT" text="longest">
        <cmp x="1395" y="2031" width="294" height="114" />
        <cmp x="1416" y="2053" width="8" height="8" />
      </word>
      <word id="c03-081d-07-06" tag="CC" text="and">
        <cmp x="1742" y="2032" width="168" height="63" />
      </word>
      <word id="c03-081d-07-07" tag="QL" text="most">
        <cmp x="1946" y="2042" width="215" height="55" />
      </word>
      <upper-contour>
        <point x="346" y="1943" />
        <point x="2162" y="1943" />
      </upper-contour>
      <lower-contour>
        <point x="353" y="2145" />
        <point x="2086" y="2145" />
      </lower-contour>
    </line>
    <line ass="-77" asx="0" asy="2209" character-width="999" dss="-77" dsx="0" dsy="2317" fd0="13760" fd1="2075" fd2="-1317" filter-width="4" id="c03-081d-08" lbs="-18" lbx="0" lby="2274" segmentation="ok" slant="62000" stroke-width="6738" threshold="152" text="exacting role, that of the sergeant, gives" ubs="-197" ubx="0" uby="2231">
      <word id="c03-081d-08-00" tag="JJ" text="exacting">
        <cmp x="355" y="2213" width="342" height="105" />
        <cmp x="595" y="2220" width="7" height="8" />
      </word>
      <word id="c03-081d-08-01" tag="NN" text="role">
        <cmp x="758" y="2212" width="152" height="67" />
      </word>
      <word id="c03-081d-08-02" tag="," text=",">
        <cmp x="917" y="2271" width="22" height="21" />
      </word>
      <word id="c03-081d-08-03" tag="DT" text="that">
        <cmp x="977" y="2211" width="186" height="65" />
      </word>
      <word id="c03-081d-08-04" tag="INO" text="of">
        <cmp x="1205" y="2214" width="79" height="78" />
      </word>
      <word id="c03-081d-08-05" tag="ATI" text="the">
        <cmp x="1306" y="2218" width="115" height="63" />
      </word>
      <word id="c03-081d-08-06" tag="NN" text="sergeant">
        <cmp x="1476" y="2222" width="338" height="88" />
      </word>
      <word id="c03-081d-08-07" tag="," text=",">
        <cmp x="1817" y="2266" width="28" height="30" />
      </word>
      <word id="c03-081d-08-08" tag="VBZ" text="gives">
        <cmp x="1873" y="2232" width="212" height="87" />
        <cmp x="1968" y="2215" width="7" height="8" />
      </word>
      <upper-contour>
        <point x="353" y="2145" />
        <point x="2086" y="2145" />
      </upper-contour>
      <lower-contour>
        <point x="366" y="2321" />
        <point x="2065" y="2321" />
      </lower-contour>
    </line>
    <line ass="281" asx="0" asy="2396" character-width="999" dss="281" dsx="0" dsy="2510" fd0="13638" fd1="2177" fd2="-1296" filter-width="4" id="c03-081d-09" lbs="300" lbx="0" lby="2458" segmentation="ok" slant="59000" stroke-width="7018" threshold="153" text="a performance of rare intelligence and" ubs="243" ubx="0" uby="2421">
      <word id="c03-081d-09-00" tag="AT" text="a">
        <cmp x="368" y="2417" width="55" height="41" />
      </word>
      <word id="c03-081d-09-01" tag="NN" text="performance">
        <cmp x="459" y="2392" width="462" height="107" />
      </word>
      <word id="c03-081d-09-02" tag="INO" text="of">
        <cmp x="1000" y="2395" width="81" height="80" />
      </word>
      <word id="c03-081d-09-03" tag="JJ" text="rare">
        <cmp x="1105" y="2409" width="168" height="46" />
      </word>
      <word id="c03-081d-09-04" tag="NN" text="intelligence">
        <cmp x="1332" y="2392" width="355" height="111" />
        <cmp x="1394" y="2392" width="9" height="7" />
        <cmp x="1596" y="2402" width="7" height="9" />
        <cmp x="1687" y="2417" width="122" height="37" />
      </word>
      <word id="c03-081d-09-05" tag="CC" text="and">
        <cmp x="1882" y="2391" width="182" height="63" />
      </word>
      <upper-contour>
        <point x="366" y="2321" />
        <point x="2065" y="2321" />
      </upper-contour>
      <lower-contour>
        <point x="367" y="2498" />
        <point x="1062" y="2498" />
      </lower-contour>
    </line>
    <line ass="-109" asx="0" asy="2562" character-width="999" dss="-109" dsx="0" dsy="2672" fd0="13385" fd1="2096" fd2="-1210" filter-width="4" id="c03-081d-10" lbs="18" lbx="0" lby="2627" segmentation="ok" slant="59999" stroke-width="7050" threshold="155" text="restrained power." ubs="-365" ubx="0" uby="2585">
      <word id="c03-081d-10-00" tag="JJ" text="restrained">
        <cmp x="369" y="2564" width="378" height="69" />
        <cmp x="622" y="2567" width="8" height="8" />
        <cmp x="744" y="2571" width="29" height="51" />
      </word>
      <word id="c03-081d-10-01" tag="NN" text="power">
        <cmp x="802" y="2591" width="80" height="85" />
        <cmp x="887" y="2590" width="172" height="39" />
      </word>
      <word id="c03-081d-10-02" tag="." text=".">
        <cmp x="1054" y="2624" width="7" height="7" />
      </word>
      <upper-contour>
        <point x="367" y="2498" />
        <point x="1062" y="2498" />
      </upper-contour>
    </line>
  </handwritten-part>
</form>

