<?xml version="1.0" encoding="ISO-8859-1"?>

<!DOCTYPE form SYSTEM 'http://www.iam.unibe.ch/~fki/iamdb/form-metadata.dtd'>

<form created="2002-01-16" height="3542" id="c03-000f" last-modified="2002-07-17" skew="284" status="final" version="3.0_beta" width="2479" writer-id="155">
  <machine-printed-part>
    <machine-print-line text="The film version of Miss Shelagh Delaney&apos;s play A Taste of Honey opens at the" />
    <machine-print-line text="Leicester Square Theatre tomorrow. It has been produced and directed by Mr. Tony" />
    <machine-print-line text="Richardson, who is also part-author with Miss Delaney of the script, and the great" />
    <machine-print-line text="advantages to be derived from this unity of conception and control are everywhere" />
    <machine-print-line text="apparent." />
  </machine-printed-part>
  <handwritten-part>
    <line ass="-76" asx="0" asy="871" character-width="999" dss="-76" dsx="0" dsy="990" fd0="12518" fd1="2739" fd2="-1528" filter-width="3" id="c03-000f-00" lbs="-115" lbx="0" lby="947" segmentation="ok" slant="108999" stroke-width="5176" threshold="175" text="The film version of Miss Shelagh Delaney&apos;s" ubs="1" ubx="0" uby="926">
      <word id="c03-000f-00-00" sentence-start="yes" tag="ATI" text="The">
        <cmp x="312" y="892" width="161" height="66" />
        <cmp x="359" y="907" width="14" height="52" />
      </word>
      <word id="c03-000f-00-01" tag="NN" text="film">
        <cmp x="522" y="873" width="45" height="108" />
        <cmp x="561" y="923" width="4" height="3" />
        <cmp x="562" y="928" width="13" height="29" />
        <cmp x="571" y="890" width="19" height="66" />
        <cmp x="588" y="928" width="73" height="29" />
      </word>
      <word id="c03-000f-00-02" tag="NN" text="version">
        <cmp x="701" y="913" width="189" height="44" />
        <cmp x="880" y="888" width="8" height="11" />
        <cmp x="883" y="917" width="120" height="38" />
      </word>
      <word id="c03-000f-00-03" tag="INO" text="of">
        <cmp x="1046" y="919" width="64" height="36" />
        <cmp x="1092" y="877" width="45" height="96" />
      </word>
      <word id="c03-000f-00-04" tag="NPT" text="Miss">
        <cmp x="1189" y="889" width="74" height="63" />
        <cmp x="1252" y="892" width="6" height="14" />
        <cmp x="1259" y="915" width="111" height="38" />
        <cmp x="1304" y="921" width="3" height="6" />
      </word>
      <word id="c03-000f-00-05" tag="NP" text="Shelagh">
        <cmp x="1401" y="891" width="179" height="61" />
        <cmp x="1556" y="890" width="149" height="101" />
        <cmp x="1676" y="889" width="64" height="60" />
      </word>
      <word id="c03-000f-00-06" tag="NP$" text="Delaney&apos;s">
        <cmp x="1762" y="876" width="144" height="74" />
        <cmp x="1766" y="897" width="4" height="3" />
        <cmp x="1860" y="933" width="15" height="5" />
        <cmp x="1873" y="916" width="31" height="22" />
        <cmp x="1894" y="880" width="245" height="113" />
        <cmp x="2028" y="912" width="40" height="24" />
        <cmp x="2108" y="879" width="9" height="19" />
        <cmp x="2137" y="910" width="50" height="38" />
      </word>
      <lower-contour>
        <point x="325" y="993" />
        <point x="1964" y="993" />
      </lower-contour>
    </line>
    <line ass="378" asx="0" asy="1066" character-width="999" dss="378" dsx="0" dsy="1177" fd0="12521" fd1="2789" fd2="-1262" filter-width="3" id="c03-000f-01" lbs="317" lbx="0" lby="1139" segmentation="ok" slant="110000" stroke-width="5190" threshold="173" text="play A Taste of Honey opens at the" ubs="499" ubx="0" uby="1117">
      <word id="c03-000f-01-00" tag="NN" text="play">
        <cmp x="327" y="1091" width="75" height="70" />
        <cmp x="390" y="1073" width="78" height="69" />
        <cmp x="463" y="1108" width="48" height="33" />
        <cmp x="498" y="1108" width="37" height="66" />
      </word>
      <word id="c03-000f-01-01" tag="AT" text="A">
        <cmp x="556" y="1071" width="75" height="68" />
        <cmp x="589" y="1115" width="28" height="5" />
      </word>
      <word id="c03-000f-01-02" tag="NN" text="Taste">
        <cmp x="659" y="1069" width="102" height="12" />
        <cmp x="718" y="1080" width="4" height="5" />
        <cmp x="722" y="1071" width="198" height="69" />
      </word>
      <word id="c03-000f-01-03" tag="INO" text="of">
        <cmp x="964" y="1099" width="61" height="38" />
        <cmp x="1009" y="1060" width="46" height="97" />
      </word>
      <word id="c03-000f-01-04" tag="NN" text="Honey">
        <cmp x="1107" y="1074" width="50" height="60" />
        <cmp x="1144" y="1071" width="225" height="64" />
        <cmp x="1335" y="1100" width="52" height="70" />
      </word>
      <word id="c03-000f-01-05" tag="VBZ" text="opens">
        <cmp x="1408" y="1093" width="263" height="63" />
        <cmp x="1524" y="1114" width="8" height="3" />
      </word>
      <word id="c03-000f-01-06" tag="IN" text="at">
        <cmp x="1705" y="1093" width="57" height="38" />
        <cmp x="1745" y="1059" width="44" height="69" />
      </word>
      <word id="c03-000f-01-07" tag="ATI" text="the">
        <cmp x="1827" y="1062" width="136" height="67" />
        <cmp x="1848" y="1063" width="6" height="3" />
      </word>
      <upper-contour>
        <point x="325" y="993" />
        <point x="1964" y="993" />
      </upper-contour>
      <lower-contour>
        <point x="340" y="1173" />
        <point x="1964" y="1173" />
      </lower-contour>
    </line>
    <line ass="91" asx="0" asy="1246" character-width="999" dss="91" dsx="0" dsy="1347" fd0="12310" fd1="2662" fd2="-1767" filter-width="3" id="c03-000f-02" lbs="6" lbx="0" lby="1312" segmentation="ok" slant="111000" stroke-width="5191" threshold="173" text="Leicester Square Theatre tomorrow. It has" ubs="261" ubx="0" uby="1294">
      <word id="c03-000f-02-00" tag="NP" text="Leicester">
        <cmp x="342" y="1253" width="108" height="68" />
        <cmp x="437" y="1256" width="7" height="12" />
        <cmp x="442" y="1277" width="171" height="44" />
        <cmp x="601" y="1250" width="118" height="70" />
      </word>
      <word id="c03-000f-02-01" tag="NPL" text="Square">
        <cmp x="761" y="1245" width="232" height="101" />
        <cmp x="816" y="1262" width="3" height="3" />
        <cmp x="920" y="1285" width="4" height="3" />
        <cmp x="981" y="1283" width="34" height="36" />
        <cmp x="1007" y="1283" width="64" height="37" />
      </word>
      <word id="c03-000f-02-02" tag="NPL" text="Theatre">
        <cmp x="1088" y="1245" width="95" height="73" />
        <cmp x="1163" y="1254" width="176" height="64" />
        <cmp x="1323" y="1246" width="39" height="72" />
        <cmp x="1360" y="1280" width="88" height="39" />
        <cmp x="1402" y="1283" width="40" height="23" />
      </word>
      <word id="c03-000f-02-03" tag="NR" text="tomorrow">
        <cmp x="1492" y="1246" width="286" height="71" />
        <cmp x="1768" y="1274" width="145" height="42" />
      </word>
      <word id="c03-000f-02-04" tag="." text=".">
        <cmp x="1920" y="1309" width="6" height="5" />
      </word>
      <word id="c03-000f-02-05" sentence-start="yes" tag="PP3" text="It">
        <cmp x="1953" y="1250" width="24" height="64" />
        <cmp x="1970" y="1245" width="6" height="4" />
        <cmp x="1974" y="1250" width="38" height="64" />
      </word>
      <word id="c03-000f-02-06" tag="HVZ" text="has">
        <cmp x="2036" y="1249" width="5" height="4" />
        <cmp x="2037" y="1254" width="154" height="60" />
      </word>
      <upper-contour>
        <point x="340" y="1173" />
        <point x="1964" y="1173" />
      </upper-contour>
      <lower-contour>
        <point x="340" y="1345" />
        <point x="2161" y="1345" />
      </lower-contour>
    </line>
    <line ass="-54" asx="0" asy="1417" character-width="999" dss="-54" dsx="0" dsy="1536" fd0="12517" fd1="2683" fd2="-1256" filter-width="3" id="c03-000f-03" lbs="-45" lbx="0" lby="1492" segmentation="ok" slant="114999" stroke-width="5263" threshold="169" text="been produced and directed by Mr. Tony" ubs="-72" ubx="0" uby="1469">
      <word id="c03-000f-03-00" tag="BEN" text="been">
        <cmp x="339" y="1434" width="217" height="67" />
      </word>
      <word id="c03-000f-03-01" tag="VBN" text="produced">
        <cmp x="594" y="1433" width="221" height="89" />
        <cmp x="811" y="1462" width="53" height="37" />
        <cmp x="851" y="1456" width="168" height="44" />
        <cmp x="990" y="1433" width="34" height="65" />
      </word>
      <word id="c03-000f-03-02" tag="CC" text="and">
        <cmp x="1071" y="1457" width="61" height="42" />
        <cmp x="1119" y="1431" width="105" height="68" />
      </word>
      <word id="c03-000f-03-03" tag="VBN" text="directed">
        <cmp x="1270" y="1442" width="69" height="56" />
        <cmp x="1301" y="1436" width="7" height="5" />
        <cmp x="1322" y="1430" width="5" height="11" />
        <cmp x="1328" y="1459" width="22" height="38" />
        <cmp x="1340" y="1459" width="40" height="38" />
        <cmp x="1370" y="1457" width="111" height="41" />
        <cmp x="1475" y="1427" width="152" height="70" />
      </word>
      <word id="c03-000f-03-04" tag="IN" text="by">
        <cmp x="1666" y="1431" width="105" height="66" />
        <cmp x="1758" y="1463" width="33" height="62" />
      </word>
      <word id="c03-000f-03-05" tag="NPT" text="Mr.">
        <cmp x="1804" y="1424" width="102" height="72" />
        <cmp x="1903" y="1490" width="5" height="5" />
      </word>
      <word id="c03-000f-03-06" tag="NP" text="Tony">
        <cmp x="1909" y="1419" width="108" height="11" />
        <cmp x="1971" y="1428" width="135" height="68" />
        <cmp x="2101" y="1466" width="59" height="73" />
        <cmp x="2112" y="1490" width="19" height="5" />
      </word>
      <upper-contour>
        <point x="340" y="1345" />
        <point x="2161" y="1345" />
      </upper-contour>
      <lower-contour>
        <point x="337" y="1543" />
        <point x="2151" y="1543" />
      </lower-contour>
    </line>
    <line ass="0" asx="0" asy="1595" character-width="999" dss="0" dsx="0" dsy="1699" fd0="12817" fd1="2783" fd2="-1401" filter-width="3" id="c03-000f-04" lbs="-122" lbx="0" lby="1667" segmentation="ok" slant="112000" stroke-width="5205" threshold="169" text="Richardson, who is also part-author with" ubs="244" ubx="0" uby="1649">
      <word id="c03-000f-04-00" tag="NP" text="Richardson">
        <cmp x="318" y="1601" width="96" height="76" />
        <cmp x="406" y="1609" width="9" height="11" />
        <cmp x="416" y="1635" width="74" height="42" />
        <cmp x="467" y="1608" width="125" height="69" />
        <cmp x="586" y="1608" width="245" height="69" />
      </word>
      <word id="c03-000f-04-01" tag="," text=",">
        <cmp x="843" y="1667" width="12" height="20" />
      </word>
      <word id="c03-000f-04-02" tag="WP" text="who">
        <cmp x="886" y="1609" width="181" height="67" />
      </word>
      <word id="c03-000f-04-03" tag="BEZ" text="is">
        <cmp x="1099" y="1607" width="17" height="24" />
        <cmp x="1110" y="1642" width="15" height="34" />
        <cmp x="1128" y="1637" width="63" height="39" />
        <cmp x="1169" y="1638" width="4" height="8" />
      </word>
      <word id="c03-000f-04-04" tag="RB" text="also">
        <cmp x="1218" y="1637" width="63" height="39" />
        <cmp x="1257" y="1607" width="140" height="68" />
      </word>
      <word id="c03-000f-04-05" tag="NN" text="part-author">
        <cmp x="1429" y="1625" width="151" height="76" />
        <cmp x="1570" y="1601" width="7" height="4" />
        <cmp x="1571" y="1606" width="33" height="68" />
        <cmp x="1621" y="1654" width="23" height="6" />
        <cmp x="1662" y="1633" width="66" height="41" />
        <cmp x="1721" y="1636" width="58" height="38" />
        <cmp x="1767" y="1599" width="170" height="75" />
      </word>
      <word id="c03-000f-04-06" tag="IN" text="with">
        <cmp x="1979" y="1637" width="63" height="37" />
        <cmp x="2011" y="1634" width="49" height="39" />
        <cmp x="2040" y="1611" width="7" height="10" />
        <cmp x="2053" y="1596" width="97" height="77" />
      </word>
      <upper-contour>
        <point x="337" y="1543" />
        <point x="2151" y="1543" />
      </upper-contour>
      <lower-contour>
        <point x="356" y="1702" />
        <point x="2151" y="1702" />
      </lower-contour>
    </line>
    <line ass="-244" asx="0" asy="1766" character-width="999" dss="-244" dsx="0" dsy="1890" fd0="12490" fd1="2720" fd2="-1459" filter-width="3" id="c03-000f-05" lbs="-274" lbx="0" lby="1845" segmentation="ok" slant="110000" stroke-width="5227" threshold="173" text="Miss Delaney of the script, and the great" ubs="-183" ubx="0" uby="1822">
      <word id="c03-000f-05-00" tag="NPT" text="Miss">
        <cmp x="358" y="1780" width="68" height="72" />
        <cmp x="420" y="1786" width="8" height="13" />
        <cmp x="429" y="1811" width="114" height="42" />
      </word>
      <word id="c03-000f-05-01" tag="NP" text="Delaney">
        <cmp x="578" y="1771" width="143" height="82" />
        <cmp x="611" y="1785" width="19" height="61" />
        <cmp x="671" y="1835" width="4" height="3" />
        <cmp x="677" y="1834" width="4" height="4" />
        <cmp x="697" y="1849" width="30" height="4" />
        <cmp x="712" y="1784" width="25" height="68" />
        <cmp x="740" y="1813" width="178" height="40" />
        <cmp x="915" y="1820" width="53" height="71" />
      </word>
      <word id="c03-000f-05-02" tag="INO" text="of">
        <cmp x="998" y="1771" width="90" height="101" />
      </word>
      <word id="c03-000f-05-03" tag="ATI" text="the">
        <cmp x="1129" y="1780" width="37" height="72" />
        <cmp x="1152" y="1783" width="119" height="69" />
      </word>
      <word id="c03-000f-05-04" tag="NN" text="script">
        <cmp x="1313" y="1809" width="107" height="43" />
        <cmp x="1414" y="1810" width="54" height="42" />
        <cmp x="1442" y="1783" width="9" height="12" />
        <cmp x="1464" y="1781" width="86" height="96" />
      </word>
      <word id="c03-000f-05-05" tag="," text=",">
        <cmp x="1563" y="1846" width="13" height="27" />
      </word>
      <word id="c03-000f-05-06" tag="CC" text="and">
        <cmp x="1606" y="1813" width="60" height="39" />
        <cmp x="1655" y="1787" width="114" height="66" />
      </word>
      <word id="c03-000f-05-07" tag="ATI" text="the">
        <cmp x="1799" y="1779" width="135" height="73" />
        <cmp x="1821" y="1779" width="6" height="4" />
        <cmp x="1891" y="1834" width="3" height="6" />
        <cmp x="1895" y="1815" width="41" height="24" />
      </word>
      <word id="c03-000f-05-08" tag="JJ" text="great">
        <cmp x="1963" y="1778" width="202" height="122" />
      </word>
      <upper-contour>
        <point x="356" y="1702" />
        <point x="2151" y="1702" />
      </upper-contour>
      <lower-contour>
        <point x="356" y="1903" />
        <point x="2166" y="1903" />
      </lower-contour>
    </line>
    <line ass="612" asx="0" asy="1971" character-width="999" dss="612" dsx="0" dsy="2107" fd0="12706" fd1="2835" fd2="-1356" filter-width="3" id="c03-000f-06" lbs="692" lbx="0" lby="2044" segmentation="ok" slant="114999" stroke-width="5288" threshold="173" text="advantages to be derived from this unity" ubs="453" ubx="0" uby="2012">
      <word id="c03-000f-06-00" tag="NNS" text="advantages">
        <cmp x="348" y="1976" width="112" height="62" />
        <cmp x="458" y="1999" width="125" height="39" />
        <cmp x="573" y="1998" width="58" height="39" />
        <cmp x="618" y="1966" width="45" height="70" />
        <cmp x="664" y="1993" width="195" height="87" />
        <cmp x="836" y="2032" width="20" height="4" />
        <cmp x="848" y="2012" width="33" height="25" />
      </word>
      <word id="c03-000f-06-01" tag="TO" text="to">
        <cmp x="920" y="1968" width="93" height="68" />
      </word>
      <word id="c03-000f-06-02" tag="BE" text="be">
        <cmp x="1038" y="1971" width="117" height="65" />
      </word>
      <word id="c03-000f-06-03" tag="VBN" text="derived">
        <cmp x="1196" y="1965" width="140" height="70" />
        <cmp x="1332" y="1965" width="6" height="11" />
        <cmp x="1339" y="2000" width="14" height="34" />
        <cmp x="1354" y="1967" width="166" height="67" />
      </word>
      <word id="c03-000f-06-04" tag="IN" text="from">
        <cmp x="1567" y="1956" width="185" height="96" />
      </word>
      <word id="c03-000f-06-05" tag="DT" text="this">
        <cmp x="1785" y="1962" width="144" height="70" />
        <cmp x="1852" y="1969" width="8" height="13" />
        <cmp x="1912" y="1997" width="3" height="5" />
      </word>
      <word id="c03-000f-06-06" tag="NN" text="unity">
        <cmp x="1966" y="1990" width="89" height="42" />
        <cmp x="2042" y="1964" width="8" height="8" />
        <cmp x="2055" y="1992" width="14" height="38" />
        <cmp x="2065" y="1956" width="75" height="75" />
        <cmp x="2097" y="2002" width="74" height="84" />
      </word>
      <upper-contour>
        <point x="356" y="1903" />
        <point x="2166" y="1903" />
      </upper-contour>
      <lower-contour>
        <point x="346" y="2090" />
        <point x="2172" y="2090" />
      </lower-contour>
    </line>
    <line ass="198" asx="0" asy="2131" character-width="999" dss="198" dsx="0" dsy="2264" fd0="12669" fd1="2634" fd2="-1628" filter-width="3" id="c03-000f-07" lbs="190" lbx="0" lby="2213" segmentation="ok" slant="110000" stroke-width="5148" threshold="171" text="of conception and control are everywhere" ubs="214" ubx="0" uby="2186">
      <word id="c03-000f-07-00" tag="INO" text="of">
        <cmp x="348" y="2130" width="88" height="101" />
      </word>
      <word id="c03-000f-07-01" tag="NN" text="conception">
        <cmp x="480" y="2172" width="190" height="41" />
        <cmp x="659" y="2209" width="16" height="3" />
        <cmp x="671" y="2144" width="144" height="92" />
        <cmp x="808" y="2144" width="9" height="14" />
        <cmp x="815" y="2175" width="71" height="38" />
        <cmp x="816" y="2176" width="4" height="3" />
        <cmp x="880" y="2174" width="58" height="38" />
      </word>
      <word id="c03-000f-07-02" tag="CC" text="and">
        <cmp x="983" y="2177" width="44" height="36" />
        <cmp x="1020" y="2174" width="110" height="38" />
        <cmp x="1096" y="2208" width="45" height="5" />
        <cmp x="1116" y="2143" width="32" height="67" />
      </word>
      <word id="c03-000f-07-03" tag="NN" text="control">
        <cmp x="1190" y="2172" width="44" height="40" />
        <cmp x="1212" y="2137" width="232" height="76" />
        <cmp x="1427" y="2139" width="29" height="72" />
      </word>
      <word id="c03-000f-07-04" tag="BER" text="are">
        <cmp x="1498" y="2170" width="87" height="42" />
        <cmp x="1576" y="2171" width="62" height="41" />
      </word>
      <word id="c03-000f-07-05" tag="RB" text="everywhere">
        <cmp x="1680" y="2168" width="68" height="43" />
        <cmp x="1736" y="2168" width="111" height="44" />
        <cmp x="1801" y="2169" width="78" height="42" />
        <cmp x="1881" y="2171" width="63" height="88" />
        <cmp x="1933" y="2170" width="84" height="41" />
        <cmp x="2004" y="2134" width="138" height="77" />
        <cmp x="2132" y="2172" width="56" height="39" />
        <cmp x="2161" y="2208" width="31" height="3" />
      </word>
      <upper-contour>
        <point x="346" y="2090" />
        <point x="2172" y="2090" />
      </upper-contour>
      <lower-contour>
        <point x="346" y="2249" />
        <point x="740" y="2249" />
      </lower-contour>
    </line>
    <line ass="1075" asx="0" asy="2336" character-width="999" dss="1075" dsx="0" dsy="2421" fd0="12856" fd1="2679" fd2="-1941" filter-width="3" id="c03-000f-08" lbs="870" lbx="0" lby="2396" segmentation="ok" slant="111000" stroke-width="5222" threshold="166" text="apparent." ubs="1486" ubx="0" uby="2375">
      <word id="c03-000f-08-00" tag="JJ" text="apparent">
        <cmp x="348" y="2355" width="208" height="61" />
        <cmp x="364" y="2392" width="26" height="3" />
        <cmp x="521" y="2391" width="24" height="3" />
        <cmp x="550" y="2324" width="172" height="70" />
        <cmp x="593" y="2391" width="41" height="3" />
        <cmp x="635" y="2391" width="5" height="3" />
      </word>
      <word id="c03-000f-08-01" tag="." text=".">
        <cmp x="730" y="2382" width="10" height="8" />
      </word>
      <upper-contour>
        <point x="346" y="2249" />
        <point x="740" y="2249" />
      </upper-contour>
    </line>
  </handwritten-part>
</form>

