<?xml version="1.0" encoding="ISO-8859-1"?>

<!DOCTYPE form SYSTEM 'http://www.iam.unibe.ch/~fki/iamdb/form-metadata.dtd'>

<form created="2002-01-16" height="3542" id="c03-096a" last-modified="2002-07-17" skew="284" status="final" version="3.0_beta" width="2479" writer-id="150">
  <machine-printed-part>
    <machine-print-line text="Only Mr. Lucas&apos;s actions, therefore, arose explicably from appreciable motives. The" />
    <machine-print-line text="rest, one feels, were driven to effective action by the author in spite of the ineffectuality" />
    <machine-print-line text="with which he had endowed them. One hopes that he is not asking us to believe that," />
    <machine-print-line text="because of their odd accents, they act oddly like the queer foreigners of tradition." />
  </machine-printed-part>
  <handwritten-part>
    <line ass="554" asx="0" asy="714" character-width="999" dss="554" dsx="0" dsy="859" fd0="13383" fd1="2615" fd2="-1374" filter-width="3" id="c03-096a-00" lbs="662" lbx="0" lby="807" segmentation="ok" slant="95000" stroke-width="5301" threshold="186" text="Only Mr. Lucas&apos;s actions, therefore, arose" ubs="338" ubx="0" uby="755">
      <word id="c03-096a-00-00" sentence-start="yes" tag="RB" text="Only">
        <cmp x="361" y="724" width="58" height="81" />
        <cmp x="424" y="755" width="39" height="43" />
        <cmp x="473" y="721" width="21" height="78" />
        <cmp x="502" y="757" width="46" height="96" />
      </word>
      <word id="c03-096a-00-01" tag="NPT" text="Mr.">
        <cmp x="597" y="728" width="76" height="74" />
        <cmp x="681" y="749" width="16" height="52" />
        <cmp x="722" y="784" width="9" height="17" />
      </word>
      <word id="c03-096a-00-02" tag="NP$" text="Lucas&apos;s">
        <cmp x="774" y="717" width="48" height="87" />
        <cmp x="826" y="753" width="56" height="44" />
        <cmp x="891" y="746" width="32" height="47" />
        <cmp x="934" y="746" width="36" height="49" />
        <cmp x="989" y="744" width="24" height="47" />
        <cmp x="1030" y="706" width="5" height="25" />
        <cmp x="1045" y="746" width="27" height="46" />
      </word>
      <word id="c03-096a-00-03" tag="NNS" text="actions">
        <cmp x="1139" y="746" width="54" height="55" />
        <cmp x="1201" y="750" width="34" height="53" />
        <cmp x="1239" y="716" width="42" height="81" />
        <cmp x="1269" y="719" width="10" height="14" />
        <cmp x="1286" y="753" width="74" height="50" />
        <cmp x="1375" y="753" width="23" height="46" />
      </word>
      <word id="c03-096a-00-04" tag="," text=",">
        <cmp x="1415" y="793" width="13" height="49" />
      </word>
      <word id="c03-096a-00-05" tag="RB" text="therefore">
        <cmp x="1456" y="721" width="105" height="78" />
        <cmp x="1569" y="743" width="48" height="49" />
        <cmp x="1633" y="720" width="91" height="81" />
        <cmp x="1728" y="736" width="28" height="44" />
      </word>
      <word id="c03-096a-00-06" tag="," text=",">
        <cmp x="1767" y="790" width="8" height="39" />
      </word>
      <word id="c03-096a-00-07" tag="VBD" text="arose">
        <cmp x="1827" y="747" width="49" height="48" />
        <cmp x="1888" y="744" width="16" height="44" />
        <cmp x="1912" y="741" width="41" height="44" />
        <cmp x="1953" y="740" width="31" height="56" />
        <cmp x="1978" y="752" width="5" height="5" />
        <cmp x="1985" y="745" width="32" height="44" />
      </word>
      <lower-contour>
        <point x="359" y="852" />
        <point x="2017" y="852" />
      </lower-contour>
    </line>
    <line ass="492" asx="0" asy="898" character-width="999" dss="492" dsx="0" dsy="1030" fd0="13012" fd1="2615" fd2="-1851" filter-width="3" id="c03-096a-01" lbs="674" lbx="0" lby="986" segmentation="ok" slant="97000" stroke-width="5179" threshold="187" text="explicably from appreciable motives. The rest," ubs="129" ubx="0" uby="923">
      <word id="c03-096a-01-00" tag="RB" text="explicably">
        <cmp x="358" y="923" width="27" height="55" />
        <cmp x="399" y="921" width="39" height="53" />
        <cmp x="435" y="921" width="41" height="44" />
        <cmp x="441" y="939" width="11" height="77" />
        <cmp x="484" y="902" width="35" height="66" />
        <cmp x="512" y="894" width="12" height="11" />
        <cmp x="532" y="927" width="48" height="49" />
        <cmp x="580" y="926" width="43" height="51" />
        <cmp x="627" y="894" width="45" height="84" />
        <cmp x="674" y="893" width="19" height="75" />
        <cmp x="700" y="927" width="46" height="85" />
      </word>
      <word id="c03-096a-01-01" tag="IN" text="from">
        <cmp x="832" y="890" width="60" height="90" />
        <cmp x="892" y="921" width="107" height="50" />
      </word>
      <word id="c03-096a-01-02" tag="JJ" text="appreciable">
        <cmp x="1077" y="921" width="95" height="93" />
        <cmp x="1176" y="920" width="33" height="94" />
        <cmp x="1214" y="921" width="48" height="51" />
        <cmp x="1263" y="927" width="41" height="45" />
        <cmp x="1308" y="928" width="10" height="45" />
        <cmp x="1311" y="893" width="8" height="11" />
        <cmp x="1328" y="926" width="41" height="45" />
        <cmp x="1373" y="905" width="45" height="74" />
        <cmp x="1424" y="899" width="11" height="72" />
        <cmp x="1446" y="930" width="22" height="43" />
      </word>
      <word id="c03-096a-01-03" tag="NNS" text="motives">
        <cmp x="1532" y="923" width="70" height="47" />
        <cmp x="1609" y="919" width="32" height="50" />
        <cmp x="1653" y="888" width="37" height="72" />
        <cmp x="1681" y="886" width="8" height="14" />
        <cmp x="1701" y="913" width="35" height="50" />
        <cmp x="1739" y="914" width="29" height="52" />
        <cmp x="1768" y="913" width="29" height="50" />
      </word>
      <word id="c03-096a-01-04" tag="." text=".">
        <cmp x="1811" y="942" width="8" height="9" />
      </word>
      <word id="c03-096a-01-05" sentence-start="yes" tag="ATI" text="The">
        <cmp x="1841" y="886" width="126" height="85" />
      </word>
      <word id="c03-096a-01-06" tag="NN" text="rest">
        <cmp x="2017" y="928" width="3" height="4" />
        <cmp x="2018" y="923" width="26" height="53" />
        <cmp x="2049" y="916" width="28" height="57" />
        <cmp x="2085" y="922" width="27" height="49" />
        <cmp x="2117" y="888" width="20" height="79" />
      </word>
      <word id="c03-096a-01-07" tag="," text=",">
        <cmp x="2123" y="960" width="19" height="53" />
      </word>
      <upper-contour>
        <point x="359" y="852" />
        <point x="2017" y="852" />
      </upper-contour>
      <lower-contour>
        <point x="371" y="1015" />
        <point x="2121" y="1015" />
      </lower-contour>
    </line>
    <line ass="357" asx="0" asy="1075" character-width="999" dss="357" dsx="0" dsy="1200" fd0="13124" fd1="2449" fd2="-1373" filter-width="3" id="c03-096a-02" lbs="167" lbx="0" lby="1151" segmentation="ok" slant="94000" stroke-width="5285" threshold="185" text="one feels, were driven to effective action by" ubs="738" ubx="0" uby="1117">
      <word id="c03-096a-02-00" tag="CD1" text="one">
        <cmp x="373" y="1101" width="43" height="56" />
        <cmp x="391" y="1119" width="3" height="4" />
        <cmp x="416" y="1096" width="41" height="48" />
        <cmp x="462" y="1092" width="23" height="50" />
      </word>
      <word id="c03-096a-02-01" tag="VBZ" text="feels">
        <cmp x="555" y="1071" width="88" height="95" />
        <cmp x="655" y="1076" width="9" height="80" />
        <cmp x="671" y="1106" width="26" height="46" />
      </word>
      <word id="c03-096a-02-02" tag="," text=",">
        <cmp x="728" y="1156" width="6" height="39" />
      </word>
      <word id="c03-096a-02-03" tag="BED" text="were">
        <cmp x="777" y="1109" width="88" height="57" />
        <cmp x="863" y="1104" width="31" height="54" />
        <cmp x="902" y="1109" width="51" height="44" />
      </word>
      <word id="c03-096a-02-04" tag="VBN" text="driven">
        <cmp x="1010" y="1084" width="48" height="75" />
        <cmp x="1069" y="1109" width="35" height="38" />
        <cmp x="1092" y="1073" width="7" height="12" />
        <cmp x="1110" y="1099" width="38" height="51" />
        <cmp x="1157" y="1102" width="28" height="54" />
        <cmp x="1194" y="1109" width="36" height="41" />
        <cmp x="1195" y="1104" width="5" height="6" />
      </word>
      <word id="c03-096a-02-05" tag="IN" text="to">
        <cmp x="1296" y="1068" width="65" height="80" />
      </word>
      <word id="c03-096a-02-06" tag="JJ" text="effective">
        <cmp x="1417" y="1109" width="22" height="50" />
        <cmp x="1457" y="1073" width="74" height="89" />
        <cmp x="1537" y="1108" width="26" height="42" />
        <cmp x="1561" y="1142" width="3" height="3" />
        <cmp x="1574" y="1073" width="42" height="71" />
        <cmp x="1575" y="1067" width="3" height="4" />
        <cmp x="1604" y="1067" width="11" height="14" />
        <cmp x="1624" y="1101" width="51" height="46" />
        <cmp x="1679" y="1101" width="26" height="46" />
      </word>
      <word id="c03-096a-02-07" tag="NN" text="action">
        <cmp x="1770" y="1097" width="49" height="56" />
        <cmp x="1826" y="1096" width="44" height="57" />
        <cmp x="1856" y="1099" width="3" height="5" />
        <cmp x="1872" y="1074" width="41" height="71" />
        <cmp x="1875" y="1066" width="7" height="7" />
        <cmp x="1901" y="1066" width="10" height="14" />
        <cmp x="1917" y="1096" width="71" height="51" />
      </word>
      <word id="c03-096a-02-08" tag="IN" text="by">
        <cmp x="2044" y="1071" width="76" height="110" />
      </word>
      <upper-contour>
        <point x="371" y="1015" />
        <point x="2121" y="1015" />
      </upper-contour>
      <lower-contour>
        <point x="371" y="1194" />
        <point x="2085" y="1194" />
      </lower-contour>
    </line>
    <line ass="555" asx="0" asy="1258" character-width="999" dss="555" dsx="0" dsy="1389" fd0="12810" fd1="2490" fd2="-1702" filter-width="3" id="c03-096a-03" lbs="646" lbx="0" lby="1345" segmentation="ok" slant="95000" stroke-width="5263" threshold="187" text="the author in spite of the ineffectuality" ubs="372" ubx="0" uby="1292">
      <word id="c03-096a-03-00" tag="ATI" text="the">
        <cmp x="353" y="1257" width="113" height="84" />
      </word>
      <word id="c03-096a-03-01" tag="NN" text="author">
        <cmp x="537" y="1285" width="51" height="57" />
        <cmp x="596" y="1290" width="46" height="49" />
        <cmp x="641" y="1254" width="81" height="85" />
        <cmp x="726" y="1287" width="61" height="53" />
      </word>
      <word id="c03-096a-03-02" tag="IN31" text="in">
        <cmp x="874" y="1251" width="10" height="11" />
        <cmp x="881" y="1291" width="13" height="53" />
        <cmp x="903" y="1282" width="45" height="56" />
      </word>
      <word id="c03-096a-03-03" tag="IN32" text="spite">
        <cmp x="1032" y="1279" width="37" height="61" />
        <cmp x="1064" y="1285" width="3" height="15" />
        <cmp x="1078" y="1287" width="43" height="90" />
        <cmp x="1127" y="1247" width="9" height="14" />
        <cmp x="1130" y="1288" width="7" height="45" />
        <cmp x="1141" y="1255" width="47" height="80" />
      </word>
      <word id="c03-096a-03-04" tag="IN33" text="of">
        <cmp x="1290" y="1282" width="37" height="60" />
        <cmp x="1334" y="1252" width="29" height="91" />
      </word>
      <word id="c03-096a-03-05" tag="ATI" text="the">
        <cmp x="1450" y="1250" width="104" height="86" />
        <cmp x="1465" y="1255" width="4" height="3" />
      </word>
      <word id="c03-096a-03-06" tag="NN" text="ineffectuality">
        <cmp x="1613" y="1259" width="13" height="18" />
        <cmp x="1616" y="1293" width="11" height="45" />
        <cmp x="1617" y="1287" width="5" height="5" />
        <cmp x="1637" y="1297" width="39" height="40" />
        <cmp x="1684" y="1292" width="23" height="47" />
        <cmp x="1710" y="1260" width="77" height="87" />
        <cmp x="1794" y="1290" width="40" height="48" />
        <cmp x="1835" y="1261" width="70" height="69" />
        <cmp x="1844" y="1256" width="4" height="4" />
        <cmp x="1910" y="1283" width="43" height="46" />
        <cmp x="1963" y="1258" width="11" height="66" />
        <cmp x="1982" y="1284" width="8" height="41" />
        <cmp x="1986" y="1246" width="6" height="11" />
        <cmp x="2014" y="1258" width="70" height="113" />
      </word>
      <upper-contour>
        <point x="371" y="1194" />
        <point x="2085" y="1194" />
      </upper-contour>
      <lower-contour>
        <point x="353" y="1377" />
        <point x="2012" y="1377" />
      </lower-contour>
    </line>
    <line ass="-790" asx="0" asy="1401" character-width="999" dss="-790" dsx="0" dsy="1508" fd0="12877" fd1="2408" fd2="-1616" filter-width="3" id="c03-096a-04" lbs="-792" lbx="0" lby="1494" segmentation="ok" slant="98000" stroke-width="5196" threshold="185" text="with which he had endowed them. One" ubs="-787" ubx="0" uby="1445">
      <word id="c03-096a-04-00" tag="IN" text="with">
        <cmp x="355" y="1441" width="67" height="57" />
        <cmp x="423" y="1408" width="9" height="14" />
        <cmp x="433" y="1444" width="7" height="53" />
        <cmp x="448" y="1408" width="74" height="89" />
      </word>
      <word id="c03-096a-04-01" tag="WDT" text="which">
        <cmp x="585" y="1454" width="75" height="54" />
        <cmp x="662" y="1410" width="52" height="96" />
        <cmp x="717" y="1424" width="8" height="13" />
        <cmp x="720" y="1458" width="13" height="49" />
        <cmp x="742" y="1466" width="24" height="45" />
        <cmp x="775" y="1417" width="45" height="78" />
      </word>
      <word id="c03-096a-04-02" tag="PP3A" text="he">
        <cmp x="894" y="1434" width="46" height="87" />
        <cmp x="949" y="1464" width="24" height="50" />
      </word>
      <word id="c03-096a-04-03" tag="HVD" text="had">
        <cmp x="1046" y="1431" width="53" height="84" />
        <cmp x="1102" y="1466" width="42" height="49" />
        <cmp x="1155" y="1443" width="43" height="73" />
        <cmp x="1187" y="1438" width="5" height="4" />
      </word>
      <word id="c03-096a-04-04" tag="VBN" text="endowed">
        <cmp x="1278" y="1458" width="36" height="61" />
        <cmp x="1318" y="1467" width="40" height="48" />
        <cmp x="1358" y="1440" width="38" height="80" />
        <cmp x="1399" y="1460" width="42" height="59" />
        <cmp x="1452" y="1458" width="71" height="63" />
        <cmp x="1525" y="1465" width="27" height="56" />
        <cmp x="1550" y="1451" width="35" height="71" />
        <cmp x="1581" y="1445" width="3" height="4" />
      </word>
      <word id="c03-096a-04-05" tag="PP3OS" text="them">
        <cmp x="1646" y="1433" width="108" height="85" />
        <cmp x="1757" y="1468" width="50" height="51" />
      </word>
      <word id="c03-096a-04-06" tag="." text=".">
        <cmp x="1825" y="1500" width="9" height="12" />
      </word>
      <word id="c03-096a-04-07" sentence-start="yes" tag="CD1" text="One">
        <cmp x="1896" y="1439" width="49" height="73" />
        <cmp x="1944" y="1473" width="37" height="46" />
        <cmp x="1986" y="1475" width="26" height="46" />
      </word>
      <upper-contour>
        <point x="353" y="1377" />
        <point x="2012" y="1377" />
      </upper-contour>
      <lower-contour>
        <point x="357" y="1524" />
        <point x="2012" y="1524" />
      </lower-contour>
    </line>
    <line ass="-242" asx="0" asy="1603" character-width="999" dss="-242" dsx="0" dsy="1726" fd0="12895" fd1="3006" fd2="-924" filter-width="3" id="c03-096a-05" lbs="-242" lbx="0" lby="1688" segmentation="ok" slant="94000" stroke-width="5295" threshold="185" text="hopes that he is not asking us to believe" ubs="-242" ubx="0" uby="1635">
      <word id="c03-096a-05-00" tag="VBZ" text="hopes">
        <cmp x="359" y="1607" width="52" height="75" />
        <cmp x="415" y="1629" width="94" height="99" />
        <cmp x="509" y="1634" width="33" height="44" />
      </word>
      <word id="c03-096a-05-01" tag="CS" text="that">
        <cmp x="658" y="1607" width="147" height="85" />
      </word>
      <word id="c03-096a-05-02" tag="PP3A" text="he">
        <cmp x="897" y="1614" width="77" height="76" />
        <cmp x="899" y="1609" width="4" height="3" />
      </word>
      <word id="c03-096a-05-03" tag="BEZ" text="is">
        <cmp x="1026" y="1609" width="9" height="14" />
        <cmp x="1032" y="1643" width="11" height="55" />
        <cmp x="1051" y="1646" width="29" height="48" />
      </word>
      <word id="c03-096a-05-04" tag="XNOT" text="not">
        <cmp x="1138" y="1645" width="43" height="50" />
        <cmp x="1186" y="1614" width="56" height="83" />
      </word>
      <word id="c03-096a-05-05" tag="VBG" text="asking">
        <cmp x="1320" y="1639" width="46" height="54" />
        <cmp x="1376" y="1641" width="26" height="52" />
        <cmp x="1413" y="1614" width="52" height="78" />
        <cmp x="1456" y="1613" width="8" height="12" />
        <cmp x="1471" y="1645" width="43" height="48" />
        <cmp x="1510" y="1646" width="41" height="87" />
      </word>
      <word id="c03-096a-05-06" tag="PP1OS" text="us">
        <cmp x="1616" y="1647" width="52" height="48" />
        <cmp x="1682" y="1640" width="31" height="57" />
        <cmp x="1702" y="1644" width="3" height="5" />
      </word>
      <word id="c03-096a-05-07" tag="TO" text="to">
        <cmp x="1767" y="1621" width="30" height="70" />
        <cmp x="1805" y="1643" width="46" height="51" />
      </word>
      <word id="c03-096a-05-08" tag="VB" text="believe">
        <cmp x="1906" y="1616" width="82" height="81" />
        <cmp x="1999" y="1626" width="13" height="66" />
        <cmp x="2015" y="1618" width="7" height="13" />
        <cmp x="2019" y="1649" width="6" height="45" />
        <cmp x="2036" y="1649" width="31" height="53" />
        <cmp x="2078" y="1649" width="37" height="47" />
        <cmp x="2120" y="1650" width="31" height="54" />
      </word>
      <upper-contour>
        <point x="357" y="1524" />
        <point x="2012" y="1524" />
      </upper-contour>
      <lower-contour>
        <point x="357" y="1734" />
        <point x="2152" y="1734" />
      </lower-contour>
    </line>
    <line ass="-764" asx="0" asy="1765" character-width="999" dss="-764" dsx="0" dsy="1908" fd0="12859" fd1="2365" fd2="-1486" filter-width="3" id="c03-096a-06" lbs="-962" lbx="0" lby="1851" segmentation="ok" slant="92999" stroke-width="5297" threshold="184" text="that, because of their odd accents, they" ubs="-369" ubx="0" uby="1810">
      <word id="c03-096a-06-00" tag="CS" text="that">
        <cmp x="352" y="1779" width="82" height="87" />
        <cmp x="434" y="1809" width="57" height="58" />
        <cmp x="484" y="1781" width="30" height="75" />
      </word>
      <word id="c03-096a-06-01" tag="," text=",">
        <cmp x="592" y="1843" width="6" height="73" />
      </word>
      <word id="c03-096a-06-02" tag="IN21" text="because">
        <cmp x="637" y="1786" width="53" height="82" />
        <cmp x="692" y="1822" width="25" height="56" />
        <cmp x="726" y="1827" width="37" height="57" />
        <cmp x="762" y="1822" width="110" height="56" />
        <cmp x="878" y="1821" width="25" height="53" />
        <cmp x="914" y="1822" width="25" height="53" />
      </word>
      <word id="c03-096a-06-03" tag="IN22" text="of">
        <cmp x="1031" y="1813" width="34" height="52" />
        <cmp x="1074" y="1781" width="30" height="95" />
      </word>
      <word id="c03-096a-06-04" tag="PP$" text="their">
        <cmp x="1180" y="1780" width="80" height="94" />
        <cmp x="1264" y="1823" width="34" height="55" />
        <cmp x="1297" y="1826" width="17" height="44" />
        <cmp x="1305" y="1787" width="7" height="10" />
        <cmp x="1325" y="1817" width="26" height="55" />
      </word>
      <word id="c03-096a-06-05" tag="JJ" text="odd">
        <cmp x="1436" y="1816" width="53" height="59" />
        <cmp x="1488" y="1798" width="44" height="84" />
        <cmp x="1535" y="1805" width="40" height="76" />
        <cmp x="1568" y="1795" width="6" height="10" />
      </word>
      <word id="c03-096a-06-06" tag="NNS" text="accents">
        <cmp x="1658" y="1823" width="54" height="57" />
        <cmp x="1724" y="1823" width="28" height="54" />
        <cmp x="1760" y="1823" width="31" height="52" />
        <cmp x="1794" y="1821" width="41" height="54" />
        <cmp x="1839" y="1827" width="35" height="44" />
        <cmp x="1844" y="1821" width="4" height="3" />
        <cmp x="1879" y="1797" width="24" height="69" />
        <cmp x="1905" y="1824" width="32" height="45" />
        <cmp x="1926" y="1823" width="9" height="7" />
      </word>
      <word id="c03-096a-06-07" tag="," text=",">
        <cmp x="1957" y="1909" width="3" height="4" />
        <cmp x="1958" y="1862" width="8" height="46" />
      </word>
      <word id="c03-096a-06-08" tag="PP3AS" text="they">
        <cmp x="2015" y="1796" width="100" height="78" />
        <cmp x="2114" y="1825" width="41" height="91" />
      </word>
      <upper-contour>
        <point x="357" y="1734" />
        <point x="2152" y="1734" />
      </upper-contour>
      <lower-contour>
        <point x="367" y="1916" />
        <point x="2091" y="1916" />
      </lower-contour>
    </line>
    <line ass="-573" asx="0" asy="1954" character-width="999" dss="-573" dsx="0" dsy="2090" fd0="12880" fd1="2490" fd2="-1579" filter-width="3" id="c03-096a-07" lbs="-534" lbx="0" lby="2039" segmentation="ok" slant="96000" stroke-width="5328" threshold="186" text="act oddly like the queer foreigners of" ubs="-652" ubx="0" uby="1985">
      <word id="c03-096a-07-00" tag="VB" text="act">
        <cmp x="369" y="1989" width="55" height="58" />
        <cmp x="425" y="1998" width="44" height="53" />
        <cmp x="467" y="1971" width="30" height="80" />
      </word>
      <word id="c03-096a-07-01" tag="RB" text="oddly">
        <cmp x="635" y="1974" width="96" height="79" />
        <cmp x="732" y="1974" width="47" height="79" />
        <cmp x="790" y="1974" width="16" height="73" />
        <cmp x="813" y="2007" width="39" height="92" />
      </word>
      <word id="c03-096a-07-02" tag="IN" text="like">
        <cmp x="933" y="1973" width="51" height="78" />
        <cmp x="974" y="1965" width="8" height="9" />
        <cmp x="994" y="1965" width="29" height="75" />
        <cmp x="1029" y="1983" width="30" height="54" />
      </word>
      <word id="c03-096a-07-03" tag="ATI" text="the">
        <cmp x="1104" y="1967" width="105" height="78" />
      </word>
      <word id="c03-096a-07-04" tag="JJ" text="queer">
        <cmp x="1301" y="1992" width="42" height="95" />
        <cmp x="1350" y="2002" width="50" height="53" />
        <cmp x="1405" y="1999" width="19" height="47" />
        <cmp x="1428" y="1994" width="28" height="53" />
        <cmp x="1464" y="1995" width="18" height="48" />
      </word>
      <word id="c03-096a-07-05" tag="NNS" text="foreigners">
        <cmp x="1563" y="1972" width="37" height="88" />
        <cmp x="1610" y="2002" width="63" height="51" />
        <cmp x="1674" y="2007" width="32" height="52" />
        <cmp x="1720" y="2009" width="7" height="52" />
        <cmp x="1724" y="1979" width="6" height="12" />
        <cmp x="1738" y="2015" width="39" height="88" />
        <cmp x="1784" y="2015" width="35" height="49" />
        <cmp x="1823" y="2015" width="25" height="50" />
        <cmp x="1860" y="2011" width="19" height="51" />
        <cmp x="1891" y="2014" width="33" height="44" />
      </word>
      <word id="c03-096a-07-06" tag="INO" text="of">
        <cmp x="2020" y="2002" width="34" height="50" />
        <cmp x="2062" y="1978" width="28" height="90" />
      </word>
      <upper-contour>
        <point x="367" y="1916" />
        <point x="2091" y="1916" />
      </upper-contour>
      <lower-contour>
        <point x="372" y="2052" />
        <point x="722" y="2052" />
      </lower-contour>
    </line>
    <line ass="-165" asx="0" asy="2138" character-width="999" dss="-165" dsx="0" dsy="2227" fd0="12766" fd1="2307" fd2="-2203" filter-width="3" id="c03-096a-08" lbs="-246" lbx="0" lby="2221" segmentation="ok" slant="92999" stroke-width="5419" threshold="180" text="tradition." ubs="-3" ubx="0" uby="2173">
      <word id="c03-096a-08-00" tag="NN" text="tradition">
        <cmp x="374" y="2146" width="112" height="83" />
        <cmp x="483" y="2153" width="39" height="77" />
        <cmp x="531" y="2142" width="10" height="13" />
        <cmp x="531" y="2181" width="7" height="44" />
        <cmp x="565" y="2147" width="43" height="79" />
        <cmp x="597" y="2142" width="6" height="10" />
        <cmp x="616" y="2170" width="73" height="58" />
      </word>
      <word id="c03-096a-08-01" tag="." text=".">
        <cmp x="712" y="2218" width="10" height="11" />
      </word>
      <upper-contour>
        <point x="372" y="2052" />
        <point x="722" y="2052" />
      </upper-contour>
    </line>
  </handwritten-part>
</form>

