<?xml version="1.0" encoding="ISO-8859-1"?>

<!DOCTYPE form SYSTEM 'http://www.iam.unibe.ch/~fki/iamdb/form-metadata.dtd'>

<form created="2002-01-16" height="3542" id="c03-007e" last-modified="2002-07-17" skew="315" status="final" version="3.0_beta" width="2479" writer-id="154">
  <machine-printed-part>
    <machine-print-line text="In A Taste of Honey Mr. Richardson has taken a town in the industrial North of" />
    <machine-print-line text="England and has made it live. The shabby streets and wet pavements, the school" />
    <machine-print-line text="play-grounds, the public monuments and the rubbish strewn canals - even the worn" />
    <machine-print-line text="head-stones in the churchyard, &amp;quot;sacred to the memory of&amp;quot; - are seen as an integral" />
    <machine-print-line text="part of the story." />
  </machine-printed-part>
  <handwritten-part>
    <line ass="204" asx="0" asy="741" character-width="999" dss="204" dsx="0" dsy="899" fd0="13498" fd1="2403" fd2="-1102" filter-width="4" id="c03-007e-00" lbs="285" lbx="0" lby="839" segmentation="ok" slant="74000" stroke-width="5875" threshold="178" text="In A Taste of Honey Mr. Richardson has" ubs="44" ubx="0" uby="801">
      <word id="c03-007e-00-00" sentence-start="yes" tag="IN" text="In">
        <cmp x="320" y="755" width="23" height="86" />
        <cmp x="327" y="804" width="67" height="43" />
      </word>
      <word id="c03-007e-00-01" tag="AT" text="A">
        <cmp x="461" y="758" width="37" height="91" />
      </word>
      <word id="c03-007e-00-02" tag="NN" text="Taste">
        <cmp x="528" y="759" width="93" height="10" />
        <cmp x="551" y="770" width="23" height="71" />
        <cmp x="571" y="792" width="48" height="45" />
        <cmp x="616" y="759" width="142" height="76" />
      </word>
      <word id="c03-007e-00-03" tag="INO" text="of">
        <cmp x="813" y="750" width="95" height="108" />
      </word>
      <word id="c03-007e-00-04" tag="NN" text="Honey">
        <cmp x="948" y="736" width="86" height="99" />
        <cmp x="1034" y="801" width="55" height="37" />
        <cmp x="1087" y="796" width="125" height="100" />
      </word>
      <word id="c03-007e-00-05" tag="NPT" text="Mr.">
        <cmp x="1262" y="757" width="133" height="86" />
        <cmp x="1398" y="815" width="9" height="11" />
      </word>
      <word id="c03-007e-00-06" tag="NP" text="Richardson">
        <cmp x="1437" y="736" width="87" height="100" />
        <cmp x="1526" y="759" width="204" height="84" />
        <cmp x="1533" y="772" width="6" height="7" />
        <cmp x="1721" y="770" width="100" height="75" />
        <cmp x="1827" y="805" width="120" height="37" />
      </word>
      <word id="c03-007e-00-07" tag="HVZ" text="has">
        <cmp x="1986" y="748" width="169" height="97" />
      </word>
      <lower-contour>
        <point x="318" y="896" />
        <point x="2156" y="896" />
      </lower-contour>
    </line>
    <line ass="-240" asx="0" asy="927" character-width="999" dss="-240" dsx="0" dsy="1051" fd0="13724" fd1="2133" fd2="-1125" filter-width="4" id="c03-007e-01" lbs="-313" lbx="0" lby="1013" segmentation="ok" slant="64000" stroke-width="6026" threshold="178" text="taken a town in the industrial North of" ubs="-95" ubx="0" uby="983">
      <word id="c03-007e-01-00" tag="VBN" text="taken">
        <cmp x="314" y="929" width="175" height="102" />
        <cmp x="484" y="978" width="103" height="43" />
      </word>
      <word id="c03-007e-01-01" tag="AT" text="a">
        <cmp x="642" y="971" width="54" height="48" />
      </word>
      <word id="c03-007e-01-02" tag="NN" text="town">
        <cmp x="742" y="940" width="103" height="80" />
        <cmp x="850" y="982" width="54" height="38" />
        <cmp x="905" y="983" width="49" height="39" />
      </word>
      <word id="c03-007e-01-03" tag="IN" text="in">
        <cmp x="1007" y="983" width="88" height="42" />
        <cmp x="1033" y="951" width="9" height="13" />
      </word>
      <word id="c03-007e-01-04" tag="ATI" text="the">
        <cmp x="1140" y="944" width="152" height="78" />
      </word>
      <word id="c03-007e-01-05" tag="JJ" text="industrial">
        <cmp x="1328" y="984" width="90" height="44" />
        <cmp x="1361" y="949" width="8" height="14" />
        <cmp x="1429" y="953" width="158" height="69" />
        <cmp x="1576" y="936" width="121" height="80" />
        <cmp x="1705" y="960" width="6" height="11" />
        <cmp x="1705" y="957" width="95" height="68" />
      </word>
      <word id="c03-007e-01-06" tag="NR" text="North">
        <cmp x="1838" y="935" width="112" height="97" />
        <cmp x="1913" y="980" width="90" height="50" />
        <cmp x="1997" y="939" width="106" height="90" />
      </word>
      <word id="c03-007e-01-07" tag="INO" text="of">
        <cmp x="2138" y="942" width="103" height="120" />
      </word>
      <upper-contour>
        <point x="318" y="896" />
        <point x="2156" y="896" />
      </upper-contour>
      <lower-contour>
        <point x="312" y="1067" />
        <point x="2242" y="1067" />
      </lower-contour>
    </line>
    <line ass="-60" asx="0" asy="1110" character-width="999" dss="-60" dsx="0" dsy="1266" fd0="13725" fd1="2232" fd2="-1375" filter-width="4" id="c03-007e-02" lbs="87" lbx="0" lby="1192" segmentation="ok" slant="68999" stroke-width="5856" threshold="179" text="England and has made it live. The shabby" ubs="-357" ubx="0" uby="1149">
      <word id="c03-007e-02-00" tag="NP" text="England">
        <cmp x="311" y="1132" width="50" height="65" />
        <cmp x="337" y="1121" width="49" height="11" />
        <cmp x="363" y="1156" width="64" height="42" />
        <cmp x="437" y="1111" width="89" height="144" />
        <cmp x="512" y="1144" width="115" height="49" />
        <cmp x="633" y="1129" width="65" height="62" />
      </word>
      <word id="c03-007e-02-01" tag="CC" text="and">
        <cmp x="720" y="1149" width="109" height="49" />
        <cmp x="830" y="1141" width="56" height="59" />
      </word>
      <word id="c03-007e-02-02" tag="HVZ" text="has">
        <cmp x="934" y="1112" width="79" height="83" />
        <cmp x="1015" y="1150" width="84" height="46" />
      </word>
      <word id="c03-007e-02-03" tag="VBN" text="made">
        <cmp x="1131" y="1164" width="92" height="34" />
        <cmp x="1225" y="1155" width="51" height="41" />
        <cmp x="1282" y="1123" width="94" height="73" />
      </word>
      <word id="c03-007e-02-04" tag="PP3" text="it">
        <cmp x="1429" y="1114" width="82" height="89" />
        <cmp x="1464" y="1118" width="7" height="13" />
      </word>
      <word id="c03-007e-02-05" tag="VB" text="live">
        <cmp x="1544" y="1122" width="87" height="80" />
        <cmp x="1634" y="1154" width="77" height="50" />
        <cmp x="1639" y="1135" width="4" height="4" />
      </word>
      <word id="c03-007e-02-06" tag="." text=".">
        <cmp x="1722" y="1184" width="9" height="11" />
      </word>
      <word id="c03-007e-02-07" sentence-start="yes" tag="ATI" text="The">
        <cmp x="1755" y="1130" width="94" height="8" />
        <cmp x="1776" y="1142" width="18" height="53" />
        <cmp x="1808" y="1137" width="105" height="62" />
      </word>
      <word id="c03-007e-02-08" tag="JJ" text="shabby">
        <cmp x="1947" y="1151" width="50" height="49" />
        <cmp x="1994" y="1122" width="63" height="82" />
        <cmp x="2058" y="1158" width="54" height="45" />
        <cmp x="2106" y="1118" width="192" height="151" />
      </word>
      <upper-contour>
        <point x="312" y="1067" />
        <point x="2242" y="1067" />
      </upper-contour>
      <lower-contour>
        <point x="309" y="1274" />
        <point x="2274" y="1274" />
      </lower-contour>
    </line>
    <line ass="10" asx="0" asy="1290" character-width="999" dss="10" dsx="0" dsy="1445" fd0="13757" fd1="2147" fd2="-1513" filter-width="4" id="c03-007e-03" lbs="-2" lbx="0" lby="1375" segmentation="ok" slant="63000" stroke-width="5995" threshold="177" text="streets and wet pavements, the school play-" ubs="36" ubx="0" uby="1338">
      <word id="c03-007e-03-00" tag="NNS" text="streets">
        <cmp x="295" y="1290" width="246" height="93" />
      </word>
      <word id="c03-007e-03-01" tag="CC" text="and">
        <cmp x="586" y="1322" width="122" height="54" />
        <cmp x="709" y="1315" width="58" height="66" />
      </word>
      <word id="c03-007e-03-02" tag="JJ" text="wet">
        <cmp x="812" y="1336" width="59" height="42" />
        <cmp x="871" y="1301" width="79" height="87" />
      </word>
      <word id="c03-007e-03-03" tag="NNS" text="pavements">
        <cmp x="980" y="1326" width="108" height="82" />
        <cmp x="1092" y="1329" width="154" height="50" />
        <cmp x="1251" y="1300" width="193" height="78" />
      </word>
      <word id="c03-007e-03-04" tag="," text=",">
        <cmp x="1463" y="1347" width="20" height="47" />
      </word>
      <word id="c03-007e-03-05" tag="ATI" text="the">
        <cmp x="1494" y="1292" width="133" height="83" />
      </word>
      <word id="c03-007e-03-06" tag="NN" text="school">
        <cmp x="1679" y="1329" width="37" height="54" />
        <cmp x="1724" y="1296" width="88" height="86" />
        <cmp x="1816" y="1342" width="45" height="43" />
        <cmp x="1864" y="1346" width="39" height="41" />
        <cmp x="1915" y="1362" width="10" height="9" />
        <cmp x="1926" y="1309" width="41" height="68" />
      </word>
      <word id="c03-007e-03-07" tag="NNS--" text="play-">
        <cmp x="1998" y="1329" width="62" height="75" />
        <cmp x="2055" y="1365" width="6" height="5" />
        <cmp x="2061" y="1293" width="55" height="79" />
        <cmp x="2093" y="1325" width="121" height="121" />
        <cmp x="2229" y="1344" width="44" height="8" />
      </word>
      <upper-contour>
        <point x="309" y="1274" />
        <point x="2274" y="1274" />
      </upper-contour>
      <lower-contour>
        <point x="293" y="1450" />
        <point x="2204" y="1450" />
      </lower-contour>
    </line>
    <line ass="-81" asx="0" asy="1476" character-width="999" dss="-81" dsx="0" dsy="1622" fd0="13975" fd1="2387" fd2="-1321" filter-width="4" id="c03-007e-04" lbs="-3" lbx="0" lby="1559" segmentation="ok" slant="63000" stroke-width="5981" threshold="176" text="grounds, the public monuments and the" ubs="-237" ubx="0" uby="1520">
      <word id="c03-007e-04-00" tag="-NNS" text="grounds">
        <cmp x="289" y="1510" width="121" height="111" />
        <cmp x="409" y="1491" width="213" height="70" />
      </word>
      <word id="c03-007e-04-01" tag="," text=",">
        <cmp x="634" y="1537" width="13" height="32" />
      </word>
      <word id="c03-007e-04-02" tag="ATI" text="the">
        <cmp x="691" y="1478" width="139" height="84" />
      </word>
      <word id="c03-007e-04-03" tag="JJ" text="public">
        <cmp x="870" y="1512" width="67" height="77" />
        <cmp x="938" y="1478" width="114" height="83" />
        <cmp x="1047" y="1490" width="63" height="72" />
        <cmp x="1120" y="1498" width="6" height="5" />
        <cmp x="1121" y="1517" width="54" height="46" />
      </word>
      <word id="c03-007e-04-04" tag="NNS" text="monuments">
        <cmp x="1234" y="1522" width="77" height="41" />
        <cmp x="1320" y="1517" width="50" height="51" />
        <cmp x="1367" y="1524" width="114" height="41" />
        <cmp x="1482" y="1523" width="82" height="39" />
        <cmp x="1558" y="1518" width="108" height="44" />
        <cmp x="1652" y="1480" width="110" height="81" />
      </word>
      <word id="c03-007e-04-05" tag="CC" text="and">
        <cmp x="1804" y="1515" width="133" height="58" />
        <cmp x="1940" y="1484" width="75" height="69" />
      </word>
      <word id="c03-007e-04-06" tag="ATI" text="the">
        <cmp x="2036" y="1481" width="167" height="83" />
      </word>
      <upper-contour>
        <point x="293" y="1450" />
        <point x="2204" y="1450" />
      </upper-contour>
      <lower-contour>
        <point x="293" y="1620" />
        <point x="2068" y="1620" />
      </lower-contour>
    </line>
    <line ass="-256" asx="0" asy="1643" character-width="999" dss="-256" dsx="0" dsy="1739" fd0="13711" fd1="2261" fd2="-1118" filter-width="4" id="c03-007e-05" lbs="-206" lbx="0" lby="1732" segmentation="ok" slant="72000" stroke-width="6029" threshold="173" text="rubbish strewn canals - even the worn" ubs="-356" ubx="0" uby="1694">
      <word id="c03-007e-05-00" tag="NN" text="rubbish">
        <cmp x="295" y="1645" width="241" height="98" />
        <cmp x="527" y="1652" width="118" height="89" />
        <cmp x="540" y="1669" width="7" height="15" />
      </word>
      <word id="c03-007e-05-01" tag="VBN" text="strewn">
        <cmp x="697" y="1646" width="157" height="93" />
        <cmp x="859" y="1697" width="57" height="46" />
        <cmp x="918" y="1704" width="53" height="35" />
      </word>
      <word id="c03-007e-05-02" tag="NNS" text="canals">
        <cmp x="1028" y="1685" width="149" height="53" />
        <cmp x="1178" y="1670" width="117" height="74" />
      </word>
      <word id="c03-007e-05-03" tag="*-" text="-">
        <cmp x="1320" y="1707" width="46" height="8" />
      </word>
      <word id="c03-007e-05-04" tag="RB" text="even">
        <cmp x="1387" y="1691" width="116" height="52" />
        <cmp x="1501" y="1704" width="123" height="39" />
      </word>
      <word id="c03-007e-05-05" tag="ATI" text="the">
        <cmp x="1671" y="1655" width="151" height="90" />
      </word>
      <word id="c03-007e-05-06" tag="JJ" text="worn">
        <cmp x="1877" y="1699" width="190" height="46" />
      </word>
      <upper-contour>
        <point x="293" y="1620" />
        <point x="2068" y="1620" />
      </upper-contour>
      <lower-contour>
        <point x="293" y="1748" />
        <point x="2068" y="1748" />
      </lower-contour>
    </line>
    <line ass="-112" asx="0" asy="1827" character-width="999" dss="-112" dsx="0" dsy="1983" fd0="13874" fd1="2184" fd2="-1383" filter-width="4" id="c03-007e-06" lbs="-112" lbx="0" lby="1911" segmentation="ok" slant="68000" stroke-width="6022" threshold="178" text="head-stones in the churchyard, &amp;quot;sacred to" ubs="-112" ubx="0" uby="1880">
      <word id="c03-007e-06-00" tag="NNS" text="head-stones">
        <cmp x="285" y="1829" width="82" height="85" />
        <cmp x="368" y="1853" width="139" height="66" />
        <cmp x="516" y="1882" width="40" height="8" />
        <cmp x="562" y="1829" width="136" height="87" />
        <cmp x="698" y="1880" width="137" height="46" />
      </word>
      <word id="c03-007e-06-01" tag="IN" text="in">
        <cmp x="884" y="1890" width="92" height="36" />
        <cmp x="894" y="1883" width="6" height="9" />
        <cmp x="911" y="1843" width="10" height="11" />
      </word>
      <word id="c03-007e-06-02" tag="ATI" text="the">
        <cmp x="1025" y="1845" width="158" height="82" />
      </word>
      <word id="c03-007e-06-03" tag="NN" text="churchyard">
        <cmp x="1256" y="1835" width="96" height="78" />
        <cmp x="1353" y="1872" width="98" height="50" />
        <cmp x="1449" y="1851" width="100" height="76" />
        <cmp x="1548" y="1887" width="51" height="101" />
        <cmp x="1597" y="1857" width="192" height="71" />
      </word>
      <word id="c03-007e-06-04" tag="," text=",">
        <cmp x="1791" y="1898" width="13" height="24" />
      </word>
      <word id="c03-007e-06-05" tag="*&apos;" text="&quot;">
        <cmp x="1841" y="1846" width="30" height="30" />
      </word>
      <word id="c03-007e-06-06" tag="JJ" text="sacred">
        <cmp x="1896" y="1867" width="85" height="51" />
        <cmp x="1980" y="1852" width="178" height="65" />
      </word>
      <word id="c03-007e-06-07" tag="IN" text="to">
        <cmp x="2184" y="1837" width="115" height="86" />
      </word>
      <upper-contour>
        <point x="293" y="1748" />
        <point x="2068" y="1748" />
      </upper-contour>
      <lower-contour>
        <point x="283" y="1989" />
        <point x="2300" y="1989" />
      </lower-contour>
    </line>
    <line ass="-102" asx="0" asy="2011" character-width="999" dss="-102" dsx="0" dsy="2155" fd0="13523" fd1="2204" fd2="-951" filter-width="4" id="c03-007e-07" lbs="-122" lbx="0" lby="2094" segmentation="ok" slant="65000" stroke-width="5982" threshold="177" text="the memory of&amp;quot; - are seen as an integral" ubs="-61" ubx="0" uby="2064">
      <word id="c03-007e-07-00" tag="ATI" text="the">
        <cmp x="273" y="2018" width="150" height="88" />
      </word>
      <word id="c03-007e-07-01" tag="NN" text="memory">
        <cmp x="470" y="2060" width="91" height="37" />
        <cmp x="559" y="2061" width="120" height="39" />
        <cmp x="682" y="2060" width="207" height="96" />
      </word>
      <word id="c03-007e-07-02" tag="INO" text="of">
        <cmp x="936" y="2021" width="99" height="99" />
      </word>
      <word id="c03-007e-07-03" tag="**&apos;" text="&quot;">
        <cmp x="1058" y="2014" width="28" height="36" />
      </word>
      <word id="c03-007e-07-04" tag="*-" text="-">
        <cmp x="1106" y="2046" width="56" height="13" />
      </word>
      <word id="c03-007e-07-05" tag="BER" text="are">
        <cmp x="1177" y="2054" width="170" height="44" />
      </word>
      <word id="c03-007e-07-06" tag="VBN" text="seen">
        <cmp x="1397" y="2049" width="48" height="47" />
        <cmp x="1446" y="2055" width="165" height="46" />
      </word>
      <word id="c03-007e-07-07" tag="IN" text="as">
        <cmp x="1658" y="2057" width="100" height="47" />
      </word>
      <word id="c03-007e-07-08" tag="AT" text="an">
        <cmp x="1799" y="2060" width="137" height="39" />
      </word>
      <word id="c03-007e-07-09" tag="JJ" text="integral">
        <cmp x="1983" y="2017" width="162" height="88" />
        <cmp x="2007" y="2033" width="7" height="14" />
        <cmp x="2138" y="2039" width="172" height="112" />
      </word>
      <upper-contour>
        <point x="283" y="1989" />
        <point x="2300" y="1989" />
      </upper-contour>
      <lower-contour>
        <point x="289" y="2155" />
        <point x="1174" y="2155" />
      </lower-contour>
    </line>
    <line ass="-815" asx="0" asy="2178" character-width="999" dss="-815" dsx="0" dsy="2325" fd0="13334" fd1="2162" fd2="-992" filter-width="4" id="c03-007e-08" lbs="-892" lbx="0" lby="2267" segmentation="ok" slant="72000" stroke-width="6107" threshold="171" text="part of the story." ubs="-662" ubx="0" uby="2230">
      <word id="c03-007e-08-00" tag="NN" text="part">
        <cmp x="291" y="2204" width="199" height="103" />
        <cmp x="308" y="2237" width="4" height="5" />
      </word>
      <word id="c03-007e-08-01" tag="INO" text="of">
        <cmp x="546" y="2231" width="61" height="46" />
        <cmp x="608" y="2188" width="43" height="98" />
      </word>
      <word id="c03-007e-08-02" tag="ATI" text="the">
        <cmp x="679" y="2198" width="160" height="84" />
      </word>
      <word id="c03-007e-08-03" tag="NN" text="story">
        <cmp x="905" y="2196" width="244" height="147" />
      </word>
      <word id="c03-007e-08-04" tag="." text=".">
        <cmp x="1158" y="2268" width="15" height="22" />
      </word>
      <upper-contour>
        <point x="289" y="2155" />
        <point x="1174" y="2155" />
      </upper-contour>
    </line>
  </handwritten-part>
</form>

