<?xml version="1.0" encoding="ISO-8859-1"?>

<!DOCTYPE form SYSTEM 'http://www.iam.unibe.ch/~fki/iamdb/form-metadata.dtd'>

<form created="2002-01-16" height="3542" id="c03-096b" last-modified="2002-07-17" skew="94" status="final" version="3.0_beta" width="2479" writer-id="151">
  <machine-printed-part>
    <machine-print-line text="Only Mr. Lucas&apos;s actions, therefore, arose explicably from appreciable motives. The" />
    <machine-print-line text="rest, one feels, were driven to effective action by the author in spite of the ineffectuality" />
    <machine-print-line text="with which he had endowed them. One hopes that he is not asking us to believe that," />
    <machine-print-line text="because of their odd accents, they act oddly like the queer foreigners of tradition." />
  </machine-printed-part>
  <handwritten-part>
    <line ass="82" asx="0" asy="740" character-width="999" dss="82" dsx="0" dsy="893" fd0="14223" fd1="3200" fd2="322" filter-width="4" id="c03-096b-00" lbs="123" lbx="0" lby="847" segmentation="ok" slant="70000" stroke-width="5761" threshold="155" text="Only Mr. Lucas&apos;s actions, therefore, arose" ubs="1" ubx="0" uby="820">
      <word id="c03-096b-00-00" sentence-start="yes" tag="RB" text="Only">
        <cmp x="340" y="740" width="186" height="154" />
      </word>
      <word id="c03-096b-00-01" tag="NPT" text="Mr.">
        <cmp x="579" y="778" width="115" height="75" />
        <cmp x="707" y="838" width="6" height="5" />
      </word>
      <word id="c03-096b-00-02" tag="NP$" text="Lucas&apos;s">
        <cmp x="773" y="763" width="169" height="93" />
        <cmp x="969" y="764" width="5" height="15" />
        <cmp x="989" y="816" width="24" height="23" />
      </word>
      <word id="c03-096b-00-03" tag="NNS" text="actions">
        <cmp x="1067" y="765" width="233" height="80" />
        <cmp x="1252" y="768" width="6" height="8" />
      </word>
      <word id="c03-096b-00-04" tag="," text=",">
        <cmp x="1345" y="836" width="17" height="23" />
      </word>
      <word id="c03-096b-00-05" tag="RB" text="therefore">
        <cmp x="1385" y="772" width="275" height="92" />
      </word>
      <word id="c03-096b-00-06" tag="," text=",">
        <cmp x="1687" y="830" width="15" height="26" />
      </word>
      <word id="c03-096b-00-07" tag="VBD" text="arose">
        <cmp x="1732" y="816" width="171" height="31" />
      </word>
      <lower-contour>
        <point x="341" y="893" />
        <point x="1904" y="893" />
      </lower-contour>
    </line>
    <line ass="801" asx="0" asy="956" character-width="999" dss="801" dsx="0" dsy="1070" fd0="14123" fd1="2901" fd2="-694" filter-width="4" id="c03-096b-01" lbs="894" lbx="0" lby="1044" segmentation="err" slant="64000" stroke-width="5804" threshold="154" text="explicably from appreciable motives. The" ubs="615" ubx="0" uby="1014">
      <word id="c03-096b-01-00" tag="RB" text="explicably">
        <cmp x="343" y="962" width="343" height="99" />
        <cmp x="536" y="963" width="7" height="6" />
      </word>
      <word id="c03-096b-01-01" tag="IN" text="from">
        <cmp x="737" y="952" width="163" height="93" />
      </word>
      <word id="c03-096b-01-02" tag="JJ" text="appreciable">
        <cmp x="953" y="957" width="384" height="101" />
        <cmp x="1060" y="1034" width="4" height="4" />
        <cmp x="1222" y="941" width="13" height="11" />
      </word>
      <word id="c03-096b-01-03" tag="NNS" text="motives">
        <cmp x="1375" y="953" width="276" height="71" />
        <cmp x="1612" y="935" width="4" height="4" />
      </word>
      <word id="c03-096b-01-04" tag="." text=".">
        <cmp x="1699" y="1018" width="6" height="6" />
      </word>
      <word id="c03-096b-01-05" sentence-start="yes" tag="ATI" text="The">
        <cmp x="1771" y="937" width="100" height="85" />
        <cmp x="1881" y="943" width="104" height="81" />
      </word>
      <upper-contour>
        <point x="341" y="893" />
        <point x="1904" y="893" />
      </upper-contour>
      <lower-contour>
        <point x="341" y="1060" />
        <point x="1986" y="1060" />
      </lower-contour>
    </line>
    <line ass="247" asx="0" asy="1120" character-width="999" dss="247" dsx="0" dsy="1235" fd0="14263" fd1="3185" fd2="-244" filter-width="4" id="c03-096b-02" lbs="254" lbx="0" lby="1210" segmentation="ok" slant="55000" stroke-width="5785" threshold="155" text="rest, one feels, were driven to effective action" ubs="233" ubx="0" uby="1183">
      <word id="c03-096b-02-00" tag="NN" text="rest">
        <cmp x="338" y="1137" width="134" height="71" />
      </word>
      <word id="c03-096b-02-01" tag="," text=",">
        <cmp x="483" y="1201" width="10" height="23" />
      </word>
      <word id="c03-096b-02-02" tag="CD1" text="one">
        <cmp x="534" y="1176" width="108" height="29" />
      </word>
      <word id="c03-096b-02-03" tag="VBZ" text="feels">
        <cmp x="678" y="1117" width="167" height="114" />
      </word>
      <word id="c03-096b-02-04" tag="," text=",">
        <cmp x="863" y="1195" width="16" height="25" />
      </word>
      <word id="c03-096b-02-05" tag="BED" text="were">
        <cmp x="924" y="1169" width="146" height="34" />
      </word>
      <word id="c03-096b-02-06" tag="VBN" text="driven">
        <cmp x="1124" y="1141" width="232" height="62" />
        <cmp x="1283" y="1130" width="10" height="7" />
      </word>
      <word id="c03-096b-02-07" tag="IN" text="to">
        <cmp x="1403" y="1137" width="88" height="69" />
      </word>
      <word id="c03-096b-02-08" tag="JJ" text="effective">
        <cmp x="1518" y="1127" width="147" height="103" />
        <cmp x="1607" y="1129" width="251" height="78" />
        <cmp x="1832" y="1124" width="13" height="8" />
      </word>
      <word id="c03-096b-02-09" tag="NN" text="action">
        <cmp x="1907" y="1123" width="220" height="85" />
        <cmp x="2122" y="1132" width="12" height="8" />
      </word>
      <upper-contour>
        <point x="341" y="1060" />
        <point x="1986" y="1060" />
      </upper-contour>
      <lower-contour>
        <point x="348" y="1231" />
        <point x="1998" y="1231" />
      </lower-contour>
    </line>
    <line ass="-10" asx="0" asy="1295" character-width="999" dss="-10" dsx="0" dsy="1433" fd0="14507" fd1="2966" fd2="-777" filter-width="4" id="c03-096b-03" lbs="37" lbx="0" lby="1384" segmentation="ok" slant="59999" stroke-width="5901" threshold="153" text="by the author in spite of the ineffectuality" ubs="-105" ubx="0" uby="1354">
      <word id="c03-096b-03-00" tag="IN" text="by">
        <cmp x="350" y="1316" width="107" height="119" />
      </word>
      <word id="c03-096b-03-01" tag="ATI" text="the">
        <cmp x="476" y="1312" width="96" height="73" />
      </word>
      <word id="c03-096b-03-02" tag="NN" text="author">
        <cmp x="614" y="1317" width="169" height="70" />
      </word>
      <word id="c03-096b-03-03" tag="IN31" text="in">
        <cmp x="835" y="1355" width="78" height="28" />
        <cmp x="894" y="1320" width="8" height="9" />
      </word>
      <word id="c03-096b-03-04" tag="IN32" text="spite">
        <cmp x="950" y="1312" width="179" height="100" />
        <cmp x="1072" y="1299" width="15" height="13" />
      </word>
      <word id="c03-096b-03-05" tag="IN33" text="of">
        <cmp x="1193" y="1297" width="91" height="108" />
      </word>
      <word id="c03-096b-03-06" tag="ATI" text="the">
        <cmp x="1294" y="1319" width="92" height="71" />
      </word>
      <word id="c03-096b-03-07" tag="NN" text="ineffectuality">
        <cmp x="1429" y="1297" width="568" height="118" />
        <cmp x="1497" y="1297" width="7" height="15" />
        <cmp x="1946" y="1297" width="11" height="10" />
      </word>
      <upper-contour>
        <point x="348" y="1231" />
        <point x="1998" y="1231" />
      </upper-contour>
      <lower-contour>
        <point x="348" y="1434" />
        <point x="1998" y="1434" />
      </lower-contour>
    </line>
    <line ass="208" asx="0" asy="1474" character-width="999" dss="208" dsx="0" dsy="1603" fd0="14130" fd1="2854" fd2="-663" filter-width="4" id="c03-096b-04" lbs="291" lbx="0" lby="1563" segmentation="ok" slant="58000" stroke-width="5788" threshold="151" text="with which he had endowed them. One hopes" ubs="43" ubx="0" uby="1534">
      <word id="c03-096b-04-00" tag="IN" text="with">
        <cmp x="342" y="1473" width="194" height="99" />
        <cmp x="456" y="1474" width="22" height="11" />
      </word>
      <word id="c03-096b-04-01" tag="WDT" text="which">
        <cmp x="570" y="1477" width="220" height="87" />
        <cmp x="719" y="1473" width="12" height="7" />
      </word>
      <word id="c03-096b-04-02" tag="PP3A" text="he">
        <cmp x="835" y="1484" width="75" height="78" />
      </word>
      <word id="c03-096b-04-03" tag="HVD" text="had">
        <cmp x="948" y="1488" width="154" height="76" />
      </word>
      <word id="c03-096b-04-04" tag="VBN" text="endowed">
        <cmp x="1123" y="1487" width="343" height="76" />
      </word>
      <word id="c03-096b-04-05" tag="PP3OS" text="them">
        <cmp x="1488" y="1484" width="148" height="75" />
      </word>
      <word id="c03-096b-04-06" tag="." text=".">
        <cmp x="1657" y="1554" width="5" height="5" />
      </word>
      <word id="c03-096b-04-07" sentence-start="yes" tag="CD1" text="One">
        <cmp x="1714" y="1496" width="76" height="57" />
        <cmp x="1759" y="1535" width="90" height="19" />
      </word>
      <word id="c03-096b-04-08" tag="VBZ" text="hopes">
        <cmp x="1887" y="1485" width="173" height="111" />
      </word>
      <upper-contour>
        <point x="348" y="1434" />
        <point x="1998" y="1434" />
      </upper-contour>
      <lower-contour>
        <point x="351" y="1598" />
        <point x="2016" y="1598" />
      </lower-contour>
    </line>
    <line ass="103" asx="0" asy="1663" character-width="999" dss="103" dsx="0" dsy="1785" fd0="14145" fd1="2822" fd2="-337" filter-width="4" id="c03-096b-05" lbs="78" lbx="0" lby="1739" segmentation="ok" slant="64000" stroke-width="5959" threshold="151" text="that he is not asking us to believe that," ubs="154" ubx="0" uby="1715">
      <word id="c03-096b-05-00" tag="CS" text="that">
        <cmp x="353" y="1662" width="167" height="83" />
      </word>
      <word id="c03-096b-05-01" tag="PP3A" text="he">
        <cmp x="528" y="1668" width="74" height="78" />
      </word>
      <word id="c03-096b-05-02" tag="BEZ" text="is">
        <cmp x="649" y="1712" width="65" height="30" />
        <cmp x="690" y="1668" width="6" height="11" />
      </word>
      <word id="c03-096b-05-03" tag="XNOT" text="not">
        <cmp x="753" y="1662" width="157" height="79" />
      </word>
      <word id="c03-096b-05-04" tag="VBG" text="asking">
        <cmp x="935" y="1676" width="224" height="108" />
        <cmp x="1122" y="1671" width="11" height="7" />
      </word>
      <word id="c03-096b-05-05" tag="PP1OS" text="us">
        <cmp x="1228" y="1706" width="101" height="34" />
      </word>
      <word id="c03-096b-05-06" tag="TO" text="to">
        <cmp x="1364" y="1678" width="72" height="69" />
      </word>
      <word id="c03-096b-05-07" tag="VB" text="believe">
        <cmp x="1504" y="1679" width="258" height="67" />
        <cmp x="1707" y="1662" width="16" height="11" />
      </word>
      <word id="c03-096b-05-08" tag="CS" text="that">
        <cmp x="1820" y="1672" width="186" height="80" />
      </word>
      <word id="c03-096b-05-09" tag="," text=",">
        <cmp x="1986" y="1730" width="29" height="44" />
      </word>
      <upper-contour>
        <point x="351" y="1598" />
        <point x="2016" y="1598" />
      </upper-contour>
      <lower-contour>
        <point x="355" y="1784" />
        <point x="2016" y="1784" />
      </lower-contour>
    </line>
    <line ass="-303" asx="0" asy="1837" character-width="999" dss="-303" dsx="0" dsy="1951" fd0="14455" fd1="3059" fd2="-653" filter-width="4" id="c03-096b-06" lbs="-282" lbx="0" lby="1917" segmentation="ok" slant="52000" stroke-width="5943" threshold="153" text="because of their odd accents, they act oddly" ubs="-345" ubx="0" uby="1889">
      <word id="c03-096b-06-00" tag="IN21" text="because">
        <cmp x="357" y="1843" width="261" height="80" />
      </word>
      <word id="c03-096b-06-01" tag="IN22" text="of">
        <cmp x="673" y="1843" width="94" height="107" />
      </word>
      <word id="c03-096b-06-02" tag="PP$" text="their">
        <cmp x="794" y="1847" width="173" height="81" />
        <cmp x="950" y="1855" width="11" height="8" />
      </word>
      <word id="c03-096b-06-03" tag="JJ" text="odd">
        <cmp x="1028" y="1858" width="164" height="72" />
        <cmp x="1070" y="1851" width="5" height="4" />
      </word>
      <word id="c03-096b-06-04" tag="NNS" text="accents">
        <cmp x="1215" y="1851" width="294" height="75" />
      </word>
      <word id="c03-096b-06-05" tag="," text=",">
        <cmp x="1537" y="1913" width="10" height="16" />
      </word>
      <word id="c03-096b-06-06" tag="PP3AS" text="they">
        <cmp x="1574" y="1854" width="143" height="107" />
      </word>
      <word id="c03-096b-06-07" tag="VB" text="act">
        <cmp x="1765" y="1849" width="146" height="74" />
      </word>
      <word id="c03-096b-06-08" tag="RB" text="oddly">
        <cmp x="1936" y="1847" width="243" height="109" />
      </word>
      <upper-contour>
        <point x="355" y="1784" />
        <point x="2016" y="1784" />
      </upper-contour>
      <lower-contour>
        <point x="365" y="1961" />
        <point x="1885" y="1961" />
      </lower-contour>
    </line>
    <line ass="482" asx="0" asy="2018" character-width="999" dss="482" dsx="0" dsy="2161" fd0="14032" fd1="2786" fd2="-485" filter-width="4" id="c03-096b-07" lbs="540" lbx="0" lby="2112" segmentation="ok" slant="54000" stroke-width="6054" threshold="154" text="like the queer foreigners of tradition." ubs="364" ubx="0" uby="2083">
      <word id="c03-096b-07-00" tag="IN" text="like">
        <cmp x="367" y="2021" width="129" height="88" />
        <cmp x="438" y="2018" width="10" height="11" />
      </word>
      <word id="c03-096b-07-01" tag="ATI" text="the">
        <cmp x="539" y="2028" width="101" height="76" />
      </word>
      <word id="c03-096b-07-02" tag="JJ" text="queer">
        <cmp x="691" y="2069" width="202" height="79" />
      </word>
      <word id="c03-096b-07-03" tag="NNS" text="foreigners">
        <cmp x="943" y="2041" width="354" height="112" />
        <cmp x="1203" y="2009" width="10" height="7" />
      </word>
      <word id="c03-096b-07-04" tag="INO" text="of">
        <cmp x="1355" y="2023" width="104" height="104" />
      </word>
      <word id="c03-096b-07-05" tag="NN" text="tradition">
        <cmp x="1483" y="2031" width="358" height="72" />
        <cmp x="1714" y="2022" width="16" height="11" />
        <cmp x="1832" y="2029" width="9" height="10" />
      </word>
      <word id="c03-096b-07-06" tag="." text=".">
        <cmp x="1879" y="2090" width="6" height="7" />
      </word>
      <upper-contour>
        <point x="365" y="1961" />
        <point x="1885" y="1961" />
      </upper-contour>
    </line>
  </handwritten-part>
</form>

