<?xml version="1.0" encoding="ISO-8859-1"?>

<!DOCTYPE form SYSTEM 'http://www.iam.unibe.ch/~fki/iamdb/form-metadata.dtd'>

<form created="2002-01-16" height="3542" id="c03-000c" last-modified="2002-07-17" skew="252" status="final" version="3.0_beta" width="2479" writer-id="152">
  <machine-printed-part>
    <machine-print-line text="The film version of Miss Shelagh Delaney&apos;s play A Taste of Honey opens at the" />
    <machine-print-line text="Leicester Square Theatre tomorrow. It has been produced and directed by Mr. Tony" />
    <machine-print-line text="Richardson, who is also part-author with Miss Delaney of the script, and the great" />
    <machine-print-line text="advantages to be derived from this unity of conception and control are everywhere" />
    <machine-print-line text="apparent." />
  </machine-printed-part>
  <handwritten-part>
    <line ass="-65" asx="0" asy="748" character-width="999" dss="-65" dsx="0" dsy="905" fd0="13497" fd1="2177" fd2="-1975" filter-width="3" id="c03-000c-00" lbs="-99" lbx="0" lby="820" segmentation="ok" slant="71000" stroke-width="5433" threshold="185" text="The film version of Miss Shelagh Delaney&apos;s play" ubs="2" ubx="0" uby="779">
      <word id="c03-000c-00-00" sentence-start="yes" tag="ATI" text="The">
        <cmp x="314" y="750" width="111" height="78" />
        <cmp x="325" y="773" width="17" height="54" />
      </word>
      <word id="c03-000c-00-01" tag="NN" text="film">
        <cmp x="481" y="752" width="54" height="110" />
        <cmp x="533" y="765" width="6" height="7" />
        <cmp x="539" y="755" width="97" height="73" />
      </word>
      <word id="c03-000c-00-02" tag="NN" text="version">
        <cmp x="738" y="782" width="135" height="52" />
        <cmp x="868" y="773" width="7" height="6" />
        <cmp x="880" y="778" width="30" height="51" />
        <cmp x="916" y="783" width="43" height="52" />
      </word>
      <word id="c03-000c-00-03" tag="INO" text="of">
        <cmp x="1024" y="754" width="73" height="101" />
      </word>
      <word id="c03-000c-00-04" tag="NPT" text="Miss">
        <cmp x="1174" y="758" width="68" height="65" />
        <cmp x="1240" y="781" width="12" height="38" />
        <cmp x="1247" y="777" width="77" height="53" />
        <cmp x="1251" y="765" width="4" height="8" />
      </word>
      <word id="c03-000c-00-05" tag="NP" text="Shelagh">
        <cmp x="1399" y="750" width="216" height="76" />
        <cmp x="1612" y="765" width="109" height="127" />
      </word>
      <word id="c03-000c-00-06" tag="NP$" text="Delaney&apos;s">
        <cmp x="1787" y="757" width="48" height="72" />
        <cmp x="1832" y="778" width="40" height="52" />
        <cmp x="1883" y="755" width="40" height="71" />
        <cmp x="1924" y="775" width="87" height="50" />
        <cmp x="2006" y="778" width="88" height="131" />
        <cmp x="2112" y="763" width="5" height="14" />
        <cmp x="2105" y="788" width="42" height="42" />
      </word>
      <word id="c03-000c-00-07" tag="NN" text="play">
        <cmp x="2204" y="782" width="53" height="86" />
        <cmp x="2221" y="790" width="4" height="5" />
        <cmp x="2261" y="765" width="112" height="123" />
      </word>
      <lower-contour>
        <point x="312" y="912" />
        <point x="2274" y="912" />
      </lower-contour>
    </line>
    <line ass="319" asx="0" asy="939" character-width="999" dss="319" dsx="0" dsy="1091" fd0="13642" fd1="2150" fd2="-1845" filter-width="3" id="c03-000c-01" lbs="388" lbx="0" lby="1015" segmentation="ok" slant="70000" stroke-width="5440" threshold="185" text="A Taste of Honey opens at the Leicester Square" ubs="179" ubx="0" uby="967">
      <word id="c03-000c-01-00" tag="AT" text="A">
        <cmp x="279" y="936" width="50" height="82" />
      </word>
      <word id="c03-000c-01-01" tag="NN" text="Taste">
        <cmp x="397" y="949" width="33" height="73" />
        <cmp x="399" y="937" width="60" height="12" />
        <cmp x="429" y="952" width="52" height="64" />
        <cmp x="480" y="955" width="73" height="60" />
        <cmp x="539" y="970" width="34" height="46" />
      </word>
      <word id="c03-000c-01-02" tag="INO" text="of">
        <cmp x="645" y="935" width="85" height="101" />
      </word>
      <word id="c03-000c-01-03" tag="NN" text="Honey">
        <cmp x="794" y="935" width="58" height="73" />
        <cmp x="847" y="955" width="28" height="46" />
        <cmp x="874" y="957" width="20" height="45" />
        <cmp x="893" y="963" width="29" height="39" />
        <cmp x="919" y="960" width="88" height="127" />
      </word>
      <word id="c03-000c-01-04" tag="VBZ" text="opens">
        <cmp x="1101" y="968" width="30" height="44" />
        <cmp x="1124" y="966" width="52" height="73" />
        <cmp x="1181" y="966" width="115" height="48" />
      </word>
      <word id="c03-000c-01-05" tag="IN" text="at">
        <cmp x="1383" y="951" width="62" height="53" />
      </word>
      <word id="c03-000c-01-06" tag="ATI" text="the">
        <cmp x="1499" y="937" width="98" height="64" />
      </word>
      <word id="c03-000c-01-07" tag="NP" text="Leicester">
        <cmp x="1683" y="938" width="96" height="73" />
        <cmp x="1780" y="956" width="187" height="62" />
        <cmp x="1783" y="948" width="7" height="7" />
        <cmp x="1801" y="962" width="12" height="14" />
      </word>
      <word id="c03-000c-01-08" tag="NPL" text="Square">
        <cmp x="2034" y="935" width="71" height="74" />
        <cmp x="2085" y="954" width="188" height="98" />
      </word>
      <upper-contour>
        <point x="312" y="912" />
        <point x="2274" y="912" />
      </upper-contour>
      <lower-contour>
        <point x="277" y="1086" />
        <point x="2258" y="1086" />
      </lower-contour>
    </line>
    <line ass="-561" asx="0" asy="1097" character-width="999" dss="-561" dsx="0" dsy="1213" fd0="13813" fd1="2430" fd2="-1852" filter-width="3" id="c03-000c-02" lbs="-570" lbx="0" lby="1172" segmentation="ok" slant="71000" stroke-width="5466" threshold="184" text="Theatre tomorrow. It has been produced and" ubs="-543" ubx="0" uby="1125">
      <word id="c03-000c-02-00" tag="NPL" text="Theatre">
        <cmp x="264" y="1106" width="81" height="68" />
        <cmp x="348" y="1110" width="128" height="68" />
        <cmp x="472" y="1129" width="64" height="45" />
      </word>
      <word id="c03-000c-02-01" tag="NR" text="tomorrow">
        <cmp x="627" y="1114" width="37" height="62" />
        <cmp x="667" y="1131" width="31" height="50" />
        <cmp x="704" y="1132" width="67" height="47" />
        <cmp x="776" y="1130" width="104" height="56" />
        <cmp x="873" y="1135" width="38" height="53" />
        <cmp x="901" y="1134" width="79" height="63" />
      </word>
      <word id="c03-000c-02-02" tag="." text=".">
        <cmp x="996" y="1177" width="5" height="5" />
      </word>
      <word id="c03-000c-02-03" sentence-start="yes" tag="PP3" text="It">
        <cmp x="1081" y="1116" width="66" height="66" />
      </word>
      <word id="c03-000c-02-04" tag="HVZ" text="has">
        <cmp x="1200" y="1109" width="82" height="82" />
        <cmp x="1282" y="1139" width="38" height="50" />
        <cmp x="1322" y="1148" width="30" height="44" />
      </word>
      <word id="c03-000c-02-05" tag="BEN" text="been">
        <cmp x="1428" y="1124" width="47" height="63" />
        <cmp x="1480" y="1137" width="126" height="56" />
      </word>
      <word id="c03-000c-02-06" tag="VBN" text="produced">
        <cmp x="1688" y="1142" width="59" height="90" />
        <cmp x="1747" y="1142" width="35" height="43" />
        <cmp x="1766" y="1141" width="38" height="49" />
        <cmp x="1810" y="1120" width="97" height="76" />
        <cmp x="1918" y="1119" width="116" height="69" />
      </word>
      <word id="c03-000c-02-07" tag="CC" text="and">
        <cmp x="2095" y="1145" width="98" height="53" />
        <cmp x="2192" y="1127" width="66" height="66" />
      </word>
      <upper-contour>
        <point x="277" y="1086" />
        <point x="2258" y="1086" />
      </upper-contour>
      <lower-contour>
        <point x="262" y="1233" />
        <point x="2258" y="1233" />
      </lower-contour>
    </line>
    <line ass="-219" asx="0" asy="1273" character-width="999" dss="-219" dsx="0" dsy="1439" fd0="13582" fd1="2337" fd2="-1788" filter-width="3" id="c03-000c-03" lbs="-232" lbx="0" lby="1358" segmentation="ok" slant="72000" stroke-width="5412" threshold="183" text="directed by Mr. Tony Richardson, who is also part-" ubs="-191" ubx="0" uby="1315">
      <word id="c03-000c-03-00" tag="VBN" text="directed">
        <cmp x="256" y="1299" width="71" height="71" />
        <cmp x="327" y="1306" width="6" height="8" />
        <cmp x="337" y="1316" width="58" height="47" />
        <cmp x="394" y="1315" width="35" height="44" />
        <cmp x="428" y="1345" width="4" height="4" />
        <cmp x="434" y="1299" width="51" height="60" />
        <cmp x="484" y="1299" width="54" height="68" />
      </word>
      <word id="c03-000c-03-01" tag="IN" text="by">
        <cmp x="646" y="1293" width="41" height="76" />
        <cmp x="685" y="1315" width="49" height="121" />
      </word>
      <word id="c03-000c-03-02" tag="NPT" text="Mr.">
        <cmp x="814" y="1287" width="65" height="73" />
        <cmp x="878" y="1306" width="39" height="49" />
        <cmp x="936" y="1352" width="9" height="8" />
      </word>
      <word id="c03-000c-03-03" tag="NP" text="Tony">
        <cmp x="999" y="1285" width="68" height="18" />
        <cmp x="1014" y="1302" width="23" height="70" />
        <cmp x="1038" y="1311" width="33" height="55" />
        <cmp x="1077" y="1317" width="46" height="45" />
        <cmp x="1121" y="1317" width="48" height="127" />
      </word>
      <word id="c03-000c-03-04" tag="NP" text="Richardson">
        <cmp x="1247" y="1279" width="46" height="82" />
        <cmp x="1294" y="1297" width="79" height="72" />
        <cmp x="1296" y="1297" width="5" height="8" />
        <cmp x="1374" y="1315" width="71" height="59" />
        <cmp x="1444" y="1308" width="52" height="66" />
        <cmp x="1490" y="1326" width="36" height="44" />
        <cmp x="1520" y="1325" width="32" height="52" />
        <cmp x="1549" y="1325" width="25" height="50" />
        <cmp x="1568" y="1328" width="56" height="48" />
      </word>
      <word id="c03-000c-03-05" tag="," text=",">
        <cmp x="1654" y="1365" width="25" height="55" />
      </word>
      <word id="c03-000c-03-06" tag="WP" text="who">
        <cmp x="1714" y="1298" width="107" height="76" />
        <cmp x="1821" y="1325" width="38" height="47" />
      </word>
      <word id="c03-000c-03-07" tag="BEZ" text="is">
        <cmp x="1934" y="1322" width="40" height="45" />
        <cmp x="1970" y="1321" width="38" height="43" />
        <cmp x="1973" y="1304" width="4" height="8" />
      </word>
      <word id="c03-000c-03-08" tag="RB" text="also">
        <cmp x="2066" y="1301" width="80" height="72" />
        <cmp x="2142" y="1324" width="31" height="43" />
        <cmp x="2174" y="1321" width="34" height="47" />
      </word>
      <word id="c03-000c-03-09" tag="NN--" text="part-">
        <cmp x="2244" y="1297" width="144" height="110" />
        <cmp x="2406" y="1337" width="36" height="8" />
      </word>
      <upper-contour>
        <point x="262" y="1233" />
        <point x="2258" y="1233" />
      </upper-contour>
      <lower-contour>
        <point x="254" y="1444" />
        <point x="2301" y="1444" />
      </lower-contour>
    </line>
    <line ass="-341" asx="0" asy="1459" character-width="999" dss="-341" dsx="0" dsy="1615" fd0="13870" fd1="2525" fd2="-1601" filter-width="3" id="c03-000c-04" lbs="-380" lbx="0" lby="1535" segmentation="ok" slant="70000" stroke-width="5406" threshold="182" text="author with Miss Delaney of the script, and" ubs="-261" ubx="0" uby="1492">
      <word id="c03-000c-04-00" tag="-NN" text="author">
        <cmp x="255" y="1488" width="51" height="63" />
        <cmp x="306" y="1500" width="53" height="45" />
        <cmp x="369" y="1481" width="33" height="58" />
        <cmp x="406" y="1477" width="17" height="54" />
        <cmp x="423" y="1496" width="19" height="42" />
        <cmp x="445" y="1489" width="66" height="52" />
      </word>
      <word id="c03-000c-04-01" tag="IN" text="with">
        <cmp x="598" y="1488" width="107" height="71" />
        <cmp x="700" y="1471" width="9" height="8" />
        <cmp x="704" y="1464" width="85" height="79" />
      </word>
      <word id="c03-000c-04-02" tag="NPT" text="Miss">
        <cmp x="896" y="1478" width="68" height="62" />
        <cmp x="958" y="1494" width="76" height="50" />
        <cmp x="977" y="1475" width="6" height="5" />
      </word>
      <word id="c03-000c-04-03" tag="NP" text="Delaney">
        <cmp x="1134" y="1479" width="52" height="67" />
        <cmp x="1195" y="1489" width="40" height="56" />
        <cmp x="1227" y="1484" width="45" height="68" />
        <cmp x="1264" y="1502" width="86" height="53" />
        <cmp x="1348" y="1509" width="80" height="116" />
      </word>
      <word id="c03-000c-04-04" tag="INO" text="of">
        <cmp x="1507" y="1480" width="75" height="101" />
      </word>
      <word id="c03-000c-04-05" tag="ATI" text="the">
        <cmp x="1644" y="1474" width="109" height="77" />
      </word>
      <word id="c03-000c-04-06" tag="NN" text="script">
        <cmp x="1824" y="1501" width="57" height="55" />
        <cmp x="1888" y="1499" width="82" height="46" />
        <cmp x="1911" y="1496" width="4" height="3" />
        <cmp x="1961" y="1482" width="79" height="99" />
        <cmp x="1964" y="1483" width="4" height="7" />
      </word>
      <word id="c03-000c-04-07" tag="," text=",">
        <cmp x="2066" y="1534" width="19" height="47" />
      </word>
      <word id="c03-000c-04-08" tag="CC" text="and">
        <cmp x="2151" y="1496" width="66" height="50" />
        <cmp x="2218" y="1504" width="21" height="39" />
        <cmp x="2245" y="1486" width="55" height="62" />
      </word>
      <upper-contour>
        <point x="254" y="1444" />
        <point x="2301" y="1444" />
      </upper-contour>
      <lower-contour>
        <point x="255" y="1625" />
        <point x="2240" y="1625" />
      </lower-contour>
    </line>
    <line ass="-169" asx="0" asy="1639" character-width="999" dss="-169" dsx="0" dsy="1800" fd0="13687" fd1="2060" fd2="-2074" filter-width="3" id="c03-000c-05" lbs="-171" lbx="0" lby="1723" segmentation="ok" slant="70000" stroke-width="5468" threshold="182" text="the great advantages to be derived from this" ubs="-166" ubx="0" uby="1672">
      <word id="c03-000c-05-00" tag="ATI" text="the">
        <cmp x="257" y="1655" width="112" height="73" />
      </word>
      <word id="c03-000c-05-01" tag="JJ" text="great">
        <cmp x="448" y="1663" width="180" height="138" />
      </word>
      <word id="c03-000c-05-02" tag="NNS" text="advantages">
        <cmp x="710" y="1665" width="46" height="60" />
        <cmp x="759" y="1655" width="58" height="68" />
        <cmp x="825" y="1671" width="39" height="51" />
        <cmp x="860" y="1673" width="86" height="54" />
        <cmp x="952" y="1660" width="31" height="65" />
        <cmp x="972" y="1675" width="148" height="117" />
      </word>
      <word id="c03-000c-05-03" tag="TO" text="to">
        <cmp x="1217" y="1658" width="61" height="70" />
      </word>
      <word id="c03-000c-05-04" tag="BE" text="be">
        <cmp x="1342" y="1660" width="51" height="71" />
        <cmp x="1397" y="1677" width="32" height="52" />
      </word>
      <word id="c03-000c-05-05" tag="VBN" text="derived">
        <cmp x="1532" y="1661" width="143" height="74" />
        <cmp x="1674" y="1665" width="5" height="6" />
        <cmp x="1682" y="1660" width="119" height="73" />
      </word>
      <word id="c03-000c-05-06" tag="IN" text="from">
        <cmp x="1888" y="1645" width="78" height="123" />
        <cmp x="1949" y="1675" width="35" height="52" />
        <cmp x="1982" y="1682" width="63" height="46" />
      </word>
      <word id="c03-000c-05-07" tag="DT" text="this">
        <cmp x="2110" y="1662" width="129" height="67" />
        <cmp x="2200" y="1662" width="5" height="5" />
      </word>
      <upper-contour>
        <point x="255" y="1625" />
        <point x="2240" y="1625" />
      </upper-contour>
      <lower-contour>
        <point x="255" y="1800" />
        <point x="2240" y="1800" />
      </lower-contour>
    </line>
    <line ass="76" asx="0" asy="1833" character-width="999" dss="76" dsx="0" dsy="1987" fd0="13827" fd1="2423" fd2="-1930" filter-width="3" id="c03-000c-06" lbs="99" lbx="0" lby="1911" segmentation="ok" slant="70000" stroke-width="5507" threshold="183" text="unity of conception and control are everywhere" ubs="28" ubx="0" uby="1861">
      <word id="c03-000c-06-00" tag="NN" text="unity">
        <cmp x="242" y="1861" width="109" height="61" />
        <cmp x="357" y="1866" width="13" height="35" />
        <cmp x="367" y="1845" width="9" height="7" />
        <cmp x="381" y="1843" width="28" height="57" />
        <cmp x="392" y="1865" width="54" height="121" />
      </word>
      <word id="c03-000c-06-01" tag="INO" text="of">
        <cmp x="556" y="1833" width="74" height="104" />
      </word>
      <word id="c03-000c-06-02" tag="NN" text="conception">
        <cmp x="725" y="1850" width="66" height="56" />
        <cmp x="790" y="1857" width="45" height="48" />
        <cmp x="835" y="1861" width="109" height="87" />
        <cmp x="946" y="1850" width="38" height="52" />
        <cmp x="985" y="1844" width="6" height="6" />
        <cmp x="988" y="1860" width="33" height="51" />
        <cmp x="1023" y="1863" width="46" height="44" />
      </word>
      <word id="c03-000c-06-03" tag="CC" text="and">
        <cmp x="1142" y="1857" width="90" height="55" />
        <cmp x="1235" y="1848" width="58" height="61" />
      </word>
      <word id="c03-000c-06-04" tag="NN" text="control">
        <cmp x="1396" y="1858" width="85" height="52" />
        <cmp x="1479" y="1862" width="20" height="39" />
        <cmp x="1501" y="1846" width="53" height="55" />
        <cmp x="1545" y="1835" width="77" height="73" />
      </word>
      <word id="c03-000c-06-05" tag="BER" text="are">
        <cmp x="1720" y="1849" width="97" height="58" />
      </word>
      <word id="c03-000c-06-06" tag="RB" text="everywhere">
        <cmp x="1913" y="1846" width="183" height="120" />
        <cmp x="2087" y="1866" width="77" height="54" />
        <cmp x="2171" y="1848" width="139" height="62" />
      </word>
      <upper-contour>
        <point x="255" y="1800" />
        <point x="2240" y="1800" />
      </upper-contour>
      <lower-contour>
        <point x="285" y="1985" />
        <point x="634" y="1985" />
      </lower-contour>
    </line>
    <line ass="6266" asx="0" asy="2059" character-width="999" dss="6266" dsx="0" dsy="2163" fd0="13398" fd1="2084" fd2="-1672" filter-width="3" id="c03-000c-07" lbs="7432" lbx="0" lby="2143" segmentation="ok" slant="74000" stroke-width="5506" threshold="182" text="apparent." ubs="3934" ubx="0" uby="2070">
      <word id="c03-000c-07-00" tag="JJ" text="apparent">
        <cmp x="287" y="2031" width="87" height="99" />
        <cmp x="369" y="2037" width="52" height="76" />
        <cmp x="429" y="2018" width="199" height="63" />
      </word>
      <word id="c03-000c-07-01" tag="." text=".">
        <cmp x="627" y="2069" width="7" height="5" />
      </word>
      <upper-contour>
        <point x="285" y="1985" />
        <point x="634" y="1985" />
      </upper-contour>
    </line>
  </handwritten-part>
</form>

