<?xml version="1.0" encoding="ISO-8859-1"?>

<!DOCTYPE form SYSTEM 'http://www.iam.unibe.ch/~fki/iamdb/form-metadata.dtd'>

<form created="2002-01-16" height="3542" id="c03-094e" last-modified="2002-07-17" skew="348" status="final" version="3.0_beta" width="2479" writer-id="154">
  <machine-printed-part>
    <machine-print-line text="Mr. William Lucas (Morris) is always insensitively pushing, Miss Sheila Allen his wife," />
    <machine-print-line text="always palely appealing, Mr. James Maxwell, the editor, always comically abashed by" />
    <machine-print-line text="the events, and Mr. Aubrey Richards, the father-in-law, always comically grotesque;" />
    <machine-print-line text="they were not asked to modulate from their set moods but played with proper effi-" />
    <machine-print-line text="ciency and, in the case of Mr. Richards, with lavish and suitably gaudy colour." />
  </machine-printed-part>
  <handwritten-part>
    <line ass="-556" asx="0" asy="743" character-width="999" dss="-556" dsx="0" dsy="877" fd0="13901" fd1="2447" fd2="-1479" filter-width="4" id="c03-094e-00" lbs="-550" lbx="0" lby="829" segmentation="err" slant="65000" stroke-width="5787" threshold="179" text="Mr. William Lucas (Morris) is always insen-" ubs="-569" ubx="0" uby="790">
      <word id="c03-094e-00-00" sentence-start="yes" tag="NPT" text="Mr.">
        <cmp x="335" y="750" width="97" height="92" />
        <cmp x="428" y="824" width="8" height="11" />
      </word>
      <word id="c03-094e-00-01" tag="NP" text="William">
        <cmp x="482" y="758" width="53" height="81" />
        <cmp x="536" y="801" width="16" height="42" />
        <cmp x="557" y="751" width="100" height="91" />
        <cmp x="558" y="771" width="9" height="10" />
        <cmp x="650" y="794" width="81" height="46" />
        <cmp x="664" y="767" width="6" height="9" />
        <cmp x="731" y="813" width="45" height="22" />
      </word>
      <word id="c03-094e-00-02" tag="NP" text="Lucas">
        <cmp x="813" y="770" width="49" height="70" />
        <cmp x="862" y="794" width="60" height="43" />
        <cmp x="915" y="790" width="137" height="54" />
      </word>
      <word id="c03-094e-00-03" tag="(" text="(">
        <cmp x="1069" y="769" width="34" height="95" />
        <cmp x="1103" y="762" width="5" height="5" />
      </word>
      <word id="c03-094e-00-04" tag="NP" text="Morris">
        <cmp x="1099" y="765" width="73" height="77" />
        <cmp x="1149" y="798" width="182" height="52" />
        <cmp x="1323" y="766" width="46" height="121" />
        <cmp x="1354" y="758" width="5" height="7" />
      </word>
      <word id="c03-094e-00-05" tag=")" text=")">
        <cmp x="1385" y="805" width="58" height="38" />
        <cmp x="1411" y="771" width="6" height="6" />
      </word>
      <word id="c03-094e-00-06" tag="BEZ" text="is">
        <cmp x="1490" y="761" width="147" height="85" />
      </word>
      <word id="c03-094e-00-07" tag="RB" text="always">
        <cmp x="1631" y="794" width="146" height="101" />
      </word>
      <word id="c03-094e-00-08" tag="RB-" text="insen-">
        <cmp x="1815" y="802" width="89" height="42" />
        <cmp x="1836" y="773" width="6" height="9" />
        <cmp x="1908" y="804" width="38" height="37" />
        <cmp x="1946" y="798" width="112" height="43" />
        <cmp x="2069" y="816" width="45" height="8" />
      </word>
      <lower-contour>
        <point x="333" y="897" />
        <point x="2115" y="897" />
      </lower-contour>
    </line>
    <line ass="468" asx="0" asy="937" character-width="999" dss="468" dsx="0" dsy="1088" fd0="13909" fd1="2255" fd2="-1597" filter-width="4" id="c03-094e-01" lbs="500" lbx="0" lby="1024" segmentation="ok" slant="64000" stroke-width="5803" threshold="179" text="sitively pushing, Miss Sheila Allen his wife," ubs="403" ubx="0" uby="986">
      <word id="c03-094e-01-00" tag="-RB" text="sitively">
        <cmp x="319" y="978" width="73" height="45" />
        <cmp x="389" y="951" width="10" height="12" />
        <cmp x="392" y="933" width="75" height="83" />
        <cmp x="471" y="949" width="6" height="12" />
        <cmp x="476" y="977" width="25" height="43" />
        <cmp x="506" y="945" width="133" height="117" />
      </word>
      <word id="c03-094e-01-01" tag="JJ" text="pushing">
        <cmp x="665" y="970" width="52" height="75" />
        <cmp x="718" y="936" width="176" height="84" />
        <cmp x="880" y="959" width="4" height="7" />
        <cmp x="894" y="978" width="56" height="41" />
        <cmp x="938" y="978" width="57" height="104" />
      </word>
      <word id="c03-094e-01-02" tag="," text=",">
        <cmp x="1006" y="1005" width="19" height="41" />
        <cmp x="1021" y="999" width="6" height="6" />
      </word>
      <word id="c03-094e-01-03" tag="NPT" text="Miss">
        <cmp x="1042" y="935" width="158" height="87" />
        <cmp x="1145" y="956" width="5" height="9" />
        <cmp x="1182" y="973" width="32" height="54" />
      </word>
      <word id="c03-094e-01-04" tag="NP" text="Sheila">
        <cmp x="1277" y="931" width="60" height="94" />
        <cmp x="1315" y="941" width="56" height="81" />
        <cmp x="1346" y="933" width="4" height="8" />
        <cmp x="1376" y="977" width="78" height="48" />
        <cmp x="1447" y="939" width="95" height="84" />
        <cmp x="1460" y="957" width="7" height="6" />
      </word>
      <word id="c03-094e-01-05" tag="NP" text="Allen">
        <cmp x="1584" y="931" width="226" height="90" />
      </word>
      <word id="c03-094e-01-06" tag="PP$" text="his">
        <cmp x="1849" y="927" width="117" height="97" />
        <cmp x="1935" y="955" width="4" height="10" />
      </word>
      <word id="c03-094e-01-07" tag="NN" text="wife">
        <cmp x="2003" y="971" width="52" height="54" />
        <cmp x="2059" y="984" width="19" height="37" />
        <cmp x="2075" y="929" width="96" height="110" />
        <cmp x="2084" y="961" width="4" height="6" />
      </word>
      <word id="c03-094e-01-08" tag="," text=",">
        <cmp x="2163" y="1009" width="29" height="48" />
      </word>
      <upper-contour>
        <point x="333" y="897" />
        <point x="2115" y="897" />
      </upper-contour>
      <lower-contour>
        <point x="317" y="1081" />
        <point x="2193" y="1081" />
      </lower-contour>
    </line>
    <line ass="1" asx="0" asy="1106" character-width="999" dss="1" dsx="0" dsy="1264" fd0="13955" fd1="1985" fd2="-1984" filter-width="4" id="c03-094e-02" lbs="-90" lbx="0" lby="1198" segmentation="ok" slant="66999" stroke-width="5870" threshold="180" text="always palely appealing, Mr. James Maxwell," ubs="185" ubx="0" uby="1167">
      <word id="c03-094e-02-00" tag="RB" text="always">
        <cmp x="315" y="1110" width="135" height="94" />
        <cmp x="449" y="1149" width="165" height="107" />
      </word>
      <word id="c03-094e-02-01" tag="RB" text="palely">
        <cmp x="650" y="1146" width="66" height="84" />
        <cmp x="713" y="1122" width="247" height="128" />
      </word>
      <word id="c03-094e-02-02" tag="JJ" text="appealing">
        <cmp x="993" y="1148" width="53" height="49" />
        <cmp x="1043" y="1160" width="58" height="73" />
        <cmp x="1084" y="1155" width="69" height="82" />
        <cmp x="1154" y="1128" width="173" height="73" />
        <cmp x="1332" y="1166" width="59" height="34" />
        <cmp x="1342" y="1133" width="4" height="7" />
        <cmp x="1376" y="1160" width="62" height="106" />
      </word>
      <word id="c03-094e-02-03" tag="," text=",">
        <cmp x="1448" y="1181" width="16" height="28" />
      </word>
      <word id="c03-094e-02-04" tag="NPT" text="Mr.">
        <cmp x="1499" y="1118" width="95" height="88" />
        <cmp x="1596" y="1192" width="10" height="14" />
      </word>
      <word id="c03-094e-02-05" tag="NP" text="James">
        <cmp x="1672" y="1106" width="159" height="96" />
        <cmp x="1834" y="1150" width="85" height="50" />
      </word>
      <word id="c03-094e-02-06" tag="NP" text="Maxwell">
        <cmp x="1945" y="1112" width="72" height="85" />
        <cmp x="1989" y="1145" width="57" height="56" />
        <cmp x="2049" y="1153" width="44" height="52" />
        <cmp x="2084" y="1156" width="54" height="50" />
        <cmp x="2129" y="1127" width="114" height="87" />
      </word>
      <word id="c03-094e-02-07" tag="," text=",">
        <cmp x="2238" y="1186" width="28" height="48" />
      </word>
      <upper-contour>
        <point x="317" y="1081" />
        <point x="2193" y="1081" />
      </upper-contour>
      <lower-contour>
        <point x="313" y="1266" />
        <point x="2208" y="1266" />
      </lower-contour>
    </line>
    <line ass="238" asx="0" asy="1293" character-width="999" dss="238" dsx="0" dsy="1451" fd0="13964" fd1="2012" fd2="-1833" filter-width="4" id="c03-094e-03" lbs="263" lbx="0" lby="1379" segmentation="ok" slant="62000" stroke-width="5853" threshold="180" text="the editor, always comically abashed by" ubs="190" ubx="0" uby="1345">
      <word id="c03-094e-03-00" tag="ATI" text="the">
        <cmp x="292" y="1292" width="133" height="89" />
      </word>
      <word id="c03-094e-03-01" tag="NN" text="editor">
        <cmp x="466" y="1305" width="125" height="75" />
        <cmp x="589" y="1292" width="149" height="92" />
        <cmp x="600" y="1312" width="6" height="6" />
      </word>
      <word id="c03-094e-03-02" tag="," text=",">
        <cmp x="750" y="1356" width="18" height="45" />
      </word>
      <word id="c03-094e-03-03" tag="RB" text="always">
        <cmp x="799" y="1293" width="106" height="82" />
        <cmp x="888" y="1330" width="220" height="92" />
      </word>
      <word id="c03-094e-03-04" tag="RB" text="comically">
        <cmp x="1169" y="1336" width="84" height="43" />
        <cmp x="1197" y="1332" width="11" height="20" />
        <cmp x="1256" y="1346" width="114" height="34" />
        <cmp x="1370" y="1337" width="40" height="42" />
        <cmp x="1378" y="1317" width="6" height="9" />
        <cmp x="1401" y="1339" width="20" height="25" />
        <cmp x="1415" y="1317" width="198" height="116" />
      </word>
      <word id="c03-094e-03-05" tag="VBN" text="abashed">
        <cmp x="1656" y="1304" width="113" height="77" />
        <cmp x="1765" y="1339" width="93" height="41" />
        <cmp x="1855" y="1305" width="163" height="75" />
      </word>
      <word id="c03-094e-03-06" tag="IN" text="by">
        <cmp x="2039" y="1293" width="168" height="151" />
      </word>
      <upper-contour>
        <point x="313" y="1266" />
        <point x="2208" y="1266" />
      </upper-contour>
      <lower-contour>
        <point x="297" y="1434" />
        <point x="2115" y="1434" />
      </lower-contour>
    </line>
    <line ass="-31" asx="0" asy="1468" character-width="999" dss="-31" dsx="0" dsy="1620" fd0="13971" fd1="2079" fd2="-1768" filter-width="4" id="c03-094e-04" lbs="-2" lbx="0" lby="1556" segmentation="err" slant="63000" stroke-width="5737" threshold="177" text="the events, and Mr. Aubrey Richards, the" ubs="-90" ubx="0" uby="1519">
      <word id="c03-094e-04-00" tag="ATI" text="the">
        <cmp x="299" y="1473" width="136" height="89" />
      </word>
      <word id="c03-094e-04-01" tag="NNS" text="events">
        <cmp x="461" y="1507" width="101" height="53" />
        <cmp x="559" y="1483" width="172" height="78" />
      </word>
      <word id="c03-094e-04-02" tag="," text=",">
        <cmp x="737" y="1531" width="16" height="33" />
      </word>
      <word id="c03-094e-04-03" tag="CC" text="and">
        <cmp x="774" y="1497" width="182" height="66" />
      </word>
      <word id="c03-094e-04-04" tag="NPT" text="Mr.">
        <cmp x="982" y="1472" width="112" height="87" />
        <cmp x="1103" y="1545" width="7" height="15" />
      </word>
      <word id="c03-094e-04-05" tag="NP" text="Aubrey">
        <cmp x="1138" y="1474" width="221" height="88" />
        <cmp x="1352" y="1518" width="132" height="104" />
        <cmp x="1496" y="1470" width="89" height="85" />
        <cmp x="1510" y="1502" width="28" height="67" />
        <cmp x="1571" y="1517" width="19" height="39" />
      </word>
      <word id="c03-094e-04-06" tag="NP" text="Richards">
        <cmp x="1593" y="1479" width="236" height="86" />
        <cmp x="1820" y="1486" width="102" height="76" />
      </word>
      <word id="c03-094e-04-07" tag="," text=",">
        <cmp x="1937" y="1538" width="16" height="30" />
      </word>
      <word id="c03-094e-04-08" tag="ATI" text="the">
        <cmp x="1965" y="1470" width="149" height="95" />
        <cmp x="2050" y="1475" width="10" height="9" />
        <cmp x="2050" y="1485" width="7" height="10" />
      </word>
      <upper-contour>
        <point x="297" y="1434" />
        <point x="2115" y="1434" />
      </upper-contour>
      <lower-contour>
        <point x="297" y="1623" />
        <point x="2115" y="1623" />
      </lower-contour>
    </line>
    <line ass="-48" asx="0" asy="1646" character-width="999" dss="-48" dsx="0" dsy="1800" fd0="14093" fd1="2140" fd2="-1791" filter-width="4" id="c03-094e-05" lbs="30" lbx="0" lby="1732" segmentation="err" slant="64000" stroke-width="5821" threshold="178" text="father-in-law, always comically grotesque;" ubs="-205" ubx="0" uby="1700">
      <word id="c03-094e-05-00" tag="NN" text="father-in-law">
        <cmp x="297" y="1647" width="244" height="114" />
        <cmp x="554" y="1701" width="34" height="7" />
        <cmp x="604" y="1697" width="89" height="37" />
        <cmp x="626" y="1660" width="7" height="9" />
        <cmp x="729" y="1701" width="41" height="10" />
        <cmp x="772" y="1647" width="178" height="94" />
        <cmp x="842" y="1682" width="20" height="27" />
      </word>
      <word id="c03-094e-05-01" tag="," text=",">
        <cmp x="962" y="1716" width="14" height="37" />
      </word>
      <word id="c03-094e-05-02" tag="RB" text="always">
        <cmp x="1002" y="1651" width="108" height="87" />
        <cmp x="1091" y="1691" width="63" height="47" />
        <cmp x="1151" y="1690" width="161" height="92" />
      </word>
      <word id="c03-094e-05-03" tag="RB" text="comically">
        <cmp x="1362" y="1697" width="88" height="44" />
        <cmp x="1386" y="1694" width="4" height="4" />
        <cmp x="1390" y="1692" width="9" height="24" />
        <cmp x="1447" y="1707" width="109" height="37" />
        <cmp x="1563" y="1701" width="45" height="41" />
        <cmp x="1565" y="1683" width="4" height="6" />
        <cmp x="1600" y="1699" width="13" height="18" />
        <cmp x="1609" y="1699" width="55" height="39" />
        <cmp x="1652" y="1652" width="176" height="130" />
      </word>
      <word id="c03-094e-05-04" tag="JJ" text="grotesque">
        <cmp x="1862" y="1656" width="253" height="147" />
        <cmp x="2113" y="1688" width="153" height="94" />
        <cmp x="2284" y="1694" width="8" height="8" />
      </word>
      <word id="c03-094e-05-05" tag=";" text=";">
        <cmp x="2263" y="1722" width="27" height="47" />
      </word>
      <upper-contour>
        <point x="297" y="1623" />
        <point x="2115" y="1623" />
      </upper-contour>
      <lower-contour>
        <point x="300" y="1806" />
        <point x="2138" y="1806" />
      </lower-contour>
    </line>
    <line ass="-140" asx="0" asy="1825" character-width="999" dss="-140" dsx="0" dsy="1948" fd0="13488" fd1="2034" fd2="-1562" filter-width="4" id="c03-094e-06" lbs="-144" lbx="0" lby="1911" segmentation="ok" slant="64000" stroke-width="5889" threshold="180" text="they were not asked to modulate from" ubs="-134" ubx="0" uby="1878">
      <word id="c03-094e-06-00" tag="PP3AS" text="they">
        <cmp x="302" y="1831" width="100" height="97" />
        <cmp x="404" y="1868" width="104" height="80" />
      </word>
      <word id="c03-094e-06-01" tag="BED" text="were">
        <cmp x="538" y="1875" width="54" height="50" />
        <cmp x="602" y="1875" width="112" height="39" />
      </word>
      <word id="c03-094e-06-02" tag="XNOT" text="not">
        <cmp x="768" y="1882" width="101" height="43" />
        <cmp x="870" y="1830" width="69" height="82" />
      </word>
      <word id="c03-094e-06-03" tag="VBN" text="asked">
        <cmp x="965" y="1862" width="96" height="54" />
        <cmp x="1058" y="1842" width="64" height="77" />
        <cmp x="1119" y="1843" width="118" height="82" />
      </word>
      <word id="c03-094e-06-04" tag="TO" text="to">
        <cmp x="1265" y="1833" width="109" height="89" />
      </word>
      <word id="c03-094e-06-05" tag="VB" text="modulate">
        <cmp x="1423" y="1875" width="73" height="42" />
        <cmp x="1505" y="1846" width="166" height="78" />
        <cmp x="1574" y="1892" width="8" height="4" />
        <cmp x="1673" y="1830" width="162" height="92" />
      </word>
      <word id="c03-094e-06-06" tag="IN" text="from">
        <cmp x="1898" y="1830" width="239" height="107" />
      </word>
      <upper-contour>
        <point x="300" y="1806" />
        <point x="2138" y="1806" />
      </upper-contour>
      <lower-contour>
        <point x="301" y="1947" />
        <point x="2138" y="1947" />
      </lower-contour>
    </line>
    <line ass="9" asx="0" asy="2007" character-width="999" dss="9" dsx="0" dsy="2154" fd0="13864" fd1="2285" fd2="-1457" filter-width="4" id="c03-094e-07" lbs="111" lbx="0" lby="2096" segmentation="ok" slant="64000" stroke-width="5858" threshold="182" text="their set moods but played with proper" ubs="-193" ubx="0" uby="2057">
      <word id="c03-094e-07-00" tag="PP$" text="their">
        <cmp x="303" y="2007" width="104" height="95" />
        <cmp x="411" y="2048" width="137" height="52" />
        <cmp x="486" y="2026" width="13" height="7" />
      </word>
      <word id="c03-094e-07-01" tag="JJ" text="set">
        <cmp x="596" y="2043" width="46" height="49" />
        <cmp x="643" y="2013" width="89" height="84" />
      </word>
      <word id="c03-094e-07-02" tag="NNS" text="moods">
        <cmp x="770" y="2059" width="173" height="42" />
        <cmp x="944" y="2030" width="112" height="71" />
        <cmp x="973" y="2076" width="6" height="5" />
      </word>
      <word id="c03-094e-07-03" tag="CC" text="but">
        <cmp x="1106" y="2017" width="201" height="82" />
      </word>
      <word id="c03-094e-07-04" tag="VBN" text="played">
        <cmp x="1327" y="2054" width="64" height="77" />
        <cmp x="1391" y="2021" width="206" height="134" />
        <cmp x="1595" y="2028" width="75" height="73" />
      </word>
      <word id="c03-094e-07-05" tag="IN" text="with">
        <cmp x="1720" y="2051" width="52" height="44" />
        <cmp x="1774" y="2022" width="125" height="77" />
        <cmp x="1797" y="2010" width="14" height="11" />
      </word>
      <word id="c03-094e-07-06" tag="JJ" text="proper">
        <cmp x="1945" y="2047" width="64" height="81" />
        <cmp x="2009" y="2056" width="81" height="38" />
        <cmp x="2071" y="2054" width="72" height="77" />
        <cmp x="2138" y="2057" width="108" height="43" />
      </word>
      <upper-contour>
        <point x="301" y="1947" />
        <point x="2138" y="1947" />
      </upper-contour>
      <lower-contour>
        <point x="311" y="2156" />
        <point x="2247" y="2156" />
      </lower-contour>
    </line>
    <line ass="-26" asx="0" asy="2182" character-width="999" dss="-26" dsx="0" dsy="2335" fd0="13852" fd1="2281" fd2="-1487" filter-width="4" id="c03-094e-08" lbs="129" lbx="0" lby="2281" segmentation="ok" slant="64000" stroke-width="5749" threshold="178" text="efficiency and, in the case of Mr. Richards," ubs="-338" ubx="0" uby="2233">
      <word id="c03-094e-08-00" tag="NN" text="efficiency">
        <cmp x="313" y="2200" width="124" height="111" />
        <cmp x="442" y="2218" width="5" height="9" />
        <cmp x="454" y="2231" width="171" height="51" />
        <cmp x="534" y="2209" width="9" height="14" />
        <cmp x="631" y="2238" width="128" height="97" />
      </word>
      <word id="c03-094e-08-01" tag="CC" text="and">
        <cmp x="794" y="2203" width="191" height="76" />
      </word>
      <word id="c03-094e-08-02" tag="," text=",">
        <cmp x="992" y="2246" width="15" height="37" />
      </word>
      <word id="c03-094e-08-03" tag="IN" text="in">
        <cmp x="1029" y="2239" width="94" height="46" />
        <cmp x="1046" y="2209" width="5" height="5" />
      </word>
      <word id="c03-094e-08-04" tag="ATI" text="the">
        <cmp x="1160" y="2190" width="146" height="94" />
      </word>
      <word id="c03-094e-08-05" tag="NN" text="case">
        <cmp x="1367" y="2232" width="194" height="54" />
      </word>
      <word id="c03-094e-08-06" tag="INO" text="of">
        <cmp x="1610" y="2186" width="93" height="120" />
      </word>
      <word id="c03-094e-08-07" tag="NPT" text="Mr.">
        <cmp x="1727" y="2188" width="103" height="94" />
        <cmp x="1838" y="2260" width="7" height="15" />
      </word>
      <word id="c03-094e-08-08" tag="NP" text="Richards">
        <cmp x="1873" y="2183" width="80" height="98" />
        <cmp x="1941" y="2241" width="20" height="36" />
        <cmp x="1959" y="2197" width="100" height="85" />
        <cmp x="1967" y="2210" width="5" height="6" />
        <cmp x="2060" y="2230" width="118" height="48" />
        <cmp x="2169" y="2210" width="101" height="77" />
      </word>
      <word id="c03-094e-08-09" tag="," text=",">
        <cmp x="2268" y="2262" width="30" height="31" />
      </word>
      <upper-contour>
        <point x="311" y="2156" />
        <point x="2247" y="2156" />
      </upper-contour>
      <lower-contour>
        <point x="344" y="2334" />
        <point x="2299" y="2334" />
      </lower-contour>
    </line>
    <line ass="-48" asx="0" asy="2362" character-width="999" dss="-48" dsx="0" dsy="2522" fd0="13844" fd1="2092" fd2="-1788" filter-width="4" id="c03-094e-09" lbs="64" lbx="0" lby="2457" segmentation="ok" slant="68000" stroke-width="5869" threshold="178" text="with lavish and suitably gaudy colour." ubs="-273" ubx="0" uby="2410">
      <word id="c03-094e-09-00" tag="IN" text="with">
        <cmp x="346" y="2409" width="49" height="52" />
        <cmp x="401" y="2365" width="103" height="97" />
        <cmp x="409" y="2377" width="11" height="13" />
      </word>
      <word id="c03-094e-09-01" tag="JJ" text="lavish">
        <cmp x="565" y="2363" width="103" height="95" />
        <cmp x="681" y="2412" width="34" height="45" />
        <cmp x="718" y="2419" width="49" height="39" />
        <cmp x="744" y="2380" width="14" height="11" />
        <cmp x="764" y="2384" width="79" height="75" />
      </word>
      <word id="c03-094e-09-02" tag="CC" text="and">
        <cmp x="888" y="2390" width="200" height="71" />
      </word>
      <word id="c03-094e-09-03" tag="RB" text="suitably">
        <cmp x="1145" y="2402" width="41" height="59" />
        <cmp x="1185" y="2410" width="87" height="48" />
        <cmp x="1266" y="2366" width="108" height="96" />
        <cmp x="1368" y="2371" width="165" height="92" />
        <cmp x="1496" y="2409" width="68" height="110" />
      </word>
      <word id="c03-094e-09-04" tag="JJ" text="gaudy">
        <cmp x="1618" y="2406" width="55" height="119" />
        <cmp x="1679" y="2409" width="138" height="46" />
        <cmp x="1818" y="2382" width="134" height="123" />
      </word>
      <word id="c03-094e-09-05" tag="NN" text="colour">
        <cmp x="1997" y="2408" width="105" height="50" />
        <cmp x="2103" y="2371" width="93" height="81" />
        <cmp x="2193" y="2413" width="114" height="40" />
        <cmp x="2212" y="2413" width="5" height="4" />
      </word>
      <word id="c03-094e-09-06" tag="." text=".">
        <cmp x="2312" y="2441" width="8" height="13" />
      </word>
      <upper-contour>
        <point x="344" y="2334" />
        <point x="2299" y="2334" />
      </upper-contour>
    </line>
  </handwritten-part>
</form>

