<?xml version="1.0" encoding="ISO-8859-1"?>

<!DOCTYPE form SYSTEM 'http://www.iam.unibe.ch/~fki/iamdb/form-metadata.dtd'>

<form created="2002-01-16" height="3542" id="c03-087b" last-modified="2002-07-17" skew="377" status="final" version="3.0_beta" width="2479" writer-id="151">
  <machine-printed-part>
    <machine-print-line text="It went, perhaps, some distance beyond most treatments of its subject by attempting" />
    <machine-print-line text="to generate a melodramatic inevitability which left its central character and the world" />
    <machine-print-line text="around him in complete, unredeemable desolation. We could, perhaps, say whether" />
    <machine-print-line text="or not the attempt succeeded if we had a little more faith in the way in which Mr." />
    <machine-print-line text="Ferris manipulated his characters." />
  </machine-printed-part>
  <handwritten-part>
    <line ass="477" asx="0" asy="766" character-width="999" dss="477" dsx="0" dsy="900" fd0="14186" fd1="2953" fd2="-286" filter-width="4" id="c03-087b-00" lbs="500" lbx="0" lby="852" segmentation="ok" slant="56000" stroke-width="6219" threshold="154" text="It went, perhaps, some distance beyond most" ubs="431" ubx="0" uby="825">
      <word id="c03-087b-00-00" sentence-start="yes" tag="PP3" text="It">
        <cmp x="327" y="764" width="91" height="83" />
      </word>
      <word id="c03-087b-00-01" tag="VBD" text="went">
        <cmp x="440" y="765" width="233" height="84" />
      </word>
      <word id="c03-087b-00-02" tag="," text=",">
        <cmp x="648" y="837" width="17" height="21" />
      </word>
      <word id="c03-087b-00-03" tag="RB" text="perhaps">
        <cmp x="703" y="775" width="263" height="107" />
      </word>
      <word id="c03-087b-00-04" tag="," text=",">
        <cmp x="993" y="832" width="11" height="19" />
      </word>
      <word id="c03-087b-00-05" tag="DTI" text="some">
        <cmp x="1029" y="808" width="156" height="36" />
      </word>
      <word id="c03-087b-00-06" tag="NN" text="distance">
        <cmp x="1231" y="782" width="312" height="71" />
        <cmp x="1344" y="783" width="12" height="8" />
      </word>
      <word id="c03-087b-00-07" tag="IN" text="beyond">
        <cmp x="1584" y="775" width="302" height="113" />
      </word>
      <word id="c03-087b-00-08" tag="AP" text="most">
        <cmp x="1897" y="778" width="191" height="64" />
      </word>
      <lower-contour>
        <point x="325" y="890" />
        <point x="2089" y="890" />
      </lower-contour>
    </line>
    <line ass="-425" asx="0" asy="915" character-width="999" dss="-425" dsx="0" dsy="1047" fd0="14544" fd1="3068" fd2="-461" filter-width="4" id="c03-087b-01" lbs="-398" lbx="0" lby="1018" segmentation="ok" slant="54000" stroke-width="6143" threshold="154" text="treatments of its subject by attempting to" ubs="-480" ubx="0" uby="983">
      <word id="c03-087b-01-00" tag="NNS" text="treatments">
        <cmp x="327" y="945" width="394" height="80" />
      </word>
      <word id="c03-087b-01-01" tag="INO" text="of">
        <cmp x="774" y="947" width="94" height="90" />
      </word>
      <word id="c03-087b-01-02" tag="PP$" text="its">
        <cmp x="886" y="954" width="116" height="75" />
        <cmp x="944" y="943" width="10" height="9" />
      </word>
      <word id="c03-087b-01-03" tag="NN" text="subject">
        <cmp x="1035" y="940" width="325" height="111" />
        <cmp x="1268" y="926" width="10" height="8" />
      </word>
      <word id="c03-087b-01-04" tag="IN" text="by">
        <cmp x="1380" y="946" width="117" height="104" />
      </word>
      <word id="c03-087b-01-05" tag="VBG" text="attempting">
        <cmp x="1539" y="949" width="451" height="112" />
        <cmp x="1953" y="945" width="6" height="6" />
      </word>
      <word id="c03-087b-01-06" tag="TO" text="to">
        <cmp x="2029" y="954" width="82" height="67" />
      </word>
      <upper-contour>
        <point x="325" y="890" />
        <point x="2089" y="890" />
      </upper-contour>
      <lower-contour>
        <point x="328" y="1065" />
        <point x="2046" y="1065" />
      </lower-contour>
    </line>
    <line ass="644" asx="0" asy="1130" character-width="999" dss="644" dsx="0" dsy="1257" fd0="14334" fd1="3055" fd2="-702" filter-width="4" id="c03-087b-02" lbs="711" lbx="0" lby="1210" segmentation="ok" slant="37000" stroke-width="6320" threshold="152" text="generate a melodramatic inevitability which" ubs="509" ubx="0" uby="1183">
      <word id="c03-087b-02-00" tag="VB" text="generate">
        <cmp x="330" y="1123" width="303" height="118" />
      </word>
      <word id="c03-087b-02-01" tag="AT" text="a">
        <cmp x="677" y="1170" width="48" height="29" />
      </word>
      <word id="c03-087b-02-02" tag="JJ" text="melodramatic">
        <cmp x="756" y="1125" width="514" height="81" />
        <cmp x="1269" y="1128" width="12" height="9" />
      </word>
      <word id="c03-087b-02-03" tag="NN" text="inevitability">
        <cmp x="1327" y="1134" width="506" height="102" />
        <cmp x="1382" y="1134" width="6" height="6" />
        <cmp x="1506" y="1140" width="15" height="12" />
        <cmp x="1678" y="1137" width="7" height="6" />
        <cmp x="1739" y="1143" width="6" height="7" />
      </word>
      <word id="c03-087b-02-04" tag="WDT" text="which">
        <cmp x="1854" y="1135" width="191" height="64" />
        <cmp x="1987" y="1120" width="8" height="8" />
      </word>
      <upper-contour>
        <point x="328" y="1065" />
        <point x="2046" y="1065" />
      </upper-contour>
      <lower-contour>
        <point x="328" y="1240" />
        <point x="1918" y="1240" />
      </lower-contour>
    </line>
    <line ass="-58" asx="0" asy="1302" character-width="999" dss="-58" dsx="0" dsy="1400" fd0="14547" fd1="2973" fd2="-724" filter-width="4" id="c03-087b-03" lbs="-35" lbx="0" lby="1380" segmentation="ok" slant="40000" stroke-width="6125" threshold="153" text="left its central character and the world" ubs="-103" ubx="0" uby="1351">
      <word id="c03-087b-03-00" tag="VBD" text="left">
        <cmp x="327" y="1303" width="163" height="97" />
      </word>
      <word id="c03-087b-03-01" tag="PP$" text="its">
        <cmp x="499" y="1323" width="89" height="59" />
        <cmp x="545" y="1315" width="7" height="6" />
      </word>
      <word id="c03-087b-03-02" tag="JJ" text="central">
        <cmp x="629" y="1307" width="294" height="79" />
      </word>
      <word id="c03-087b-03-03" tag="NN" text="character">
        <cmp x="934" y="1313" width="350" height="70" />
      </word>
      <word id="c03-087b-03-04" tag="CC" text="and">
        <cmp x="1318" y="1317" width="164" height="71" />
      </word>
      <word id="c03-087b-03-05" tag="ATI" text="the">
        <cmp x="1492" y="1319" width="109" height="68" />
      </word>
      <word id="c03-087b-03-06" tag="NN" text="world">
        <cmp x="1645" y="1315" width="272" height="72" />
      </word>
      <upper-contour>
        <point x="328" y="1240" />
        <point x="1918" y="1240" />
      </upper-contour>
      <lower-contour>
        <point x="334" y="1399" />
        <point x="1918" y="1399" />
      </lower-contour>
    </line>
    <line ass="182" asx="0" asy="1486" character-width="999" dss="182" dsx="0" dsy="1594" fd0="13946" fd1="2767" fd2="-638" filter-width="4" id="c03-087b-04" lbs="158" lbx="0" lby="1565" segmentation="ok" slant="52000" stroke-width="6172" threshold="151" text="around him in complete, unredeemable desolation." ubs="231" ubx="0" uby="1542">
      <word id="c03-087b-04-00" tag="IN" text="around">
        <cmp x="336" y="1493" width="273" height="79" />
      </word>
      <word id="c03-087b-04-01" tag="PP3O" text="him">
        <cmp x="643" y="1490" width="129" height="76" />
        <cmp x="738" y="1485" width="5" height="6" />
      </word>
      <word id="c03-087b-04-02" tag="IN" text="in">
        <cmp x="817" y="1536" width="78" height="25" />
        <cmp x="882" y="1490" width="8" height="8" />
      </word>
      <word id="c03-087b-04-03" tag="JJ" text="complete">
        <cmp x="930" y="1488" width="309" height="103" />
      </word>
      <word id="c03-087b-04-04" tag="," text=",">
        <cmp x="1271" y="1545" width="14" height="20" />
      </word>
      <word id="c03-087b-04-05" tag="JJ" text="unredeemable">
        <cmp x="1312" y="1491" width="544" height="73" />
      </word>
      <word id="c03-087b-04-06" tag="NN" text="desolation">
        <cmp x="1912" y="1485" width="325" height="80" />
        <cmp x="2220" y="1488" width="11" height="12" />
      </word>
      <word id="c03-087b-04-07" tag="." text=".">
        <cmp x="2253" y="1556" width="6" height="11" />
      </word>
      <upper-contour>
        <point x="334" y="1399" />
        <point x="1918" y="1399" />
      </upper-contour>
      <lower-contour>
        <point x="334" y="1590" />
        <point x="2247" y="1590" />
      </lower-contour>
    </line>
    <line ass="-138" asx="0" asy="1660" character-width="999" dss="-138" dsx="0" dsy="1795" fd0="14204" fd1="2685" fd2="-724" filter-width="4" id="c03-087b-05" lbs="-135" lbx="0" lby="1737" segmentation="ok" slant="54000" stroke-width="6145" threshold="153" text="We could, perhaps, say whether or not the attempt" ubs="-144" ubx="0" uby="1712">
      <word id="c03-087b-05-00" sentence-start="yes" tag="PP1AS" text="We">
        <cmp x="331" y="1661" width="106" height="82" />
      </word>
      <word id="c03-087b-05-01" tag="MD" text="could">
        <cmp x="462" y="1665" width="211" height="76" />
      </word>
      <word id="c03-087b-05-02" tag="," text=",">
        <cmp x="686" y="1732" width="14" height="18" />
      </word>
      <word id="c03-087b-05-03" tag="RB" text="perhaps">
        <cmp x="713" y="1669" width="283" height="122" />
      </word>
      <word id="c03-087b-05-04" tag="," text=",">
        <cmp x="1016" y="1728" width="15" height="19" />
      </word>
      <word id="c03-087b-05-05" tag="VB" text="say">
        <cmp x="1060" y="1712" width="134" height="86" />
      </word>
      <word id="c03-087b-05-06" tag="CS" text="whether">
        <cmp x="1226" y="1664" width="228" height="78" />
      </word>
      <word id="c03-087b-05-07" tag="CC" text="or">
        <cmp x="1493" y="1717" width="74" height="25" />
      </word>
      <word id="c03-087b-05-08" tag="XNOT" text="not">
        <cmp x="1608" y="1671" width="161" height="71" />
      </word>
      <word id="c03-087b-05-09" tag="ATI" text="the">
        <cmp x="1772" y="1673" width="107" height="68" />
      </word>
      <word id="c03-087b-05-10" tag="NN" text="attempt">
        <cmp x="1912" y="1672" width="334" height="115" />
      </word>
      <upper-contour>
        <point x="334" y="1590" />
        <point x="2247" y="1590" />
      </upper-contour>
      <lower-contour>
        <point x="342" y="1798" />
        <point x="2157" y="1798" />
      </lower-contour>
    </line>
    <line ass="353" asx="0" asy="1847" character-width="999" dss="353" dsx="0" dsy="1956" fd0="14493" fd1="2723" fd2="-811" filter-width="4" id="c03-087b-06" lbs="252" lbx="0" lby="1919" segmentation="err" slant="31000" stroke-width="6073" threshold="153" text="succeeded if we had a little more faith in the" ubs="557" ubx="0" uby="1900">
      <word id="c03-087b-06-00" tag="VBD" text="succeeded">
        <cmp x="344" y="1859" width="351" height="70" />
      </word>
      <word id="c03-087b-06-01" tag="CS" text="if">
        <cmp x="789" y="1854" width="9" height="11" />
      </word>
      <word id="c03-087b-06-02" tag="PP1AS" text="we">
        <cmp x="747" y="1849" width="100" height="90" />
      </word>
      <word id="c03-087b-06-03" tag="HVD" text="had">
        <cmp x="872" y="1888" width="85" height="30" />
      </word>
      <word id="c03-087b-06-04" tag="AP21" text="a">
        <cmp x="1010" y="1855" width="158" height="69" />
      </word>
      <word id="c03-087b-06-05" tag="AP22" text="little">
        <cmp x="1173" y="1897" width="49" height="24" />
      </word>
      <word id="c03-087b-06-06" tag="AP" text="more">
        <cmp x="1262" y="1847" width="236" height="76" />
        <cmp x="1352" y="1849" width="21" height="14" />
      </word>
      <word id="c03-087b-06-07" tag="NN" text="faith">
        <cmp x="1538" y="1879" width="161" height="35" />
      </word>
      <word id="c03-087b-06-08" tag="IN" text="in">
        <cmp x="1731" y="1837" width="210" height="109" />
        <cmp x="1865" y="1838" width="10" height="10" />
        <cmp x="2007" y="1850" width="8" height="8" />
      </word>
      <word id="c03-087b-06-09" tag="ATI" text="the">
        <cmp x="1953" y="1891" width="70" height="30" />
        <cmp x="2053" y="1844" width="103" height="75" />
      </word>
      <upper-contour>
        <point x="342" y="1798" />
        <point x="2157" y="1798" />
      </upper-contour>
      <lower-contour>
        <point x="342" y="1950" />
        <point x="2100" y="1950" />
      </lower-contour>
    </line>
    <line ass="106" asx="0" asy="2012" character-width="999" dss="106" dsx="0" dsy="2143" fd0="14255" fd1="2794" fd2="-219" filter-width="4" id="c03-087b-07" lbs="83" lbx="0" lby="2093" segmentation="err" slant="33000" stroke-width="6163" threshold="152" text="way in which Mr. Ferris manipulated" ubs="152" ubx="0" uby="2070">
      <word id="c03-087b-07-00" tag="NN" text="way">
        <cmp x="335" y="2059" width="180" height="81" />
        <cmp x="528" y="2072" width="81" height="29" />
        <cmp x="589" y="2028" width="7" height="7" />
      </word>
      <word id="c03-087b-07-01" tag="IN" text="in">
        <cmp x="657" y="2038" width="183" height="64" />
        <cmp x="776" y="2016" width="6" height="6" />
      </word>
      <word id="c03-087b-07-02" tag="WDT" text="which">
        <cmp x="883" y="2020" width="250" height="80" />
        <cmp x="1073" y="2012" width="9" height="7" />
      </word>
      <word id="c03-087b-07-03" tag="NPT" text="Mr.">
        <cmp x="1171" y="2022" width="126" height="77" />
        <cmp x="1301" y="2088" width="6" height="7" />
      </word>
      <word id="c03-087b-07-04" tag="NP" text="Ferris">
        <cmp x="1351" y="2034" width="179" height="65" />
        <cmp x="1508" y="2030" width="7" height="5" />
      </word>
      <word id="c03-087b-07-05" tag="VBD" text="manipulated">
        <cmp x="1595" y="2022" width="503" height="109" />
        <cmp x="1770" y="2024" width="12" height="11" />
      </word>
      <upper-contour>
        <point x="342" y="1950" />
        <point x="2100" y="1950" />
      </upper-contour>
      <lower-contour>
        <point x="338" y="2139" />
        <point x="914" y="2139" />
      </lower-contour>
    </line>
    <line ass="-1755" asx="0" asy="2185" character-width="999" dss="-1755" dsx="0" dsy="2272" fd0="13803" fd1="2663" fd2="-866" filter-width="4" id="c03-087b-08" lbs="-1660" lbx="0" lby="2255" segmentation="ok" slant="41000" stroke-width="6070" threshold="148" text="his characters." ubs="-1946" ubx="0" uby="2243">
      <word id="c03-087b-08-00" tag="PP$" text="his">
        <cmp x="340" y="2215" width="111" height="71" />
        <cmp x="430" y="2213" width="5" height="8" />
      </word>
      <word id="c03-087b-08-01" tag="NNS" text="characters">
        <cmp x="497" y="2207" width="384" height="79" />
      </word>
      <word id="c03-087b-08-02" tag="." text=".">
        <cmp x="907" y="2281" width="7" height="5" />
      </word>
      <upper-contour>
        <point x="338" y="2139" />
        <point x="914" y="2139" />
      </upper-contour>
    </line>
  </handwritten-part>
</form>

