<?xml version="1.0" encoding="ISO-8859-1"?>

<!DOCTYPE form SYSTEM 'http://www.iam.unibe.ch/~fki/iamdb/form-metadata.dtd'>

<form created="2002-01-16" height="3542" id="c03-007c" last-modified="2002-07-17" skew="315" status="final" version="3.0_beta" width="2479" writer-id="152">
  <machine-printed-part>
    <machine-print-line text="In A Taste of Honey Mr. Richardson has taken a town in the industrial North of" />
    <machine-print-line text="England and has made it live. The shabby streets and wet pavements, the school" />
    <machine-print-line text="play-grounds, the public monuments and the rubbish strewn canals - even the worn" />
    <machine-print-line text="head-stones in the churchyard, &amp;quot;sacred to the memory of&amp;quot; - are seen as an integral" />
    <machine-print-line text="part of the story." />
  </machine-printed-part>
  <handwritten-part>
    <line ass="-86" asx="0" asy="738" character-width="999" dss="-86" dsx="0" dsy="904" fd0="13829" fd1="2335" fd2="-1902" filter-width="3" id="c03-007c-00" lbs="-31" lbx="0" lby="821" segmentation="ok" slant="71000" stroke-width="5455" threshold="184" text="In A Taste of Honey Mr. Richardson has taken" ubs="-196" ubx="0" uby="770">
      <word id="c03-007c-00-00" sentence-start="yes" tag="IN" text="In">
        <cmp x="320" y="753" width="81" height="68" />
      </word>
      <word id="c03-007c-00-01" tag="AT" text="A">
        <cmp x="475" y="752" width="53" height="78" />
      </word>
      <word id="c03-007c-00-02" tag="NN" text="Taste">
        <cmp x="578" y="746" width="48" height="19" />
        <cmp x="587" y="769" width="21" height="57" />
        <cmp x="610" y="768" width="125" height="62" />
      </word>
      <word id="c03-007c-00-03" tag="INO" text="of">
        <cmp x="830" y="752" width="82" height="99" />
      </word>
      <word id="c03-007c-00-04" tag="NN" text="Honey">
        <cmp x="967" y="748" width="70" height="84" />
        <cmp x="1031" y="771" width="38" height="51" />
        <cmp x="1068" y="775" width="26" height="41" />
        <cmp x="1094" y="772" width="20" height="46" />
        <cmp x="1113" y="772" width="75" height="134" />
      </word>
      <word id="c03-007c-00-05" tag="NPT" text="Mr.">
        <cmp x="1263" y="757" width="70" height="66" />
        <cmp x="1306" y="755" width="6" height="9" />
        <cmp x="1330" y="776" width="35" height="52" />
        <cmp x="1375" y="821" width="17" height="6" />
      </word>
      <word id="c03-007c-00-06" tag="NP" text="Richardson">
        <cmp x="1461" y="742" width="57" height="81" />
        <cmp x="1522" y="756" width="4" height="5" />
        <cmp x="1522" y="747" width="85" height="82" />
        <cmp x="1606" y="770" width="77" height="59" />
        <cmp x="1676" y="761" width="86" height="73" />
        <cmp x="1760" y="773" width="35" height="56" />
        <cmp x="1798" y="782" width="54" height="51" />
      </word>
      <word id="c03-007c-00-07" tag="HVZ" text="has">
        <cmp x="1903" y="746" width="83" height="84" />
        <cmp x="1983" y="773" width="44" height="55" />
        <cmp x="2023" y="777" width="39" height="45" />
      </word>
      <word id="c03-007c-00-08" tag="VBN" text="taken">
        <cmp x="2124" y="745" width="42" height="81" />
        <cmp x="2153" y="769" width="44" height="53" />
        <cmp x="2202" y="742" width="169" height="91" />
      </word>
      <lower-contour>
        <point x="318" y="906" />
        <point x="2360" y="906" />
      </lower-contour>
    </line>
    <line ass="-128" asx="0" asy="918" character-width="999" dss="-128" dsx="0" dsy="1081" fd0="13830" fd1="2511" fd2="-1620" filter-width="3" id="c03-007c-01" lbs="-172" lbx="0" lby="998" segmentation="ok" slant="70000" stroke-width="5514" threshold="184" text="a town in the industrial North of England" ubs="-38" ubx="0" uby="953">
      <word id="c03-007c-01-00" tag="AT" text="a">
        <cmp x="318" y="950" width="49" height="64" />
      </word>
      <word id="c03-007c-01-01" tag="NN" text="town">
        <cmp x="460" y="922" width="63" height="74" />
        <cmp x="515" y="946" width="136" height="63" />
      </word>
      <word id="c03-007c-01-02" tag="IN" text="in">
        <cmp x="756" y="963" width="35" height="50" />
        <cmp x="781" y="954" width="5" height="6" />
        <cmp x="795" y="961" width="50" height="57" />
      </word>
      <word id="c03-007c-01-03" tag="ATI" text="the">
        <cmp x="890" y="927" width="114" height="72" />
      </word>
      <word id="c03-007c-01-04" tag="JJ" text="industrial">
        <cmp x="1106" y="956" width="38" height="45" />
        <cmp x="1140" y="940" width="5" height="7" />
        <cmp x="1147" y="958" width="51" height="44" />
        <cmp x="1207" y="935" width="103" height="74" />
        <cmp x="1311" y="963" width="32" height="44" />
        <cmp x="1353" y="944" width="74" height="56" />
        <cmp x="1424" y="933" width="5" height="6" />
        <cmp x="1428" y="925" width="93" height="77" />
      </word>
      <word id="c03-007c-01-05" tag="NR" text="North">
        <cmp x="1597" y="934" width="58" height="72" />
        <cmp x="1653" y="922" width="160" height="83" />
      </word>
      <word id="c03-007c-01-06" tag="INO" text="of">
        <cmp x="1889" y="922" width="86" height="115" />
      </word>
      <word id="c03-007c-01-07" tag="NP" text="England">
        <cmp x="2032" y="925" width="65" height="84" />
        <cmp x="2094" y="955" width="38" height="47" />
        <cmp x="2121" y="929" width="179" height="158" />
        <cmp x="2306" y="945" width="53" height="59" />
      </word>
      <upper-contour>
        <point x="318" y="906" />
        <point x="2360" y="906" />
      </upper-contour>
      <lower-contour>
        <point x="316" y="1088" />
        <point x="2124" y="1091" />
        <point x="2277" y="1091" />
      </lower-contour>
    </line>
    <line ass="141" asx="0" asy="1093" character-width="999" dss="141" dsx="0" dsy="1267" fd0="13861" fd1="2403" fd2="-1798" filter-width="3" id="c03-007c-02" lbs="156" lbx="0" lby="1185" segmentation="ok" slant="71000" stroke-width="5537" threshold="185" text="and has made it live. The shabby streets" ubs="112" ubx="0" uby="1137">
      <word id="c03-007c-02-00" tag="CC" text="and">
        <cmp x="305" y="1128" width="97" height="60" />
        <cmp x="408" y="1119" width="60" height="70" />
      </word>
      <word id="c03-007c-02-01" tag="HVZ" text="has">
        <cmp x="556" y="1103" width="47" height="80" />
        <cmp x="605" y="1121" width="78" height="62" />
      </word>
      <word id="c03-007c-02-02" tag="VBN" text="made">
        <cmp x="768" y="1136" width="72" height="49" />
        <cmp x="782" y="1135" width="3" height="4" />
        <cmp x="839" y="1130" width="47" height="60" />
        <cmp x="886" y="1111" width="96" height="81" />
      </word>
      <word id="c03-007c-02-03" tag="PP3" text="it">
        <cmp x="1061" y="1141" width="38" height="52" />
        <cmp x="1095" y="1121" width="5" height="5" />
        <cmp x="1107" y="1129" width="25" height="47" />
      </word>
      <word id="c03-007c-02-04" tag="VB" text="live">
        <cmp x="1193" y="1115" width="71" height="88" />
        <cmp x="1262" y="1122" width="6" height="8" />
        <cmp x="1274" y="1133" width="69" height="52" />
      </word>
      <word id="c03-007c-02-05" tag="." text=".">
        <cmp x="1365" y="1181" width="6" height="5" />
      </word>
      <word id="c03-007c-02-06" sentence-start="yes" tag="ATI" text="The">
        <cmp x="1454" y="1096" width="128" height="89" />
        <cmp x="1459" y="1091" width="41" height="8" />
      </word>
      <word id="c03-007c-02-07" tag="JJ" text="shabby">
        <cmp x="1674" y="1137" width="50" height="52" />
        <cmp x="1721" y="1117" width="46" height="68" />
        <cmp x="1764" y="1131" width="47" height="58" />
        <cmp x="1811" y="1121" width="43" height="65" />
        <cmp x="1853" y="1124" width="45" height="60" />
        <cmp x="1887" y="1135" width="63" height="129" />
      </word>
      <word id="c03-007c-02-08" tag="NNS" text="streets">
        <cmp x="2032" y="1116" width="196" height="70" />
        <cmp x="2231" y="1116" width="46" height="59" />
      </word>
      <upper-contour>
        <point x="316" y="1088" />
        <point x="2124" y="1091" />
        <point x="2277" y="1091" />
      </upper-contour>
      <lower-contour>
        <point x="303" y="1267" />
        <point x="2277" y="1267" />
      </lower-contour>
    </line>
    <line ass="-206" asx="0" asy="1284" character-width="999" dss="-206" dsx="0" dsy="1434" fd0="13645" fd1="2145" fd2="-1888" filter-width="3" id="c03-007c-03" lbs="-170" lbx="0" lby="1360" segmentation="ok" slant="68000" stroke-width="5477" threshold="184" text="and wet pavements, the school play-grounds," ubs="-278" ubx="0" uby="1316">
      <word id="c03-007c-03-00" tag="CC" text="and">
        <cmp x="300" y="1306" width="94" height="71" />
        <cmp x="402" y="1304" width="60" height="66" />
      </word>
      <word id="c03-007c-03-01" tag="JJ" text="wet">
        <cmp x="554" y="1312" width="120" height="61" />
        <cmp x="677" y="1291" width="24" height="68" />
      </word>
      <word id="c03-007c-03-02" tag="NNS" text="pavements">
        <cmp x="769" y="1322" width="58" height="88" />
        <cmp x="826" y="1313" width="45" height="57" />
        <cmp x="875" y="1313" width="71" height="54" />
        <cmp x="960" y="1311" width="67" height="46" />
        <cmp x="1026" y="1313" width="97" height="60" />
        <cmp x="1133" y="1301" width="51" height="68" />
      </word>
      <word id="c03-007c-03-03" tag="," text=",">
        <cmp x="1234" y="1350" width="17" height="46" />
      </word>
      <word id="c03-007c-03-04" tag="ATI" text="the">
        <cmp x="1304" y="1289" width="115" height="74" />
      </word>
      <word id="c03-007c-03-05" tag="NN" text="school">
        <cmp x="1495" y="1316" width="50" height="43" />
        <cmp x="1544" y="1290" width="77" height="68" />
        <cmp x="1622" y="1313" width="39" height="49" />
        <cmp x="1660" y="1290" width="84" height="80" />
      </word>
      <word id="c03-007c-03-06" tag="NNS" text="play-grounds">
        <cmp x="1817" y="1325" width="58" height="87" />
        <cmp x="1879" y="1299" width="117" height="69" />
        <cmp x="1963" y="1324" width="54" height="110" />
        <cmp x="2036" y="1336" width="34" height="12" />
        <cmp x="2075" y="1321" width="93" height="122" />
        <cmp x="2164" y="1323" width="131" height="46" />
        <cmp x="2297" y="1319" width="54" height="54" />
        <cmp x="2350" y="1333" width="28" height="43" />
      </word>
      <word id="c03-007c-03-07" tag="," text=",">
        <cmp x="2384" y="1365" width="20" height="45" />
      </word>
      <upper-contour>
        <point x="303" y="1267" />
        <point x="2277" y="1267" />
      </upper-contour>
      <lower-contour>
        <point x="298" y="1447" />
        <point x="2405" y="1447" />
      </lower-contour>
    </line>
    <line ass="-45" asx="0" asy="1463" character-width="999" dss="-45" dsx="0" dsy="1579" fd0="13774" fd1="2345" fd2="-1934" filter-width="3" id="c03-007c-04" lbs="-18" lbx="0" lby="1544" segmentation="err" slant="71000" stroke-width="5499" threshold="182" text="the public monuments and the rubbish strewn" ubs="-101" ubx="0" uby="1495">
      <word id="c03-007c-04-00" tag="ATI" text="the">
        <cmp x="294" y="1464" width="107" height="79" />
      </word>
      <word id="c03-007c-04-01" tag="JJ" text="public">
        <cmp x="483" y="1499" width="49" height="78" />
        <cmp x="538" y="1495" width="63" height="55" />
        <cmp x="606" y="1483" width="41" height="64" />
        <cmp x="658" y="1471" width="64" height="75" />
        <cmp x="719" y="1475" width="5" height="6" />
        <cmp x="726" y="1488" width="48" height="57" />
      </word>
      <word id="c03-007c-04-02" tag="NNS" text="monuments">
        <cmp x="850" y="1491" width="73" height="55" />
        <cmp x="927" y="1494" width="36" height="51" />
        <cmp x="966" y="1494" width="273" height="52" />
        <cmp x="1239" y="1478" width="54" height="62" />
      </word>
      <word id="c03-007c-04-03" tag="CC" text="and">
        <cmp x="1406" y="1493" width="90" height="62" />
        <cmp x="1500" y="1487" width="65" height="70" />
      </word>
      <word id="c03-007c-04-04" tag="ATI" text="the">
        <cmp x="1652" y="1469" width="123" height="82" />
      </word>
      <word id="c03-007c-04-05" tag="NN" text="rubbish">
        <cmp x="1873" y="1493" width="81" height="52" />
        <cmp x="1962" y="1486" width="45" height="57" />
        <cmp x="2009" y="1485" width="43" height="58" />
        <cmp x="2055" y="1498" width="16" height="38" />
        <cmp x="2067" y="1497" width="42" height="44" />
        <cmp x="2075" y="1477" width="7" height="5" />
        <cmp x="2118" y="1473" width="71" height="66" />
      </word>
      <word id="c03-007c-04-06" tag="VBN" text="strewn">
        <cmp x="2243" y="1483" width="185" height="63" />
        <cmp x="2297" y="1548" width="10" height="14" />
        <cmp x="2426" y="1504" width="48" height="49" />
      </word>
      <upper-contour>
        <point x="298" y="1447" />
        <point x="2405" y="1447" />
      </upper-contour>
      <lower-contour>
        <point x="302" y="1576" />
        <point x="2413" y="1576" />
      </lower-contour>
    </line>
    <line ass="-81" asx="0" asy="1642" character-width="999" dss="-81" dsx="0" dsy="1740" fd0="13833" fd1="2205" fd2="-1570" filter-width="3" id="c03-007c-05" lbs="-49" lbx="0" lby="1724" segmentation="ok" slant="68999" stroke-width="5455" threshold="181" text="canals - even the worn head-stones in the" ubs="-145" ubx="0" uby="1679">
      <word id="c03-007c-05-00" tag="NNS" text="canals">
        <cmp x="304" y="1671" width="143" height="56" />
        <cmp x="457" y="1648" width="118" height="78" />
      </word>
      <word id="c03-007c-05-01" tag="*-" text="-">
        <cmp x="646" y="1691" width="33" height="5" />
      </word>
      <word id="c03-007c-05-02" tag="RB" text="even">
        <cmp x="719" y="1666" width="210" height="59" />
      </word>
      <word id="c03-007c-05-03" tag="ATI" text="the">
        <cmp x="1020" y="1647" width="117" height="81" />
      </word>
      <word id="c03-007c-05-04" tag="JJ" text="worn">
        <cmp x="1260" y="1683" width="77" height="61" />
        <cmp x="1338" y="1675" width="145" height="60" />
      </word>
      <word id="c03-007c-05-05" tag="NNS" text="head-stones">
        <cmp x="1565" y="1645" width="103" height="84" />
        <cmp x="1666" y="1674" width="44" height="54" />
        <cmp x="1708" y="1664" width="56" height="65" />
        <cmp x="1789" y="1694" width="30" height="6" />
        <cmp x="1808" y="1668" width="252" height="69" />
      </word>
      <word id="c03-007c-05-06" tag="IN" text="in">
        <cmp x="2141" y="1678" width="47" height="53" />
        <cmp x="2182" y="1662" width="5" height="6" />
        <cmp x="2191" y="1680" width="46" height="46" />
      </word>
      <word id="c03-007c-05-07" tag="ATI" text="the">
        <cmp x="2295" y="1647" width="118" height="79" />
      </word>
      <upper-contour>
        <point x="302" y="1576" />
        <point x="2413" y="1576" />
      </upper-contour>
      <lower-contour>
        <point x="315" y="1748" />
        <point x="2265" y="1748" />
      </lower-contour>
    </line>
    <line ass="-189" asx="0" asy="1811" character-width="999" dss="-189" dsx="0" dsy="1996" fd0="13912" fd1="2425" fd2="-1524" filter-width="3" id="c03-007c-06" lbs="-231" lbx="0" lby="1902" segmentation="ok" slant="70000" stroke-width="5534" threshold="184" text="churchyard, &amp;quot;sacred to the memory of&amp;quot;" ubs="-105" ubx="0" uby="1860">
      <word id="c03-007c-06-00" tag="NN" text="churchyard">
        <cmp x="317" y="1828" width="186" height="83" />
        <cmp x="505" y="1826" width="88" height="78" />
        <cmp x="581" y="1858" width="63" height="139" />
        <cmp x="640" y="1857" width="79" height="59" />
        <cmp x="714" y="1841" width="66" height="69" />
      </word>
      <word id="c03-007c-06-01" tag="," text=",">
        <cmp x="805" y="1891" width="16" height="53" />
      </word>
      <word id="c03-007c-06-02" tag="*&apos;" text="&quot;">
        <cmp x="932" y="1889" width="21" height="53" />
        <cmp x="947" y="1890" width="16" height="50" />
      </word>
      <word id="c03-007c-06-03" tag="JJ" text="sacred">
        <cmp x="1006" y="1852" width="71" height="63" />
        <cmp x="1075" y="1854" width="43" height="51" />
        <cmp x="1128" y="1847" width="110" height="58" />
        <cmp x="1239" y="1835" width="67" height="72" />
      </word>
      <word id="c03-007c-06-04" tag="IN" text="to">
        <cmp x="1393" y="1840" width="65" height="63" />
      </word>
      <word id="c03-007c-06-05" tag="ATI" text="the">
        <cmp x="1524" y="1827" width="124" height="72" />
      </word>
      <word id="c03-007c-06-06" tag="NN" text="memory">
        <cmp x="1722" y="1856" width="70" height="51" />
        <cmp x="1799" y="1862" width="106" height="46" />
        <cmp x="1911" y="1860" width="82" height="52" />
        <cmp x="1983" y="1867" width="62" height="108" />
      </word>
      <word id="c03-007c-06-07" tag="INO" text="of">
        <cmp x="2116" y="1833" width="89" height="117" />
      </word>
      <word id="c03-007c-06-08" tag="**&apos;" text="&quot;">
        <cmp x="2240" y="1820" width="24" height="41" />
      </word>
      <upper-contour>
        <point x="315" y="1748" />
        <point x="2265" y="1748" />
      </upper-contour>
      <lower-contour>
        <point x="315" y="1996" />
        <point x="2265" y="1996" />
      </lower-contour>
    </line>
    <line ass="-227" asx="0" asy="2002" character-width="999" dss="-227" dsx="0" dsy="2154" fd0="13620" fd1="2393" fd2="-1099" filter-width="3" id="c03-007c-07" lbs="-277" lbx="0" lby="2079" segmentation="ok" slant="71000" stroke-width="5501" threshold="184" text="- are seen as an integral part of the" ubs="-126" ubx="0" uby="2040">
      <word id="c03-007c-07-00" tag="*-" text="-">
        <cmp x="311" y="2061" width="48" height="10" />
      </word>
      <word id="c03-007c-07-01" tag="BER" text="are">
        <cmp x="406" y="2027" width="126" height="58" />
      </word>
      <word id="c03-007c-07-02" tag="VBN" text="seen">
        <cmp x="635" y="2033" width="203" height="52" />
      </word>
      <word id="c03-007c-07-03" tag="IN" text="as">
        <cmp x="938" y="2028" width="89" height="62" />
      </word>
      <word id="c03-007c-07-04" tag="AT" text="an">
        <cmp x="1135" y="2038" width="109" height="59" />
      </word>
      <word id="c03-007c-07-05" tag="JJ" text="integral">
        <cmp x="1337" y="2035" width="42" height="53" />
        <cmp x="1374" y="2017" width="5" height="6" />
        <cmp x="1388" y="2041" width="47" height="49" />
        <cmp x="1441" y="2023" width="56" height="73" />
        <cmp x="1503" y="2041" width="90" height="120" />
        <cmp x="1589" y="2024" width="88" height="71" />
      </word>
      <word id="c03-007c-07-06" tag="NN" text="part">
        <cmp x="1773" y="2047" width="58" height="81" />
        <cmp x="1828" y="2031" width="111" height="64" />
      </word>
      <word id="c03-007c-07-07" tag="INO" text="of">
        <cmp x="2020" y="2017" width="76" height="105" />
      </word>
      <word id="c03-007c-07-08" tag="ATI" text="the">
        <cmp x="2142" y="2011" width="133" height="72" />
      </word>
      <upper-contour>
        <point x="315" y="1996" />
        <point x="2265" y="1996" />
      </upper-contour>
      <lower-contour>
        <point x="309" y="2084" />
        <point x="522" y="2084" />
      </lower-contour>
    </line>
    <line ass="4570" asx="0" asy="2224" character-width="999" dss="4570" dsx="0" dsy="2383" fd0="13393" fd1="1928" fd2="-1366" filter-width="3" id="c03-007c-08" lbs="5099" lbx="0" lby="2295" segmentation="err" slant="71000" stroke-width="5387" threshold="178" text="story." ubs="3513" ubx="0" uby="2250">
      <word id="c03-007c-08-00" tag="NN" text="story">
        <cmp x="297" y="2200" width="142" height="81" />
        <cmp x="448" y="2222" width="57" height="44" />
      </word>
      <word id="c03-007c-08-01" tag="." text=".">
        <cmp x="467" y="2221" width="54" height="127" />
      </word>
      <upper-contour>
        <point x="309" y="2084" />
        <point x="522" y="2084" />
      </upper-contour>
    </line>
  </handwritten-part>
</form>

