<?xml version="1.0" encoding="ISO-8859-1"?>

<!DOCTYPE form SYSTEM 'http://www.iam.unibe.ch/~fki/iamdb/form-metadata.dtd'>

<form created="2002-01-16" height="3542" id="c03-016d" last-modified="2002-07-17" skew="159" status="final" version="3.0_beta" width="2479" writer-id="153">
  <machine-printed-part>
    <machine-print-line text="But there is heart in the telling, and an intense realism in the situation. A young" />
    <machine-print-line text="girl lives in a single dingy room with her slatternly, promiscuous mother. In such" />
    <machine-print-line text="surroundings she learns sex is something sordid, and when she experiences it for the" />
    <machine-print-line text="first time herself it is incoherently, clumsily, but half shyly and half inquisitively. As" />
    <machine-print-line text="is the case in Fanny her first lover is a sailor who leaves her to bear his child and sails" />
    <machine-print-line text="away." />
  </machine-printed-part>
  <handwritten-part>
    <line ass="68" asx="0" asy="774" character-width="999" dss="68" dsx="0" dsy="875" fd0="14155" fd1="2358" fd2="-1026" filter-width="3" id="c03-016d-00" lbs="36" lbx="0" lby="835" segmentation="ok" slant="65000" stroke-width="5561" threshold="166" text="But there is heart in the telling, and an" ubs="131" ubx="0" uby="804">
      <word id="c03-016d-00-00" sentence-start="yes" tag="CC" text="But">
        <cmp x="361" y="774" width="148" height="77" />
      </word>
      <word id="c03-016d-00-01" tag="EX" text="there">
        <cmp x="567" y="777" width="160" height="60" />
      </word>
      <word id="c03-016d-00-02" tag="BEZ" text="is">
        <cmp x="784" y="796" width="69" height="37" />
        <cmp x="821" y="776" width="8" height="8" />
      </word>
      <word id="c03-016d-00-03" tag="NN" text="heart">
        <cmp x="909" y="778" width="189" height="62" />
        <cmp x="1063" y="826" width="5" height="3" />
      </word>
      <word id="c03-016d-00-04" tag="IN" text="in">
        <cmp x="1144" y="801" width="87" height="39" />
        <cmp x="1192" y="785" width="8" height="8" />
      </word>
      <word id="c03-016d-00-05" tag="ATI" text="the">
        <cmp x="1288" y="783" width="109" height="55" />
      </word>
      <word id="c03-016d-00-06" tag="NN" text="telling">
        <cmp x="1471" y="780" width="255" height="91" />
        <cmp x="1614" y="786" width="9" height="7" />
      </word>
      <word id="c03-016d-00-07" tag="," text=",">
        <cmp x="1720" y="848" width="26" height="25" />
      </word>
      <word id="c03-016d-00-08" tag="CC" text="and">
        <cmp x="1800" y="801" width="81" height="39" />
        <cmp x="1882" y="784" width="50" height="50" />
      </word>
      <word id="c03-016d-00-09" tag="AT" text="an">
        <cmp x="1974" y="804" width="84" height="34" />
      </word>
      <lower-contour>
        <point x="358" y="874" />
        <point x="2028" y="874" />
      </lower-contour>
    </line>
    <line ass="-371" asx="0" asy="945" character-width="999" dss="-371" dsx="0" dsy="1055" fd0="14325" fd1="2193" fd2="-1544" filter-width="3" id="c03-016d-01" lbs="-554" lbx="0" lby="1003" segmentation="ok" slant="59000" stroke-width="5607" threshold="165" text="intense realism in the situation. A young" ubs="-4" ubx="0" uby="977">
      <word id="c03-016d-01-00" tag="JJ" text="intense">
        <cmp x="353" y="967" width="224" height="53" />
        <cmp x="400" y="960" width="6" height="7" />
      </word>
      <word id="c03-016d-01-01" tag="NN" text="realism">
        <cmp x="658" y="959" width="284" height="58" />
        <cmp x="834" y="967" width="6" height="7" />
      </word>
      <word id="c03-016d-01-02" tag="IN" text="in">
        <cmp x="1007" y="973" width="78" height="39" />
        <cmp x="1050" y="961" width="6" height="8" />
      </word>
      <word id="c03-016d-01-03" tag="ATI" text="the">
        <cmp x="1150" y="963" width="109" height="55" />
      </word>
      <word id="c03-016d-01-04" tag="NN" text="situation">
        <cmp x="1313" y="954" width="241" height="60" />
        <cmp x="1388" y="955" width="6" height="8" />
        <cmp x="1549" y="981" width="35" height="29" />
        <cmp x="1551" y="963" width="6" height="7" />
        <cmp x="1586" y="977" width="44" height="37" />
      </word>
      <word id="c03-016d-01-05" tag="." text=".">
        <cmp x="1644" y="1011" width="6" height="7" />
      </word>
      <word id="c03-016d-01-06" sentence-start="yes" tag="AT" text="A">
        <cmp x="1706" y="964" width="65" height="53" />
      </word>
      <word id="c03-016d-01-07" tag="JJ" text="young">
        <cmp x="1779" y="978" width="78" height="90" />
        <cmp x="1852" y="981" width="175" height="65" />
      </word>
      <upper-contour>
        <point x="358" y="874" />
        <point x="2028" y="874" />
      </upper-contour>
      <lower-contour>
        <point x="351" y="1069" />
        <point x="1998" y="1069" />
      </lower-contour>
    </line>
    <line ass="-550" asx="0" asy="1115" character-width="999" dss="-550" dsx="0" dsy="1243" fd0="14284" fd1="2143" fd2="-1313" filter-width="3" id="c03-016d-02" lbs="-856" lbx="0" lby="1173" segmentation="ok" slant="65000" stroke-width="5668" threshold="166" text="girl lives in a single dingy room with" ubs="61" ubx="0" uby="1157">
      <word id="c03-016d-02-00" tag="NN" text="girl">
        <cmp x="341" y="1140" width="140" height="108" />
        <cmp x="399" y="1143" width="5" height="7" />
      </word>
      <word id="c03-016d-02-01" tag="NNS" text="lives">
        <cmp x="548" y="1135" width="176" height="58" />
        <cmp x="627" y="1138" width="8" height="7" />
      </word>
      <word id="c03-016d-02-02" tag="IN" text="in">
        <cmp x="773" y="1158" width="86" height="39" />
        <cmp x="814" y="1143" width="10" height="7" />
      </word>
      <word id="c03-016d-02-03" tag="AT" text="a">
        <cmp x="919" y="1162" width="40" height="33" />
      </word>
      <word id="c03-016d-02-04" tag="JJ" text="single">
        <cmp x="1011" y="1144" width="219" height="100" />
        <cmp x="1092" y="1141" width="6" height="6" />
      </word>
      <word id="c03-016d-02-05" tag="JJ" text="dingy">
        <cmp x="1296" y="1143" width="226" height="100" />
        <cmp x="1378" y="1137" width="6" height="8" />
      </word>
      <word id="c03-016d-02-06" tag="NN" text="room">
        <cmp x="1587" y="1154" width="182" height="42" />
      </word>
      <word id="c03-016d-02-07" tag="IN" text="with">
        <cmp x="1840" y="1137" width="157" height="61" />
        <cmp x="1939" y="1135" width="8" height="7" />
      </word>
      <upper-contour>
        <point x="351" y="1069" />
        <point x="1998" y="1069" />
      </upper-contour>
      <lower-contour>
        <point x="354" y="1244" />
        <point x="1998" y="1244" />
      </lower-contour>
    </line>
    <line ass="9" asx="0" asy="1311" character-width="999" dss="9" dsx="0" dsy="1420" fd0="14293" fd1="2666" fd2="-1262" filter-width="3" id="c03-016d-03" lbs="45" lbx="0" lby="1371" segmentation="ok" slant="62000" stroke-width="5642" threshold="165" text="her slatternly, promiscuous mother. In such" ubs="-61" ubx="0" uby="1335">
      <word id="c03-016d-03-00" tag="PP$" text="her">
        <cmp x="356" y="1312" width="116" height="57" />
      </word>
      <word id="c03-016d-03-01" tag="JJ" text="slatternly">
        <cmp x="524" y="1311" width="168" height="60" />
        <cmp x="683" y="1311" width="192" height="101" />
      </word>
      <word id="c03-016d-03-02" tag="," text=",">
        <cmp x="883" y="1375" width="24" height="26" />
      </word>
      <word id="c03-016d-03-03" tag="JJ" text="promiscuous">
        <cmp x="944" y="1336" width="416" height="85" />
        <cmp x="1157" y="1318" width="8" height="7" />
      </word>
      <word id="c03-016d-03-04" tag="NN" text="mother">
        <cmp x="1426" y="1319" width="246" height="57" />
      </word>
      <word id="c03-016d-03-05" tag="." text=".">
        <cmp x="1666" y="1362" width="8" height="7" />
      </word>
      <word id="c03-016d-03-06" sentence-start="yes" tag="IN" text="In">
        <cmp x="1736" y="1318" width="66" height="50" />
      </word>
      <word id="c03-016d-03-07" tag="ABL" text="such">
        <cmp x="1857" y="1324" width="164" height="47" />
      </word>
      <upper-contour>
        <point x="354" y="1244" />
        <point x="1998" y="1244" />
      </upper-contour>
      <lower-contour>
        <point x="354" y="1421" />
        <point x="1941" y="1421" />
      </lower-contour>
    </line>
    <line ass="-99" asx="0" asy="1493" character-width="999" dss="-99" dsx="0" dsy="1602" fd0="14278" fd1="2844" fd2="-1396" filter-width="4" id="c03-016d-04" lbs="-195" lbx="0" lby="1548" segmentation="ok" slant="62000" stroke-width="5791" threshold="161" text="surroundings she learns sex is something" ubs="92" ubx="0" uby="1521">
      <word id="c03-016d-04-00" tag="NNS" text="surroundings">
        <cmp x="344" y="1496" width="461" height="108" />
        <cmp x="690" y="1495" width="7" height="8" />
      </word>
      <word id="c03-016d-04-01" tag="PP3A" text="she">
        <cmp x="879" y="1495" width="119" height="60" />
      </word>
      <word id="c03-016d-04-02" tag="VBZ" text="learns">
        <cmp x="1056" y="1498" width="202" height="55" />
      </word>
      <word id="c03-016d-04-03" tag="NN" text="sex">
        <cmp x="1314" y="1520" width="121" height="32" />
      </word>
      <word id="c03-016d-04-04" tag="BEZ" text="is">
        <cmp x="1469" y="1523" width="64" height="29" />
        <cmp x="1505" y="1511" width="6" height="5" />
      </word>
      <word id="c03-016d-04-05" tag="PN" text="something">
        <cmp x="1587" y="1500" width="353" height="89" />
        <cmp x="1854" y="1499" width="7" height="8" />
      </word>
      <upper-contour>
        <point x="354" y="1421" />
        <point x="1941" y="1421" />
      </upper-contour>
      <lower-contour>
        <point x="344" y="1603" />
        <point x="1941" y="1603" />
      </lower-contour>
    </line>
    <line ass="-352" asx="0" asy="1670" character-width="999" dss="-352" dsx="0" dsy="1759" fd0="13958" fd1="2947" fd2="-795" filter-width="4" id="c03-016d-05" lbs="-424" lbx="0" lby="1723" segmentation="ok" slant="58000" stroke-width="5815" threshold="162" text="sordid, and when she experiences it for" ubs="-208" ubx="0" uby="1697">
      <word id="c03-016d-05-00" tag="JJ" text="sordid">
        <cmp x="346" y="1676" width="242" height="58" />
        <cmp x="535" y="1678" width="6" height="9" />
      </word>
      <word id="c03-016d-05-01" tag="," text=",">
        <cmp x="599" y="1735" width="16" height="22" />
      </word>
      <word id="c03-016d-05-02" tag="CC" text="and">
        <cmp x="662" y="1676" width="144" height="55" />
      </word>
      <word id="c03-016d-05-03" tag="WRB" text="when">
        <cmp x="849" y="1682" width="193" height="49" />
      </word>
      <word id="c03-016d-05-04" tag="PP3A" text="she">
        <cmp x="1105" y="1676" width="124" height="58" />
      </word>
      <word id="c03-016d-05-05" tag="VBZ" text="experiences">
        <cmp x="1289" y="1694" width="375" height="75" />
        <cmp x="1499" y="1688" width="9" height="8" />
      </word>
      <word id="c03-016d-05-06" tag="PP3" text="it">
        <cmp x="1723" y="1688" width="77" height="52" />
        <cmp x="1765" y="1695" width="10" height="7" />
      </word>
      <word id="c03-016d-05-07" tag="IN" text="for">
        <cmp x="1851" y="1686" width="120" height="78" />
      </word>
      <upper-contour>
        <point x="344" y="1603" />
        <point x="1941" y="1603" />
      </upper-contour>
      <lower-contour>
        <point x="362" y="1769" />
        <point x="1972" y="1769" />
      </lower-contour>
    </line>
    <line ass="-335" asx="0" asy="1842" character-width="999" dss="-335" dsx="0" dsy="1950" fd0="14230" fd1="2270" fd2="-1367" filter-width="4" id="c03-016d-06" lbs="-410" lbx="0" lby="1903" segmentation="ok" slant="57000" stroke-width="5846" threshold="164" text="the first time herself it is incoherently, clumsily," ubs="-185" ubx="0" uby="1876">
      <word id="c03-016d-06-00" tag="ATI" text="the">
        <cmp x="364" y="1854" width="99" height="59" />
      </word>
      <word id="c03-016d-06-01" tag="OD" text="first">
        <cmp x="519" y="1858" width="143" height="79" />
        <cmp x="595" y="1857" width="8" height="7" />
      </word>
      <word id="c03-016d-06-02" tag="NN" text="time">
        <cmp x="710" y="1860" width="146" height="61" />
        <cmp x="765" y="1854" width="13" height="8" />
      </word>
      <word id="c03-016d-06-03" tag="PPL" text="herself">
        <cmp x="914" y="1863" width="246" height="91" />
      </word>
      <word id="c03-016d-06-04" tag="PP3" text="it">
        <cmp x="1197" y="1868" width="79" height="52" />
        <cmp x="1243" y="1871" width="11" height="6" />
      </word>
      <word id="c03-016d-06-05" tag="BEZ" text="is">
        <cmp x="1320" y="1881" width="74" height="35" />
        <cmp x="1358" y="1869" width="7" height="7" />
      </word>
      <word id="c03-016d-06-06" tag="RB" text="incoherently">
        <cmp x="1440" y="1878" width="74" height="37" />
        <cmp x="1479" y="1858" width="6" height="6" />
        <cmp x="1504" y="1858" width="369" height="103" />
      </word>
      <word id="c03-016d-06-07" tag="," text=",">
        <cmp x="1885" y="1918" width="25" height="32" />
      </word>
      <word id="c03-016d-06-08" tag="RB" text="clumsily">
        <cmp x="1935" y="1854" width="283" height="98" />
        <cmp x="2154" y="1859" width="5" height="7" />
      </word>
      <word id="c03-016d-06-09" tag="," text=",">
        <cmp x="2206" y="1914" width="27" height="29" />
      </word>
      <upper-contour>
        <point x="362" y="1769" />
        <point x="1972" y="1769" />
      </upper-contour>
      <lower-contour>
        <point x="374" y="1962" />
        <point x="2234" y="1962" />
      </lower-contour>
    </line>
    <line ass="897" asx="0" asy="2041" character-width="999" dss="897" dsx="0" dsy="2175" fd0="14424" fd1="2699" fd2="-1112" filter-width="4" id="c03-016d-07" lbs="1116" lbx="0" lby="2117" segmentation="err" slant="59000" stroke-width="5784" threshold="165" text="but half shyly and half inquisitively. As" ubs="459" ubx="0" uby="2070">
      <word id="c03-016d-07-00" tag="CC" text="but">
        <cmp x="376" y="2035" width="129" height="61" />
      </word>
      <word id="c03-016d-07-01" tag="RB" text="half">
        <cmp x="540" y="2033" width="176" height="85" />
      </word>
      <word id="c03-016d-07-02" tag="RB" text="shyly">
        <cmp x="764" y="2029" width="213" height="103" />
      </word>
      <word id="c03-016d-07-03" tag="CC" text="and">
        <cmp x="1031" y="2038" width="145" height="57" />
      </word>
      <word id="c03-016d-07-04" tag="RB" text="half">
        <cmp x="1215" y="2038" width="149" height="84" />
      </word>
      <word id="c03-016d-07-05" tag="RB" text="inquisitively">
        <cmp x="1425" y="2041" width="477" height="106" />
        <cmp x="1466" y="2035" width="7" height="8" />
        <cmp x="1632" y="2032" width="6" height="12" />
        <cmp x="1688" y="2039" width="6" height="9" />
        <cmp x="1742" y="2043" width="5" height="8" />
        <cmp x="1915" y="2084" width="6" height="6" />
      </word>
      <word id="c03-016d-07-06" tag="." text=".">
        <cmp x="1963" y="2039" width="83" height="48" />
      </word>
      <word id="c03-016d-07-07" sentence-start="yes" tag="CS" text="As">
        <cmp x="2331" y="2055" width="9" height="8" />
      </word>
      <upper-contour>
        <point x="374" y="1962" />
        <point x="2234" y="1962" />
      </upper-contour>
      <lower-contour>
        <point x="374" y="2148" />
        <point x="2245" y="2148" />
      </lower-contour>
    </line>
    <line ass="146" asx="0" asy="2216" character-width="999" dss="146" dsx="0" dsy="2323" fd0="14516" fd1="3183" fd2="-668" filter-width="3" id="c03-016d-08" lbs="268" lbx="0" lby="2271" segmentation="ok" slant="58000" stroke-width="5666" threshold="162" text="is the case in Fanny her first lover is a sailor" ubs="-99" ubx="0" uby="2234">
      <word id="c03-016d-08-00" tag="BEZ" text="is">
        <cmp x="352" y="2233" width="67" height="39" />
        <cmp x="391" y="2216" width="7" height="8" />
      </word>
      <word id="c03-016d-08-01" tag="ATI" text="the">
        <cmp x="458" y="2215" width="109" height="58" />
      </word>
      <word id="c03-016d-08-02" tag="NN" text="case">
        <cmp x="623" y="2233" width="159" height="42" />
      </word>
      <word id="c03-016d-08-03" tag="IN" text="in">
        <cmp x="821" y="2240" width="72" height="34" />
        <cmp x="854" y="2221" width="9" height="8" />
      </word>
      <word id="c03-016d-08-04" tag="NP" text="Fanny">
        <cmp x="953" y="2228" width="47" height="50" />
        <cmp x="966" y="2220" width="59" height="14" />
        <cmp x="988" y="2243" width="183" height="79" />
      </word>
      <word id="c03-016d-08-05" tag="PP$" text="her">
        <cmp x="1218" y="2223" width="113" height="49" />
      </word>
      <word id="c03-016d-08-06" tag="OD" text="first">
        <cmp x="1359" y="2225" width="169" height="93" />
        <cmp x="1447" y="2223" width="8" height="6" />
      </word>
      <word id="c03-016d-08-07" tag="NN" text="lover">
        <cmp x="1581" y="2223" width="192" height="52" />
      </word>
      <word id="c03-016d-08-08" tag="BEZ" text="is">
        <cmp x="1824" y="2235" width="66" height="33" />
        <cmp x="1863" y="2217" width="7" height="8" />
      </word>
      <word id="c03-016d-08-09" tag="AT" text="a">
        <cmp x="1945" y="2236" width="61" height="34" />
      </word>
      <word id="c03-016d-08-10" tag="NN" text="sailor">
        <cmp x="2037" y="2218" width="207" height="53" />
        <cmp x="2149" y="2214" width="7" height="10" />
      </word>
      <upper-contour>
        <point x="374" y="2148" />
        <point x="2245" y="2148" />
      </upper-contour>
      <lower-contour>
        <point x="363" y="2322" />
        <point x="2158" y="2322" />
      </lower-contour>
    </line>
    <line ass="95" asx="0" asy="2388" character-width="999" dss="95" dsx="0" dsy="2462" fd0="14184" fd1="2698" fd2="-1006" filter-width="4" id="c03-016d-09" lbs="145" lbx="0" lby="2454" segmentation="ok" slant="57000" stroke-width="5791" threshold="161" text="who leaves her to bear his child and sails" ubs="-3" ubx="0" uby="2416">
      <word id="c03-016d-09-00" tag="WP" text="who">
        <cmp x="365" y="2388" width="152" height="64" />
      </word>
      <word id="c03-016d-09-01" tag="VBZ" text="leaves">
        <cmp x="567" y="2401" width="218" height="54" />
      </word>
      <word id="c03-016d-09-02" tag="PP3O" text="her">
        <cmp x="852" y="2393" width="127" height="60" />
      </word>
      <word id="c03-016d-09-03" tag="TO" text="to">
        <cmp x="1018" y="2402" width="97" height="60" />
      </word>
      <word id="c03-016d-09-04" tag="VB" text="bear">
        <cmp x="1175" y="2404" width="166" height="49" />
      </word>
      <word id="c03-016d-09-05" tag="PP$" text="his">
        <cmp x="1396" y="2396" width="114" height="56" />
        <cmp x="1481" y="2402" width="7" height="7" />
      </word>
      <word id="c03-016d-09-06" tag="NN" text="child">
        <cmp x="1557" y="2397" width="188" height="58" />
        <cmp x="1657" y="2400" width="5" height="8" />
      </word>
      <word id="c03-016d-09-07" tag="CC" text="and">
        <cmp x="1806" y="2415" width="82" height="36" />
        <cmp x="1889" y="2394" width="54" height="52" />
      </word>
      <word id="c03-016d-09-08" tag="VBZ" text="sails">
        <cmp x="1986" y="2398" width="171" height="51" />
        <cmp x="2103" y="2398" width="8" height="7" />
      </word>
      <upper-contour>
        <point x="363" y="2322" />
        <point x="2158" y="2322" />
      </upper-contour>
      <lower-contour>
        <point x="363" y="2451" />
        <point x="560" y="2451" />
      </lower-contour>
    </line>
    <line ass="-2770" asx="0" asy="2571" character-width="999" dss="-2770" dsx="0" dsy="2658" fd0="13828" fd1="2851" fd2="-1327" filter-width="4" id="c03-016d-10" lbs="-46" lbx="0" lby="2628" segmentation="ok" slant="68000" stroke-width="5979" threshold="161" text="away." ubs="-8220" ubx="0" uby="2543">
      <word id="c03-016d-10-00" tag="RP" text="away">
        <cmp x="361" y="2596" width="184" height="88" />
      </word>
      <word id="c03-016d-10-01" tag="." text=".">
        <cmp x="554" y="2627" width="6" height="7" />
      </word>
      <upper-contour>
        <point x="363" y="2451" />
        <point x="560" y="2451" />
      </upper-contour>
    </line>
  </handwritten-part>
</form>

