<?xml version="1.0" encoding="ISO-8859-1"?>

<!DOCTYPE form SYSTEM 'http://www.iam.unibe.ch/~fki/iamdb/form-metadata.dtd'>

<form created="2002-01-16" height="3542" id="c03-084a" last-modified="2002-07-17" skew="315" status="final" version="3.0_beta" width="2479" writer-id="150">
  <machine-printed-part>
    <machine-print-line text="Mr. Bryan Stonehouse&apos;s production is quietly effective, giving full value to the formal" />
    <machine-print-line text="elements of Betti&apos;s writing without over-emphasizing them. Last night&apos;s play in the" />
    <machine-print-line text="&amp;quot;Play of the Week&amp;quot; series on independent television, Then We Fall, by Mr. Paul Fer-" />
    <machine-print-line text="ris, was a morality on the not unfamiliar theme of the destructive power of unbridled" />
    <machine-print-line text="ambition." />
  </machine-printed-part>
  <handwritten-part>
    <line ass="87" asx="0" asy="757" character-width="999" dss="87" dsx="0" dsy="886" fd0="13262" fd1="2682" fd2="-1783" filter-width="3" id="c03-084a-00" lbs="-12" lbx="0" lby="840" segmentation="ok" slant="95000" stroke-width="5356" threshold="186" text="Mr. Bryan Stonehouse&apos;s production is quietly" ubs="287" ubx="0" uby="800">
      <word id="c03-084a-00-00" sentence-start="yes" tag="NPT" text="Mr.">
        <cmp x="355" y="769" width="54" height="78" />
        <cmp x="420" y="798" width="23" height="51" />
        <cmp x="460" y="831" width="7" height="13" />
      </word>
      <word id="c03-084a-00-01" tag="NP" text="Bryan">
        <cmp x="508" y="771" width="61" height="72" />
        <cmp x="576" y="795" width="60" height="86" />
        <cmp x="636" y="791" width="49" height="54" />
        <cmp x="691" y="800" width="36" height="41" />
      </word>
      <word id="c03-084a-00-02" tag="NP$" text="Stonehouse&apos;s">
        <cmp x="793" y="773" width="40" height="67" />
        <cmp x="832" y="773" width="68" height="69" />
        <cmp x="905" y="795" width="34" height="46" />
        <cmp x="941" y="797" width="27" height="44" />
        <cmp x="970" y="764" width="5" height="3" />
        <cmp x="970" y="769" width="120" height="76" />
        <cmp x="1096" y="790" width="22" height="48" />
        <cmp x="1124" y="795" width="22" height="44" />
        <cmp x="1152" y="771" width="4" height="26" />
        <cmp x="1164" y="795" width="24" height="47" />
      </word>
      <word id="c03-084a-00-03" tag="NN" text="production">
        <cmp x="1246" y="794" width="46" height="34" />
        <cmp x="1255" y="806" width="9" height="59" />
        <cmp x="1300" y="786" width="20" height="47" />
        <cmp x="1325" y="768" width="84" height="70" />
        <cmp x="1412" y="790" width="38" height="43" />
        <cmp x="1458" y="793" width="44" height="50" />
        <cmp x="1500" y="762" width="36" height="79" />
        <cmp x="1502" y="756" width="5" height="4" />
        <cmp x="1524" y="764" width="8" height="13" />
        <cmp x="1546" y="800" width="77" height="42" />
      </word>
      <word id="c03-084a-00-04" tag="BEZ" text="is">
        <cmp x="1672" y="772" width="9" height="14" />
        <cmp x="1676" y="800" width="8" height="40" />
        <cmp x="1690" y="799" width="30" height="41" />
      </word>
      <word id="c03-084a-00-05" tag="RB" text="quietly">
        <cmp x="1774" y="796" width="44" height="81" />
        <cmp x="1825" y="801" width="47" height="47" />
        <cmp x="1874" y="778" width="9" height="13" />
        <cmp x="1880" y="812" width="7" height="35" />
        <cmp x="1903" y="806" width="30" height="40" />
        <cmp x="1933" y="779" width="46" height="63" />
        <cmp x="1968" y="775" width="5" height="4" />
        <cmp x="1986" y="808" width="37" height="75" />
      </word>
      <lower-contour>
        <point x="353" y="887" />
        <point x="2024" y="887" />
      </lower-contour>
    </line>
    <line ass="144" asx="0" asy="943" character-width="999" dss="144" dsx="0" dsy="1057" fd0="12728" fd1="3017" fd2="-1373" filter-width="3" id="c03-084a-01" lbs="204" lbx="0" lby="1023" segmentation="ok" slant="92999" stroke-width="5401" threshold="185" text="effective, giving full value to the formal elements" ubs="26" ubx="0" uby="973">
      <word id="c03-084a-01-00" tag="JJ" text="effective">
        <cmp x="353" y="972" width="26" height="48" />
        <cmp x="391" y="943" width="32" height="75" />
        <cmp x="421" y="942" width="60" height="77" />
        <cmp x="484" y="979" width="32" height="38" />
        <cmp x="500" y="977" width="11" height="12" />
        <cmp x="528" y="949" width="34" height="70" />
        <cmp x="530" y="944" width="5" height="3" />
        <cmp x="552" y="947" width="9" height="14" />
        <cmp x="573" y="983" width="31" height="39" />
        <cmp x="607" y="982" width="41" height="44" />
      </word>
      <word id="c03-084a-01-01" tag="," text=",">
        <cmp x="698" y="1006" width="12" height="41" />
      </word>
      <word id="c03-084a-01-02" tag="VBG" text="giving">
        <cmp x="746" y="984" width="43" height="70" />
        <cmp x="793" y="982" width="8" height="39" />
        <cmp x="797" y="951" width="8" height="16" />
        <cmp x="819" y="984" width="32" height="41" />
        <cmp x="855" y="954" width="7" height="10" />
        <cmp x="855" y="986" width="12" height="39" />
        <cmp x="871" y="987" width="33" height="30" />
        <cmp x="908" y="989" width="31" height="66" />
      </word>
      <word id="c03-084a-01-03" tag="JJ" text="full">
        <cmp x="1018" y="942" width="70" height="87" />
        <cmp x="1086" y="942" width="11" height="72" />
        <cmp x="1101" y="947" width="10" height="67" />
      </word>
      <word id="c03-084a-01-04" tag="NN" text="value">
        <cmp x="1168" y="974" width="41" height="54" />
        <cmp x="1214" y="976" width="42" height="46" />
        <cmp x="1264" y="953" width="14" height="64" />
        <cmp x="1279" y="967" width="77" height="51" />
      </word>
      <word id="c03-084a-01-05" tag="IN" text="to">
        <cmp x="1419" y="945" width="64" height="73" />
      </word>
      <word id="c03-084a-01-06" tag="ATI" text="the">
        <cmp x="1519" y="946" width="87" height="69" />
      </word>
      <word id="c03-084a-01-07" tag="JJ" text="formal">
        <cmp x="1672" y="943" width="91" height="78" />
        <cmp x="1769" y="972" width="103" height="47" />
        <cmp x="1880" y="946" width="7" height="61" />
      </word>
      <word id="c03-084a-01-08" tag="NNS" text="elements">
        <cmp x="1953" y="964" width="29" height="51" />
        <cmp x="1984" y="946" width="16" height="64" />
        <cmp x="2002" y="973" width="23" height="48" />
        <cmp x="2027" y="973" width="58" height="48" />
        <cmp x="2096" y="975" width="24" height="49" />
        <cmp x="2123" y="977" width="36" height="48" />
        <cmp x="2161" y="942" width="25" height="74" />
        <cmp x="2188" y="973" width="31" height="44" />
      </word>
      <upper-contour>
        <point x="353" y="887" />
        <point x="2024" y="887" />
      </upper-contour>
      <lower-contour>
        <point x="362" y="1054" />
        <point x="2141" y="1054" />
      </lower-contour>
    </line>
    <line ass="-976" asx="0" asy="1095" character-width="999" dss="-976" dsx="0" dsy="1220" fd0="13314" fd1="2768" fd2="-1597" filter-width="3" id="c03-084a-02" lbs="-995" lbx="0" lby="1171" segmentation="ok" slant="95000" stroke-width="5313" threshold="187" text="of Betti&apos;s writing without over-emphasizing" ubs="-938" ubx="0" uby="1134">
      <word id="c03-084a-02-00" tag="INO" text="of">
        <cmp x="364" y="1154" width="39" height="48" />
        <cmp x="409" y="1136" width="31" height="64" />
      </word>
      <word id="c03-084a-02-01" tag="NP$" text="Betti&apos;s">
        <cmp x="525" y="1126" width="84" height="71" />
        <cmp x="605" y="1127" width="49" height="62" />
        <cmp x="619" y="1129" width="3" height="4" />
        <cmp x="661" y="1116" width="9" height="13" />
        <cmp x="664" y="1154" width="9" height="36" />
        <cmp x="688" y="1117" width="5" height="31" />
        <cmp x="707" y="1143" width="28" height="48" />
      </word>
      <word id="c03-084a-02-02" tag="NN" text="writing">
        <cmp x="824" y="1157" width="72" height="48" />
        <cmp x="904" y="1158" width="26" height="38" />
        <cmp x="937" y="1125" width="9" height="13" />
        <cmp x="942" y="1163" width="7" height="33" />
        <cmp x="964" y="1163" width="3" height="5" />
        <cmp x="968" y="1129" width="40" height="65" />
        <cmp x="992" y="1121" width="7" height="22" />
        <cmp x="1011" y="1154" width="34" height="35" />
        <cmp x="1049" y="1165" width="37" height="73" />
      </word>
      <word id="c03-084a-02-03" tag="IN" text="without">
        <cmp x="1159" y="1156" width="68" height="46" />
        <cmp x="1230" y="1130" width="9" height="11" />
        <cmp x="1239" y="1163" width="8" height="37" />
        <cmp x="1255" y="1121" width="74" height="77" />
        <cmp x="1341" y="1155" width="34" height="45" />
        <cmp x="1379" y="1159" width="42" height="37" />
        <cmp x="1424" y="1134" width="23" height="64" />
      </word>
      <word id="c03-084a-02-04" tag="VBG" text="over-emphasizing">
        <cmp x="1533" y="1149" width="38" height="48" />
        <cmp x="1576" y="1156" width="36" height="38" />
        <cmp x="1616" y="1155" width="32" height="43" />
        <cmp x="1649" y="1152" width="24" height="49" />
        <cmp x="1688" y="1175" width="28" height="10" />
        <cmp x="1732" y="1197" width="3" height="3" />
        <cmp x="1736" y="1164" width="28" height="42" />
        <cmp x="1772" y="1159" width="91" height="70" />
        <cmp x="1863" y="1136" width="74" height="69" />
        <cmp x="1942" y="1158" width="33" height="43" />
        <cmp x="1979" y="1160" width="8" height="38" />
        <cmp x="1981" y="1130" width="6" height="15" />
        <cmp x="2000" y="1157" width="35" height="45" />
        <cmp x="2041" y="1130" width="7" height="14" />
        <cmp x="2042" y="1160" width="10" height="41" />
        <cmp x="2055" y="1158" width="40" height="37" />
        <cmp x="2102" y="1160" width="38" height="78" />
      </word>
      <upper-contour>
        <point x="362" y="1054" />
        <point x="2141" y="1054" />
      </upper-contour>
      <lower-contour>
        <point x="362" y="1238" />
        <point x="2115" y="1238" />
      </lower-contour>
    </line>
    <line ass="35" asx="0" asy="1300" character-width="999" dss="35" dsx="0" dsy="1422" fd0="12615" fd1="3205" fd2="-906" filter-width="3" id="c03-084a-03" lbs="2" lbx="0" lby="1382" segmentation="ok" slant="95000" stroke-width="5315" threshold="183" text="them. Last night&apos;s play in the &amp;quot;Play of the" ubs="101" ubx="0" uby="1332">
      <word id="c03-084a-03-00" tag="PP3OS" text="them">
        <cmp x="359" y="1304" width="112" height="80" />
        <cmp x="475" y="1334" width="60" height="46" />
      </word>
      <word id="c03-084a-03-01" tag="." text=".">
        <cmp x="558" y="1367" width="8" height="13" />
      </word>
      <word id="c03-084a-03-02" sentence-start="yes" tag="AP" text="Last">
        <cmp x="628" y="1309" width="40" height="69" />
        <cmp x="672" y="1331" width="43" height="50" />
        <cmp x="724" y="1332" width="25" height="47" />
        <cmp x="741" y="1301" width="28" height="74" />
      </word>
      <word id="c03-084a-03-03" tag="NN$" text="night&apos;s">
        <cmp x="871" y="1334" width="40" height="44" />
        <cmp x="918" y="1335" width="9" height="48" />
        <cmp x="921" y="1303" width="7" height="10" />
        <cmp x="931" y="1342" width="45" height="71" />
        <cmp x="971" y="1311" width="38" height="62" />
        <cmp x="1011" y="1304" width="27" height="73" />
        <cmp x="1050" y="1302" width="6" height="33" />
        <cmp x="1059" y="1331" width="32" height="43" />
      </word>
      <word id="c03-084a-03-04" tag="NN" text="play">
        <cmp x="1146" y="1336" width="41" height="71" />
        <cmp x="1195" y="1309" width="12" height="72" />
        <cmp x="1209" y="1337" width="36" height="45" />
        <cmp x="1255" y="1348" width="34" height="74" />
      </word>
      <word id="c03-084a-03-05" tag="IN" text="in">
        <cmp x="1360" y="1319" width="10" height="17" />
        <cmp x="1365" y="1342" width="8" height="47" />
        <cmp x="1375" y="1351" width="43" height="36" />
      </word>
      <word id="c03-084a-03-06" tag="ATI" text="the">
        <cmp x="1453" y="1314" width="66" height="67" />
        <cmp x="1525" y="1337" width="28" height="49" />
      </word>
      <word id="c03-084a-03-07" tag="*&apos;" text="&quot;">
        <cmp x="1625" y="1306" width="23" height="25" />
      </word>
      <word id="c03-084a-03-08" tag="NN" text="Play">
        <cmp x="1652" y="1310" width="58" height="74" />
        <cmp x="1715" y="1311" width="10" height="64" />
        <cmp x="1728" y="1335" width="41" height="42" />
        <cmp x="1781" y="1340" width="49" height="75" />
      </word>
      <word id="c03-084a-03-09" tag="INO" text="of">
        <cmp x="1876" y="1325" width="41" height="48" />
        <cmp x="1923" y="1305" width="28" height="76" />
      </word>
      <word id="c03-084a-03-10" tag="ATI" text="the">
        <cmp x="2007" y="1302" width="107" height="77" />
      </word>
      <upper-contour>
        <point x="362" y="1238" />
        <point x="2115" y="1238" />
      </upper-contour>
      <lower-contour>
        <point x="357" y="1422" />
        <point x="2101" y="1422" />
      </lower-contour>
    </line>
    <line ass="-537" asx="0" asy="1459" character-width="999" dss="-537" dsx="0" dsy="1582" fd0="13063" fd1="2863" fd2="-1310" filter-width="3" id="c03-084a-04" lbs="-550" lbx="0" lby="1542" segmentation="ok" slant="91000" stroke-width="5332" threshold="182" text="Week&amp;quot; series on independent television, Then" ubs="-510" ubx="0" uby="1500">
      <word id="c03-084a-04-00" tag="NN" text="Week">
        <cmp x="359" y="1511" width="64" height="48" />
        <cmp x="432" y="1511" width="66" height="49" />
        <cmp x="503" y="1490" width="35" height="70" />
        <cmp x="504" y="1484" width="6" height="4" />
      </word>
      <word id="c03-084a-04-01" tag="**&apos;" text="&quot;">
        <cmp x="574" y="1476" width="10" height="22" />
        <cmp x="585" y="1476" width="6" height="23" />
      </word>
      <word id="c03-084a-04-02" tag="NN" text="series">
        <cmp x="669" y="1504" width="30" height="42" />
        <cmp x="700" y="1505" width="37" height="46" />
        <cmp x="741" y="1510" width="31" height="39" />
        <cmp x="760" y="1484" width="4" height="7" />
        <cmp x="774" y="1514" width="22" height="44" />
        <cmp x="803" y="1511" width="27" height="38" />
      </word>
      <word id="c03-084a-04-03" tag="IN" text="on">
        <cmp x="895" y="1512" width="46" height="47" />
        <cmp x="944" y="1516" width="44" height="40" />
      </word>
      <word id="c03-084a-04-04" tag="JJ" text="independent">
        <cmp x="1049" y="1482" width="9" height="17" />
        <cmp x="1056" y="1511" width="8" height="45" />
        <cmp x="1069" y="1490" width="82" height="76" />
        <cmp x="1157" y="1514" width="24" height="41" />
        <cmp x="1190" y="1516" width="36" height="78" />
        <cmp x="1228" y="1515" width="34" height="52" />
        <cmp x="1263" y="1515" width="43" height="43" />
        <cmp x="1313" y="1490" width="41" height="72" />
        <cmp x="1358" y="1513" width="29" height="45" />
        <cmp x="1395" y="1476" width="85" height="77" />
      </word>
      <word id="c03-084a-04-05" tag="NN" text="television">
        <cmp x="1540" y="1478" width="58" height="81" />
        <cmp x="1604" y="1476" width="8" height="70" />
        <cmp x="1616" y="1506" width="22" height="50" />
        <cmp x="1654" y="1511" width="44" height="50" />
        <cmp x="1657" y="1514" width="4" height="3" />
        <cmp x="1707" y="1518" width="13" height="40" />
        <cmp x="1713" y="1476" width="8" height="12" />
        <cmp x="1727" y="1511" width="28" height="51" />
        <cmp x="1764" y="1483" width="5" height="16" />
        <cmp x="1765" y="1513" width="10" height="46" />
        <cmp x="1775" y="1509" width="85" height="50" />
      </word>
      <word id="c03-084a-04-06" tag="," text=",">
        <cmp x="1871" y="1551" width="17" height="44" />
      </word>
      <word id="c03-084a-04-07" tag="RN" text="Then">
        <cmp x="1932" y="1501" width="48" height="57" />
        <cmp x="1983" y="1488" width="36" height="75" />
        <cmp x="2024" y="1519" width="76" height="51" />
      </word>
      <upper-contour>
        <point x="357" y="1422" />
        <point x="2101" y="1422" />
      </upper-contour>
      <lower-contour>
        <point x="357" y="1598" />
        <point x="2101" y="1598" />
      </lower-contour>
    </line>
    <line ass="-243" asx="0" asy="1655" character-width="999" dss="-243" dsx="0" dsy="1778" fd0="12705" fd1="2828" fd2="-1387" filter-width="3" id="c03-084a-05" lbs="-248" lbx="0" lby="1729" segmentation="ok" slant="90000" stroke-width="5428" threshold="185" text="We Fall, by Mr. Paul Ferris, was a morality" ubs="-232" ubx="0" uby="1686">
      <word id="c03-084a-05-00" tag="PP1AS" text="We">
        <cmp x="359" y="1667" width="68" height="71" />
        <cmp x="427" y="1696" width="26" height="43" />
      </word>
      <word id="c03-084a-05-01" tag="VB" text="Fall">
        <cmp x="529" y="1669" width="96" height="67" />
        <cmp x="634" y="1662" width="8" height="66" />
        <cmp x="653" y="1662" width="8" height="71" />
      </word>
      <word id="c03-084a-05-02" tag="," text=",">
        <cmp x="679" y="1723" width="15" height="59" />
      </word>
      <word id="c03-084a-05-03" tag="IN" text="by">
        <cmp x="736" y="1659" width="82" height="115" />
      </word>
      <word id="c03-084a-05-04" tag="NPT" text="Mr.">
        <cmp x="908" y="1663" width="51" height="75" />
        <cmp x="969" y="1688" width="16" height="53" />
        <cmp x="1003" y="1722" width="10" height="13" />
      </word>
      <word id="c03-084a-05-05" tag="NP" text="Paul">
        <cmp x="1053" y="1663" width="64" height="44" />
        <cmp x="1079" y="1677" width="12" height="60" />
        <cmp x="1110" y="1690" width="104" height="48" />
        <cmp x="1222" y="1665" width="7" height="57" />
      </word>
      <word id="c03-084a-05-06" tag="NP" text="Ferris">
        <cmp x="1289" y="1671" width="51" height="66" />
        <cmp x="1336" y="1687" width="34" height="51" />
        <cmp x="1375" y="1691" width="20" height="49" />
        <cmp x="1404" y="1689" width="19" height="46" />
        <cmp x="1430" y="1672" width="7" height="11" />
        <cmp x="1434" y="1700" width="8" height="38" />
        <cmp x="1459" y="1692" width="27" height="39" />
      </word>
      <word id="c03-084a-05-07" tag="," text=",">
        <cmp x="1493" y="1738" width="10" height="33" />
        <cmp x="1500" y="1732" width="3" height="5" />
      </word>
      <word id="c03-084a-05-08" tag="BEDZ" text="was">
        <cmp x="1540" y="1693" width="118" height="47" />
        <cmp x="1665" y="1690" width="30" height="44" />
      </word>
      <word id="c03-084a-05-09" tag="AT" text="a">
        <cmp x="1744" y="1695" width="55" height="46" />
      </word>
      <word id="c03-084a-05-10" tag="NN" text="morality">
        <cmp x="1861" y="1697" width="64" height="41" />
        <cmp x="1863" y="1701" width="3" height="5" />
        <cmp x="1932" y="1698" width="33" height="41" />
        <cmp x="1970" y="1691" width="18" height="45" />
        <cmp x="1991" y="1699" width="48" height="45" />
        <cmp x="2050" y="1678" width="9" height="64" />
        <cmp x="2070" y="1708" width="6" height="36" />
        <cmp x="2071" y="1668" width="7" height="14" />
        <cmp x="2094" y="1668" width="64" height="114" />
      </word>
      <upper-contour>
        <point x="357" y="1598" />
        <point x="2101" y="1598" />
      </upper-contour>
      <lower-contour>
        <point x="357" y="1787" />
        <point x="2158" y="1787" />
      </lower-contour>
    </line>
    <line ass="-244" asx="0" asy="1834" character-width="999" dss="-244" dsx="0" dsy="1918" fd0="12972" fd1="2970" fd2="-1201" filter-width="3" id="c03-084a-06" lbs="-241" lbx="0" lby="1910" segmentation="ok" slant="92999" stroke-width="5338" threshold="186" text="on the not unfamiliar theme of the destructive" ubs="-251" ubx="0" uby="1871">
      <word id="c03-084a-06-00" tag="IN" text="on">
        <cmp x="357" y="1872" width="49" height="44" />
        <cmp x="406" y="1877" width="43" height="38" />
      </word>
      <word id="c03-084a-06-01" tag="ATI" text="the">
        <cmp x="511" y="1853" width="109" height="68" />
        <cmp x="521" y="1855" width="4" height="5" />
      </word>
      <word id="c03-084a-06-02" tag="XNOT" text="not">
        <cmp x="708" y="1869" width="50" height="49" />
        <cmp x="763" y="1847" width="61" height="66" />
      </word>
      <word id="c03-084a-06-03" tag="JJ" text="unfamiliar">
        <cmp x="905" y="1879" width="45" height="40" />
        <cmp x="959" y="1875" width="43" height="36" />
        <cmp x="1017" y="1841" width="68" height="80" />
        <cmp x="1096" y="1872" width="66" height="39" />
        <cmp x="1166" y="1842" width="9" height="13" />
        <cmp x="1170" y="1880" width="7" height="33" />
        <cmp x="1198" y="1851" width="10" height="58" />
        <cmp x="1199" y="1844" width="3" height="3" />
        <cmp x="1212" y="1872" width="11" height="39" />
        <cmp x="1216" y="1841" width="7" height="12" />
        <cmp x="1228" y="1870" width="43" height="46" />
        <cmp x="1283" y="1868" width="24" height="46" />
      </word>
      <word id="c03-084a-06-04" tag="NN" text="theme">
        <cmp x="1366" y="1844" width="107" height="80" />
        <cmp x="1478" y="1872" width="90" height="47" />
      </word>
      <word id="c03-084a-06-05" tag="INO" text="of">
        <cmp x="1624" y="1879" width="39" height="44" />
        <cmp x="1670" y="1846" width="25" height="74" />
      </word>
      <word id="c03-084a-06-06" tag="ATI" text="the">
        <cmp x="1761" y="1851" width="99" height="72" />
      </word>
      <word id="c03-084a-06-07" tag="JJ" text="destructive">
        <cmp x="1932" y="1858" width="78" height="67" />
        <cmp x="2014" y="1883" width="26" height="43" />
        <cmp x="2046" y="1851" width="80" height="74" />
        <cmp x="2129" y="1883" width="28" height="40" />
        <cmp x="2150" y="1883" width="8" height="9" />
        <cmp x="2166" y="1845" width="30" height="75" />
        <cmp x="2191" y="1846" width="8" height="13" />
        <cmp x="2205" y="1883" width="27" height="38" />
        <cmp x="2238" y="1882" width="32" height="42" />
      </word>
      <upper-contour>
        <point x="357" y="1787" />
        <point x="2158" y="1787" />
      </upper-contour>
      <lower-contour>
        <point x="355" y="1924" />
        <point x="1539" y="1924" />
      </lower-contour>
    </line>
    <line ass="54" asx="0" asy="2012" character-width="999" dss="54" dsx="0" dsy="2130" fd0="12921" fd1="2716" fd2="-1544" filter-width="3" id="c03-084a-07" lbs="72" lbx="0" lby="2095" segmentation="ok" slant="94000" stroke-width="5303" threshold="189" text="power of unbridled ambition." ubs="18" ubx="0" uby="2051">
      <word id="c03-084a-07-00" tag="NN" text="power">
        <cmp x="346" y="2053" width="45" height="78" />
        <cmp x="395" y="2056" width="35" height="40" />
        <cmp x="418" y="2054" width="3" height="4" />
        <cmp x="434" y="2049" width="70" height="48" />
        <cmp x="505" y="2052" width="29" height="48" />
        <cmp x="546" y="2053" width="23" height="47" />
      </word>
      <word id="c03-084a-07-01" tag="INO" text="of">
        <cmp x="662" y="2053" width="41" height="39" />
        <cmp x="704" y="2023" width="30" height="75" />
      </word>
      <word id="c03-084a-07-02" tag="JJ" text="unbridled">
        <cmp x="807" y="2049" width="50" height="48" />
        <cmp x="862" y="2056" width="39" height="38" />
        <cmp x="908" y="2025" width="44" height="66" />
        <cmp x="958" y="2050" width="22" height="37" />
        <cmp x="986" y="2020" width="8" height="14" />
        <cmp x="991" y="2055" width="6" height="37" />
        <cmp x="1008" y="2034" width="46" height="67" />
        <cmp x="1061" y="2030" width="38" height="69" />
        <cmp x="1100" y="2036" width="41" height="66" />
      </word>
      <word id="c03-084a-07-03" tag="NN" text="ambition">
        <cmp x="1208" y="2052" width="48" height="50" />
        <cmp x="1264" y="2052" width="57" height="41" />
        <cmp x="1321" y="2027" width="41" height="67" />
        <cmp x="1367" y="2012" width="11" height="15" />
        <cmp x="1368" y="2052" width="8" height="43" />
        <cmp x="1387" y="2016" width="40" height="78" />
        <cmp x="1419" y="2022" width="7" height="9" />
        <cmp x="1439" y="2052" width="28" height="45" />
        <cmp x="1472" y="2049" width="37" height="48" />
      </word>
      <word id="c03-084a-07-04" tag="." text=".">
        <cmp x="1531" y="2077" width="8" height="14" />
      </word>
      <upper-contour>
        <point x="355" y="1924" />
        <point x="1539" y="1924" />
      </upper-contour>
    </line>
  </handwritten-part>
</form>

