<?xml version="1.0" encoding="ISO-8859-1"?>

<!DOCTYPE form SYSTEM 'http://www.iam.unibe.ch/~fki/iamdb/form-metadata.dtd'>

<form created="2002-01-16" height="3542" id="c03-081e" last-modified="2002-07-17" skew="221" status="final" version="3.0_beta" width="2479" writer-id="154">
  <machine-printed-part>
    <machine-print-line text="Arguably, the dramatist has committed a technical error in allowing Irene to speak" />
    <machine-print-line text="for herself; we would be altogether clearer in our minds about her if she remained" />
    <machine-print-line text="a flawed but beautiful enigma, seen but not heard. However, Miss Pinkie Johnstone" />
    <machine-print-line text="makes her few brief scenes effective, and Mr. Dinsdale Landen, in the longest and" />
    <machine-print-line text="most exacting role, that of the sergeant, gives a performance of rare intelligence and" />
    <machine-print-line text="restrained power." />
  </machine-printed-part>
  <handwritten-part>
    <line ass="64" asx="0" asy="754" character-width="999" dss="64" dsx="0" dsy="885" fd0="14145" fd1="1921" fd2="-1971" filter-width="3" id="c03-081e-00" lbs="257" lbx="0" lby="843" segmentation="ok" slant="63000" stroke-width="5640" threshold="184" text="Arguably, the dramatist has committed a" ubs="-323" ubx="0" uby="792">
      <word id="c03-081e-00-00" sentence-start="yes" tag="RB" text="Arguably">
        <cmp x="335" y="759" width="43" height="85" />
        <cmp x="373" y="788" width="122" height="98" />
        <cmp x="374" y="755" width="4" height="4" />
        <cmp x="496" y="757" width="171" height="80" />
        <cmp x="642" y="755" width="18" height="26" />
        <cmp x="651" y="800" width="37" height="75" />
        <cmp x="671" y="771" width="6" height="6" />
      </word>
      <word id="c03-081e-00-01" tag="," text=",">
        <cmp x="696" y="816" width="16" height="38" />
      </word>
      <word id="c03-081e-00-02" tag="ATI" text="the">
        <cmp x="732" y="758" width="101" height="78" />
      </word>
      <word id="c03-081e-00-03" tag="NN" text="dramatist">
        <cmp x="866" y="767" width="75" height="76" />
        <cmp x="917" y="798" width="145" height="44" />
        <cmp x="1065" y="757" width="209" height="85" />
        <cmp x="1178" y="772" width="10" height="10" />
      </word>
      <word id="c03-081e-00-04" tag="HVZ" text="has">
        <cmp x="1306" y="760" width="60" height="83" />
        <cmp x="1355" y="809" width="11" height="27" />
        <cmp x="1369" y="798" width="82" height="44" />
      </word>
      <word id="c03-081e-00-05" tag="VBN" text="committed">
        <cmp x="1491" y="793" width="157" height="48" />
        <cmp x="1652" y="808" width="28" height="31" />
        <cmp x="1676" y="810" width="46" height="33" />
        <cmp x="1720" y="802" width="67" height="40" />
        <cmp x="1783" y="778" width="4" height="6" />
        <cmp x="1788" y="762" width="145" height="86" />
      </word>
      <word id="c03-081e-00-06" tag="AT" text="a">
        <cmp x="1966" y="788" width="53" height="52" />
      </word>
      <lower-contour>
        <point x="333" y="885" />
        <point x="2020" y="885" />
      </lower-contour>
    </line>
    <line ass="-287" asx="0" asy="933" character-width="999" dss="-287" dsx="0" dsy="1073" fd0="14012" fd1="1819" fd2="-1562" filter-width="4" id="c03-081e-01" lbs="-247" lbx="0" lby="1013" segmentation="ok" slant="63000" stroke-width="5796" threshold="184" text="technical error in allowing Irene to speak" ubs="-365" ubx="0" uby="978">
      <word id="c03-081e-01-00" tag="JJ" text="technical">
        <cmp x="334" y="935" width="140" height="87" />
        <cmp x="430" y="975" width="4" height="12" />
        <cmp x="475" y="986" width="78" height="35" />
        <cmp x="550" y="978" width="78" height="39" />
        <cmp x="563" y="960" width="5" height="8" />
        <cmp x="622" y="945" width="74" height="69" />
      </word>
      <word id="c03-081e-01-01" tag="NN" text="error">
        <cmp x="763" y="973" width="106" height="47" />
        <cmp x="868" y="984" width="99" height="35" />
      </word>
      <word id="c03-081e-01-02" tag="IN" text="in">
        <cmp x="1005" y="989" width="57" height="39" />
        <cmp x="1042" y="952" width="10" height="12" />
        <cmp x="1063" y="992" width="20" height="26" />
      </word>
      <word id="c03-081e-01-03" tag="VBG" text="allowing">
        <cmp x="1144" y="942" width="147" height="77" />
        <cmp x="1285" y="982" width="57" height="42" />
        <cmp x="1344" y="984" width="79" height="39" />
        <cmp x="1382" y="950" width="7" height="6" />
        <cmp x="1412" y="990" width="49" height="91" />
      </word>
      <word id="c03-081e-01-04" tag="NP" text="Irene">
        <cmp x="1516" y="944" width="180" height="79" />
      </word>
      <word id="c03-081e-01-05" tag="TO" text="to">
        <cmp x="1738" y="943" width="91" height="89" />
      </word>
      <word id="c03-081e-01-06" tag="VB" text="speak">
        <cmp x="1870" y="976" width="41" height="49" />
        <cmp x="1886" y="974" width="72" height="77" />
        <cmp x="1951" y="979" width="45" height="42" />
        <cmp x="1995" y="943" width="127" height="82" />
      </word>
      <upper-contour>
        <point x="333" y="885" />
        <point x="2020" y="885" />
      </upper-contour>
      <lower-contour>
        <point x="341" y="1081" />
        <point x="2123" y="1081" />
      </lower-contour>
    </line>
    <line ass="-1" asx="0" asy="1107" character-width="999" dss="-1" dsx="0" dsy="1264" fd0="14381" fd1="1943" fd2="-1685" filter-width="4" id="c03-081e-02" lbs="72" lbx="0" lby="1200" segmentation="ok" slant="63000" stroke-width="5900" threshold="183" text="for herself; we would be altogether clearer" ubs="-147" ubx="0" uby="1159">
      <word id="c03-081e-02-00" tag="IN" text="for">
        <cmp x="343" y="1108" width="117" height="110" />
      </word>
      <word id="c03-081e-02-01" tag="PPL" text="herself">
        <cmp x="532" y="1108" width="71" height="89" />
        <cmp x="598" y="1157" width="86" height="37" />
        <cmp x="678" y="1155" width="42" height="44" />
        <cmp x="715" y="1112" width="121" height="107" />
      </word>
      <word id="c03-081e-02-02" tag=";" text=";">
        <cmp x="833" y="1180" width="27" height="34" />
        <cmp x="854" y="1159" width="10" height="12" />
      </word>
      <word id="c03-081e-02-03" tag="PP1AS" text="we">
        <cmp x="903" y="1152" width="44" height="50" />
        <cmp x="947" y="1150" width="51" height="51" />
      </word>
      <word id="c03-081e-02-04" tag="MD" text="would">
        <cmp x="1050" y="1153" width="55" height="48" />
        <cmp x="1103" y="1149" width="111" height="56" />
        <cmp x="1200" y="1124" width="125" height="80" />
      </word>
      <word id="c03-081e-02-05" tag="BE" text="be">
        <cmp x="1368" y="1109" width="97" height="92" />
      </word>
      <word id="c03-081e-02-06" tag="RB" text="altogether">
        <cmp x="1529" y="1121" width="166" height="84" />
        <cmp x="1692" y="1118" width="174" height="149" />
        <cmp x="1843" y="1176" width="5" height="6" />
        <cmp x="1849" y="1166" width="24" height="33" />
        <cmp x="1872" y="1157" width="125" height="48" />
      </word>
      <word id="c03-081e-02-07" tag="JJR" text="clearer">
        <cmp x="2031" y="1124" width="91" height="84" />
        <cmp x="2098" y="1159" width="48" height="45" />
        <cmp x="2138" y="1159" width="46" height="44" />
        <cmp x="2180" y="1165" width="124" height="47" />
      </word>
      <upper-contour>
        <point x="341" y="1081" />
        <point x="2123" y="1081" />
      </upper-contour>
      <lower-contour>
        <point x="345" y="1268" />
        <point x="2293" y="1268" />
      </lower-contour>
    </line>
    <line ass="125" asx="0" asy="1291" character-width="999" dss="125" dsx="0" dsy="1410" fd0="13991" fd1="2096" fd2="-911" filter-width="4" id="c03-081e-03" lbs="56" lbx="0" lby="1376" segmentation="ok" slant="63000" stroke-width="5854" threshold="180" text="in our minds about her if she remained" ubs="262" ubx="0" uby="1346">
      <word id="c03-081e-03-00" tag="IN" text="in">
        <cmp x="347" y="1339" width="80" height="42" />
        <cmp x="371" y="1299" width="7" height="10" />
      </word>
      <word id="c03-081e-03-01" tag="PP$" text="our">
        <cmp x="489" y="1337" width="170" height="46" />
        <cmp x="658" y="1352" width="7" height="4" />
      </word>
      <word id="c03-081e-03-02" tag="NNS" text="minds">
        <cmp x="727" y="1343" width="70" height="36" />
        <cmp x="806" y="1338" width="61" height="43" />
        <cmp x="841" y="1305" width="4" height="4" />
        <cmp x="866" y="1345" width="16" height="32" />
        <cmp x="889" y="1312" width="61" height="60" />
        <cmp x="931" y="1343" width="50" height="38" />
      </word>
      <word id="c03-081e-03-03" tag="IN" text="about">
        <cmp x="1046" y="1290" width="312" height="96" />
      </word>
      <word id="c03-081e-03-04" tag="PP3O" text="her">
        <cmp x="1401" y="1303" width="146" height="78" />
      </word>
      <word id="c03-081e-03-05" tag="CS" text="if">
        <cmp x="1591" y="1295" width="88" height="113" />
        <cmp x="1623" y="1312" width="6" height="9" />
      </word>
      <word id="c03-081e-03-06" tag="PP3A" text="she">
        <cmp x="1733" y="1288" width="135" height="94" />
      </word>
      <word id="c03-081e-03-07" tag="VBD" text="remained">
        <cmp x="1907" y="1331" width="146" height="46" />
        <cmp x="2056" y="1329" width="90" height="52" />
        <cmp x="2145" y="1308" width="147" height="79" />
        <cmp x="2155" y="1314" width="5" height="7" />
      </word>
      <upper-contour>
        <point x="345" y="1268" />
        <point x="2293" y="1268" />
      </upper-contour>
      <lower-contour>
        <point x="345" y="1409" />
        <point x="2293" y="1409" />
      </lower-contour>
    </line>
    <line ass="-190" asx="0" asy="1458" character-width="999" dss="-190" dsx="0" dsy="1617" fd0="13924" fd1="1947" fd2="-1477" filter-width="4" id="c03-081e-04" lbs="-206" lbx="0" lby="1553" segmentation="ok" slant="59000" stroke-width="5891" threshold="178" text="a flawed but beautiful enigma, seen but" ubs="-159" ubx="0" uby="1519">
      <word id="c03-081e-04-00" tag="AT" text="a">
        <cmp x="326" y="1508" width="50" height="54" />
      </word>
      <word id="c03-081e-04-01" tag="JJ" text="flawed">
        <cmp x="426" y="1464" width="122" height="115" />
        <cmp x="554" y="1517" width="53" height="40" />
        <cmp x="606" y="1480" width="112" height="81" />
      </word>
      <word id="c03-081e-04-02" tag="CC" text="but">
        <cmp x="755" y="1468" width="198" height="96" />
      </word>
      <word id="c03-081e-04-03" tag="JJ" text="beautiful">
        <cmp x="1002" y="1469" width="221" height="95" />
        <cmp x="1212" y="1481" width="97" height="83" />
        <cmp x="1304" y="1463" width="161" height="112" />
        <cmp x="1316" y="1498" width="7" height="10" />
      </word>
      <word id="c03-081e-04-04" tag="NN" text="enigma">
        <cmp x="1522" y="1512" width="154" height="51" />
        <cmp x="1674" y="1511" width="63" height="113" />
        <cmp x="1687" y="1493" width="7" height="6" />
        <cmp x="1724" y="1520" width="75" height="44" />
        <cmp x="1803" y="1514" width="50" height="52" />
      </word>
      <word id="c03-081e-04-05" tag="," text=",">
        <cmp x="1868" y="1538" width="20" height="37" />
      </word>
      <word id="c03-081e-04-06" tag="VBN" text="seen">
        <cmp x="1910" y="1521" width="40" height="41" />
        <cmp x="1943" y="1518" width="92" height="46" />
        <cmp x="2032" y="1531" width="58" height="38" />
      </word>
      <word id="c03-081e-04-07" tag="CC" text="but">
        <cmp x="2123" y="1480" width="97" height="82" />
        <cmp x="2221" y="1528" width="32" height="35" />
        <cmp x="2252" y="1482" width="68" height="85" />
      </word>
      <upper-contour>
        <point x="345" y="1409" />
        <point x="2293" y="1409" />
      </upper-contour>
      <lower-contour>
        <point x="330" y="1625" />
        <point x="2304" y="1625" />
      </lower-contour>
    </line>
    <line ass="-439" asx="0" asy="1623" character-width="999" dss="-439" dsx="0" dsy="1753" fd0="13838" fd1="2339" fd2="-1400" filter-width="4" id="c03-081e-05" lbs="-387" lbx="0" lby="1730" segmentation="ok" slant="68000" stroke-width="5780" threshold="179" text="not heard. However, Miss Pinkie Johnstone" ubs="-544" ubx="0" uby="1692">
      <word id="c03-081e-05-00" tag="XNOT" text="not">
        <cmp x="332" y="1653" width="119" height="86" />
      </word>
      <word id="c03-081e-05-01" tag="VBN" text="heard">
        <cmp x="491" y="1638" width="74" height="97" />
        <cmp x="562" y="1682" width="48" height="49" />
        <cmp x="600" y="1686" width="109" height="46" />
        <cmp x="695" y="1663" width="70" height="73" />
      </word>
      <word id="c03-081e-05-02" tag="." text=".">
        <cmp x="756" y="1722" width="9" height="13" />
      </word>
      <word id="c03-081e-05-03" sentence-start="yes" tag="RB" text="However">
        <cmp x="803" y="1630" width="85" height="108" />
        <cmp x="888" y="1697" width="54" height="46" />
        <cmp x="953" y="1696" width="106" height="44" />
        <cmp x="1060" y="1705" width="117" height="42" />
      </word>
      <word id="c03-081e-05-04" tag="," text=",">
        <cmp x="1187" y="1726" width="20" height="37" />
      </word>
      <word id="c03-081e-05-05" tag="NPT" text="Miss">
        <cmp x="1256" y="1655" width="87" height="89" />
        <cmp x="1343" y="1697" width="72" height="45" />
        <cmp x="1352" y="1680" width="4" height="7" />
        <cmp x="1404" y="1698" width="28" height="50" />
      </word>
      <word id="c03-081e-05-06" tag="NP" text="Pinkie">
        <cmp x="1503" y="1645" width="74" height="100" />
        <cmp x="1554" y="1696" width="64" height="49" />
        <cmp x="1595" y="1648" width="23" height="23" />
        <cmp x="1619" y="1711" width="32" height="37" />
        <cmp x="1648" y="1652" width="94" height="90" />
        <cmp x="1738" y="1694" width="67" height="44" />
        <cmp x="1777" y="1660" width="12" height="11" />
      </word>
      <word id="c03-081e-05-07" tag="NP" text="Johnstone">
        <cmp x="1868" y="1658" width="45" height="103" />
        <cmp x="1896" y="1662" width="142" height="91" />
        <cmp x="2050" y="1714" width="18" height="29" />
        <cmp x="2070" y="1705" width="51" height="44" />
        <cmp x="2109" y="1658" width="194" height="90" />
      </word>
      <upper-contour>
        <point x="330" y="1625" />
        <point x="2304" y="1625" />
      </upper-contour>
      <lower-contour>
        <point x="336" y="1763" />
        <point x="2238" y="1763" />
      </lower-contour>
    </line>
    <line ass="-138" asx="0" asy="1818" character-width="999" dss="-138" dsx="0" dsy="1944" fd0="14042" fd1="1850" fd2="-1527" filter-width="4" id="c03-081e-06" lbs="-63" lbx="0" lby="1917" segmentation="ok" slant="62000" stroke-width="5816" threshold="181" text="makes her few brief scenes effective, and" ubs="-289" ubx="0" uby="1877">
      <word id="c03-081e-06-00" tag="VBZ" text="makes">
        <cmp x="338" y="1879" width="63" height="48" />
        <cmp x="405" y="1872" width="49" height="50" />
        <cmp x="457" y="1825" width="78" height="89" />
        <cmp x="529" y="1873" width="72" height="43" />
      </word>
      <word id="c03-081e-06-01" tag="PP$" text="her">
        <cmp x="653" y="1820" width="80" height="93" />
        <cmp x="721" y="1869" width="99" height="47" />
      </word>
      <word id="c03-081e-06-02" tag="AP" text="few">
        <cmp x="861" y="1826" width="72" height="109" />
        <cmp x="935" y="1882" width="57" height="37" />
        <cmp x="979" y="1880" width="8" height="9" />
      </word>
      <word id="c03-081e-06-03" tag="JJ" text="brief">
        <cmp x="1021" y="1833" width="130" height="85" />
        <cmp x="1143" y="1826" width="114" height="115" />
        <cmp x="1158" y="1853" width="8" height="7" />
      </word>
      <word id="c03-081e-06-04" tag="NNS" text="scenes">
        <cmp x="1298" y="1876" width="31" height="50" />
        <cmp x="1342" y="1871" width="134" height="53" />
        <cmp x="1484" y="1879" width="76" height="48" />
      </word>
      <word id="c03-081e-06-05" tag="JJ" text="effective">
        <cmp x="1628" y="1840" width="130" height="110" />
        <cmp x="1768" y="1834" width="59" height="82" />
        <cmp x="1822" y="1828" width="69" height="89" />
        <cmp x="1889" y="1880" width="100" height="49" />
        <cmp x="1896" y="1852" width="5" height="7" />
      </word>
      <word id="c03-081e-06-06" tag="," text=",">
        <cmp x="2000" y="1891" width="20" height="47" />
      </word>
      <word id="c03-081e-06-07" tag="CC" text="and">
        <cmp x="2040" y="1874" width="118" height="52" />
        <cmp x="2161" y="1852" width="76" height="73" />
      </word>
      <upper-contour>
        <point x="336" y="1763" />
        <point x="2238" y="1763" />
      </upper-contour>
      <lower-contour>
        <point x="336" y="1951" />
        <point x="2238" y="1951" />
      </lower-contour>
    </line>
    <line ass="-344" asx="0" asy="2006" character-width="999" dss="-344" dsx="0" dsy="2164" fd0="13775" fd1="2038" fd2="-1465" filter-width="4" id="c03-081e-07" lbs="-280" lbx="0" lby="2093" segmentation="ok" slant="63000" stroke-width="5774" threshold="182" text="Mr. Dinsdale Landen, in the longest and most" ubs="-471" ubx="0" uby="2051">
      <word id="c03-081e-07-00" tag="NPT" text="Mr.">
        <cmp x="335" y="2015" width="73" height="87" />
        <cmp x="396" y="2054" width="35" height="42" />
        <cmp x="430" y="2075" width="11" height="24" />
      </word>
      <word id="c03-081e-07-01" tag="NP" text="Dinsdale">
        <cmp x="475" y="2027" width="72" height="71" />
        <cmp x="551" y="2059" width="16" height="35" />
        <cmp x="571" y="2059" width="45" height="36" />
        <cmp x="572" y="2034" width="5" height="6" />
        <cmp x="617" y="2057" width="38" height="38" />
        <cmp x="661" y="2020" width="69" height="76" />
        <cmp x="722" y="2028" width="105" height="72" />
      </word>
      <word id="c03-081e-07-02" tag="NP" text="Landen">
        <cmp x="896" y="2015" width="171" height="85" />
        <cmp x="1072" y="2027" width="74" height="77" />
        <cmp x="1128" y="2061" width="107" height="47" />
      </word>
      <word id="c03-081e-07-03" tag="," text=",">
        <cmp x="1266" y="2077" width="17" height="40" />
      </word>
      <word id="c03-081e-07-04" tag="IN" text="in">
        <cmp x="1307" y="2063" width="81" height="42" />
        <cmp x="1341" y="2018" width="8" height="9" />
      </word>
      <word id="c03-081e-07-05" tag="ATI" text="the">
        <cmp x="1453" y="2015" width="102" height="90" />
        <cmp x="1543" y="2059" width="46" height="41" />
      </word>
      <word id="c03-081e-07-06" tag="JJT" text="longest">
        <cmp x="1650" y="2017" width="162" height="85" />
        <cmp x="1794" y="2025" width="185" height="151" />
      </word>
      <word id="c03-081e-07-07" tag="CC" text="and">
        <cmp x="1994" y="2057" width="110" height="53" />
        <cmp x="2110" y="2036" width="77" height="71" />
      </word>
      <word id="c03-081e-07-08" tag="QL" text="most">
        <cmp x="2199" y="2065" width="69" height="40" />
        <cmp x="2262" y="2036" width="131" height="81" />
      </word>
      <upper-contour>
        <point x="336" y="1951" />
        <point x="2238" y="1951" />
      </upper-contour>
      <lower-contour>
        <point x="347" y="2178" />
        <point x="2295" y="2178" />
      </lower-contour>
    </line>
    <line ass="-414" asx="0" asy="2181" character-width="999" dss="-414" dsx="0" dsy="2344" fd0="14085" fd1="2154" fd2="-1722" filter-width="4" id="c03-081e-08" lbs="-444" lbx="0" lby="2266" segmentation="err" slant="64000" stroke-width="5800" threshold="178" text="exacting role, that of the sergeant, gives a perfor-" ubs="-354" ubx="0" uby="2236">
      <word id="c03-081e-08-00" tag="JJ" text="exacting">
        <cmp x="349" y="2225" width="102" height="59" />
        <cmp x="441" y="2227" width="50" height="51" />
        <cmp x="497" y="2194" width="95" height="87" />
        <cmp x="591" y="2239" width="61" height="43" />
        <cmp x="594" y="2212" width="7" height="7" />
        <cmp x="638" y="2233" width="67" height="117" />
      </word>
      <word id="c03-081e-08-01" tag="NN" text="role">
        <cmp x="758" y="2196" width="159" height="89" />
      </word>
      <word id="c03-081e-08-02" tag="," text=",">
        <cmp x="930" y="2260" width="15" height="39" />
      </word>
      <word id="c03-081e-08-03" tag="DT" text="that">
        <cmp x="969" y="2194" width="110" height="91" />
        <cmp x="1080" y="2201" width="112" height="91" />
      </word>
      <word id="c03-081e-08-04" tag="INO" text="of">
        <cmp x="1230" y="2238" width="37" height="52" />
      </word>
      <word id="c03-081e-08-05" tag="ATI" text="the">
        <cmp x="1264" y="2231" width="93" height="56" />
      </word>
      <word id="c03-081e-08-06" tag="NN" text="sergeant">
        <cmp x="1341" y="2239" width="100" height="113" />
        <cmp x="1445" y="2207" width="182" height="81" />
      </word>
      <word id="c03-081e-08-07" tag="," text=",">
        <cmp x="1633" y="2264" width="12" height="30" />
      </word>
      <word id="c03-081e-08-08" tag="VBZ" text="gives">
        <cmp x="1659" y="2228" width="77" height="113" />
        <cmp x="1739" y="2245" width="33" height="42" />
        <cmp x="1744" y="2218" width="4" height="9" />
        <cmp x="1774" y="2242" width="88" height="51" />
      </word>
      <word id="c03-081e-08-09" tag="AT" text="a">
        <cmp x="1902" y="2236" width="52" height="48" />
      </word>
      <word id="c03-081e-08-10" tag="NN-" text="perfor-">
        <cmp x="1992" y="2232" width="71" height="84" />
        <cmp x="2055" y="2240" width="85" height="40" />
        <cmp x="2132" y="2196" width="118" height="104" />
        <cmp x="2259" y="2257" width="35" height="6" />
      </word>
      <upper-contour>
        <point x="347" y="2178" />
        <point x="2295" y="2178" />
      </upper-contour>
      <lower-contour>
        <point x="347" y="2352" />
        <point x="2243" y="2352" />
      </lower-contour>
    </line>
    <line ass="-111" asx="0" asy="2364" character-width="999" dss="-111" dsx="0" dsy="2531" fd0="13501" fd1="2028" fd2="-1481" filter-width="4" id="c03-081e-09" lbs="-103" lbx="0" lby="2456" segmentation="ok" slant="68000" stroke-width="5925" threshold="179" text="mance of rare intelligence and restrained" ubs="-128" ubx="0" uby="2418">
      <word id="c03-081e-09-00" tag="-NN" text="mance">
        <cmp x="336" y="2418" width="69" height="43" />
        <cmp x="408" y="2412" width="197" height="49" />
      </word>
      <word id="c03-081e-09-01" tag="INO" text="of">
        <cmp x="665" y="2368" width="99" height="111" />
      </word>
      <word id="c03-081e-09-02" tag="JJ" text="rare">
        <cmp x="798" y="2415" width="45" height="41" />
        <cmp x="825" y="2413" width="154" height="51" />
      </word>
      <word id="c03-081e-09-03" tag="NN" text="intelligence">
        <cmp x="1026" y="2374" width="258" height="94" />
        <cmp x="1053" y="2368" width="11" height="25" />
        <cmp x="1280" y="2420" width="141" height="116" />
        <cmp x="1300" y="2396" width="9" height="8" />
        <cmp x="1389" y="2421" width="5" height="5" />
        <cmp x="1418" y="2416" width="83" height="48" />
      </word>
      <word id="c03-081e-09-04" tag="CC" text="and">
        <cmp x="1561" y="2407" width="122" height="49" />
        <cmp x="1688" y="2386" width="77" height="76" />
      </word>
      <word id="c03-081e-09-05" tag="JJ" text="restrained">
        <cmp x="1814" y="2383" width="165" height="84" />
        <cmp x="1980" y="2417" width="90" height="52" />
        <cmp x="2077" y="2427" width="84" height="40" />
        <cmp x="2079" y="2401" width="10" height="6" />
        <cmp x="2167" y="2402" width="75" height="65" />
      </word>
      <upper-contour>
        <point x="347" y="2352" />
        <point x="2243" y="2352" />
      </upper-contour>
      <lower-contour>
        <point x="338" y="2460" />
        <point x="613" y="2460" />
      </lower-contour>
    </line>
    <line ass="1126" asx="0" asy="2595" character-width="999" dss="1126" dsx="0" dsy="2665" fd0="13278" fd1="2465" fd2="-1518" filter-width="4" id="c03-081e-10" lbs="-1233" lbx="0" lby="2623" segmentation="ok" slant="71000" stroke-width="5767" threshold="177" text="power." ubs="5844" ubx="0" uby="2649">
      <word id="c03-081e-10-00" tag="NN" text="power">
        <cmp x="340" y="2590" width="59" height="71" />
        <cmp x="402" y="2600" width="50" height="38" />
        <cmp x="456" y="2598" width="53" height="46" />
        <cmp x="511" y="2593" width="96" height="44" />
      </word>
      <word id="c03-081e-10-01" tag="." text=".">
        <cmp x="606" y="2620" width="6" height="16" />
      </word>
      <upper-contour>
        <point x="338" y="2460" />
        <point x="613" y="2460" />
      </upper-contour>
    </line>
  </handwritten-part>
</form>

