<?xml version="1.0" encoding="ISO-8859-1"?>

<!DOCTYPE form SYSTEM 'http://www.iam.unibe.ch/~fki/iamdb/form-metadata.dtd'>

<form created="2002-01-16" height="3542" id="c03-016b" last-modified="2002-07-17" skew="189" status="final" version="3.0_beta" width="2479" writer-id="151">
  <machine-printed-part>
    <machine-print-line text="But there is heart in the telling, and an intense realism in the situation. A young" />
    <machine-print-line text="girl lives in a single dingy room with her slatternly, promiscuous mother. In such" />
    <machine-print-line text="surroundings she learns sex is something sordid, and when she experiences it for the" />
    <machine-print-line text="first time herself it is incoherently, clumsily, but half shyly and half inquisitively. As" />
    <machine-print-line text="is the case in Fanny her first lover is a sailor who leaves her to bear his child and sails" />
    <machine-print-line text="away." />
  </machine-printed-part>
  <handwritten-part>
    <line ass="-435" asx="0" asy="924" character-width="999" dss="-435" dsx="0" dsy="1054" fd0="14659" fd1="3294" fd2="-214" filter-width="4" id="c03-016b-00" lbs="-483" lbx="0" lby="1003" segmentation="err" slant="63000" stroke-width="5856" threshold="154" text="But there is heart in the telling, and an intense" ubs="-339" ubx="0" uby="984">
      <word id="c03-016b-00-00" sentence-start="yes" tag="CC" text="But">
        <cmp x="333" y="928" width="144" height="107" />
      </word>
      <word id="c03-016b-00-01" tag="EX" text="there">
        <cmp x="507" y="936" width="153" height="86" />
      </word>
      <word id="c03-016b-00-02" tag="BEZ" text="is">
        <cmp x="687" y="1000" width="62" height="22" />
        <cmp x="717" y="959" width="5" height="9" />
      </word>
      <word id="c03-016b-00-03" tag="NN" text="heart">
        <cmp x="799" y="942" width="179" height="82" />
      </word>
      <word id="c03-016b-00-04" tag="IN" text="in">
        <cmp x="1008" y="991" width="73" height="27" />
        <cmp x="1059" y="972" width="9" height="8" />
        <cmp x="1073" y="949" width="7" height="10" />
        <cmp x="1103" y="983" width="7" height="4" />
      </word>
      <word id="c03-016b-00-05" tag="ATI" text="the">
        <cmp x="1124" y="950" width="106" height="79" />
      </word>
      <word id="c03-016b-00-06" tag="NN" text="telling">
        <cmp x="1269" y="951" width="254" height="116" />
        <cmp x="1481" y="936" width="11" height="16" />
      </word>
      <word id="c03-016b-00-07" tag="," text=",">
        <cmp x="1552" y="1018" width="13" height="17" />
      </word>
      <word id="c03-016b-00-08" tag="CC" text="and">
        <cmp x="1593" y="960" width="169" height="66" />
      </word>
      <word id="c03-016b-00-09" tag="AT" text="an">
        <cmp x="1784" y="993" width="82" height="28" />
      </word>
      <word id="c03-016b-00-10" tag="JJ" text="intense">
        <cmp x="1911" y="953" width="255" height="75" />
        <cmp x="1963" y="954" width="8" height="7" />
      </word>
      <lower-contour>
        <point x="334" y="1067" />
        <point x="2168" y="1067" />
      </lower-contour>
    </line>
    <line ass="-216" asx="0" asy="1116" character-width="999" dss="-216" dsx="0" dsy="1247" fd0="14420" fd1="3295" fd2="210" filter-width="4" id="c03-016b-01" lbs="-484" lbx="0" lby="1189" segmentation="ok" slant="53000" stroke-width="6020" threshold="154" text="realism in the situation. A young girl lives in" ubs="318" ubx="0" uby="1175">
      <word id="c03-016b-01-00" tag="NN" text="realism">
        <cmp x="336" y="1133" width="238" height="72" />
        <cmp x="541" y="1134" width="9" height="6" />
      </word>
      <word id="c03-016b-01-01" tag="IN" text="in">
        <cmp x="624" y="1181" width="75" height="23" />
        <cmp x="688" y="1139" width="6" height="10" />
      </word>
      <word id="c03-016b-01-02" tag="ATI" text="the">
        <cmp x="734" y="1131" width="129" height="72" />
      </word>
      <word id="c03-016b-01-03" tag="NN" text="situation">
        <cmp x="898" y="1122" width="330" height="87" />
        <cmp x="980" y="1122" width="20" height="17" />
        <cmp x="1073" y="1152" width="5" height="5" />
        <cmp x="1206" y="1122" width="12" height="6" />
      </word>
      <word id="c03-016b-01-04" tag="." text=".">
        <cmp x="1269" y="1195" width="7" height="7" />
      </word>
      <word id="c03-016b-01-05" sentence-start="yes" tag="AT" text="A">
        <cmp x="1322" y="1139" width="85" height="66" />
      </word>
      <word id="c03-016b-01-06" tag="JJ" text="young">
        <cmp x="1427" y="1177" width="208" height="76" />
      </word>
      <word id="c03-016b-01-07" tag="NN" text="girl">
        <cmp x="1670" y="1139" width="166" height="101" />
        <cmp x="1765" y="1123" width="18" height="15" />
      </word>
      <word id="c03-016b-01-08" tag="NNS" text="lives">
        <cmp x="1881" y="1135" width="164" height="69" />
        <cmp x="2008" y="1130" width="4" height="4" />
      </word>
      <word id="c03-016b-01-09" tag="IN" text="in">
        <cmp x="2089" y="1179" width="72" height="25" />
        <cmp x="2165" y="1131" width="9" height="4" />
      </word>
      <upper-contour>
        <point x="334" y="1067" />
        <point x="2168" y="1067" />
      </upper-contour>
      <lower-contour>
        <point x="334" y="1254" />
        <point x="2174" y="1254" />
      </lower-contour>
    </line>
    <line ass="337" asx="0" asy="1293" character-width="999" dss="337" dsx="0" dsy="1439" fd0="14038" fd1="2507" fd2="-972" filter-width="4" id="c03-016b-02" lbs="246" lbx="0" lby="1389" segmentation="err" slant="63000" stroke-width="6079" threshold="153" text="a single dingy room with her slatternly," ubs="520" ubx="0" uby="1363">
      <word id="c03-016b-02-00" tag="AT" text="a">
        <cmp x="336" y="1352" width="71" height="32" />
      </word>
      <word id="c03-016b-02-01" tag="JJ" text="single">
        <cmp x="447" y="1298" width="209" height="133" />
        <cmp x="568" y="1291" width="16" height="12" />
        <cmp x="699" y="1307" width="272" height="111" />
      </word>
      <word id="c03-016b-02-02" tag="JJ" text="dingy">
        <cmp x="1028" y="1314" width="241" height="115" />
        <cmp x="1149" y="1299" width="10" height="10" />
      </word>
      <word id="c03-016b-02-03" tag="NN" text="room">
        <cmp x="1308" y="1347" width="184" height="35" />
      </word>
      <word id="c03-016b-02-04" tag="IN" text="with">
        <cmp x="1524" y="1305" width="220" height="73" />
        <cmp x="1663" y="1303" width="9" height="11" />
      </word>
      <word id="c03-016b-02-05" tag="PP$" text="her">
        <cmp x="1769" y="1308" width="130" height="77" />
      </word>
      <word id="c03-016b-02-06" tag="JJ" text="slatternly">
        <cmp x="1926" y="1301" width="377" height="125" />
      </word>
      <word id="c03-016b-02-07" tag="," text=",">
        <cmp x="2299" y="1370" width="23" height="32" />
      </word>
      <upper-contour>
        <point x="334" y="1254" />
        <point x="2174" y="1254" />
      </upper-contour>
      <lower-contour>
        <point x="334" y="1430" />
        <point x="2119" y="1430" />
      </lower-contour>
    </line>
    <line ass="39" asx="0" asy="1487" character-width="999" dss="39" dsx="0" dsy="1614" fd0="14372" fd1="3091" fd2="-377" filter-width="4" id="c03-016b-03" lbs="-61" lbx="0" lby="1561" segmentation="ok" slant="63000" stroke-width="6017" threshold="151" text="promiscuous mother. In such surroundings she" ubs="242" ubx="0" uby="1542">
      <word id="c03-016b-03-00" tag="JJ" text="promiscuous">
        <cmp x="321" y="1527" width="450" height="88" />
        <cmp x="530" y="1488" width="8" height="9" />
      </word>
      <word id="c03-016b-03-01" tag="NN" text="mother">
        <cmp x="817" y="1488" width="242" height="79" />
      </word>
      <word id="c03-016b-03-02" tag="." text=".">
        <cmp x="1082" y="1555" width="6" height="6" />
      </word>
      <word id="c03-016b-03-03" sentence-start="yes" tag="IN" text="In">
        <cmp x="1123" y="1504" width="88" height="57" />
      </word>
      <word id="c03-016b-03-04" tag="ABL" text="such">
        <cmp x="1246" y="1498" width="174" height="67" />
      </word>
      <word id="c03-016b-03-05" tag="NNS" text="surroundings">
        <cmp x="1447" y="1503" width="533" height="94" />
        <cmp x="1935" y="1499" width="12" height="7" />
      </word>
      <word id="c03-016b-03-06" tag="PP3A" text="she">
        <cmp x="2020" y="1494" width="98" height="64" />
      </word>
      <upper-contour>
        <point x="334" y="1430" />
        <point x="2119" y="1430" />
      </upper-contour>
      <lower-contour>
        <point x="337" y="1599" />
        <point x="2062" y="1599" />
      </lower-contour>
    </line>
    <line ass="409" asx="0" asy="1662" character-width="999" dss="409" dsx="0" dsy="1796" fd0="14233" fd1="2971" fd2="-250" filter-width="4" id="c03-016b-04" lbs="469" lbx="0" lby="1746" segmentation="ok" slant="62000" stroke-width="6156" threshold="151" text="learns sex is something sordid, and when she" ubs="289" ubx="0" uby="1721">
      <word id="c03-016b-04-00" tag="VBZ" text="learns">
        <cmp x="339" y="1660" width="197" height="83" />
      </word>
      <word id="c03-016b-04-01" tag="NN" text="sex">
        <cmp x="577" y="1703" width="116" height="43" />
      </word>
      <word id="c03-016b-04-02" tag="BEZ" text="is">
        <cmp x="713" y="1714" width="73" height="28" />
        <cmp x="763" y="1676" width="11" height="11" />
      </word>
      <word id="c03-016b-04-03" tag="PN" text="something">
        <cmp x="829" y="1673" width="375" height="115" />
        <cmp x="1165" y="1656" width="19" height="7" />
      </word>
      <word id="c03-016b-04-04" tag="JJ" text="sordid">
        <cmp x="1240" y="1670" width="253" height="78" />
        <cmp x="1438" y="1653" width="19" height="14" />
      </word>
      <word id="c03-016b-04-05" tag="," text=",">
        <cmp x="1513" y="1726" width="13" height="27" />
      </word>
      <word id="c03-016b-04-06" tag="CC" text="and">
        <cmp x="1563" y="1678" width="154" height="63" />
      </word>
      <word id="c03-016b-04-07" tag="WRB" text="when">
        <cmp x="1742" y="1673" width="163" height="65" />
      </word>
      <word id="c03-016b-04-08" tag="PP3A" text="she">
        <cmp x="1951" y="1675" width="110" height="68" />
      </word>
      <upper-contour>
        <point x="337" y="1599" />
        <point x="2062" y="1599" />
      </upper-contour>
      <lower-contour>
        <point x="346" y="1788" />
        <point x="2062" y="1788" />
      </lower-contour>
    </line>
    <line ass="94" asx="0" asy="1841" character-width="999" dss="94" dsx="0" dsy="1965" fd0="14434" fd1="2942" fd2="-190" filter-width="4" id="c03-016b-05" lbs="102" lbx="0" lby="1921" segmentation="err" slant="57000" stroke-width="6118" threshold="152" text="experiences it for the first time herself it" ubs="80" ubx="0" uby="1897">
      <word id="c03-016b-05-00" tag="VBZ" text="experiences">
        <cmp x="348" y="1887" width="361" height="78" />
        <cmp x="641" y="1841" width="11" height="8" />
        <cmp x="759" y="1874" width="75" height="45" />
        <cmp x="790" y="1841" width="7" height="15" />
      </word>
      <word id="c03-016b-05-01" tag="PP3" text="it">
        <cmp x="885" y="1841" width="102" height="81" />
        <cmp x="919" y="1842" width="10" height="14" />
      </word>
      <word id="c03-016b-05-02" tag="IN" text="for">
        <cmp x="1007" y="1856" width="111" height="97" />
      </word>
      <word id="c03-016b-05-03" tag="ATI" text="the">
        <cmp x="1147" y="1851" width="114" height="74" />
      </word>
      <word id="c03-016b-05-04" tag="OD" text="first">
        <cmp x="1306" y="1852" width="197" height="96" />
        <cmp x="1431" y="1843" width="16" height="8" />
      </word>
      <word id="c03-016b-05-05" tag="NN" text="time">
        <cmp x="1520" y="1853" width="181" height="75" />
        <cmp x="1658" y="1865" width="16" height="5" />
      </word>
      <word id="c03-016b-05-06" tag="PPL" text="herself">
        <cmp x="1748" y="1843" width="270" height="113" />
      </word>
      <word id="c03-016b-05-07" tag="PP3" text="it">
        <cmp x="2031" y="1856" width="96" height="60" />
        <cmp x="2082" y="1841" width="12" height="21" />
      </word>
      <upper-contour>
        <point x="346" y="1788" />
        <point x="2062" y="1788" />
      </upper-contour>
      <lower-contour>
        <point x="348" y="1964" />
        <point x="2129" y="1964" />
      </lower-contour>
    </line>
    <line ass="47" asx="0" asy="2009" character-width="999" dss="47" dsx="0" dsy="2150" fd0="14395" fd1="2726" fd2="-525" filter-width="4" id="c03-016b-06" lbs="19" lbx="0" lby="2107" segmentation="ok" slant="53000" stroke-width="6014" threshold="153" text="is incoherently, clumsily, but half shyly and" ubs="104" ubx="0" uby="2072">
      <word id="c03-016b-06-00" tag="BEZ" text="is">
        <cmp x="350" y="2071" width="51" height="35" />
        <cmp x="375" y="2032" width="6" height="12" />
      </word>
      <word id="c03-016b-06-01" tag="RB" text="incoherently">
        <cmp x="461" y="2013" width="459" height="121" />
        <cmp x="563" y="2021" width="6" height="12" />
      </word>
      <word id="c03-016b-06-02" tag="," text=",">
        <cmp x="942" y="2077" width="22" height="39" />
      </word>
      <word id="c03-016b-06-03" tag="RB" text="clumsily">
        <cmp x="1017" y="2022" width="322" height="121" />
        <cmp x="1250" y="2028" width="5" height="9" />
      </word>
      <word id="c03-016b-06-04" tag="," text=",">
        <cmp x="1373" y="2078" width="16" height="30" />
      </word>
      <word id="c03-016b-06-05" tag="CC" text="but">
        <cmp x="1406" y="2008" width="157" height="92" />
      </word>
      <word id="c03-016b-06-06" tag="RB" text="half">
        <cmp x="1583" y="2019" width="176" height="97" />
      </word>
      <word id="c03-016b-06-07" tag="RB" text="shyly">
        <cmp x="1784" y="2029" width="202" height="120" />
      </word>
      <word id="c03-016b-06-08" tag="CC" text="and">
        <cmp x="2024" y="2041" width="156" height="63" />
      </word>
      <upper-contour>
        <point x="348" y="1964" />
        <point x="2129" y="1964" />
      </upper-contour>
      <lower-contour>
        <point x="355" y="2151" />
        <point x="2160" y="2151" />
      </lower-contour>
    </line>
    <line ass="741" asx="0" asy="2199" character-width="999" dss="741" dsx="0" dsy="2341" fd0="14317" fd1="3106" fd2="-247" filter-width="4" id="c03-016b-07" lbs="951" lbx="0" lby="2297" segmentation="ok" slant="63000" stroke-width="6046" threshold="150" text="half inquisitively. As is the case in Fanny her" ubs="321" ubx="0" uby="2256">
      <word id="c03-016b-07-00" tag="RB" text="half">
        <cmp x="357" y="2194" width="163" height="117" />
      </word>
      <word id="c03-016b-07-01" tag="RB" text="inquisitively">
        <cmp x="526" y="2206" width="517" height="128" />
        <cmp x="608" y="2199" width="7" height="10" />
        <cmp x="715" y="2207" width="8" height="10" />
        <cmp x="803" y="2206" width="11" height="16" />
        <cmp x="887" y="2210" width="4" height="11" />
      </word>
      <word id="c03-016b-07-02" tag="." text=".">
        <cmp x="1061" y="2270" width="6" height="8" />
      </word>
      <word id="c03-016b-07-03" sentence-start="yes" tag="CS" text="As">
        <cmp x="1107" y="2218" width="82" height="64" />
      </word>
      <word id="c03-016b-07-04" tag="BEZ" text="is">
        <cmp x="1232" y="2253" width="64" height="29" />
        <cmp x="1287" y="2216" width="6" height="11" />
      </word>
      <word id="c03-016b-07-05" tag="ATI" text="the">
        <cmp x="1342" y="2215" width="117" height="58" />
      </word>
      <word id="c03-016b-07-06" tag="NN" text="case">
        <cmp x="1491" y="2253" width="139" height="35" />
      </word>
      <word id="c03-016b-07-07" tag="IN" text="in">
        <cmp x="1666" y="2253" width="87" height="26" />
        <cmp x="1744" y="2208" width="6" height="8" />
      </word>
      <word id="c03-016b-07-08" tag="NP" text="Fanny">
        <cmp x="1791" y="2212" width="219" height="96" />
      </word>
      <word id="c03-016b-07-09" tag="PP$" text="her">
        <cmp x="2054" y="2208" width="105" height="79" />
      </word>
      <upper-contour>
        <point x="355" y="2151" />
        <point x="2160" y="2151" />
      </upper-contour>
      <lower-contour>
        <point x="355" y="2333" />
        <point x="2104" y="2333" />
      </lower-contour>
    </line>
    <line ass="526" asx="0" asy="2373" character-width="999" dss="526" dsx="0" dsy="2495" fd0="14582" fd1="3040" fd2="-273" filter-width="4" id="c03-016b-08" lbs="503" lbx="0" lby="2470" segmentation="ok" slant="58000" stroke-width="6022" threshold="151" text="first lover is a sailor who leaves her to bear" ubs="572" ubx="0" uby="2446">
      <word id="c03-016b-08-00" tag="OD" text="first">
        <cmp x="356" y="2378" width="194" height="114" />
        <cmp x="472" y="2370" width="12" height="7" />
      </word>
      <word id="c03-016b-08-01" tag="NN" text="lover">
        <cmp x="594" y="2389" width="162" height="76" />
      </word>
      <word id="c03-016b-08-02" tag="BEZ" text="is">
        <cmp x="804" y="2443" width="59" height="29" />
        <cmp x="850" y="2399" width="6" height="7" />
      </word>
      <word id="c03-016b-08-03" tag="AT" text="a">
        <cmp x="910" y="2446" width="64" height="30" />
      </word>
      <word id="c03-016b-08-04" tag="NN" text="sailor">
        <cmp x="1025" y="2391" width="215" height="77" />
        <cmp x="1153" y="2371" width="9" height="8" />
      </word>
      <word id="c03-016b-08-05" tag="WP" text="who">
        <cmp x="1286" y="2386" width="130" height="70" />
      </word>
      <word id="c03-016b-08-06" tag="VBZ" text="leaves">
        <cmp x="1446" y="2393" width="209" height="68" />
      </word>
      <word id="c03-016b-08-07" tag="PP3O" text="her">
        <cmp x="1698" y="2394" width="106" height="63" />
      </word>
      <word id="c03-016b-08-08" tag="TO" text="to">
        <cmp x="1838" y="2405" width="76" height="59" />
      </word>
      <word id="c03-016b-08-09" tag="VB" text="bear">
        <cmp x="1950" y="2396" width="152" height="59" />
      </word>
      <upper-contour>
        <point x="355" y="2333" />
        <point x="2104" y="2333" />
      </upper-contour>
      <lower-contour>
        <point x="359" y="2484" />
        <point x="1294" y="2484" />
      </lower-contour>
    </line>
    <line ass="-596" asx="0" asy="2547" character-width="999" dss="-596" dsx="0" dsy="2662" fd0="14338" fd1="2891" fd2="-491" filter-width="4" id="c03-016b-09" lbs="-277" lbx="0" lby="2629" segmentation="ok" slant="53000" stroke-width="6010" threshold="153" text="his child and sails away." ubs="-1234" ubx="0" uby="2595">
      <word id="c03-016b-09-00" tag="PP$" text="his">
        <cmp x="361" y="2567" width="90" height="69" />
        <cmp x="444" y="2557" width="5" height="9" />
      </word>
      <word id="c03-016b-09-01" tag="NN" text="child">
        <cmp x="483" y="2569" width="176" height="77" />
        <cmp x="586" y="2557" width="8" height="9" />
      </word>
      <word id="c03-016b-09-02" tag="CC" text="and">
        <cmp x="695" y="2571" width="152" height="70" />
      </word>
      <word id="c03-016b-09-03" tag="VBZ" text="sails">
        <cmp x="862" y="2568" width="158" height="68" />
      </word>
      <word id="c03-016b-09-04" tag="RP" text="away">
        <cmp x="1071" y="2611" width="194" height="64" />
      </word>
      <word id="c03-016b-09-05" tag="." text=".">
        <cmp x="1286" y="2629" width="8" height="7" />
      </word>
      <upper-contour>
        <point x="359" y="2484" />
        <point x="1294" y="2484" />
      </upper-contour>
    </line>
  </handwritten-part>
</form>

