<?xml version="1.0" encoding="ISO-8859-1"?>

<!DOCTYPE form SYSTEM 'http://www.iam.unibe.ch/~fki/iamdb/form-metadata.dtd'>

<form created="2002-01-16" height="3542" id="c03-081f" last-modified="2002-07-17" skew="316" status="final" version="3.0_beta" width="2479" writer-id="155">
  <machine-printed-part>
    <machine-print-line text="Arguably, the dramatist has committed a technical error in allowing Irene to speak" />
    <machine-print-line text="for herself; we would be altogether clearer in our minds about her if she remained" />
    <machine-print-line text="a flawed but beautiful enigma, seen but not heard. However, Miss Pinkie Johnstone" />
    <machine-print-line text="makes her few brief scenes effective, and Mr. Dinsdale Landen, in the longest and" />
    <machine-print-line text="most exacting role, that of the sergeant, gives a performance of rare intelligence and" />
    <machine-print-line text="restrained power." />
  </machine-printed-part>
  <handwritten-part>
    <line ass="604" asx="0" asy="887" character-width="999" dss="604" dsx="0" dsy="1017" fd0="12943" fd1="2796" fd2="-1255" filter-width="3" id="c03-081f-00" lbs="660" lbx="0" lby="971" segmentation="ok" slant="114999" stroke-width="5541" threshold="173" text="Arguably, the dramatist has committed a" ubs="491" ubx="0" uby="940">
      <word id="c03-081f-00-00" sentence-start="yes" tag="RB" text="Arguably">
        <cmp x="349" y="892" width="98" height="65" />
        <cmp x="375" y="937" width="21" height="6" />
        <cmp x="439" y="923" width="71" height="83" />
        <cmp x="491" y="922" width="105" height="40" />
        <cmp x="494" y="883" width="4" height="4" />
        <cmp x="577" y="897" width="72" height="65" />
        <cmp x="641" y="895" width="25" height="64" />
        <cmp x="667" y="927" width="70" height="84" />
      </word>
      <word id="c03-081f-00-01" tag="," text=",">
        <cmp x="741" y="952" width="16" height="28" />
      </word>
      <word id="c03-081f-00-02" tag="ATI" text="the">
        <cmp x="798" y="900" width="37" height="57" />
        <cmp x="817" y="895" width="115" height="64" />
      </word>
      <word id="c03-081f-00-03" tag="NN" text="dramatist">
        <cmp x="989" y="885" width="293" height="74" />
        <cmp x="1249" y="892" width="9" height="9" />
        <cmp x="1277" y="887" width="84" height="72" />
      </word>
      <word id="c03-081f-00-04" tag="HVZ" text="has">
        <cmp x="1410" y="891" width="119" height="66" />
        <cmp x="1523" y="919" width="50" height="39" />
      </word>
      <word id="c03-081f-00-05" tag="VBN" text="committed">
        <cmp x="1625" y="912" width="247" height="44" />
        <cmp x="1860" y="891" width="6" height="8" />
        <cmp x="1869" y="927" width="13" height="28" />
        <cmp x="1883" y="886" width="149" height="70" />
      </word>
      <word id="c03-081f-00-06" tag="AT" text="a">
        <cmp x="2077" y="919" width="65" height="36" />
      </word>
      <lower-contour>
        <point x="347" y="1010" />
        <point x="2096" y="1010" />
      </lower-contour>
    </line>
    <line ass="120" asx="0" asy="1064" character-width="999" dss="120" dsx="0" dsy="1178" fd0="12695" fd1="2694" fd2="-1474" filter-width="3" id="c03-081f-01" lbs="126" lbx="0" lby="1135" segmentation="ok" slant="112000" stroke-width="5506" threshold="174" text="technical error in allowing Irene to speak" ubs="108" ubx="0" uby="1111">
      <word id="c03-081f-01-00" tag="JJ" text="technical">
        <cmp x="348" y="1065" width="137" height="75" />
        <cmp x="469" y="1071" width="103" height="68" />
        <cmp x="566" y="1073" width="6" height="12" />
        <cmp x="573" y="1107" width="11" height="31" />
        <cmp x="587" y="1097" width="47" height="42" />
        <cmp x="632" y="1098" width="62" height="41" />
        <cmp x="676" y="1073" width="25" height="63" />
      </word>
      <word id="c03-081f-01-01" tag="NN" text="error">
        <cmp x="757" y="1097" width="204" height="41" />
      </word>
      <word id="c03-081f-01-02" tag="IN" text="in">
        <cmp x="1009" y="1071" width="11" height="16" />
        <cmp x="1025" y="1102" width="59" height="35" />
      </word>
      <word id="c03-081f-01-03" tag="VBG" text="allowing">
        <cmp x="1128" y="1098" width="68" height="40" />
        <cmp x="1166" y="1063" width="39" height="74" />
        <cmp x="1181" y="1063" width="281" height="114" />
        <cmp x="1321" y="1070" width="8" height="15" />
      </word>
      <word id="c03-081f-01-04" tag="NP" text="Irene">
        <cmp x="1494" y="1070" width="30" height="67" />
        <cmp x="1519" y="1099" width="34" height="38" />
        <cmp x="1542" y="1097" width="156" height="41" />
      </word>
      <word id="c03-081f-01-05" tag="TO" text="to">
        <cmp x="1732" y="1063" width="90" height="74" />
      </word>
      <word id="c03-081f-01-06" tag="VB" text="speak">
        <cmp x="1854" y="1095" width="201" height="72" />
        <cmp x="2031" y="1068" width="64" height="66" />
      </word>
      <upper-contour>
        <point x="347" y="1010" />
        <point x="2096" y="1010" />
      </upper-contour>
      <lower-contour>
        <point x="362" y="1177" />
        <point x="2096" y="1177" />
      </lower-contour>
    </line>
    <line ass="176" asx="0" asy="1248" character-width="999" dss="176" dsx="0" dsy="1370" fd0="12910" fd1="2675" fd2="-1780" filter-width="3" id="c03-081f-02" lbs="171" lbx="0" lby="1318" segmentation="ok" slant="117000" stroke-width="5422" threshold="175" text="for herself; we would be altogether clearer" ubs="187" ubx="0" uby="1295">
      <word id="c03-081f-02-00" tag="IN" text="for">
        <cmp x="364" y="1245" width="103" height="97" />
        <cmp x="389" y="1256" width="17" height="28" />
      </word>
      <word id="c03-081f-02-01" tag="PPL" text="herself">
        <cmp x="505" y="1256" width="264" height="64" />
        <cmp x="754" y="1255" width="25" height="62" />
        <cmp x="769" y="1246" width="48" height="90" />
      </word>
      <word id="c03-081f-02-02" tag=";" text=";">
        <cmp x="842" y="1281" width="11" height="9" />
        <cmp x="846" y="1305" width="14" height="27" />
      </word>
      <word id="c03-081f-02-03" tag="PP1AS" text="we">
        <cmp x="896" y="1277" width="133" height="41" />
      </word>
      <word id="c03-081f-02-04" tag="MD" text="would">
        <cmp x="1075" y="1280" width="181" height="38" />
        <cmp x="1242" y="1285" width="21" height="31" />
        <cmp x="1246" y="1252" width="83" height="66" />
      </word>
      <word id="c03-081f-02-05" tag="BE" text="be">
        <cmp x="1378" y="1255" width="107" height="62" />
      </word>
      <word id="c03-081f-02-06" tag="RB" text="altogether">
        <cmp x="1533" y="1278" width="67" height="39" />
        <cmp x="1574" y="1246" width="40" height="70" />
        <cmp x="1593" y="1247" width="205" height="118" />
        <cmp x="1775" y="1245" width="163" height="70" />
      </word>
      <word id="c03-081f-02-07" tag="JJR" text="clearer">
        <cmp x="1962" y="1246" width="187" height="69" />
        <cmp x="2101" y="1311" width="16" height="3" />
        <cmp x="2138" y="1278" width="79" height="35" />
      </word>
      <upper-contour>
        <point x="362" y="1177" />
        <point x="2096" y="1177" />
      </upper-contour>
      <lower-contour>
        <point x="370" y="1367" />
        <point x="2168" y="1367" />
      </lower-contour>
    </line>
    <line ass="-25" asx="0" asy="1411" character-width="999" dss="-25" dsx="0" dsy="1514" fd0="13003" fd1="2627" fd2="-1011" filter-width="3" id="c03-081f-03" lbs="5" lbx="0" lby="1494" segmentation="ok" slant="119000" stroke-width="5517" threshold="170" text="in our minds about her if she remained a" ubs="-85" ubx="0" uby="1464">
      <word id="c03-081f-03-00" tag="IN" text="in">
        <cmp x="372" y="1429" width="7" height="15" />
        <cmp x="382" y="1461" width="4" height="3" />
        <cmp x="382" y="1465" width="14" height="30" />
        <cmp x="391" y="1457" width="47" height="36" />
      </word>
      <word id="c03-081f-03-01" tag="PP$" text="our">
        <cmp x="478" y="1457" width="132" height="39" />
      </word>
      <word id="c03-081f-03-02" tag="NNS" text="minds">
        <cmp x="667" y="1460" width="83" height="35" />
        <cmp x="727" y="1432" width="7" height="11" />
        <cmp x="746" y="1433" width="167" height="65" />
      </word>
      <word id="c03-081f-03-03" tag="IN" text="about">
        <cmp x="965" y="1455" width="67" height="38" />
        <cmp x="999" y="1427" width="205" height="75" />
      </word>
      <word id="c03-081f-03-04" tag="PP3O" text="her">
        <cmp x="1243" y="1429" width="136" height="68" />
      </word>
      <word id="c03-081f-03-05" tag="CS" text="if">
        <cmp x="1412" y="1438" width="6" height="7" />
        <cmp x="1426" y="1412" width="57" height="104" />
        <cmp x="1427" y="1465" width="17" height="31" />
      </word>
      <word id="c03-081f-03-06" tag="PP3A" text="she">
        <cmp x="1527" y="1431" width="139" height="67" />
      </word>
      <word id="c03-081f-03-07" tag="VBD" text="remained">
        <cmp x="1708" y="1423" width="364" height="73" />
        <cmp x="1885" y="1425" width="9" height="12" />
      </word>
      <word id="c03-081f-03-08" tag="AT" text="a">
        <cmp x="2103" y="1456" width="64" height="38" />
      </word>
      <upper-contour>
        <point x="370" y="1367" />
        <point x="2168" y="1367" />
      </upper-contour>
      <lower-contour>
        <point x="370" y="1517" />
        <point x="2168" y="1517" />
      </lower-contour>
    </line>
    <line ass="45" asx="0" asy="1594" character-width="999" dss="45" dsx="0" dsy="1723" fd0="12748" fd1="2756" fd2="-1457" filter-width="3" id="c03-081f-04" lbs="58" lbx="0" lby="1672" segmentation="ok" slant="116000" stroke-width="5428" threshold="169" text="flawed but beautiful enigma, seen but not" ubs="19" ubx="0" uby="1646">
      <word id="c03-081f-04-00" tag="JJ" text="flawed">
        <cmp x="358" y="1599" width="289" height="100" />
      </word>
      <word id="c03-081f-04-01" tag="CC" text="but">
        <cmp x="689" y="1613" width="113" height="63" />
        <cmp x="781" y="1609" width="36" height="64" />
      </word>
      <word id="c03-081f-04-02" tag="JJ" text="beautiful">
        <cmp x="868" y="1609" width="182" height="65" />
        <cmp x="1044" y="1641" width="51" height="34" />
        <cmp x="1084" y="1639" width="23" height="33" />
        <cmp x="1096" y="1607" width="52" height="66" />
        <cmp x="1124" y="1617" width="7" height="8" />
        <cmp x="1139" y="1594" width="51" height="98" />
        <cmp x="1183" y="1638" width="62" height="36" />
        <cmp x="1216" y="1609" width="38" height="64" />
      </word>
      <word id="c03-081f-04-03" tag="NN" text="enigma">
        <cmp x="1290" y="1637" width="64" height="37" />
        <cmp x="1306" y="1636" width="40" height="24" />
        <cmp x="1346" y="1637" width="53" height="36" />
        <cmp x="1381" y="1609" width="10" height="14" />
        <cmp x="1395" y="1639" width="19" height="34" />
        <cmp x="1413" y="1634" width="71" height="90" />
        <cmp x="1466" y="1634" width="133" height="39" />
      </word>
      <word id="c03-081f-04-04" tag="," text=",">
        <cmp x="1611" y="1664" width="15" height="31" />
      </word>
      <word id="c03-081f-04-05" tag="VBN" text="seen">
        <cmp x="1670" y="1631" width="153" height="42" />
        <cmp x="1778" y="1638" width="87" height="35" />
      </word>
      <word id="c03-081f-04-06" tag="CC" text="but">
        <cmp x="1900" y="1606" width="105" height="67" />
        <cmp x="1991" y="1634" width="24" height="35" />
        <cmp x="1998" y="1602" width="36" height="67" />
      </word>
      <word id="c03-081f-04-07" tag="XNOT" text="not">
        <cmp x="2073" y="1604" width="124" height="69" />
      </word>
      <upper-contour>
        <point x="370" y="1517" />
        <point x="2168" y="1517" />
      </upper-contour>
      <lower-contour>
        <point x="368" y="1724" />
        <point x="2117" y="1724" />
      </lower-contour>
    </line>
    <line ass="117" asx="0" asy="1773" character-width="999" dss="117" dsx="0" dsy="1873" fd0="12762" fd1="2600" fd2="-1528" filter-width="3" id="c03-081f-05" lbs="76" lbx="0" lby="1845" segmentation="ok" slant="110000" stroke-width="5534" threshold="172" text="heard. However, Miss Pinkie Johnstone" ubs="199" ubx="0" uby="1822">
      <word id="c03-081f-05-00" tag="VBN" text="heard">
        <cmp x="370" y="1780" width="187" height="68" />
        <cmp x="554" y="1782" width="68" height="66" />
      </word>
      <word id="c03-081f-05-01" tag="." text=".">
        <cmp x="632" y="1838" width="8" height="8" />
      </word>
      <word id="c03-081f-05-02" sentence-start="yes" tag="RB" text="However">
        <cmp x="683" y="1781" width="241" height="68" />
        <cmp x="917" y="1808" width="146" height="40" />
      </word>
      <word id="c03-081f-05-03" tag="," text=",">
        <cmp x="1074" y="1836" width="22" height="35" />
      </word>
      <word id="c03-081f-05-04" tag="NPT" text="Miss">
        <cmp x="1140" y="1777" width="189" height="70" />
        <cmp x="1202" y="1780" width="8" height="10" />
      </word>
      <word id="c03-081f-05-05" tag="NP" text="Pinkie">
        <cmp x="1353" y="1771" width="100" height="76" />
        <cmp x="1452" y="1780" width="7" height="16" />
        <cmp x="1454" y="1809" width="18" height="38" />
        <cmp x="1465" y="1811" width="51" height="36" />
        <cmp x="1508" y="1784" width="53" height="63" />
        <cmp x="1551" y="1783" width="10" height="15" />
        <cmp x="1558" y="1806" width="70" height="41" />
      </word>
      <word id="c03-081f-05-06" tag="NP" text="Johnstone">
        <cmp x="1677" y="1777" width="104" height="70" />
        <cmp x="1771" y="1825" width="26" height="22" />
        <cmp x="1772" y="1779" width="111" height="68" />
        <cmp x="1884" y="1810" width="59" height="38" />
        <cmp x="1926" y="1777" width="38" height="70" />
        <cmp x="1964" y="1807" width="152" height="41" />
      </word>
      <upper-contour>
        <point x="368" y="1724" />
        <point x="2117" y="1724" />
      </upper-contour>
      <lower-contour>
        <point x="368" y="1871" />
        <point x="2117" y="1871" />
      </lower-contour>
    </line>
    <line ass="76" asx="0" asy="1953" character-width="999" dss="76" dsx="0" dsy="2051" fd0="12581" fd1="2619" fd2="-1843" filter-width="3" id="c03-081f-06" lbs="76" lbx="0" lby="2029" segmentation="ok" slant="117000" stroke-width="5395" threshold="174" text="makes her few brief scenes effective, and" ubs="77" ubx="0" uby="2006">
      <word id="c03-081f-06-00" tag="VBZ" text="makes">
        <cmp x="370" y="1995" width="127" height="38" />
        <cmp x="486" y="1967" width="147" height="66" />
      </word>
      <word id="c03-081f-06-01" tag="PP$" text="her">
        <cmp x="672" y="1972" width="147" height="61" />
      </word>
      <word id="c03-081f-06-02" tag="AP" text="few">
        <cmp x="856" y="1953" width="53" height="97" />
        <cmp x="895" y="1994" width="127" height="37" />
      </word>
      <word id="c03-081f-06-03" tag="JJ" text="brief">
        <cmp x="1055" y="1957" width="173" height="74" />
        <cmp x="1143" y="1970" width="9" height="11" />
        <cmp x="1176" y="2016" width="3" height="3" />
        <cmp x="1213" y="1953" width="49" height="92" />
      </word>
      <word id="c03-081f-06-04" tag="NNS" text="scenes">
        <cmp x="1312" y="1977" width="278" height="54" />
      </word>
      <word id="c03-081f-06-05" tag="JJ" text="effective">
        <cmp x="1627" y="1989" width="60" height="40" />
        <cmp x="1670" y="1955" width="170" height="92" />
        <cmp x="1816" y="1961" width="57" height="68" />
        <cmp x="1842" y="1960" width="9" height="12" />
        <cmp x="1871" y="1990" width="110" height="40" />
      </word>
      <word id="c03-081f-06-06" tag="," text=",">
        <cmp x="1999" y="2020" width="15" height="26" />
      </word>
      <word id="c03-081f-06-07" tag="CC" text="and">
        <cmp x="2047" y="1962" width="157" height="67" />
      </word>
      <upper-contour>
        <point x="368" y="1871" />
        <point x="2117" y="1871" />
      </upper-contour>
      <lower-contour>
        <point x="368" y="2050" />
        <point x="2205" y="2050" />
      </lower-contour>
    </line>
    <line ass="182" asx="0" asy="2139" character-width="999" dss="182" dsx="0" dsy="2260" fd0="12588" fd1="2606" fd2="-1175" filter-width="3" id="c03-081f-07" lbs="67" lbx="0" lby="2209" segmentation="ok" slant="113000" stroke-width="5447" threshold="170" text="Mr. Dinsdale Landen, in the longest and most" ubs="412" ubx="0" uby="2195">
      <word id="c03-081f-07-00" tag="NPT" text="Mr.">
        <cmp x="369" y="2151" width="102" height="64" />
        <cmp x="474" y="2208" width="6" height="5" />
      </word>
      <word id="c03-081f-07-01" tag="NP" text="Dinsdale">
        <cmp x="508" y="2136" width="113" height="79" />
        <cmp x="554" y="2150" width="21" height="53" />
        <cmp x="616" y="2151" width="7" height="16" />
        <cmp x="623" y="2146" width="228" height="69" />
        <cmp x="823" y="2149" width="89" height="63" />
      </word>
      <word id="c03-081f-07-02" tag="NP" text="Landen">
        <cmp x="960" y="2142" width="279" height="71" />
      </word>
      <word id="c03-081f-07-03" tag="," text=",">
        <cmp x="1256" y="2198" width="12" height="25" />
      </word>
      <word id="c03-081f-07-04" tag="IN" text="in">
        <cmp x="1296" y="2141" width="6" height="14" />
        <cmp x="1312" y="2178" width="15" height="31" />
        <cmp x="1319" y="2172" width="46" height="38" />
      </word>
      <word id="c03-081f-07-05" tag="ATI" text="the">
        <cmp x="1405" y="2146" width="129" height="65" />
        <cmp x="1421" y="2144" width="4" height="3" />
      </word>
      <word id="c03-081f-07-06" tag="JJT" text="longest">
        <cmp x="1578" y="2144" width="262" height="111" />
        <cmp x="1828" y="2139" width="31" height="70" />
      </word>
      <word id="c03-081f-07-07" tag="CC" text="and">
        <cmp x="1895" y="2175" width="109" height="34" />
        <cmp x="2005" y="2152" width="34" height="54" />
        <cmp x="2007" y="2205" width="27" height="4" />
        <cmp x="2010" y="2147" width="4" height="3" />
      </word>
      <word id="c03-081f-07-08" tag="QL" text="most">
        <cmp x="2068" y="2168" width="161" height="40" />
        <cmp x="2208" y="2136" width="37" height="72" />
      </word>
      <upper-contour>
        <point x="368" y="2050" />
        <point x="2205" y="2050" />
      </upper-contour>
      <lower-contour>
        <point x="367" y="2257" />
        <point x="2183" y="2257" />
      </lower-contour>
    </line>
    <line ass="147" asx="0" asy="2317" character-width="999" dss="147" dsx="0" dsy="2452" fd0="12860" fd1="2776" fd2="-1503" filter-width="3" id="c03-081f-08" lbs="412" lbx="0" lby="2398" segmentation="err" slant="114999" stroke-width="5377" threshold="171" text="exacting role, that of the sergeant, gives a" ubs="-381" ubx="0" uby="2353">
      <word id="c03-081f-08-00" tag="JJ" text="exacting">
        <cmp x="368" y="2350" width="91" height="40" />
        <cmp x="456" y="2351" width="106" height="40" />
        <cmp x="556" y="2319" width="48" height="70" />
        <cmp x="579" y="2322" width="7" height="12" />
        <cmp x="601" y="2350" width="116" height="83" />
      </word>
      <word id="c03-081f-08-01" tag="NN" text="role">
        <cmp x="744" y="2323" width="149" height="69" />
      </word>
      <word id="c03-081f-08-02" tag="," text=",">
        <cmp x="908" y="2382" width="15" height="26" />
      </word>
      <word id="c03-081f-08-03" tag="DT" text="that">
        <cmp x="954" y="2320" width="37" height="71" />
        <cmp x="973" y="2319" width="134" height="73" />
      </word>
      <word id="c03-081f-08-04" tag="INO" text="of">
        <cmp x="1143" y="2314" width="95" height="94" />
      </word>
      <word id="c03-081f-08-05" tag="ATI" text="the">
        <cmp x="1280" y="2321" width="130" height="70" />
      </word>
      <word id="c03-081f-08-06" tag="NN" text="sergeant">
        <cmp x="1457" y="2348" width="106" height="43" />
        <cmp x="1515" y="2352" width="69" height="38" />
        <cmp x="1580" y="2350" width="101" height="93" />
        <cmp x="1687" y="2318" width="125" height="73" />
      </word>
      <word id="c03-081f-08-07" tag="," text=",">
        <cmp x="1832" y="2381" width="12" height="25" />
        <cmp x="1860" y="2348" width="88" height="101" />
        <cmp x="1913" y="2328" width="6" height="10" />
        <cmp x="1922" y="2355" width="23" height="34" />
      </word>
      <word id="c03-081f-08-08" tag="VBZ" text="gives">
        <cmp x="1940" y="2353" width="29" height="36" />
        <cmp x="1968" y="2349" width="128" height="41" />
        <cmp x="1973" y="2387" width="10" height="3" />
      </word>
      <word id="c03-081f-08-09" tag="AT" text="a">
        <cmp x="2126" y="2356" width="56" height="33" />
        <cmp x="2150" y="2384" width="23" height="5" />
      </word>
      <upper-contour>
        <point x="367" y="2257" />
        <point x="2183" y="2257" />
      </upper-contour>
      <lower-contour>
        <point x="366" y="2452" />
        <point x="2183" y="2452" />
      </lower-contour>
    </line>
    <line ass="28" asx="0" asy="2492" character-width="999" dss="28" dsx="0" dsy="2618" fd0="12720" fd1="2521" fd2="-1808" filter-width="3" id="c03-081f-09" lbs="-74" lbx="0" lby="2564" segmentation="ok" slant="116000" stroke-width="5384" threshold="173" text="performance of rare intelligence and restrained" ubs="234" ubx="0" uby="2548">
      <word id="c03-081f-09-00" tag="NN" text="performance">
        <cmp x="353" y="2521" width="154" height="82" />
        <cmp x="501" y="2492" width="114" height="97" />
        <cmp x="617" y="2534" width="218" height="39" />
        <cmp x="829" y="2530" width="54" height="43" />
        <cmp x="844" y="2532" width="32" height="33" />
      </word>
      <word id="c03-081f-09-01" tag="INO" text="of">
        <cmp x="931" y="2492" width="90" height="98" />
      </word>
      <word id="c03-081f-09-02" tag="JJ" text="rare">
        <cmp x="1059" y="2531" width="39" height="40" />
        <cmp x="1089" y="2530" width="128" height="42" />
      </word>
      <word id="c03-081f-09-03" tag="NN" text="intelligence">
        <cmp x="1254" y="2499" width="14" height="22" />
        <cmp x="1271" y="2537" width="18" height="32" />
        <cmp x="1281" y="2504" width="138" height="68" />
        <cmp x="1398" y="2508" width="37" height="62" />
        <cmp x="1410" y="2505" width="36" height="66" />
        <cmp x="1432" y="2503" width="7" height="9" />
        <cmp x="1438" y="2537" width="18" height="33" />
        <cmp x="1458" y="2529" width="249" height="89" />
      </word>
      <word id="c03-081f-09-04" tag="CC" text="and">
        <cmp x="1748" y="2509" width="148" height="63" />
      </word>
      <word id="c03-081f-09-05" tag="JJ" text="restrained">
        <cmp x="1941" y="2530" width="36" height="40" />
        <cmp x="1963" y="2534" width="96" height="37" />
        <cmp x="2043" y="2503" width="117" height="68" />
        <cmp x="2126" y="2498" width="10" height="18" />
        <cmp x="2133" y="2543" width="19" height="28" />
        <cmp x="2152" y="2506" width="139" height="64" />
        <cmp x="2259" y="2501" width="4" height="3" />
      </word>
      <upper-contour>
        <point x="366" y="2452" />
        <point x="2183" y="2452" />
      </upper-contour>
    </line>
  </handwritten-part>
</form>

