<?xml version="1.0" encoding="ISO-8859-1"?>

<!DOCTYPE form SYSTEM 'http://www.iam.unibe.ch/~fki/iamdb/form-metadata.dtd'>

<form created="2002-01-16" height="3542" id="c03-081b" last-modified="2002-07-17" skew="378" status="final" version="3.0_beta" width="2479" writer-id="151">
  <machine-printed-part>
    <machine-print-line text="Arguably, the dramatist has committed a technical error in allowing Irene to speak" />
    <machine-print-line text="for herself; we would be altogether clearer in our minds about her if she remained" />
    <machine-print-line text="a flawed but beautiful enigma, seen but not heard. However, Miss Pinkie Johnstone" />
    <machine-print-line text="makes her few brief scenes effective, and Mr. Dinsdale Landen, in the longest and" />
    <machine-print-line text="most exacting role, that of the sergeant, gives a performance of rare intelligence and" />
    <machine-print-line text="restrained power." />
  </machine-printed-part>
  <handwritten-part>
    <line ass="59" asx="0" asy="749" character-width="999" dss="59" dsx="0" dsy="879" fd0="13996" fd1="2927" fd2="-815" filter-width="4" id="c03-081b-00" lbs="-42" lbx="0" lby="838" segmentation="ok" slant="63000" stroke-width="5962" threshold="154" text="Arguably, the dramatist has committed a" ubs="263" ubx="0" uby="816">
      <word id="c03-081b-00-00" sentence-start="yes" tag="RB" text="Arguably">
        <cmp x="326" y="749" width="309" height="128" />
      </word>
      <word id="c03-081b-00-01" tag="," text=",">
        <cmp x="659" y="829" width="15" height="31" />
      </word>
      <word id="c03-081b-00-02" tag="ATI" text="the">
        <cmp x="708" y="762" width="95" height="76" />
      </word>
      <word id="c03-081b-00-03" tag="NN" text="dramatist">
        <cmp x="856" y="760" width="379" height="91" />
        <cmp x="1178" y="759" width="5" height="4" />
      </word>
      <word id="c03-081b-00-04" tag="HVZ" text="has">
        <cmp x="1291" y="768" width="113" height="81" />
      </word>
      <word id="c03-081b-00-05" tag="VBN" text="committed">
        <cmp x="1444" y="770" width="408" height="74" />
        <cmp x="1668" y="773" width="7" height="13" />
      </word>
      <word id="c03-081b-00-06" tag="AT" text="a">
        <cmp x="1879" y="808" width="47" height="34" />
      </word>
      <lower-contour>
        <point x="324" y="876" />
        <point x="1927" y="876" />
      </lower-contour>
    </line>
    <line ass="306" asx="0" asy="939" character-width="999" dss="306" dsx="0" dsy="1069" fd0="14144" fd1="2722" fd2="-561" filter-width="4" id="c03-081b-01" lbs="348" lbx="0" lby="1024" segmentation="ok" slant="59999" stroke-width="5981" threshold="155" text="technical error in allowing Irene to speak for" ubs="222" ubx="0" uby="997">
      <word id="c03-081b-01-00" tag="JJ" text="technical">
        <cmp x="323" y="939" width="368" height="89" />
        <cmp x="580" y="940" width="15" height="11" />
      </word>
      <word id="c03-081b-01-01" tag="NN" text="error">
        <cmp x="710" y="986" width="155" height="36" />
      </word>
      <word id="c03-081b-01-02" tag="IN" text="in">
        <cmp x="907" y="988" width="72" height="26" />
        <cmp x="960" y="950" width="7" height="6" />
      </word>
      <word id="c03-081b-01-03" tag="VBG" text="allowing">
        <cmp x="1017" y="944" width="311" height="120" />
        <cmp x="1273" y="934" width="13" height="5" />
      </word>
      <word id="c03-081b-01-04" tag="NP" text="Irene">
        <cmp x="1375" y="940" width="158" height="82" />
      </word>
      <word id="c03-081b-01-05" tag="TO" text="to">
        <cmp x="1571" y="956" width="77" height="62" />
      </word>
      <word id="c03-081b-01-06" tag="VB" text="speak">
        <cmp x="1674" y="944" width="222" height="98" />
      </word>
      <word id="c03-081b-01-07" tag="IN" text="for">
        <cmp x="1940" y="941" width="109" height="96" />
      </word>
      <upper-contour>
        <point x="324" y="876" />
        <point x="1927" y="876" />
      </upper-contour>
      <lower-contour>
        <point x="335" y="1064" />
        <point x="2050" y="1064" />
      </lower-contour>
    </line>
    <line ass="265" asx="0" asy="1118" character-width="999" dss="265" dsx="0" dsy="1236" fd0="14169" fd1="2688" fd2="-737" filter-width="4" id="c03-081b-02" lbs="264" lbx="0" lby="1202" segmentation="ok" slant="49000" stroke-width="5857" threshold="154" text="herself; we would be altogether clearer in our" ubs="266" ubx="0" uby="1177">
      <word id="c03-081b-02-00" tag="PPL" text="herself">
        <cmp x="337" y="1117" width="250" height="95" />
      </word>
      <word id="c03-081b-02-01" tag=";" text=";">
        <cmp x="580" y="1188" width="29" height="37" />
        <cmp x="599" y="1174" width="6" height="6" />
      </word>
      <word id="c03-081b-02-02" tag="PP1AS" text="we">
        <cmp x="650" y="1165" width="90" height="38" />
      </word>
      <word id="c03-081b-02-03" tag="MD" text="would">
        <cmp x="781" y="1125" width="242" height="76" />
      </word>
      <word id="c03-081b-02-04" tag="BE" text="be">
        <cmp x="1040" y="1128" width="86" height="77" />
      </word>
      <word id="c03-081b-02-05" tag="RB" text="altogether">
        <cmp x="1169" y="1119" width="349" height="112" />
      </word>
      <word id="c03-081b-02-06" tag="JJR" text="clearer">
        <cmp x="1546" y="1127" width="229" height="73" />
      </word>
      <word id="c03-081b-02-07" tag="IN" text="in">
        <cmp x="1801" y="1164" width="72" height="27" />
        <cmp x="1854" y="1125" width="6" height="10" />
      </word>
      <word id="c03-081b-02-08" tag="PP$" text="our">
        <cmp x="1921" y="1168" width="139" height="27" />
      </word>
      <upper-contour>
        <point x="335" y="1064" />
        <point x="2050" y="1064" />
      </upper-contour>
      <lower-contour>
        <point x="335" y="1231" />
        <point x="2061" y="1231" />
      </lower-contour>
    </line>
    <line ass="-47" asx="0" asy="1284" character-width="999" dss="-47" dsx="0" dsy="1395" fd0="14462" fd1="2706" fd2="-677" filter-width="4" id="c03-081b-03" lbs="-71" lbx="0" lby="1377" segmentation="ok" slant="45000" stroke-width="5952" threshold="153" text="minds about her if she remained a flawed but" ubs="0" ubx="0" uby="1355">
      <word id="c03-081b-03-00" tag="NNS" text="minds">
        <cmp x="329" y="1312" width="206" height="70" />
        <cmp x="461" y="1302" width="5" height="8" />
      </word>
      <word id="c03-081b-03-01" tag="IN" text="about">
        <cmp x="597" y="1303" width="254" height="80" />
      </word>
      <word id="c03-081b-03-02" tag="PP3O" text="her">
        <cmp x="863" y="1299" width="119" height="79" />
      </word>
      <word id="c03-081b-03-03" tag="CS" text="if">
        <cmp x="1026" y="1307" width="104" height="82" />
        <cmp x="1080" y="1307" width="8" height="9" />
      </word>
      <word id="c03-081b-03-04" tag="PP3A" text="she">
        <cmp x="1132" y="1306" width="109" height="75" />
      </word>
      <word id="c03-081b-03-05" tag="VBD" text="remained">
        <cmp x="1272" y="1313" width="370" height="71" />
        <cmp x="1542" y="1287" width="21" height="13" />
      </word>
      <word id="c03-081b-03-06" tag="AT" text="a">
        <cmp x="1653" y="1347" width="56" height="33" />
      </word>
      <word id="c03-081b-03-07" tag="JJ" text="flawed">
        <cmp x="1743" y="1306" width="282" height="95" />
      </word>
      <word id="c03-081b-03-08" tag="CC" text="but">
        <cmp x="2032" y="1305" width="149" height="77" />
      </word>
      <upper-contour>
        <point x="335" y="1231" />
        <point x="2061" y="1231" />
      </upper-contour>
      <lower-contour>
        <point x="332" y="1404" />
        <point x="2138" y="1404" />
      </lower-contour>
    </line>
    <line ass="-90" asx="0" asy="1477" character-width="999" dss="-90" dsx="0" dsy="1593" fd0="14152" fd1="2663" fd2="-587" filter-width="4" id="c03-081b-04" lbs="-58" lbx="0" lby="1557" segmentation="ok" slant="37000" stroke-width="6083" threshold="150" text="beautiful enigma, seen but not heard. However," ubs="-154" ubx="0" uby="1531">
      <word id="c03-081b-04-00" tag="JJ" text="beautiful">
        <cmp x="334" y="1483" width="381" height="88" />
        <cmp x="582" y="1479" width="8" height="9" />
      </word>
      <word id="c03-081b-04-01" tag="NN" text="enigma">
        <cmp x="723" y="1526" width="239" height="68" />
        <cmp x="900" y="1483" width="10" height="6" />
      </word>
      <word id="c03-081b-04-02" tag="," text=",">
        <cmp x="983" y="1546" width="20" height="26" />
      </word>
      <word id="c03-081b-04-03" tag="VBN" text="seen">
        <cmp x="1058" y="1524" width="137" height="38" />
      </word>
      <word id="c03-081b-04-04" tag="CC" text="but">
        <cmp x="1241" y="1486" width="149" height="73" />
      </word>
      <word id="c03-081b-04-05" tag="XNOT" text="not">
        <cmp x="1399" y="1482" width="163" height="82" />
      </word>
      <word id="c03-081b-04-06" tag="VBN" text="heard">
        <cmp x="1565" y="1493" width="203" height="74" />
      </word>
      <word id="c03-081b-04-07" tag="." text=".">
        <cmp x="1760" y="1552" width="6" height="6" />
      </word>
      <word id="c03-081b-04-08" sentence-start="yes" tag="RB" text="However">
        <cmp x="1823" y="1490" width="278" height="77" />
      </word>
      <word id="c03-081b-04-09" tag="," text=",">
        <cmp x="2116" y="1547" width="21" height="30" />
      </word>
      <upper-contour>
        <point x="332" y="1404" />
        <point x="2138" y="1404" />
      </upper-contour>
      <lower-contour>
        <point x="332" y="1593" />
        <point x="2138" y="1593" />
      </lower-contour>
    </line>
    <line ass="-220" asx="0" asy="1652" character-width="999" dss="-220" dsx="0" dsy="1770" fd0="13996" fd1="2672" fd2="-548" filter-width="4" id="c03-081b-05" lbs="-200" lbx="0" lby="1731" segmentation="ok" slant="66000" stroke-width="5766" threshold="152" text="Miss Pinkie Johnstone makes her few brief scenes" ubs="-261" ubx="0" uby="1705">
      <word id="c03-081b-05-00" tag="NPT" text="Miss">
        <cmp x="321" y="1658" width="166" height="75" />
        <cmp x="449" y="1664" width="7" height="9" />
      </word>
      <word id="c03-081b-05-01" tag="NP" text="Pinkie">
        <cmp x="536" y="1670" width="32" height="69" />
        <cmp x="545" y="1659" width="48" height="43" />
        <cmp x="553" y="1665" width="237" height="78" />
        <cmp x="636" y="1658" width="15" height="11" />
        <cmp x="764" y="1658" width="20" height="10" />
      </word>
      <word id="c03-081b-05-02" tag="NP" text="Johnstone">
        <cmp x="858" y="1663" width="323" height="111" />
      </word>
      <word id="c03-081b-05-03" tag="VBZ" text="makes">
        <cmp x="1237" y="1662" width="215" height="80" />
      </word>
      <word id="c03-081b-05-04" tag="PP$" text="her">
        <cmp x="1499" y="1665" width="112" height="70" />
      </word>
      <word id="c03-081b-05-05" tag="AP" text="few">
        <cmp x="1649" y="1659" width="135" height="103" />
      </word>
      <word id="c03-081b-05-06" tag="JJ" text="brief">
        <cmp x="1831" y="1664" width="199" height="88" />
        <cmp x="1963" y="1660" width="5" height="5" />
      </word>
      <word id="c03-081b-05-07" tag="NNS" text="scenes">
        <cmp x="2036" y="1710" width="195" height="32" />
      </word>
      <upper-contour>
        <point x="332" y="1593" />
        <point x="2138" y="1593" />
      </upper-contour>
      <lower-contour>
        <point x="332" y="1773" />
        <point x="2078" y="1773" />
      </lower-contour>
    </line>
    <line ass="218" asx="0" asy="1836" character-width="999" dss="218" dsx="0" dsy="1952" fd0="14023" fd1="2708" fd2="-772" filter-width="4" id="c03-081b-06" lbs="249" lbx="0" lby="1923" segmentation="err" slant="57000" stroke-width="5991" threshold="153" text="effective, and Mr. Dinsdale Landen, in" ubs="157" ubx="0" uby="1896">
      <word id="c03-081b-06-00" tag="JJ" text="effective">
        <cmp x="334" y="1835" width="285" height="113" />
        <cmp x="588" y="1838" width="6" height="10" />
      </word>
      <word id="c03-081b-06-01" tag="," text=",">
        <cmp x="644" y="1915" width="16" height="20" />
      </word>
      <word id="c03-081b-06-02" tag="CC" text="and">
        <cmp x="694" y="1853" width="147" height="64" />
      </word>
      <word id="c03-081b-06-03" tag="NPT" text="Mr.">
        <cmp x="874" y="1841" width="128" height="79" />
        <cmp x="1016" y="1912" width="6" height="8" />
      </word>
      <word id="c03-081b-06-04" tag="NP" text="Dinsdale">
        <cmp x="1054" y="1849" width="192" height="72" />
        <cmp x="1276" y="1837" width="350" height="89" />
        <cmp x="1370" y="1850" width="9" height="14" />
      </word>
      <word id="c03-081b-06-05" tag="NP" text="Landen">
        <cmp x="1672" y="1844" width="256" height="79" />
      </word>
      <word id="c03-081b-06-06" tag="," text=",">
        <cmp x="1951" y="1910" width="17" height="21" />
      </word>
      <word id="c03-081b-06-07" tag="IN" text="in">
        <cmp x="1996" y="1889" width="75" height="26" />
        <cmp x="2070" y="1848" width="7" height="7" />
      </word>
      <upper-contour>
        <point x="332" y="1773" />
        <point x="2078" y="1773" />
      </upper-contour>
      <lower-contour>
        <point x="333" y="1947" />
        <point x="2078" y="1947" />
      </lower-contour>
    </line>
    <line ass="-277" asx="0" asy="2000" character-width="999" dss="-277" dsx="0" dsy="2130" fd0="14537" fd1="2563" fd2="-996" filter-width="4" id="c03-081b-07" lbs="-260" lbx="0" lby="2091" segmentation="ok" slant="54000" stroke-width="5972" threshold="153" text="the longest and most exacting role, that of the" ubs="-311" ubx="0" uby="2063">
      <word id="c03-081b-07-00" tag="ATI" text="the">
        <cmp x="335" y="2009" width="110" height="84" />
      </word>
      <word id="c03-081b-07-01" tag="JJT" text="longest">
        <cmp x="491" y="2020" width="266" height="103" />
      </word>
      <word id="c03-081b-07-02" tag="CC" text="and">
        <cmp x="761" y="2041" width="156" height="62" />
      </word>
      <word id="c03-081b-07-03" tag="QL" text="most">
        <cmp x="935" y="2034" width="199" height="67" />
      </word>
      <word id="c03-081b-07-04" tag="JJ" text="exacting">
        <cmp x="1159" y="2012" width="335" height="126" />
        <cmp x="1453" y="2009" width="9" height="7" />
      </word>
      <word id="c03-081b-07-05" tag="NN" text="role">
        <cmp x="1526" y="2021" width="140" height="82" />
      </word>
      <word id="c03-081b-07-06" tag="," text=",">
        <cmp x="1669" y="2085" width="19" height="30" />
      </word>
      <word id="c03-081b-07-07" tag="DT" text="that">
        <cmp x="1726" y="2022" width="184" height="82" />
      </word>
      <word id="c03-081b-07-08" tag="INO" text="of">
        <cmp x="1906" y="2017" width="121" height="97" />
      </word>
      <word id="c03-081b-07-09" tag="ATI" text="the">
        <cmp x="2018" y="2037" width="112" height="70" />
      </word>
      <upper-contour>
        <point x="333" y="1947" />
        <point x="2078" y="1947" />
      </upper-contour>
      <lower-contour>
        <point x="341" y="2139" />
        <point x="2131" y="2139" />
      </lower-contour>
    </line>
    <line ass="-42" asx="0" asy="2192" character-width="999" dss="-42" dsx="0" dsy="2310" fd0="13792" fd1="2590" fd2="-811" filter-width="4" id="c03-081b-08" lbs="-13" lbx="0" lby="2282" segmentation="ok" slant="52000" stroke-width="6086" threshold="149" text="sergeant, gives a performance of rare intelligence" ubs="-100" ubx="0" uby="2254">
      <word id="c03-081b-08-00" tag="NN" text="sergeant">
        <cmp x="343" y="2194" width="302" height="110" />
      </word>
      <word id="c03-081b-08-01" tag="," text=",">
        <cmp x="643" y="2270" width="10" height="16" />
      </word>
      <word id="c03-081b-08-02" tag="VBZ" text="gives">
        <cmp x="698" y="2243" width="164" height="68" />
        <cmp x="819" y="2194" width="7" height="8" />
      </word>
      <word id="c03-081b-08-03" tag="AT" text="a">
        <cmp x="906" y="2247" width="51" height="32" />
      </word>
      <word id="c03-081b-08-04" tag="NN" text="performance">
        <cmp x="983" y="2197" width="463" height="114" />
      </word>
      <word id="c03-081b-08-05" tag="INO" text="of">
        <cmp x="1484" y="2206" width="96" height="105" />
      </word>
      <word id="c03-081b-08-06" tag="JJ" text="rare">
        <cmp x="1605" y="2251" width="150" height="33" />
      </word>
      <word id="c03-081b-08-07" tag="NN" text="intelligence">
        <cmp x="1799" y="2195" width="427" height="116" />
        <cmp x="1864" y="2198" width="6" height="10" />
        <cmp x="2076" y="2200" width="9" height="5" />
      </word>
      <upper-contour>
        <point x="341" y="2139" />
        <point x="2131" y="2139" />
      </upper-contour>
      <lower-contour>
        <point x="359" y="2310" />
        <point x="1297" y="2310" />
      </lower-contour>
    </line>
    <line ass="80" asx="0" asy="2382" character-width="999" dss="80" dsx="0" dsy="2484" fd0="14007" fd1="2893" fd2="-346" filter-width="4" id="c03-081b-09" lbs="253" lbx="0" lby="2455" segmentation="ok" slant="29999" stroke-width="6142" threshold="149" text="and restrained power." ubs="-264" ubx="0" uby="2429">
      <word id="c03-081b-09-00" tag="CC" text="and">
        <cmp x="361" y="2391" width="180" height="70" />
      </word>
      <word id="c03-081b-09-01" tag="JJ" text="restrained">
        <cmp x="555" y="2384" width="444" height="77" />
        <cmp x="845" y="2382" width="6" height="7" />
      </word>
      <word id="c03-081b-09-02" tag="NN" text="power">
        <cmp x="1008" y="2419" width="269" height="66" />
      </word>
      <word id="c03-081b-09-03" tag="." text=".">
        <cmp x="1288" y="2443" width="8" height="8" />
      </word>
      <upper-contour>
        <point x="359" y="2310" />
        <point x="1297" y="2310" />
      </upper-contour>
    </line>
  </handwritten-part>
</form>

