<?xml version="1.0" encoding="ISO-8859-1"?>

<!DOCTYPE form SYSTEM 'http://www.iam.unibe.ch/~fki/iamdb/form-metadata.dtd'>

<form created="2002-01-16" height="3542" id="c03-084f" last-modified="2002-07-17" skew="346" status="final" version="3.0_beta" width="2479" writer-id="155">
  <machine-printed-part>
    <machine-print-line text="Mr. Bryan Stonehouse&apos;s production is quietly effective, giving full value to the formal" />
    <machine-print-line text="elements of Betti&apos;s writing without over-emphasizing them. Last night&apos;s play in the" />
    <machine-print-line text="&amp;quot;Play of the Week&amp;quot; series on independent television, Then We Fall, by Mr. Paul Fer-" />
    <machine-print-line text="ris, was a morality on the not unfamiliar theme of the destructive power of unbridled" />
    <machine-print-line text="ambition." />
  </machine-printed-part>
  <handwritten-part>
    <line ass="637" asx="0" asy="888" character-width="999" dss="637" dsx="0" dsy="995" fd0="12743" fd1="2841" fd2="-1251" filter-width="3" id="c03-084f-00" lbs="592" lbx="0" lby="961" segmentation="ok" slant="110000" stroke-width="5405" threshold="174" text="Mr. Bryan Stonehouse&apos;s production is" ubs="728" ubx="0" uby="936">
      <word id="c03-084f-00-00" sentence-start="yes" tag="NPT" text="Mr.">
        <cmp x="349" y="897" width="90" height="59" />
        <cmp x="443" y="950" width="6" height="5" />
      </word>
      <word id="c03-084f-00-01" tag="NP" text="Bryan">
        <cmp x="486" y="882" width="102" height="74" />
        <cmp x="584" y="916" width="32" height="36" />
        <cmp x="625" y="917" width="116" height="71" />
        <cmp x="730" y="923" width="56" height="32" />
      </word>
      <word id="c03-084f-00-02" tag="NP$" text="Stonehouse&apos;s">
        <cmp x="847" y="881" width="254" height="74" />
        <cmp x="900" y="886" width="6" height="7" />
        <cmp x="1082" y="881" width="134" height="72" />
        <cmp x="1222" y="916" width="120" height="38" />
        <cmp x="1326" y="950" width="21" height="3" />
        <cmp x="1341" y="889" width="11" height="25" />
        <cmp x="1370" y="912" width="55" height="41" />
      </word>
      <word id="c03-084f-00-03" tag="NN" text="production">
        <cmp x="1467" y="884" width="309" height="90" />
        <cmp x="1764" y="885" width="28" height="63" />
        <cmp x="1783" y="883" width="13" height="22" />
        <cmp x="1797" y="918" width="67" height="34" />
        <cmp x="1858" y="915" width="57" height="37" />
      </word>
      <word id="c03-084f-00-04" tag="BEZ" text="is">
        <cmp x="1956" y="892" width="11" height="14" />
        <cmp x="1974" y="921" width="17" height="28" />
        <cmp x="1989" y="914" width="50" height="38" />
      </word>
      <lower-contour>
        <point x="350" y="987" />
        <point x="2040" y="987" />
      </lower-contour>
    </line>
    <line ass="147" asx="0" asy="1051" character-width="999" dss="147" dsx="0" dsy="1177" fd0="13078" fd1="2848" fd2="-1625" filter-width="3" id="c03-084f-01" lbs="178" lbx="0" lby="1136" segmentation="err" slant="111000" stroke-width="5260" threshold="173" text="quietly effective, giving full value to the" ubs="84" ubx="0" uby="1104">
      <word id="c03-084f-01-00" tag="RB" text="quietly">
        <cmp x="352" y="1091" width="95" height="64" />
        <cmp x="435" y="1096" width="5" height="4" />
        <cmp x="437" y="1100" width="19" height="31" />
        <cmp x="449" y="1069" width="10" height="19" />
        <cmp x="453" y="1093" width="80" height="40" />
        <cmp x="515" y="1066" width="27" height="66" />
        <cmp x="540" y="1069" width="19" height="64" />
        <cmp x="557" y="1096" width="67" height="71" />
      </word>
      <word id="c03-084f-01-01" tag="JJ" text="effective">
        <cmp x="662" y="1093" width="62" height="40" />
        <cmp x="712" y="1050" width="170" height="104" />
        <cmp x="877" y="1069" width="24" height="63" />
        <cmp x="895" y="1065" width="6" height="14" />
        <cmp x="901" y="1098" width="14" height="33" />
        <cmp x="918" y="1091" width="109" height="42" />
        <cmp x="1039" y="1126" width="13" height="23" />
      </word>
      <word id="c03-084f-01-02" tag="," text=",">
        <cmp x="1084" y="1088" width="72" height="88" />
      </word>
      <word id="c03-084f-01-03" tag="VBG" text="giving">
        <cmp x="1123" y="1060" width="8" height="11" />
        <cmp x="1135" y="1096" width="18" height="32" />
        <cmp x="1145" y="1088" width="66" height="44" />
        <cmp x="1188" y="1064" width="8" height="15" />
        <cmp x="1207" y="1093" width="55" height="38" />
        <cmp x="1262" y="1091" width="73" height="71" />
      </word>
      <word id="c03-084f-01-04" tag="JJ" text="full">
        <cmp x="1376" y="1058" width="46" height="88" />
        <cmp x="1413" y="1102" width="43" height="30" />
        <cmp x="1451" y="1102" width="4" height="3" />
        <cmp x="1451" y="1106" width="20" height="26" />
        <cmp x="1455" y="1068" width="31" height="62" />
        <cmp x="1466" y="1065" width="28" height="64" />
      </word>
      <word id="c03-084f-01-05" tag="NN" text="value">
        <cmp x="1543" y="1091" width="113" height="41" />
        <cmp x="1633" y="1067" width="35" height="64" />
        <cmp x="1663" y="1090" width="110" height="42" />
      </word>
      <word id="c03-084f-01-06" tag="IN" text="to">
        <cmp x="1808" y="1066" width="81" height="66" />
      </word>
      <word id="c03-084f-01-07" tag="ATI" text="the">
        <cmp x="1923" y="1059" width="130" height="73" />
      </word>
      <upper-contour>
        <point x="350" y="987" />
        <point x="2040" y="987" />
      </upper-contour>
      <lower-contour>
        <point x="359" y="1177" />
        <point x="2054" y="1177" />
      </lower-contour>
    </line>
    <line ass="220" asx="0" asy="1233" character-width="999" dss="220" dsx="0" dsy="1356" fd0="12725" fd1="3013" fd2="-1567" filter-width="3" id="c03-084f-02" lbs="169" lbx="0" lby="1308" segmentation="ok" slant="113000" stroke-width="5332" threshold="175" text="formal elements of Betti&apos;s writing without" ubs="322" ubx="0" uby="1290">
      <word id="c03-084f-02-00" tag="JJ" text="formal">
        <cmp x="361" y="1238" width="111" height="98" />
        <cmp x="473" y="1278" width="144" height="35" />
        <cmp x="575" y="1308" width="29" height="5" />
        <cmp x="596" y="1247" width="27" height="63" />
      </word>
      <word id="c03-084f-02-01" tag="NNS" text="elements">
        <cmp x="679" y="1274" width="68" height="38" />
        <cmp x="735" y="1245" width="21" height="66" />
        <cmp x="758" y="1275" width="55" height="38" />
        <cmp x="769" y="1276" width="233" height="35" />
        <cmp x="995" y="1241" width="79" height="69" />
      </word>
      <word id="c03-084f-02-02" tag="INO" text="of">
        <cmp x="1124" y="1229" width="89" height="98" />
      </word>
      <word id="c03-084f-02-03" tag="NP$" text="Betti&apos;s">
        <cmp x="1245" y="1231" width="199" height="78" />
        <cmp x="1437" y="1246" width="9" height="15" />
        <cmp x="1449" y="1273" width="15" height="34" />
        <cmp x="1463" y="1229" width="15" height="27" />
        <cmp x="1489" y="1264" width="57" height="44" />
      </word>
      <word id="c03-084f-02-04" tag="NN" text="writing">
        <cmp x="1602" y="1269" width="61" height="39" />
        <cmp x="1643" y="1269" width="69" height="39" />
        <cmp x="1704" y="1241" width="6" height="10" />
        <cmp x="1720" y="1272" width="20" height="35" />
        <cmp x="1727" y="1230" width="38" height="77" />
        <cmp x="1756" y="1243" width="8" height="11" />
        <cmp x="1772" y="1274" width="18" height="32" />
        <cmp x="1783" y="1268" width="130" height="81" />
      </word>
      <word id="c03-084f-02-05" tag="IN" text="without">
        <cmp x="1929" y="1271" width="54" height="36" />
        <cmp x="1967" y="1270" width="46" height="36" />
        <cmp x="1998" y="1244" width="7" height="10" />
        <cmp x="2010" y="1272" width="16" height="34" />
        <cmp x="2022" y="1244" width="26" height="61" />
        <cmp x="2040" y="1238" width="90" height="68" />
        <cmp x="2104" y="1270" width="78" height="36" />
        <cmp x="2169" y="1275" width="22" height="30" />
        <cmp x="2175" y="1230" width="35" height="75" />
      </word>
      <upper-contour>
        <point x="359" y="1177" />
        <point x="2054" y="1177" />
      </upper-contour>
      <lower-contour>
        <point x="359" y="1353" />
        <point x="2160" y="1353" />
      </lower-contour>
    </line>
    <line ass="89" asx="0" asy="1418" character-width="999" dss="89" dsx="0" dsy="1545" fd0="12816" fd1="2809" fd2="-1430" filter-width="3" id="c03-084f-03" lbs="148" lbx="0" lby="1486" segmentation="ok" slant="116000" stroke-width="5315" threshold="171" text="over-emphasizing them. Last night&apos;s play" ubs="-28" ubx="0" uby="1460">
      <word id="c03-084f-03-00" tag="VBG" text="over-emphasizing">
        <cmp x="358" y="1445" width="188" height="45" />
        <cmp x="436" y="1450" width="3" height="3" />
        <cmp x="554" y="1464" width="27" height="7" />
        <cmp x="607" y="1447" width="188" height="71" />
        <cmp x="776" y="1428" width="68" height="63" />
        <cmp x="846" y="1451" width="104" height="41" />
        <cmp x="936" y="1425" width="9" height="19" />
        <cmp x="947" y="1458" width="18" height="33" />
        <cmp x="952" y="1453" width="78" height="38" />
        <cmp x="999" y="1431" width="8" height="12" />
        <cmp x="1021" y="1455" width="56" height="36" />
        <cmp x="1077" y="1453" width="71" height="86" />
      </word>
      <word id="c03-084f-03-01" tag="PP3OS" text="them">
        <cmp x="1186" y="1422" width="36" height="67" />
        <cmp x="1208" y="1423" width="6" height="4" />
        <cmp x="1210" y="1428" width="181" height="63" />
      </word>
      <word id="c03-084f-03-02" tag="." text=".">
        <cmp x="1407" y="1486" width="5" height="5" />
      </word>
      <word id="c03-084f-03-03" sentence-start="yes" tag="AP" text="Last">
        <cmp x="1449" y="1431" width="149" height="60" />
        <cmp x="1581" y="1420" width="33" height="68" />
      </word>
      <word id="c03-084f-03-04" tag="NN$" text="night&apos;s">
        <cmp x="1667" y="1453" width="56" height="37" />
        <cmp x="1704" y="1428" width="9" height="16" />
        <cmp x="1715" y="1454" width="83" height="73" />
        <cmp x="1764" y="1421" width="93" height="69" />
        <cmp x="1855" y="1416" width="18" height="29" />
        <cmp x="1882" y="1450" width="54" height="40" />
      </word>
      <word id="c03-084f-03-05" tag="NN" text="play">
        <cmp x="1952" y="1415" width="135" height="75" />
        <cmp x="1978" y="1454" width="27" height="60" />
        <cmp x="2079" y="1460" width="38" height="30" />
        <cmp x="2095" y="1458" width="63" height="85" />
      </word>
      <upper-contour>
        <point x="359" y="1353" />
        <point x="2160" y="1353" />
      </upper-contour>
      <lower-contour>
        <point x="358" y="1540" />
        <point x="1937" y="1540" />
      </lower-contour>
    </line>
    <line ass="62" asx="0" asy="1590" character-width="999" dss="62" dsx="0" dsy="1706" fd0="12638" fd1="2742" fd2="-1222" filter-width="3" id="c03-084f-04" lbs="366" lbx="0" lby="1670" segmentation="ok" slant="108000" stroke-width="5307" threshold="171" text="in the &amp;quot;Play of the Week&amp;quot; series on" ubs="-544" ubx="0" uby="1623">
      <word id="c03-084f-04-00" tag="IN" text="in">
        <cmp x="360" y="1603" width="13" height="26" />
        <cmp x="367" y="1637" width="11" height="35" />
        <cmp x="376" y="1635" width="51" height="37" />
      </word>
      <word id="c03-084f-04-01" tag="ATI" text="the">
        <cmp x="463" y="1597" width="141" height="75" />
      </word>
      <word id="c03-084f-04-02" tag="*&apos;" text="&quot;">
        <cmp x="635" y="1599" width="19" height="24" />
      </word>
      <word id="c03-084f-04-03" tag="NN" text="Play">
        <cmp x="664" y="1598" width="156" height="73" />
        <cmp x="812" y="1638" width="73" height="68" />
      </word>
      <word id="c03-084f-04-04" tag="INO" text="of">
        <cmp x="918" y="1633" width="61" height="38" />
        <cmp x="960" y="1589" width="54" height="100" />
      </word>
      <word id="c03-084f-04-05" tag="ATI" text="the">
        <cmp x="1058" y="1599" width="132" height="72" />
        <cmp x="1143" y="1635" width="38" height="24" />
      </word>
      <word id="c03-084f-04-06" tag="NN" text="Week">
        <cmp x="1236" y="1599" width="65" height="71" />
        <cmp x="1266" y="1591" width="212" height="79" />
        <cmp x="1464" y="1635" width="4" height="5" />
      </word>
      <word id="c03-084f-04-07" tag="**&apos;" text="&quot;">
        <cmp x="1496" y="1600" width="21" height="30" />
      </word>
      <word id="c03-084f-04-08" tag="NN" text="series">
        <cmp x="1557" y="1625" width="105" height="45" />
        <cmp x="1558" y="1666" width="25" height="4" />
        <cmp x="1617" y="1632" width="70" height="37" />
        <cmp x="1681" y="1595" width="8" height="19" />
        <cmp x="1689" y="1628" width="119" height="42" />
      </word>
      <word id="c03-084f-04-09" tag="IN" text="on">
        <cmp x="1835" y="1630" width="101" height="39" />
      </word>
      <upper-contour>
        <point x="358" y="1540" />
        <point x="1937" y="1540" />
      </upper-contour>
      <lower-contour>
        <point x="358" y="1705" />
        <point x="1937" y="1705" />
      </lower-contour>
    </line>
    <line ass="129" asx="0" asy="1775" character-width="999" dss="129" dsx="0" dsy="1903" fd0="12387" fd1="2775" fd2="-1270" filter-width="3" id="c03-084f-05" lbs="73" lbx="0" lby="1842" segmentation="ok" slant="108999" stroke-width="5333" threshold="173" text="independent television, Then We Fall, by" ubs="241" ubx="0" uby="1823">
      <word id="c03-084f-05-00" tag="JJ" text="independent">
        <cmp x="357" y="1777" width="7" height="20" />
        <cmp x="364" y="1778" width="503" height="99" />
      </word>
      <word id="c03-084f-05-01" tag="NN" text="television">
        <cmp x="933" y="1779" width="100" height="68" />
        <cmp x="1010" y="1776" width="111" height="72" />
        <cmp x="1116" y="1810" width="31" height="37" />
        <cmp x="1131" y="1781" width="6" height="11" />
        <cmp x="1144" y="1805" width="75" height="42" />
        <cmp x="1207" y="1773" width="7" height="12" />
        <cmp x="1215" y="1808" width="15" height="37" />
        <cmp x="1231" y="1806" width="112" height="42" />
      </word>
      <word id="c03-084f-05-02" tag="," text=",">
        <cmp x="1353" y="1842" width="17" height="30" />
      </word>
      <word id="c03-084f-05-03" tag="RN" text="Then">
        <cmp x="1371" y="1775" width="226" height="73" />
        <cmp x="1431" y="1783" width="24" height="62" />
      </word>
      <word id="c03-084f-05-04" tag="PP1AS" text="We">
        <cmp x="1637" y="1779" width="68" height="69" />
        <cmp x="1667" y="1782" width="131" height="66" />
      </word>
      <word id="c03-084f-05-05" tag="VB" text="Fall">
        <cmp x="1796" y="1773" width="126" height="75" />
        <cmp x="1893" y="1815" width="63" height="33" />
        <cmp x="1932" y="1779" width="35" height="69" />
        <cmp x="1946" y="1776" width="31" height="72" />
      </word>
      <word id="c03-084f-05-06" tag="," text=",">
        <cmp x="2002" y="1837" width="17" height="34" />
      </word>
      <word id="c03-084f-05-07" tag="IN" text="by">
        <cmp x="2045" y="1774" width="125" height="126" />
      </word>
      <upper-contour>
        <point x="358" y="1705" />
        <point x="1937" y="1705" />
      </upper-contour>
      <lower-contour>
        <point x="362" y="1905" />
        <point x="2171" y="1905" />
      </lower-contour>
    </line>
    <line ass="-390" asx="0" asy="1939" character-width="999" dss="-390" dsx="0" dsy="2050" fd0="12624" fd1="2914" fd2="-817" filter-width="3" id="c03-084f-06" lbs="-451" lbx="0" lby="2013" segmentation="err" slant="110000" stroke-width="5402" threshold="172" text="Mr. Paul Ferris, was a morality on the not" ubs="-268" ubx="0" uby="1989">
      <word id="c03-084f-06-00" tag="NPT" text="Mr.">
        <cmp x="364" y="1953" width="72" height="74" />
        <cmp x="430" y="1987" width="32" height="38" />
        <cmp x="468" y="2020" width="4" height="5" />
        <cmp x="498" y="1973" width="4" height="6" />
      </word>
      <word id="c03-084f-06-01" tag="NP" text="Paul">
        <cmp x="499" y="1947" width="141" height="79" />
        <cmp x="632" y="1991" width="64" height="36" />
        <cmp x="678" y="1963" width="28" height="63" />
      </word>
      <word id="c03-084f-06-02" tag="NP" text="Ferris">
        <cmp x="730" y="1947" width="122" height="16" />
        <cmp x="792" y="1965" width="88" height="62" />
        <cmp x="836" y="1989" width="88" height="37" />
        <cmp x="899" y="1947" width="8" height="20" />
        <cmp x="919" y="1985" width="58" height="41" />
      </word>
      <word id="c03-084f-06-03" tag="," text=",">
        <cmp x="988" y="2019" width="13" height="28" />
      </word>
      <word id="c03-084f-06-04" tag="BEDZ" text="was">
        <cmp x="1051" y="1985" width="183" height="42" />
      </word>
      <word id="c03-084f-06-05" tag="AT" text="a">
        <cmp x="1272" y="1992" width="61" height="35" />
      </word>
      <word id="c03-084f-06-06" tag="NN" text="morality">
        <cmp x="1375" y="1991" width="128" height="36" />
        <cmp x="1498" y="1989" width="34" height="38" />
        <cmp x="1531" y="1990" width="65" height="37" />
        <cmp x="1574" y="1951" width="40" height="75" />
        <cmp x="1596" y="1951" width="6" height="10" />
        <cmp x="1607" y="1987" width="18" height="39" />
        <cmp x="1627" y="1960" width="31" height="66" />
        <cmp x="1661" y="1990" width="71" height="73" />
      </word>
      <word id="c03-084f-06-07" tag="IN" text="on">
        <cmp x="1762" y="1989" width="109" height="38" />
      </word>
      <word id="c03-084f-06-08" tag="ATI" text="the">
        <cmp x="1905" y="1955" width="138" height="72" />
      </word>
      <word id="c03-084f-06-09" tag="XNOT" text="not">
        <cmp x="2086" y="1991" width="95" height="36" />
        <cmp x="2165" y="1959" width="31" height="67" />
      </word>
      <upper-contour>
        <point x="362" y="1905" />
        <point x="2171" y="1905" />
      </upper-contour>
      <lower-contour>
        <point x="364" y="2065" />
        <point x="2197" y="2065" />
      </lower-contour>
    </line>
    <line ass="99" asx="0" asy="2122" character-width="999" dss="99" dsx="0" dsy="2229" fd0="12547" fd1="2641" fd2="-1652" filter-width="3" id="c03-084f-07" lbs="232" lbx="0" lby="2205" segmentation="ok" slant="111000" stroke-width="5303" threshold="171" text="unfamiliar theme of the destructive power" ubs="-167" ubx="0" uby="2172">
      <word id="c03-084f-07-00" tag="JJ" text="unfamiliar">
        <cmp x="366" y="2165" width="96" height="38" />
        <cmp x="459" y="2123" width="45" height="102" />
        <cmp x="498" y="2163" width="138" height="40" />
        <cmp x="616" y="2133" width="7" height="13" />
        <cmp x="629" y="2137" width="26" height="66" />
        <cmp x="645" y="2136" width="12" height="17" />
        <cmp x="653" y="2172" width="15" height="31" />
        <cmp x="668" y="2169" width="59" height="35" />
        <cmp x="718" y="2169" width="36" height="34" />
      </word>
      <word id="c03-084f-07-01" tag="NN" text="theme">
        <cmp x="810" y="2135" width="269" height="69" />
        <cmp x="835" y="2133" width="5" height="5" />
        <cmp x="922" y="2200" width="31" height="3" />
        <cmp x="1031" y="2167" width="40" height="26" />
      </word>
      <word id="c03-084f-07-02" tag="INO" text="of">
        <cmp x="1131" y="2123" width="85" height="101" />
      </word>
      <word id="c03-084f-07-03" tag="ATI" text="the">
        <cmp x="1261" y="2135" width="33" height="67" />
        <cmp x="1280" y="2138" width="107" height="66" />
        <cmp x="1355" y="2199" width="34" height="5" />
      </word>
      <word id="c03-084f-07-04" tag="JJ" text="destructive">
        <cmp x="1440" y="2130" width="256" height="74" />
        <cmp x="1688" y="2174" width="17" height="29" />
        <cmp x="1702" y="2162" width="45" height="42" />
        <cmp x="1739" y="2131" width="47" height="72" />
        <cmp x="1765" y="2133" width="6" height="15" />
        <cmp x="1771" y="2165" width="4" height="4" />
        <cmp x="1784" y="2166" width="114" height="38" />
      </word>
      <word id="c03-084f-07-05" tag="NN" text="power">
        <cmp x="1927" y="2159" width="279" height="68" />
      </word>
      <upper-contour>
        <point x="364" y="2065" />
        <point x="2197" y="2065" />
      </upper-contour>
      <lower-contour>
        <point x="364" y="2224" />
        <point x="1307" y="2224" />
      </lower-contour>
    </line>
    <line ass="-237" asx="0" asy="2300" character-width="999" dss="-237" dsx="0" dsy="2402" fd0="12500" fd1="2810" fd2="-1353" filter-width="3" id="c03-084f-08" lbs="-124" lbx="0" lby="2382" segmentation="ok" slant="111000" stroke-width="5309" threshold="168" text="of unbridled ambition." ubs="-462" ubx="0" uby="2346">
      <word id="c03-084f-08-00" tag="INO" text="of">
        <cmp x="358" y="2302" width="88" height="104" />
      </word>
      <word id="c03-084f-08-01" tag="JJ" text="unbridled">
        <cmp x="506" y="2347" width="96" height="41" />
        <cmp x="588" y="2316" width="70" height="73" />
        <cmp x="655" y="2351" width="36" height="37" />
        <cmp x="686" y="2318" width="8" height="12" />
        <cmp x="694" y="2351" width="13" height="37" />
        <cmp x="710" y="2325" width="65" height="63" />
        <cmp x="761" y="2320" width="27" height="68" />
        <cmp x="786" y="2325" width="111" height="63" />
      </word>
      <word id="c03-084f-08-02" tag="NN" text="ambition">
        <cmp x="952" y="2314" width="179" height="74" />
        <cmp x="1113" y="2318" width="6" height="13" />
        <cmp x="1132" y="2317" width="47" height="70" />
        <cmp x="1161" y="2320" width="8" height="13" />
        <cmp x="1182" y="2350" width="106" height="38" />
      </word>
      <word id="c03-084f-08-03" tag="." text=".">
        <cmp x="1300" y="2382" width="7" height="6" />
      </word>
      <upper-contour>
        <point x="364" y="2224" />
        <point x="1307" y="2224" />
      </upper-contour>
    </line>
  </handwritten-part>
</form>

