<?xml version="1.0" encoding="ISO-8859-1"?>

<!DOCTYPE form SYSTEM 'http://www.iam.unibe.ch/~fki/iamdb/form-metadata.dtd'>

<form created="2002-01-16" height="3542" id="c03-016a" last-modified="2002-07-17" skew="220" status="final" version="3.0_beta" width="2479" writer-id="150">
  <machine-printed-part>
    <machine-print-line text="But there is heart in the telling, and an intense realism in the situation. A young" />
    <machine-print-line text="girl lives in a single dingy room with her slatternly, promiscuous mother. In such" />
    <machine-print-line text="surroundings she learns sex is something sordid, and when she experiences it for the" />
    <machine-print-line text="first time herself it is incoherently, clumsily, but half shyly and half inquisitively. As" />
    <machine-print-line text="is the case in Fanny her first lover is a sailor who leaves her to bear his child and sails" />
    <machine-print-line text="away." />
  </machine-printed-part>
  <handwritten-part>
    <line ass="185" asx="0" asy="800" character-width="999" dss="185" dsx="0" dsy="931" fd0="12736" fd1="2889" fd2="-1008" filter-width="3" id="c03-016a-00" lbs="106" lbx="0" lby="886" segmentation="ok" slant="92999" stroke-width="5313" threshold="187" text="But there is heart in the telling, and an" ubs="344" ubx="0" uby="838">
      <word id="c03-016a-00-00" sentence-start="yes" tag="CC" text="But">
        <cmp x="345" y="821" width="65" height="78" />
        <cmp x="413" y="853" width="44" height="48" />
        <cmp x="463" y="827" width="39" height="74" />
      </word>
      <word id="c03-016a-00-01" tag="EX" text="there">
        <cmp x="628" y="807" width="108" height="92" />
        <cmp x="743" y="834" width="25" height="51" />
        <cmp x="772" y="832" width="24" height="52" />
      </word>
      <word id="c03-016a-00-02" tag="BEZ" text="is">
        <cmp x="879" y="832" width="12" height="55" />
        <cmp x="880" y="799" width="6" height="13" />
        <cmp x="913" y="834" width="26" height="46" />
      </word>
      <word id="c03-016a-00-03" tag="NN" text="heart">
        <cmp x="1005" y="796" width="74" height="91" />
        <cmp x="1077" y="829" width="48" height="58" />
        <cmp x="1135" y="837" width="22" height="41" />
        <cmp x="1159" y="797" width="36" height="76" />
      </word>
      <word id="c03-016a-00-04" tag="IN" text="in">
        <cmp x="1289" y="837" width="7" height="47" />
        <cmp x="1290" y="805" width="9" height="13" />
        <cmp x="1307" y="837" width="48" height="44" />
      </word>
      <word id="c03-016a-00-05" tag="ATI" text="the">
        <cmp x="1403" y="798" width="100" height="79" />
      </word>
      <word id="c03-016a-00-06" tag="NN" text="telling">
        <cmp x="1573" y="797" width="59" height="83" />
        <cmp x="1643" y="800" width="8" height="76" />
        <cmp x="1646" y="796" width="4" height="3" />
        <cmp x="1658" y="808" width="13" height="69" />
        <cmp x="1676" y="834" width="8" height="42" />
        <cmp x="1677" y="797" width="7" height="9" />
        <cmp x="1687" y="830" width="47" height="56" />
        <cmp x="1742" y="834" width="34" height="79" />
      </word>
      <word id="c03-016a-00-07" tag="," text=",">
        <cmp x="1813" y="883" width="8" height="44" />
      </word>
      <word id="c03-016a-00-08" tag="CC" text="and">
        <cmp x="1856" y="833" width="50" height="56" />
        <cmp x="1915" y="836" width="37" height="47" />
        <cmp x="1960" y="805" width="39" height="82" />
      </word>
      <word id="c03-016a-00-09" tag="AT" text="an">
        <cmp x="2059" y="834" width="42" height="54" />
        <cmp x="2103" y="837" width="40" height="46" />
      </word>
      <lower-contour>
        <point x="377" y="929" />
        <point x="2092" y="929" />
      </lower-contour>
    </line>
    <line ass="67" asx="0" asy="982" character-width="999" dss="67" dsx="0" dsy="1105" fd0="13136" fd1="2517" fd2="-1800" filter-width="3" id="c03-016a-01" lbs="3" lbx="0" lby="1066" segmentation="ok" slant="92999" stroke-width="5263" threshold="186" text="intense realism in the situation. A young" ubs="196" ubx="0" uby="1022">
      <word id="c03-016a-01-00" tag="JJ" text="intense">
        <cmp x="379" y="989" width="7" height="12" />
        <cmp x="380" y="1027" width="8" height="49" />
        <cmp x="395" y="1033" width="38" height="37" />
        <cmp x="437" y="994" width="55" height="76" />
        <cmp x="497" y="1012" width="38" height="59" />
        <cmp x="545" y="1011" width="27" height="51" />
        <cmp x="572" y="1009" width="33" height="57" />
      </word>
      <word id="c03-016a-01-01" tag="NN" text="realism">
        <cmp x="723" y="1017" width="20" height="53" />
        <cmp x="751" y="1017" width="84" height="57" />
        <cmp x="843" y="1000" width="15" height="70" />
        <cmp x="864" y="1024" width="7" height="42" />
        <cmp x="865" y="988" width="10" height="12" />
        <cmp x="885" y="1025" width="21" height="41" />
        <cmp x="911" y="1025" width="61" height="43" />
      </word>
      <word id="c03-016a-01-02" tag="IN" text="in">
        <cmp x="1060" y="995" width="9" height="16" />
        <cmp x="1063" y="1022" width="10" height="46" />
        <cmp x="1081" y="1024" width="46" height="41" />
      </word>
      <word id="c03-016a-01-03" tag="ATI" text="the">
        <cmp x="1189" y="996" width="93" height="75" />
      </word>
      <word id="c03-016a-01-04" tag="NN" text="situation">
        <cmp x="1354" y="1010" width="32" height="51" />
        <cmp x="1394" y="991" width="8" height="13" />
        <cmp x="1403" y="1020" width="6" height="40" />
        <cmp x="1404" y="1015" width="3" height="4" />
        <cmp x="1420" y="982" width="74" height="80" />
        <cmp x="1496" y="1008" width="44" height="56" />
        <cmp x="1550" y="985" width="34" height="74" />
        <cmp x="1577" y="982" width="7" height="14" />
        <cmp x="1596" y="1012" width="37" height="52" />
        <cmp x="1633" y="1014" width="37" height="45" />
      </word>
      <word id="c03-016a-01-05" tag="." text=".">
        <cmp x="1694" y="1046" width="7" height="9" />
      </word>
      <word id="c03-016a-01-06" sentence-start="yes" tag="AT" text="A">
        <cmp x="1747" y="982" width="57" height="82" />
      </word>
      <word id="c03-016a-01-07" tag="JJ" text="young">
        <cmp x="1876" y="1026" width="44" height="77" />
        <cmp x="1926" y="1020" width="81" height="46" />
        <cmp x="2013" y="1021" width="37" height="44" />
        <cmp x="2054" y="1024" width="37" height="78" />
      </word>
      <upper-contour>
        <point x="377" y="929" />
        <point x="2092" y="929" />
      </upper-contour>
      <lower-contour>
        <point x="377" y="1105" />
        <point x="2077" y="1105" />
      </lower-contour>
    </line>
    <line ass="695" asx="0" asy="1171" character-width="999" dss="695" dsx="0" dsy="1299" fd0="13286" fd1="2959" fd2="-1605" filter-width="3" id="c03-016a-02" lbs="823" lbx="0" lby="1262" segmentation="ok" slant="95000" stroke-width="5230" threshold="185" text="girl lives in a single dingy room with" ubs="439" ubx="0" uby="1207">
      <word id="c03-016a-02-00" tag="NN" text="girl">
        <cmp x="377" y="1203" width="48" height="90" />
        <cmp x="436" y="1171" width="7" height="13" />
        <cmp x="437" y="1209" width="8" height="46" />
        <cmp x="440" y="1205" width="3" height="5" />
        <cmp x="460" y="1200" width="14" height="50" />
        <cmp x="489" y="1169" width="13" height="89" />
      </word>
      <word id="c03-016a-02-01" tag="NNS" text="lives">
        <cmp x="610" y="1170" width="35" height="77" />
        <cmp x="644" y="1200" width="10" height="46" />
        <cmp x="645" y="1165" width="8" height="12" />
        <cmp x="669" y="1198" width="36" height="47" />
        <cmp x="707" y="1200" width="24" height="55" />
        <cmp x="737" y="1202" width="26" height="53" />
      </word>
      <word id="c03-016a-02-02" tag="IN" text="in">
        <cmp x="851" y="1162" width="10" height="9" />
        <cmp x="856" y="1196" width="9" height="50" />
        <cmp x="878" y="1197" width="48" height="42" />
      </word>
      <word id="c03-016a-02-03" tag="AT" text="a">
        <cmp x="991" y="1197" width="49" height="46" />
      </word>
      <word id="c03-016a-02-04" tag="JJ" text="single">
        <cmp x="1128" y="1196" width="32" height="44" />
        <cmp x="1169" y="1162" width="9" height="13" />
        <cmp x="1169" y="1204" width="9" height="38" />
        <cmp x="1193" y="1201" width="37" height="41" />
        <cmp x="1234" y="1201" width="41" height="75" />
        <cmp x="1283" y="1171" width="12" height="74" />
        <cmp x="1302" y="1190" width="23" height="56" />
      </word>
      <word id="c03-016a-02-05" tag="JJ" text="dingy">
        <cmp x="1403" y="1200" width="44" height="52" />
        <cmp x="1443" y="1173" width="14" height="63" />
        <cmp x="1466" y="1201" width="10" height="41" />
        <cmp x="1471" y="1165" width="6" height="7" />
        <cmp x="1487" y="1198" width="38" height="41" />
        <cmp x="1538" y="1201" width="43" height="74" />
        <cmp x="1579" y="1200" width="51" height="69" />
      </word>
      <word id="c03-016a-02-06" tag="NN" text="room">
        <cmp x="1674" y="1202" width="33" height="43" />
        <cmp x="1708" y="1194" width="36" height="47" />
        <cmp x="1755" y="1190" width="29" height="46" />
        <cmp x="1794" y="1195" width="61" height="42" />
      </word>
      <word id="c03-016a-02-07" tag="IN" text="with">
        <cmp x="1918" y="1190" width="61" height="52" />
        <cmp x="1991" y="1195" width="10" height="44" />
        <cmp x="1993" y="1162" width="8" height="9" />
        <cmp x="2014" y="1162" width="62" height="79" />
      </word>
      <upper-contour>
        <point x="377" y="1105" />
        <point x="2077" y="1105" />
      </upper-contour>
      <lower-contour>
        <point x="375" y="1292" />
        <point x="2077" y="1292" />
      </lower-contour>
    </line>
    <line ass="135" asx="0" asy="1350" character-width="999" dss="135" dsx="0" dsy="1491" fd0="12927" fd1="2751" fd2="-1670" filter-width="3" id="c03-016a-03" lbs="150" lbx="0" lby="1431" segmentation="ok" slant="95000" stroke-width="5177" threshold="184" text="her slatternly, promiscuous mother. In such" ubs="105" ubx="0" uby="1382">
      <word id="c03-016a-03-00" tag="PP$" text="her">
        <cmp x="353" y="1351" width="77" height="78" />
        <cmp x="439" y="1380" width="17" height="52" />
      </word>
      <word id="c03-016a-03-01" tag="JJ" text="slatternly">
        <cmp x="574" y="1381" width="35" height="52" />
        <cmp x="618" y="1351" width="15" height="79" />
        <cmp x="634" y="1381" width="42" height="52" />
        <cmp x="675" y="1356" width="38" height="73" />
        <cmp x="739" y="1375" width="28" height="56" />
        <cmp x="772" y="1379" width="17" height="49" />
        <cmp x="799" y="1379" width="38" height="47" />
        <cmp x="800" y="1377" width="4" height="3" />
        <cmp x="846" y="1354" width="12" height="70" />
        <cmp x="867" y="1380" width="40" height="78" />
      </word>
      <word id="c03-016a-03-02" tag="," text=",">
        <cmp x="925" y="1432" width="7" height="57" />
      </word>
      <word id="c03-016a-03-03" tag="JJ" text="promiscuous">
        <cmp x="998" y="1421" width="3" height="7" />
        <cmp x="1001" y="1385" width="49" height="83" />
        <cmp x="1057" y="1381" width="21" height="43" />
        <cmp x="1088" y="1380" width="32" height="48" />
        <cmp x="1132" y="1383" width="60" height="45" />
        <cmp x="1201" y="1388" width="9" height="39" />
        <cmp x="1203" y="1355" width="7" height="8" />
        <cmp x="1222" y="1383" width="26" height="47" />
        <cmp x="1264" y="1383" width="38" height="47" />
        <cmp x="1313" y="1381" width="46" height="44" />
        <cmp x="1371" y="1382" width="34" height="46" />
        <cmp x="1409" y="1380" width="40" height="48" />
        <cmp x="1467" y="1377" width="22" height="42" />
      </word>
      <word id="c03-016a-03-04" tag="NN" text="mother">
        <cmp x="1564" y="1374" width="67" height="52" />
        <cmp x="1638" y="1375" width="31" height="50" />
        <cmp x="1674" y="1347" width="74" height="80" />
        <cmp x="1751" y="1377" width="25" height="49" />
        <cmp x="1785" y="1380" width="22" height="50" />
      </word>
      <word id="c03-016a-03-05" tag="." text=".">
        <cmp x="1815" y="1415" width="6" height="11" />
      </word>
      <word id="c03-016a-03-06" sentence-start="yes" tag="IN" text="In">
        <cmp x="1882" y="1351" width="10" height="82" />
        <cmp x="1897" y="1382" width="42" height="45" />
      </word>
      <word id="c03-016a-03-07" tag="ABL" text="such">
        <cmp x="2016" y="1368" width="33" height="62" />
        <cmp x="2050" y="1381" width="42" height="46" />
        <cmp x="2102" y="1382" width="26" height="45" />
        <cmp x="2137" y="1347" width="33" height="77" />
      </word>
      <upper-contour>
        <point x="375" y="1292" />
        <point x="2077" y="1292" />
      </upper-contour>
      <lower-contour>
        <point x="356" y="1488" />
        <point x="2056" y="1488" />
      </lower-contour>
    </line>
    <line ass="71" asx="0" asy="1519" character-width="999" dss="71" dsx="0" dsy="1665" fd0="13555" fd1="2691" fd2="-1860" filter-width="3" id="c03-016a-04" lbs="113" lbx="0" lby="1606" segmentation="ok" slant="95000" stroke-width="5235" threshold="183" text="surroundings she learns sex is something" ubs="-12" ubx="0" uby="1557">
      <word id="c03-016a-04-00" tag="NNS" text="surroundings">
        <cmp x="358" y="1557" width="33" height="51" />
        <cmp x="394" y="1560" width="46" height="49" />
        <cmp x="446" y="1559" width="15" height="49" />
        <cmp x="473" y="1559" width="14" height="50" />
        <cmp x="497" y="1562" width="81" height="51" />
        <cmp x="583" y="1553" width="36" height="49" />
        <cmp x="628" y="1536" width="47" height="73" />
        <cmp x="681" y="1557" width="7" height="48" />
        <cmp x="682" y="1519" width="10" height="14" />
        <cmp x="698" y="1551" width="35" height="50" />
        <cmp x="749" y="1561" width="41" height="81" />
        <cmp x="797" y="1562" width="21" height="44" />
      </word>
      <word id="c03-016a-04-01" tag="PP3A" text="she">
        <cmp x="910" y="1552" width="30" height="48" />
        <cmp x="946" y="1533" width="73" height="67" />
      </word>
      <word id="c03-016a-04-02" tag="VBZ" text="learns">
        <cmp x="1089" y="1530" width="19" height="69" />
        <cmp x="1115" y="1553" width="27" height="46" />
        <cmp x="1145" y="1559" width="41" height="49" />
        <cmp x="1199" y="1557" width="17" height="48" />
        <cmp x="1228" y="1554" width="34" height="45" />
        <cmp x="1275" y="1550" width="21" height="39" />
      </word>
      <word id="c03-016a-04-03" tag="NN" text="sex">
        <cmp x="1377" y="1548" width="35" height="55" />
        <cmp x="1411" y="1556" width="27" height="48" />
        <cmp x="1452" y="1551" width="39" height="58" />
      </word>
      <word id="c03-016a-04-04" tag="BEZ" text="is">
        <cmp x="1563" y="1525" width="9" height="12" />
        <cmp x="1567" y="1553" width="7" height="51" />
        <cmp x="1581" y="1554" width="28" height="46" />
      </word>
      <word id="c03-016a-04-05" tag="PN" text="something">
        <cmp x="1696" y="1551" width="37" height="57" />
        <cmp x="1722" y="1551" width="9" height="7" />
        <cmp x="1739" y="1552" width="39" height="55" />
        <cmp x="1785" y="1559" width="55" height="48" />
        <cmp x="1843" y="1558" width="22" height="49" />
        <cmp x="1874" y="1526" width="76" height="83" />
        <cmp x="1954" y="1566" width="9" height="40" />
        <cmp x="1959" y="1519" width="3" height="10" />
        <cmp x="1977" y="1564" width="38" height="41" />
        <cmp x="2021" y="1571" width="34" height="92" />
      </word>
      <upper-contour>
        <point x="356" y="1488" />
        <point x="2056" y="1488" />
      </upper-contour>
      <lower-contour>
        <point x="360" y="1666" />
        <point x="2056" y="1666" />
      </lower-contour>
    </line>
    <line ass="184" asx="0" asy="1709" character-width="999" dss="184" dsx="0" dsy="1844" fd0="13068" fd1="2570" fd2="-1400" filter-width="3" id="c03-016a-05" lbs="129" lbx="0" lby="1790" segmentation="ok" slant="91000" stroke-width="5280" threshold="185" text="sordid, and when she experiences it for the" ubs="293" ubx="0" uby="1746">
      <word id="c03-016a-05-00" tag="JJ" text="sordid">
        <cmp x="362" y="1731" width="85" height="64" />
        <cmp x="386" y="1738" width="4" height="8" />
        <cmp x="453" y="1715" width="50" height="81" />
        <cmp x="506" y="1711" width="9" height="14" />
        <cmp x="508" y="1747" width="8" height="46" />
        <cmp x="525" y="1717" width="39" height="82" />
      </word>
      <word id="c03-016a-05-01" tag="," text=",">
        <cmp x="629" y="1789" width="11" height="53" />
      </word>
      <word id="c03-016a-05-02" tag="CC" text="and">
        <cmp x="677" y="1747" width="45" height="54" />
        <cmp x="730" y="1721" width="73" height="77" />
      </word>
      <word id="c03-016a-05-03" tag="WRB" text="when">
        <cmp x="876" y="1744" width="71" height="54" />
        <cmp x="952" y="1714" width="41" height="74" />
        <cmp x="998" y="1736" width="26" height="52" />
        <cmp x="1029" y="1742" width="39" height="45" />
      </word>
      <word id="c03-016a-05-04" tag="PP3A" text="she">
        <cmp x="1138" y="1736" width="33" height="51" />
        <cmp x="1179" y="1706" width="44" height="81" />
        <cmp x="1226" y="1734" width="26" height="52" />
      </word>
      <word id="c03-016a-05-05" tag="VBZ" text="experiences">
        <cmp x="1335" y="1734" width="27" height="53" />
        <cmp x="1375" y="1734" width="28" height="53" />
        <cmp x="1414" y="1726" width="81" height="88" />
        <cmp x="1504" y="1738" width="35" height="38" />
        <cmp x="1527" y="1706" width="7" height="9" />
        <cmp x="1544" y="1730" width="28" height="52" />
        <cmp x="1576" y="1732" width="63" height="61" />
        <cmp x="1648" y="1748" width="21" height="45" />
        <cmp x="1676" y="1743" width="31" height="47" />
      </word>
      <word id="c03-016a-05-06" tag="PP3" text="it">
        <cmp x="1759" y="1747" width="9" height="45" />
        <cmp x="1760" y="1706" width="10" height="18" />
        <cmp x="1774" y="1710" width="37" height="78" />
      </word>
      <word id="c03-016a-05-07" tag="IN" text="for">
        <cmp x="1879" y="1706" width="66" height="82" />
        <cmp x="1950" y="1734" width="25" height="52" />
      </word>
      <word id="c03-016a-05-08" tag="ATI" text="the">
        <cmp x="2031" y="1712" width="69" height="80" />
        <cmp x="2046" y="1710" width="4" height="4" />
        <cmp x="2100" y="1731" width="30" height="54" />
      </word>
      <upper-contour>
        <point x="360" y="1666" />
        <point x="2056" y="1666" />
      </upper-contour>
      <lower-contour>
        <point x="376" y="1841" />
        <point x="2130" y="1841" />
      </lower-contour>
    </line>
    <line ass="-473" asx="0" asy="1854" character-width="999" dss="-473" dsx="0" dsy="1996" fd0="12775" fd1="2940" fd2="-1743" filter-width="3" id="c03-016a-06" lbs="-538" lbx="0" lby="1955" segmentation="ok" slant="94000" stroke-width="5147" threshold="186" text="first time herself it is incoherently, clumsily," ubs="-344" ubx="0" uby="1913">
      <word id="c03-016a-06-00" tag="OD" text="first">
        <cmp x="378" y="1884" width="42" height="104" />
        <cmp x="406" y="1890" width="12" height="11" />
        <cmp x="427" y="1919" width="18" height="49" />
        <cmp x="455" y="1918" width="30" height="50" />
        <cmp x="480" y="1880" width="38" height="90" />
      </word>
      <word id="c03-016a-06-01" tag="NN" text="time">
        <cmp x="608" y="1885" width="40" height="86" />
        <cmp x="635" y="1881" width="9" height="9" />
        <cmp x="660" y="1920" width="55" height="50" />
        <cmp x="724" y="1919" width="28" height="49" />
      </word>
      <word id="c03-016a-06-02" tag="PPL" text="herself">
        <cmp x="837" y="1881" width="41" height="88" />
        <cmp x="881" y="1907" width="31" height="60" />
        <cmp x="916" y="1921" width="17" height="49" />
        <cmp x="942" y="1918" width="32" height="51" />
        <cmp x="979" y="1921" width="21" height="55" />
        <cmp x="1011" y="1893" width="8" height="74" />
        <cmp x="1031" y="1892" width="26" height="88" />
      </word>
      <word id="c03-016a-06-03" tag="PP3" text="it">
        <cmp x="1143" y="1890" width="8" height="12" />
        <cmp x="1147" y="1925" width="8" height="48" />
        <cmp x="1148" y="1920" width="3" height="4" />
        <cmp x="1177" y="1882" width="31" height="78" />
      </word>
      <word id="c03-016a-06-04" tag="BEZ" text="is">
        <cmp x="1252" y="1879" width="7" height="15" />
        <cmp x="1258" y="1916" width="9" height="39" />
        <cmp x="1280" y="1915" width="26" height="43" />
      </word>
      <word id="c03-016a-06-05" tag="RB" text="incoherently">
        <cmp x="1388" y="1881" width="10" height="12" />
        <cmp x="1388" y="1914" width="10" height="54" />
        <cmp x="1413" y="1919" width="40" height="47" />
        <cmp x="1472" y="1924" width="38" height="52" />
        <cmp x="1516" y="1922" width="31" height="50" />
        <cmp x="1552" y="1895" width="77" height="75" />
        <cmp x="1638" y="1928" width="19" height="42" />
        <cmp x="1669" y="1929" width="29" height="47" />
        <cmp x="1705" y="1930" width="39" height="44" />
        <cmp x="1708" y="1926" width="3" height="3" />
        <cmp x="1751" y="1888" width="38" height="76" />
        <cmp x="1792" y="1887" width="11" height="74" />
        <cmp x="1814" y="1923" width="36" height="80" />
      </word>
      <word id="c03-016a-06-06" tag="," text=",">
        <cmp x="1885" y="1954" width="11" height="45" />
      </word>
      <word id="c03-016a-06-07" tag="RB" text="clumsily">
        <cmp x="1927" y="1921" width="32" height="59" />
        <cmp x="1966" y="1902" width="7" height="68" />
        <cmp x="1983" y="1925" width="38" height="48" />
        <cmp x="2028" y="1922" width="61" height="52" />
        <cmp x="2102" y="1913" width="31" height="51" />
        <cmp x="2140" y="1913" width="7" height="53" />
        <cmp x="2147" y="1873" width="5" height="10" />
        <cmp x="2165" y="1888" width="7" height="71" />
        <cmp x="2180" y="1917" width="33" height="87" />
      </word>
      <word id="c03-016a-06-08" tag="," text=",">
        <cmp x="2206" y="1966" width="15" height="50" />
      </word>
      <upper-contour>
        <point x="376" y="1841" />
        <point x="2130" y="1841" />
      </upper-contour>
      <lower-contour>
        <point x="376" y="2019" />
        <point x="2221" y="2019" />
      </lower-contour>
    </line>
    <line ass="-27" asx="0" asy="2052" character-width="999" dss="-27" dsx="0" dsy="2187" fd0="12921" fd1="2790" fd2="-1391" filter-width="3" id="c03-016a-07" lbs="23" lbx="0" lby="2142" segmentation="ok" slant="96000" stroke-width="5234" threshold="183" text="but half inquisitively. As is the case in Fanny" ubs="-129" ubx="0" uby="2089">
      <word id="c03-016a-07-00" tag="CC" text="but">
        <cmp x="365" y="2069" width="45" height="85" />
        <cmp x="414" y="2098" width="45" height="50" />
        <cmp x="459" y="2068" width="30" height="73" />
      </word>
      <word id="c03-016a-07-01" tag="RB" text="half">
        <cmp x="568" y="2072" width="50" height="74" />
        <cmp x="569" y="2067" width="4" height="3" />
        <cmp x="618" y="2092" width="37" height="48" />
        <cmp x="659" y="2054" width="13" height="72" />
        <cmp x="680" y="2054" width="32" height="80" />
      </word>
      <word id="c03-016a-07-02" tag="RB" text="inquisitively">
        <cmp x="798" y="2058" width="15" height="21" />
        <cmp x="798" y="2093" width="10" height="47" />
        <cmp x="821" y="2094" width="43" height="40" />
        <cmp x="870" y="2088" width="38" height="80" />
        <cmp x="913" y="2090" width="44" height="44" />
        <cmp x="967" y="2092" width="38" height="46" />
        <cmp x="968" y="2054" width="9" height="8" />
        <cmp x="1015" y="2059" width="10" height="21" />
        <cmp x="1017" y="2097" width="10" height="41" />
        <cmp x="1046" y="2060" width="34" height="85" />
        <cmp x="1071" y="2065" width="9" height="11" />
        <cmp x="1087" y="2092" width="38" height="53" />
        <cmp x="1128" y="2101" width="31" height="53" />
        <cmp x="1167" y="2073" width="13" height="74" />
        <cmp x="1189" y="2109" width="34" height="80" />
      </word>
      <word id="c03-016a-07-03" tag="." text=".">
        <cmp x="1239" y="2139" width="17" height="10" />
      </word>
      <word id="c03-016a-07-04" sentence-start="yes" tag="CS" text="As">
        <cmp x="1312" y="2068" width="51" height="82" />
        <cmp x="1372" y="2096" width="21" height="49" />
      </word>
      <word id="c03-016a-07-05" tag="BEZ" text="is">
        <cmp x="1460" y="2063" width="8" height="12" />
        <cmp x="1464" y="2103" width="11" height="31" />
        <cmp x="1484" y="2097" width="27" height="42" />
      </word>
      <word id="c03-016a-07-06" tag="ATI" text="the">
        <cmp x="1569" y="2068" width="107" height="75" />
      </word>
      <word id="c03-016a-07-07" tag="NN" text="case">
        <cmp x="1732" y="2101" width="28" height="46" />
        <cmp x="1770" y="2098" width="40" height="46" />
        <cmp x="1820" y="2089" width="26" height="52" />
        <cmp x="1853" y="2086" width="31" height="50" />
      </word>
      <word id="c03-016a-07-08" tag="IN" text="in">
        <cmp x="1960" y="2068" width="9" height="13" />
        <cmp x="1965" y="2105" width="6" height="45" />
        <cmp x="1985" y="2099" width="42" height="46" />
      </word>
      <word id="c03-016a-07-09" tag="NP" text="Fanny">
        <cmp x="2076" y="2065" width="50" height="77" />
        <cmp x="2103" y="2090" width="48" height="54" />
        <cmp x="2156" y="2090" width="36" height="50" />
        <cmp x="2196" y="2089" width="34" height="50" />
        <cmp x="2239" y="2091" width="37" height="82" />
      </word>
      <upper-contour>
        <point x="376" y="2019" />
        <point x="2221" y="2019" />
      </upper-contour>
      <lower-contour>
        <point x="363" y="2189" />
        <point x="2122" y="2189" />
      </lower-contour>
    </line>
    <line ass="118" asx="0" asy="2233" character-width="999" dss="118" dsx="0" dsy="2338" fd0="13290" fd1="3235" fd2="-1169" filter-width="3" id="c03-016a-08" lbs="141" lbx="0" lby="2324" segmentation="ok" slant="95000" stroke-width="5205" threshold="182" text="her first lover is a sailor who leaves her" ubs="73" ubx="0" uby="2274">
      <word id="c03-016a-08-00" tag="PP$" text="her">
        <cmp x="354" y="2247" width="37" height="76" />
        <cmp x="394" y="2272" width="29" height="50" />
        <cmp x="429" y="2278" width="17" height="42" />
      </word>
      <word id="c03-016a-08-01" tag="OD" text="first">
        <cmp x="553" y="2236" width="38" height="94" />
        <cmp x="585" y="2240" width="7" height="10" />
        <cmp x="603" y="2272" width="16" height="50" />
        <cmp x="624" y="2272" width="24" height="52" />
        <cmp x="646" y="2235" width="30" height="84" />
      </word>
      <word id="c03-016a-08-02" tag="NN" text="lover">
        <cmp x="761" y="2241" width="16" height="87" />
        <cmp x="780" y="2264" width="37" height="56" />
        <cmp x="819" y="2265" width="31" height="56" />
        <cmp x="850" y="2261" width="31" height="69" />
        <cmp x="891" y="2271" width="26" height="55" />
      </word>
      <word id="c03-016a-08-03" tag="BEZ" text="is">
        <cmp x="1015" y="2237" width="20" height="10" />
        <cmp x="1022" y="2281" width="8" height="45" />
        <cmp x="1024" y="2277" width="4" height="3" />
        <cmp x="1039" y="2274" width="25" height="46" />
      </word>
      <word id="c03-016a-08-04" tag="AT" text="a">
        <cmp x="1143" y="2268" width="52" height="52" />
      </word>
      <word id="c03-016a-08-05" tag="NN" text="sailor">
        <cmp x="1279" y="2263" width="89" height="60" />
        <cmp x="1365" y="2239" width="9" height="8" />
        <cmp x="1370" y="2274" width="7" height="42" />
        <cmp x="1388" y="2232" width="17" height="82" />
        <cmp x="1407" y="2260" width="34" height="49" />
        <cmp x="1447" y="2261" width="28" height="55" />
      </word>
      <word id="c03-016a-08-06" tag="WP" text="who">
        <cmp x="1545" y="2280" width="8" height="10" />
        <cmp x="1545" y="2277" width="74" height="51" />
        <cmp x="1619" y="2250" width="45" height="68" />
        <cmp x="1669" y="2270" width="30" height="51" />
      </word>
      <word id="c03-016a-08-07" tag="VBZ" text="leaves">
        <cmp x="1729" y="2256" width="52" height="80" />
        <cmp x="1782" y="2287" width="47" height="42" />
        <cmp x="1836" y="2277" width="29" height="43" />
        <cmp x="1869" y="2267" width="29" height="48" />
        <cmp x="1899" y="2262" width="29" height="45" />
      </word>
      <word id="c03-016a-08-08" tag="PP3O" text="her">
        <cmp x="2001" y="2248" width="47" height="66" />
        <cmp x="2051" y="2274" width="30" height="44" />
        <cmp x="2095" y="2273" width="26" height="49" />
      </word>
      <upper-contour>
        <point x="363" y="2189" />
        <point x="2122" y="2189" />
      </upper-contour>
      <lower-contour>
        <point x="352" y="2338" />
        <point x="1932" y="2338" />
      </lower-contour>
    </line>
    <line ass="-443" asx="0" asy="2411" character-width="999" dss="-443" dsx="0" dsy="2538" fd0="13239" fd1="2745" fd2="-1378" filter-width="3" id="c03-016a-09" lbs="-405" lbx="0" lby="2497" segmentation="ok" slant="97000" stroke-width="5382" threshold="183" text="to bear his child and sails away." ubs="-518" ubx="0" uby="2445">
      <word id="c03-016a-09-00" tag="TO" text="to">
        <cmp x="352" y="2425" width="65" height="83" />
        <cmp x="356" y="2420" width="4" height="4" />
      </word>
      <word id="c03-016a-09-01" tag="VB" text="bear">
        <cmp x="469" y="2422" width="50" height="74" />
        <cmp x="520" y="2448" width="75" height="62" />
        <cmp x="599" y="2449" width="23" height="53" />
      </word>
      <word id="c03-016a-09-02" tag="PP$" text="his">
        <cmp x="721" y="2419" width="51" height="89" />
        <cmp x="783" y="2463" width="9" height="53" />
        <cmp x="784" y="2425" width="12" height="14" />
        <cmp x="808" y="2460" width="29" height="52" />
      </word>
      <word id="c03-016a-09-03" tag="NN" text="child">
        <cmp x="904" y="2462" width="48" height="52" />
        <cmp x="955" y="2424" width="43" height="84" />
        <cmp x="1007" y="2419" width="11" height="12" />
        <cmp x="1009" y="2466" width="11" height="46" />
        <cmp x="1034" y="2429" width="15" height="85" />
        <cmp x="1046" y="2429" width="39" height="80" />
      </word>
      <word id="c03-016a-09-04" tag="CC" text="and">
        <cmp x="1168" y="2452" width="50" height="57" />
        <cmp x="1225" y="2460" width="32" height="51" />
        <cmp x="1264" y="2443" width="36" height="72" />
        <cmp x="1290" y="2438" width="3" height="3" />
      </word>
      <word id="c03-016a-09-05" tag="VBZ" text="sails">
        <cmp x="1397" y="2452" width="42" height="55" />
        <cmp x="1444" y="2454" width="55" height="52" />
        <cmp x="1502" y="2424" width="10" height="13" />
        <cmp x="1505" y="2461" width="9" height="45" />
        <cmp x="1522" y="2425" width="12" height="78" />
        <cmp x="1552" y="2456" width="24" height="47" />
      </word>
      <word id="c03-016a-09-06" tag="RP" text="away">
        <cmp x="1660" y="2462" width="49" height="53" />
        <cmp x="1722" y="2458" width="68" height="56" />
        <cmp x="1802" y="2458" width="42" height="54" />
        <cmp x="1861" y="2464" width="38" height="89" />
      </word>
      <word id="c03-016a-09-07" tag="." text=".">
        <cmp x="1926" y="2490" width="6" height="6" />
      </word>
      <upper-contour>
        <point x="352" y="2338" />
        <point x="1932" y="2338" />
      </upper-contour>
    </line>
  </handwritten-part>
</form>

