<?xml version="1.0" encoding="ISO-8859-1"?>

<!DOCTYPE form SYSTEM 'http://www.iam.unibe.ch/~fki/iamdb/form-metadata.dtd'>

<form created="2002-01-16" height="3542" id="c03-003e" last-modified="2002-07-17" skew="316" status="final" version="3.0_beta" width="2479" writer-id="154">
  <machine-printed-part>
    <machine-print-line text="This is not a filmed play. It has been conceived throughout in terms of the cinema, and" />
    <machine-print-line text="again and again it is the visual qualities of the story, and the marriage of the central" />
    <machine-print-line text="characters to their background, which bring the film so vividly to life. In Fanny, which" />
    <machine-print-line text="also has its premiere tomorrow, the director, Mr. Joshua Logan, attempted but failed" />
    <machine-print-line text="to create the atmosphere of a city." />
  </machine-printed-part>
  <handwritten-part>
    <line ass="-404" asx="0" asy="743" character-width="999" dss="-404" dsx="0" dsy="904" fd0="13625" fd1="2208" fd2="-1026" filter-width="4" id="c03-003e-00" lbs="-218" lbx="0" lby="831" segmentation="ok" slant="68999" stroke-width="5892" threshold="178" text="This is not a filmed play. It has been con-" ubs="-776" ubx="0" uby="784">
      <word id="c03-003e-00-00" sentence-start="yes" tag="DT" text="This">
        <cmp x="298" y="760" width="178" height="77" />
        <cmp x="325" y="771" width="23" height="63" />
        <cmp x="436" y="779" width="6" height="9" />
      </word>
      <word id="c03-003e-00-01" tag="BEZ" text="is">
        <cmp x="514" y="794" width="53" height="48" />
        <cmp x="537" y="765" width="9" height="10" />
      </word>
      <word id="c03-003e-00-02" tag="XNOT" text="not">
        <cmp x="605" y="751" width="152" height="91" />
      </word>
      <word id="c03-003e-00-03" tag="AT" text="a">
        <cmp x="778" y="790" width="53" height="46" />
      </word>
      <word id="c03-003e-00-04" tag="JJ" text="filmed">
        <cmp x="876" y="750" width="79" height="103" />
        <cmp x="957" y="756" width="73" height="84" />
        <cmp x="963" y="780" width="8" height="10" />
        <cmp x="1031" y="808" width="53" height="24" />
        <cmp x="1088" y="798" width="41" height="41" />
        <cmp x="1136" y="764" width="75" height="73" />
      </word>
      <word id="c03-003e-00-05" tag="NN" text="play">
        <cmp x="1236" y="762" width="180" height="99" />
        <cmp x="1386" y="804" width="65" height="111" />
      </word>
      <word id="c03-003e-00-06" tag="." text=".">
        <cmp x="1471" y="827" width="9" height="15" />
      </word>
      <word id="c03-003e-00-07" sentence-start="yes" tag="PP3" text="It">
        <cmp x="1519" y="776" width="42" height="69" />
        <cmp x="1563" y="759" width="36" height="76" />
      </word>
      <word id="c03-003e-00-08" tag="HVZ" text="has">
        <cmp x="1618" y="769" width="147" height="80" />
      </word>
      <word id="c03-003e-00-09" tag="BEN" text="been">
        <cmp x="1796" y="833" width="9" height="4" />
        <cmp x="1804" y="757" width="62" height="87" />
        <cmp x="1862" y="818" width="6" height="7" />
        <cmp x="1869" y="790" width="157" height="47" />
      </word>
      <word id="c03-003e-00-10" tag="VBN-" text="con-">
        <cmp x="2068" y="799" width="49" height="46" />
        <cmp x="2106" y="807" width="119" height="42" />
        <cmp x="2239" y="822" width="38" height="7" />
      </word>
      <lower-contour>
        <point x="315" y="915" />
        <point x="2250" y="915" />
      </lower-contour>
    </line>
    <line ass="-49" asx="0" asy="933" character-width="999" dss="-49" dsx="0" dsy="1071" fd0="13814" fd1="2463" fd2="-1312" filter-width="4" id="c03-003e-01" lbs="51" lbx="0" lby="1018" segmentation="ok" slant="66000" stroke-width="5997" threshold="176" text="ceived throughout in terms of the cinema," ubs="-250" ubx="0" uby="978">
      <word id="c03-003e-01-00" tag="-VBN" text="ceived">
        <cmp x="317" y="966" width="115" height="51" />
        <cmp x="437" y="950" width="6" height="13" />
        <cmp x="440" y="973" width="42" height="48" />
        <cmp x="469" y="976" width="43" height="40" />
        <cmp x="508" y="950" width="69" height="69" />
      </word>
      <word id="c03-003e-01-01" tag="RI" text="throughout">
        <cmp x="624" y="938" width="99" height="80" />
        <cmp x="725" y="978" width="127" height="44" />
        <cmp x="857" y="973" width="53" height="99" />
        <cmp x="911" y="944" width="100" height="76" />
        <cmp x="1010" y="944" width="115" height="79" />
      </word>
      <word id="c03-003e-01-02" tag="IN" text="in">
        <cmp x="1172" y="979" width="97" height="43" />
        <cmp x="1197" y="950" width="7" height="10" />
      </word>
      <word id="c03-003e-01-03" tag="NNS" text="terms">
        <cmp x="1317" y="937" width="260" height="89" />
      </word>
      <word id="c03-003e-01-04" tag="INO" text="of">
        <cmp x="1627" y="935" width="88" height="112" />
      </word>
      <word id="c03-003e-01-05" tag="ATI" text="the">
        <cmp x="1731" y="936" width="149" height="90" />
      </word>
      <word id="c03-003e-01-06" tag="NN" text="cinema">
        <cmp x="1928" y="979" width="69" height="50" />
        <cmp x="1950" y="1001" width="4" height="5" />
        <cmp x="1994" y="973" width="178" height="49" />
        <cmp x="1999" y="961" width="12" height="17" />
        <cmp x="2176" y="971" width="41" height="43" />
      </word>
      <word id="c03-003e-01-07" tag="," text=",">
        <cmp x="2229" y="999" width="17" height="31" />
        <cmp x="2245" y="992" width="4" height="4" />
      </word>
      <upper-contour>
        <point x="315" y="915" />
        <point x="2250" y="915" />
      </upper-contour>
      <lower-contour>
        <point x="315" y="1071" />
        <point x="2250" y="1071" />
      </lower-contour>
    </line>
    <line ass="247" asx="0" asy="1116" character-width="999" dss="247" dsx="0" dsy="1274" fd0="13951" fd1="2303" fd2="-1257" filter-width="4" id="c03-003e-02" lbs="290" lbx="0" lby="1198" segmentation="ok" slant="64000" stroke-width="5996" threshold="177" text="and again and again it is the visual qualities" ubs="161" ubx="0" uby="1161">
      <word id="c03-003e-02-00" tag="CC" text="and">
        <cmp x="297" y="1113" width="189" height="88" />
      </word>
      <word id="c03-003e-02-01" tag="RB" text="again">
        <cmp x="510" y="1150" width="48" height="48" />
        <cmp x="563" y="1155" width="139" height="102" />
        <cmp x="705" y="1164" width="56" height="40" />
        <cmp x="708" y="1130" width="5" height="6" />
      </word>
      <word id="c03-003e-02-02" tag="CC" text="and">
        <cmp x="814" y="1154" width="49" height="43" />
        <cmp x="865" y="1137" width="107" height="64" />
      </word>
      <word id="c03-003e-02-03" tag="RB" text="again">
        <cmp x="1001" y="1149" width="58" height="46" />
        <cmp x="1068" y="1158" width="44" height="111" />
        <cmp x="1116" y="1156" width="90" height="46" />
        <cmp x="1211" y="1173" width="59" height="30" />
        <cmp x="1215" y="1128" width="4" height="8" />
      </word>
      <word id="c03-003e-02-04" tag="PP3" text="it">
        <cmp x="1328" y="1124" width="76" height="81" />
        <cmp x="1356" y="1132" width="7" height="11" />
      </word>
      <word id="c03-003e-02-05" tag="BEZ" text="is">
        <cmp x="1438" y="1164" width="61" height="42" />
        <cmp x="1456" y="1135" width="5" height="6" />
      </word>
      <word id="c03-003e-02-06" tag="ATI" text="the">
        <cmp x="1557" y="1113" width="133" height="89" />
      </word>
      <word id="c03-003e-02-07" tag="JJ" text="visual">
        <cmp x="1747" y="1153" width="55" height="46" />
        <cmp x="1811" y="1157" width="88" height="46" />
        <cmp x="1816" y="1143" width="5" height="7" />
        <cmp x="1905" y="1139" width="95" height="65" />
      </word>
      <word id="c03-003e-02-08" tag="NNS" text="qualities">
        <cmp x="2022" y="1156" width="103" height="104" />
        <cmp x="2122" y="1116" width="180" height="84" />
        <cmp x="2232" y="1139" width="6" height="5" />
        <cmp x="2302" y="1150" width="74" height="58" />
        <cmp x="2306" y="1137" width="8" height="5" />
      </word>
      <upper-contour>
        <point x="315" y="1071" />
        <point x="2250" y="1071" />
      </upper-contour>
      <lower-contour>
        <point x="301" y="1269" />
        <point x="2377" y="1269" />
      </lower-contour>
    </line>
    <line ass="79" asx="0" asy="1287" character-width="999" dss="79" dsx="0" dsy="1440" fd0="13719" fd1="2115" fd2="-1342" filter-width="4" id="c03-003e-03" lbs="117" lbx="0" lby="1380" segmentation="ok" slant="66999" stroke-width="5985" threshold="177" text="of the story, and the marriage of the central" ubs="3" ubx="0" uby="1342">
      <word id="c03-003e-03-00" tag="INO" text="of">
        <cmp x="303" y="1288" width="88" height="112" />
      </word>
      <word id="c03-003e-03-01" tag="ATI" text="the">
        <cmp x="431" y="1294" width="145" height="90" />
      </word>
      <word id="c03-003e-03-02" tag="NN" text="story">
        <cmp x="624" y="1290" width="169" height="88" />
        <cmp x="784" y="1337" width="76" height="102" />
      </word>
      <word id="c03-003e-03-03" tag="," text=",">
        <cmp x="879" y="1355" width="21" height="46" />
      </word>
      <word id="c03-003e-03-04" tag="CC" text="and">
        <cmp x="922" y="1310" width="182" height="65" />
      </word>
      <word id="c03-003e-03-05" tag="ATI" text="the">
        <cmp x="1130" y="1286" width="89" height="94" />
        <cmp x="1183" y="1295" width="104" height="88" />
      </word>
      <word id="c03-003e-03-06" tag="NN" text="marriage">
        <cmp x="1332" y="1339" width="79" height="42" />
        <cmp x="1419" y="1335" width="151" height="42" />
        <cmp x="1570" y="1330" width="49" height="44" />
        <cmp x="1582" y="1315" width="6" height="11" />
        <cmp x="1620" y="1333" width="98" height="102" />
      </word>
      <word id="c03-003e-03-07" tag="INO" text="of">
        <cmp x="1769" y="1336" width="51" height="50" />
        <cmp x="1817" y="1296" width="59" height="106" />
      </word>
      <word id="c03-003e-03-08" tag="ATI" text="the">
        <cmp x="1889" y="1297" width="153" height="84" />
      </word>
      <word id="c03-003e-03-09" tag="JJ" text="central">
        <cmp x="2083" y="1326" width="145" height="57" />
        <cmp x="2221" y="1300" width="80" height="76" />
        <cmp x="2295" y="1307" width="103" height="72" />
      </word>
      <upper-contour>
        <point x="301" y="1269" />
        <point x="2377" y="1269" />
      </upper-contour>
      <lower-contour>
        <point x="301" y="1438" />
        <point x="2269" y="1438" />
      </lower-contour>
    </line>
    <line ass="-172" asx="0" asy="1458" character-width="999" dss="-172" dsx="0" dsy="1602" fd0="13801" fd1="2177" fd2="-1429" filter-width="4" id="c03-003e-04" lbs="-288" lbx="0" lby="1547" segmentation="ok" slant="63000" stroke-width="6024" threshold="175" text="characters to their background, which bring" ubs="60" ubx="0" uby="1519">
      <word id="c03-003e-04-00" tag="NNS" text="characters">
        <cmp x="294" y="1464" width="241" height="95" />
        <cmp x="530" y="1469" width="170" height="87" />
      </word>
      <word id="c03-003e-04-01" tag="IN" text="to">
        <cmp x="762" y="1469" width="100" height="85" />
      </word>
      <word id="c03-003e-04-02" tag="PP$" text="their">
        <cmp x="894" y="1475" width="217" height="87" />
        <cmp x="1078" y="1497" width="4" height="5" />
      </word>
      <word id="c03-003e-04-03" tag="NN" text="background">
        <cmp x="1183" y="1468" width="85" height="88" />
        <cmp x="1261" y="1512" width="55" height="42" />
        <cmp x="1319" y="1474" width="103" height="85" />
        <cmp x="1357" y="1522" width="4" height="6" />
        <cmp x="1418" y="1512" width="261" height="96" />
        <cmp x="1683" y="1491" width="72" height="65" />
      </word>
      <word id="c03-003e-04-04" tag="," text=",">
        <cmp x="1760" y="1533" width="17" height="40" />
      </word>
      <word id="c03-003e-04-05" tag="WDT" text="which">
        <cmp x="1806" y="1510" width="62" height="50" />
        <cmp x="1872" y="1523" width="18" height="32" />
        <cmp x="1893" y="1481" width="105" height="80" />
      </word>
      <word id="c03-003e-04-06" tag="VB" text="bring">
        <cmp x="2042" y="1464" width="125" height="90" />
        <cmp x="2172" y="1517" width="51" height="35" />
        <cmp x="2175" y="1497" width="5" height="8" />
        <cmp x="2213" y="1514" width="55" height="84" />
      </word>
      <upper-contour>
        <point x="301" y="1438" />
        <point x="2269" y="1438" />
      </upper-contour>
      <lower-contour>
        <point x="292" y="1609" />
        <point x="2269" y="1609" />
      </lower-contour>
    </line>
    <line ass="-309" asx="0" asy="1643" character-width="999" dss="-309" dsx="0" dsy="1798" fd0="13867" fd1="2461" fd2="-1100" filter-width="4" id="c03-003e-05" lbs="-289" lbx="0" lby="1720" segmentation="err" slant="64000" stroke-width="5955" threshold="177" text="the film so vividly to life. In Fanny, which" ubs="-350" ubx="0" uby="1688">
      <word id="c03-003e-05-00" tag="ATI" text="the">
        <cmp x="279" y="1650" width="135" height="87" />
      </word>
      <word id="c03-003e-05-01" tag="NN" text="film">
        <cmp x="454" y="1650" width="79" height="104" />
        <cmp x="534" y="1657" width="121" height="83" />
        <cmp x="538" y="1673" width="5" height="9" />
      </word>
      <word id="c03-003e-05-02" tag="QL" text="so">
        <cmp x="704" y="1691" width="52" height="40" />
        <cmp x="764" y="1698" width="41" height="37" />
      </word>
      <word id="c03-003e-05-03" tag="RB" text="vividly">
        <cmp x="856" y="1690" width="56" height="49" />
        <cmp x="919" y="1663" width="7" height="10" />
        <cmp x="921" y="1691" width="63" height="45" />
        <cmp x="983" y="1650" width="172" height="131" />
        <cmp x="990" y="1668" width="8" height="12" />
      </word>
      <word id="c03-003e-05-04" tag="IN" text="to">
        <cmp x="1202" y="1650" width="110" height="83" />
      </word>
      <word id="c03-003e-05-05" tag="NN" text="life">
        <cmp x="1347" y="1662" width="87" height="73" />
        <cmp x="1432" y="1652" width="84" height="108" />
      </word>
      <word id="c03-003e-05-06" tag="." text=".">
        <cmp x="1443" y="1673" width="5" height="4" />
      </word>
      <word id="c03-003e-05-07" sentence-start="yes" tag="IN" text="In">
        <cmp x="1536" y="1716" width="11" height="15" />
      </word>
      <word id="c03-003e-05-08" tag="NP" text="Fanny">
        <cmp x="1588" y="1661" width="92" height="70" />
        <cmp x="1690" y="1665" width="93" height="11" />
        <cmp x="1713" y="1679" width="48" height="53" />
        <cmp x="1745" y="1691" width="205" height="54" />
        <cmp x="1941" y="1703" width="83" height="107" />
      </word>
      <word id="c03-003e-05-09" tag="," text=",">
        <cmp x="2028" y="1718" width="15" height="33" />
      </word>
      <word id="c03-003e-05-10" tag="WDT" text="which">
        <cmp x="2065" y="1698" width="68" height="43" />
        <cmp x="2135" y="1708" width="17" height="29" />
        <cmp x="2161" y="1664" width="116" height="77" />
        <cmp x="2167" y="1688" width="4" height="4" />
        <cmp x="2180" y="1701" width="15" height="11" />
      </word>
      <upper-contour>
        <point x="292" y="1609" />
        <point x="2269" y="1609" />
      </upper-contour>
      <lower-contour>
        <point x="277" y="1813" />
        <point x="2278" y="1813" />
      </lower-contour>
    </line>
    <line ass="-165" asx="0" asy="1820" character-width="999" dss="-165" dsx="0" dsy="1946" fd0="13905" fd1="2343" fd2="-1283" filter-width="4" id="c03-003e-06" lbs="-140" lbx="0" lby="1912" segmentation="ok" slant="63000" stroke-width="5967" threshold="178" text="also has its premiere tomorrow, the director," ubs="-214" ubx="0" uby="1875">
      <word id="c03-003e-06-00" tag="RB" text="also">
        <cmp x="258" y="1871" width="49" height="52" />
        <cmp x="309" y="1841" width="130" height="81" />
      </word>
      <word id="c03-003e-06-01" tag="HVZ" text="has">
        <cmp x="490" y="1830" width="84" height="82" />
        <cmp x="570" y="1868" width="98" height="47" />
      </word>
      <word id="c03-003e-06-02" tag="PP$" text="its">
        <cmp x="736" y="1830" width="106" height="92" />
        <cmp x="762" y="1838" width="10" height="15" />
      </word>
      <word id="c03-003e-06-03" tag="NN" text="premiere">
        <cmp x="888" y="1871" width="56" height="78" />
        <cmp x="947" y="1870" width="157" height="44" />
        <cmp x="1116" y="1872" width="16" height="35" />
        <cmp x="1132" y="1869" width="153" height="42" />
        <cmp x="1140" y="1850" width="5" height="9" />
      </word>
      <word id="c03-003e-06-04" tag="NR" text="tomorrow">
        <cmp x="1331" y="1824" width="418" height="95" />
        <cmp x="1752" y="1877" width="65" height="41" />
      </word>
      <word id="c03-003e-06-05" tag="," text=",">
        <cmp x="1854" y="1896" width="12" height="32" />
        <cmp x="1863" y="1887" width="5" height="8" />
      </word>
      <word id="c03-003e-06-06" tag="ATI" text="the">
        <cmp x="1882" y="1827" width="143" height="82" />
      </word>
      <word id="c03-003e-06-07" tag="NN" text="director">
        <cmp x="2056" y="1851" width="86" height="66" />
        <cmp x="2141" y="1834" width="222" height="91" />
        <cmp x="2153" y="1855" width="8" height="12" />
      </word>
      <word id="c03-003e-06-08" tag="," text=",">
        <cmp x="2378" y="1907" width="22" height="31" />
      </word>
      <upper-contour>
        <point x="277" y="1813" />
        <point x="2278" y="1813" />
      </upper-contour>
      <lower-contour>
        <point x="281" y="1948" />
        <point x="2322" y="1948" />
      </lower-contour>
    </line>
    <line ass="147" asx="0" asy="2006" character-width="999" dss="147" dsx="0" dsy="2160" fd0="13232" fd1="1934" fd2="-1395" filter-width="4" id="c03-003e-07" lbs="205" lbx="0" lby="2099" segmentation="ok" slant="64000" stroke-width="5868" threshold="179" text="Mr. Joshua Logan, attempted but failed to" ubs="31" ubx="0" uby="2059">
      <word id="c03-003e-07-00" tag="NPT" text="Mr.">
        <cmp x="283" y="2012" width="110" height="88" />
        <cmp x="397" y="2073" width="10" height="21" />
      </word>
      <word id="c03-003e-07-01" tag="NP" text="Joshua">
        <cmp x="449" y="2009" width="33" height="95" />
        <cmp x="486" y="2054" width="89" height="53" />
        <cmp x="574" y="2019" width="111" height="78" />
        <cmp x="688" y="2055" width="47" height="40" />
      </word>
      <word id="c03-003e-07-02" tag="NP" text="Logan">
        <cmp x="776" y="2018" width="120" height="85" />
        <cmp x="907" y="2050" width="175" height="109" />
      </word>
      <word id="c03-003e-07-03" tag="," text=",">
        <cmp x="1090" y="2070" width="21" height="47" />
      </word>
      <word id="c03-003e-07-04" tag="VBD" text="attempted">
        <cmp x="1141" y="2004" width="118" height="91" />
        <cmp x="1226" y="2004" width="145" height="94" />
        <cmp x="1375" y="2016" width="134" height="106" />
        <cmp x="1510" y="2025" width="82" height="77" />
      </word>
      <word id="c03-003e-07-05" tag="CC" text="but">
        <cmp x="1638" y="2002" width="214" height="102" />
      </word>
      <word id="c03-003e-07-06" tag="VBD" text="failed">
        <cmp x="1869" y="2014" width="84" height="110" />
        <cmp x="1929" y="2052" width="94" height="49" />
        <cmp x="2026" y="2015" width="85" height="81" />
        <cmp x="2034" y="2032" width="8" height="7" />
        <cmp x="2108" y="2026" width="81" height="70" />
      </word>
      <word id="c03-003e-07-07" tag="TO" text="to">
        <cmp x="2203" y="2012" width="118" height="87" />
      </word>
      <upper-contour>
        <point x="281" y="1948" />
        <point x="2322" y="1948" />
      </upper-contour>
      <lower-contour>
        <point x="299" y="2158" />
        <point x="1881" y="2158" />
      </lower-contour>
    </line>
    <line ass="188" asx="0" asy="2186" character-width="999" dss="188" dsx="0" dsy="2325" fd0="13275" fd1="2250" fd2="-1143" filter-width="4" id="c03-003e-08" lbs="337" lbx="0" lby="2275" segmentation="ok" slant="68000" stroke-width="5965" threshold="174" text="create the atmosphere of a city." ubs="-110" ubx="0" uby="2236">
      <word id="c03-003e-08-00" tag="VB" text="create">
        <cmp x="301" y="2190" width="265" height="84" />
      </word>
      <word id="c03-003e-08-01" tag="ATI" text="the">
        <cmp x="624" y="2199" width="164" height="82" />
      </word>
      <word id="c03-003e-08-02" tag="NN" text="atmosphere">
        <cmp x="841" y="2199" width="177" height="82" />
        <cmp x="1022" y="2237" width="95" height="41" />
        <cmp x="1122" y="2231" width="58" height="83" />
        <cmp x="1143" y="2233" width="4" height="9" />
        <cmp x="1176" y="2198" width="120" height="79" />
        <cmp x="1296" y="2239" width="66" height="33" />
      </word>
      <word id="c03-003e-08-03" tag="INO" text="of">
        <cmp x="1413" y="2229" width="44" height="48" />
        <cmp x="1455" y="2192" width="62" height="99" />
      </word>
      <word id="c03-003e-08-04" tag="AT" text="a">
        <cmp x="1554" y="2227" width="58" height="47" />
      </word>
      <word id="c03-003e-08-05" tag="NN" text="city">
        <cmp x="1666" y="2221" width="71" height="44" />
        <cmp x="1701" y="2236" width="9" height="9" />
        <cmp x="1733" y="2181" width="127" height="140" />
        <cmp x="1747" y="2210" width="7" height="5" />
      </word>
      <word id="c03-003e-08-06" tag="." text=".">
        <cmp x="1867" y="2260" width="13" height="15" />
      </word>
      <upper-contour>
        <point x="299" y="2158" />
        <point x="1881" y="2158" />
      </upper-contour>
    </line>
  </handwritten-part>
</form>

