<?xml version="1.0" encoding="ISO-8859-1"?>

<!DOCTYPE form SYSTEM 'http://www.iam.unibe.ch/~fki/iamdb/form-metadata.dtd'>

<form created="2002-01-16" height="3542" id="c03-087e" last-modified="2002-07-17" skew="504" status="final" version="3.0_beta" width="2479" writer-id="154">
  <machine-printed-part>
    <machine-print-line text="It went, perhaps, some distance beyond most treatments of its subject by attempting" />
    <machine-print-line text="to generate a melodramatic inevitability which left its central character and the world" />
    <machine-print-line text="around him in complete, unredeemable desolation. We could, perhaps, say whether" />
    <machine-print-line text="or not the attempt succeeded if we had a little more faith in the way in which Mr." />
    <machine-print-line text="Ferris manipulated his characters." />
  </machine-printed-part>
  <handwritten-part>
    <line ass="73" asx="0" asy="760" character-width="999" dss="73" dsx="0" dsy="896" fd0="13715" fd1="1952" fd2="-1730" filter-width="4" id="c03-087e-00" lbs="71" lbx="0" lby="845" segmentation="ok" slant="64000" stroke-width="5860" threshold="180" text="It went, perhaps, some distance beyond most" ubs="76" ubx="0" uby="813">
      <word id="c03-087e-00-00" sentence-start="yes" tag="PP3" text="It">
        <cmp x="339" y="761" width="59" height="83" />
      </word>
      <word id="c03-087e-00-01" tag="VBD" text="went">
        <cmp x="441" y="798" width="45" height="49" />
        <cmp x="483" y="760" width="137" height="83" />
      </word>
      <word id="c03-087e-00-02" tag="," text=",">
        <cmp x="608" y="819" width="14" height="36" />
      </word>
      <word id="c03-087e-00-03" tag="RB" text="perhaps">
        <cmp x="640" y="796" width="152" height="76" />
        <cmp x="787" y="760" width="214" height="130" />
      </word>
      <word id="c03-087e-00-04" tag="," text=",">
        <cmp x="1023" y="834" width="11" height="26" />
        <cmp x="1033" y="829" width="4" height="4" />
      </word>
      <word id="c03-087e-00-05" tag="DTI" text="some">
        <cmp x="1054" y="798" width="41" height="48" />
        <cmp x="1092" y="804" width="44" height="42" />
        <cmp x="1132" y="801" width="139" height="43" />
      </word>
      <word id="c03-087e-00-06" tag="NN" text="distance">
        <cmp x="1309" y="771" width="70" height="77" />
        <cmp x="1364" y="808" width="57" height="41" />
        <cmp x="1392" y="779" width="7" height="8" />
        <cmp x="1410" y="760" width="97" height="89" />
        <cmp x="1503" y="810" width="59" height="37" />
        <cmp x="1563" y="793" width="104" height="57" />
      </word>
      <word id="c03-087e-00-07" tag="IN" text="beyond">
        <cmp x="1705" y="760" width="209" height="134" />
        <cmp x="1908" y="812" width="55" height="32" />
        <cmp x="1967" y="774" width="82" height="73" />
      </word>
      <word id="c03-087e-00-08" tag="AP" text="most">
        <cmp x="2077" y="802" width="63" height="37" />
        <cmp x="2146" y="772" width="126" height="78" />
      </word>
      <lower-contour>
        <point x="337" y="898" />
        <point x="2121" y="898" />
      </lower-contour>
    </line>
    <line ass="-26" asx="0" asy="929" character-width="999" dss="-26" dsx="0" dsy="1090" fd0="14036" fd1="2312" fd2="-1216" filter-width="4" id="c03-087e-01" lbs="40" lbx="0" lby="1018" segmentation="ok" slant="68000" stroke-width="5899" threshold="179" text="treatments of its subject by attempting to" ubs="-160" ubx="0" uby="982">
      <word id="c03-087e-01-00" tag="NNS" text="treatments">
        <cmp x="320" y="930" width="227" height="91" />
        <cmp x="548" y="988" width="13" height="24" />
        <cmp x="565" y="980" width="71" height="41" />
        <cmp x="633" y="996" width="14" height="10" />
        <cmp x="650" y="994" width="10" height="22" />
        <cmp x="662" y="939" width="75" height="78" />
      </word>
      <word id="c03-087e-01-01" tag="INO" text="of">
        <cmp x="781" y="930" width="93" height="113" />
      </word>
      <word id="c03-087e-01-02" tag="PP$" text="its">
        <cmp x="893" y="943" width="93" height="86" />
        <cmp x="909" y="950" width="7" height="6" />
      </word>
      <word id="c03-087e-01-03" tag="NN" text="subject">
        <cmp x="1039" y="974" width="32" height="52" />
        <cmp x="1067" y="949" width="173" height="139" />
        <cmp x="1210" y="962" width="12" height="7" />
        <cmp x="1239" y="936" width="91" height="92" />
      </word>
      <word id="c03-087e-01-04" tag="IN" text="by">
        <cmp x="1356" y="933" width="123" height="159" />
      </word>
      <word id="c03-087e-01-05" tag="VBG" text="attempting">
        <cmp x="1524" y="935" width="243" height="86" />
        <cmp x="1765" y="978" width="62" height="70" />
        <cmp x="1825" y="986" width="87" height="34" />
        <cmp x="1848" y="957" width="7" height="10" />
        <cmp x="1910" y="977" width="53" height="113" />
      </word>
      <word id="c03-087e-01-06" tag="TO" text="to">
        <cmp x="2013" y="934" width="107" height="90" />
      </word>
      <upper-contour>
        <point x="337" y="898" />
        <point x="2121" y="898" />
      </upper-contour>
      <lower-contour>
        <point x="346" y="1095" />
        <point x="2121" y="1095" />
      </lower-contour>
    </line>
    <line ass="270" asx="0" asy="1125" character-width="999" dss="270" dsx="0" dsy="1266" fd0="14072" fd1="2142" fd2="-1627" filter-width="4" id="c03-087e-02" lbs="378" lbx="0" lby="1205" segmentation="ok" slant="59000" stroke-width="5977" threshold="181" text="generate a melodramatic inevitability" ubs="55" ubx="0" uby="1167">
      <word id="c03-087e-02-00" tag="VB" text="generate">
        <cmp x="348" y="1123" width="364" height="142" />
      </word>
      <word id="c03-087e-02-01" tag="AT" text="a">
        <cmp x="781" y="1152" width="65" height="44" />
      </word>
      <word id="c03-087e-02-02" tag="JJ" text="melodramatic">
        <cmp x="907" y="1161" width="85" height="42" />
        <cmp x="996" y="1127" width="317" height="78" />
        <cmp x="1314" y="1173" width="64" height="27" />
        <cmp x="1386" y="1126" width="130" height="84" />
        <cmp x="1515" y="1158" width="66" height="47" />
        <cmp x="1527" y="1137" width="5" height="10" />
      </word>
      <word id="c03-087e-02-03" tag="NN" text="inevitability">
        <cmp x="1638" y="1156" width="86" height="46" />
        <cmp x="1665" y="1123" width="7" height="9" />
        <cmp x="1729" y="1161" width="116" height="39" />
        <cmp x="1841" y="1127" width="103" height="77" />
        <cmp x="1926" y="1129" width="134" height="79" />
        <cmp x="2053" y="1128" width="78" height="74" />
        <cmp x="2068" y="1147" width="5" height="7" />
        <cmp x="2139" y="1123" width="119" height="133" />
        <cmp x="2143" y="1146" width="5" height="6" />
      </word>
      <upper-contour>
        <point x="346" y="1095" />
        <point x="2121" y="1095" />
      </upper-contour>
      <lower-contour>
        <point x="346" y="1264" />
        <point x="2213" y="1264" />
      </lower-contour>
    </line>
    <line ass="35" asx="0" asy="1286" character-width="999" dss="35" dsx="0" dsy="1393" fd0="14047" fd1="2003" fd2="-1703" filter-width="4" id="c03-087e-03" lbs="147" lbx="0" lby="1380" segmentation="ok" slant="63000" stroke-width="5894" threshold="180" text="which left its central character and the world" ubs="-189" ubx="0" uby="1336">
      <word id="c03-087e-03-00" tag="WDT" text="which">
        <cmp x="315" y="1338" width="34" height="47" />
        <cmp x="352" y="1344" width="14" height="41" />
        <cmp x="369" y="1308" width="86" height="77" />
        <cmp x="372" y="1321" width="5" height="9" />
      </word>
      <word id="c03-087e-03-01" tag="VBD" text="left">
        <cmp x="488" y="1303" width="70" height="79" />
        <cmp x="561" y="1286" width="84" height="108" />
      </word>
      <word id="c03-087e-03-02" tag="PP$" text="its">
        <cmp x="678" y="1290" width="87" height="92" />
        <cmp x="693" y="1300" width="6" height="5" />
      </word>
      <word id="c03-087e-03-03" tag="JJ" text="central">
        <cmp x="816" y="1333" width="103" height="47" />
        <cmp x="921" y="1300" width="87" height="77" />
        <cmp x="1005" y="1313" width="93" height="64" />
      </word>
      <word id="c03-087e-03-04" tag="NN" text="character">
        <cmp x="1139" y="1298" width="189" height="87" />
        <cmp x="1311" y="1334" width="54" height="47" />
        <cmp x="1368" y="1293" width="161" height="91" />
      </word>
      <word id="c03-087e-03-05" tag="CC" text="and">
        <cmp x="1560" y="1336" width="108" height="46" />
        <cmp x="1668" y="1312" width="76" height="71" />
      </word>
      <word id="c03-087e-03-06" tag="ATI" text="the">
        <cmp x="1767" y="1302" width="131" height="81" />
      </word>
      <word id="c03-087e-03-07" tag="NN" text="world">
        <cmp x="1950" y="1341" width="50" height="46" />
        <cmp x="2001" y="1339" width="104" height="43" />
        <cmp x="2097" y="1311" width="57" height="71" />
        <cmp x="2129" y="1316" width="83" height="70" />
      </word>
      <upper-contour>
        <point x="346" y="1264" />
        <point x="2213" y="1264" />
      </upper-contour>
      <lower-contour>
        <point x="313" y="1393" />
        <point x="2213" y="1393" />
      </lower-contour>
    </line>
    <line ass="-14" asx="0" asy="1473" character-width="999" dss="-14" dsx="0" dsy="1598" fd0="13766" fd1="2038" fd2="-1511" filter-width="4" id="c03-087e-04" lbs="9" lbx="0" lby="1557" segmentation="ok" slant="64000" stroke-width="5840" threshold="177" text="around him in complete, unredeemable de-" ubs="-61" ubx="0" uby="1521">
      <word id="c03-087e-04-00" tag="IN" text="around">
        <cmp x="303" y="1509" width="102" height="49" />
        <cmp x="394" y="1499" width="270" height="65" />
      </word>
      <word id="c03-087e-04-01" tag="PP3O" text="him">
        <cmp x="693" y="1474" width="66" height="81" />
        <cmp x="755" y="1520" width="121" height="40" />
        <cmp x="792" y="1481" width="8" height="9" />
      </word>
      <word id="c03-087e-04-02" tag="IN" text="in">
        <cmp x="917" y="1524" width="83" height="32" />
        <cmp x="937" y="1482" width="8" height="12" />
      </word>
      <word id="c03-087e-04-03" tag="JJ" text="complete">
        <cmp x="1047" y="1510" width="185" height="50" />
        <cmp x="1213" y="1481" width="237" height="119" />
      </word>
      <word id="c03-087e-04-04" tag="," text=",">
        <cmp x="1458" y="1534" width="19" height="40" />
        <cmp x="1474" y="1529" width="4" height="4" />
      </word>
      <word id="c03-087e-04-05" tag="JJ" text="unredeemable">
        <cmp x="1501" y="1510" width="105" height="51" />
        <cmp x="1601" y="1489" width="160" height="73" />
        <cmp x="1741" y="1516" width="94" height="45" />
        <cmp x="1837" y="1485" width="267" height="81" />
        <cmp x="1850" y="1523" width="6" height="7" />
        <cmp x="2088" y="1513" width="5" height="4" />
      </word>
      <word id="c03-087e-04-06" tag="NN-" text="de-">
        <cmp x="2158" y="1480" width="97" height="83" />
        <cmp x="2276" y="1528" width="63" height="8" />
      </word>
      <upper-contour>
        <point x="313" y="1393" />
        <point x="2213" y="1393" />
      </upper-contour>
      <lower-contour>
        <point x="301" y="1600" />
        <point x="2340" y="1600" />
      </lower-contour>
    </line>
    <line ass="135" asx="0" asy="1653" character-width="999" dss="135" dsx="0" dsy="1799" fd0="13599" fd1="2140" fd2="-1724" filter-width="4" id="c03-087e-05" lbs="157" lbx="0" lby="1742" segmentation="ok" slant="64000" stroke-width="5857" threshold="179" text="solation. We could, perhaps, say whether or not" ubs="91" ubx="0" uby="1709">
      <word id="c03-087e-05-00" tag="-NN" text="solation">
        <cmp x="296" y="1660" width="226" height="86" />
        <cmp x="519" y="1706" width="104" height="44" />
        <cmp x="524" y="1679" width="6" height="10" />
      </word>
      <word id="c03-087e-05-01" tag="." text=".">
        <cmp x="645" y="1732" width="6" height="6" />
      </word>
      <word id="c03-087e-05-02" sentence-start="yes" tag="PP1AS" text="We">
        <cmp x="699" y="1661" width="59" height="81" />
        <cmp x="742" y="1701" width="57" height="42" />
      </word>
      <word id="c03-087e-05-03" tag="MD" text="could">
        <cmp x="844" y="1672" width="261" height="79" />
      </word>
      <word id="c03-087e-05-04" tag="," text=",">
        <cmp x="1111" y="1713" width="25" height="53" />
      </word>
      <word id="c03-087e-05-05" tag="RB" text="perhaps">
        <cmp x="1141" y="1695" width="106" height="82" />
        <cmp x="1248" y="1705" width="46" height="38" />
        <cmp x="1285" y="1702" width="55" height="39" />
        <cmp x="1325" y="1702" width="102" height="73" />
      </word>
      <word id="c03-087e-05-06" tag="," text=",">
        <cmp x="1447" y="1729" width="15" height="25" />
      </word>
      <word id="c03-087e-05-07" tag="VB" text="say">
        <cmp x="1486" y="1692" width="185" height="103" />
      </word>
      <word id="c03-087e-05-08" tag="CS" text="whether">
        <cmp x="1712" y="1687" width="55" height="57" />
        <cmp x="1765" y="1649" width="70" height="86" />
        <cmp x="1839" y="1657" width="225" height="83" />
      </word>
      <word id="c03-087e-05-09" tag="CC" text="or">
        <cmp x="2099" y="1693" width="120" height="49" />
      </word>
      <word id="c03-087e-05-10" tag="XNOT" text="not">
        <cmp x="2231" y="1703" width="54" height="44" />
        <cmp x="2285" y="1666" width="101" height="83" />
      </word>
      <upper-contour>
        <point x="301" y="1600" />
        <point x="2340" y="1600" />
      </upper-contour>
      <lower-contour>
        <point x="294" y="1798" />
        <point x="2363" y="1798" />
      </lower-contour>
    </line>
    <line ass="-191" asx="0" asy="1823" character-width="999" dss="-191" dsx="0" dsy="1954" fd0="13594" fd1="2075" fd2="-1686" filter-width="4" id="c03-087e-06" lbs="-178" lbx="0" lby="1916" segmentation="ok" slant="65000" stroke-width="5898" threshold="179" text="the attempt succeeded if we had a little more" ubs="-216" ubx="0" uby="1875">
      <word id="c03-087e-06-00" tag="ATI" text="the">
        <cmp x="285" y="1836" width="163" height="93" />
      </word>
      <word id="c03-087e-06-01" tag="NN" text="attempt">
        <cmp x="492" y="1825" width="240" height="93" />
        <cmp x="724" y="1836" width="108" height="119" />
      </word>
      <word id="c03-087e-06-02" tag="VBD" text="succeeded">
        <cmp x="859" y="1865" width="51" height="54" />
        <cmp x="905" y="1877" width="57" height="44" />
        <cmp x="960" y="1872" width="168" height="51" />
        <cmp x="1131" y="1849" width="167" height="83" />
      </word>
      <word id="c03-087e-06-03" tag="CS" text="if">
        <cmp x="1348" y="1834" width="76" height="110" />
        <cmp x="1369" y="1848" width="8" height="9" />
      </word>
      <word id="c03-087e-06-04" tag="PP1AS" text="we">
        <cmp x="1431" y="1877" width="95" height="45" />
      </word>
      <word id="c03-087e-06-05" tag="HVD" text="had">
        <cmp x="1565" y="1846" width="112" height="78" />
        <cmp x="1675" y="1854" width="70" height="69" />
      </word>
      <word id="c03-087e-06-06" tag="AP21" text="a">
        <cmp x="1774" y="1868" width="55" height="45" />
      </word>
      <word id="c03-087e-06-07" tag="AP22" text="little">
        <cmp x="1861" y="1840" width="79" height="78" />
        <cmp x="1938" y="1834" width="153" height="89" />
        <cmp x="1954" y="1862" width="4" height="5" />
      </word>
      <word id="c03-087e-06-08" tag="AP" text="more">
        <cmp x="2130" y="1884" width="72" height="40" />
        <cmp x="2193" y="1887" width="4" height="4" />
        <cmp x="2202" y="1887" width="160" height="46" />
      </word>
      <upper-contour>
        <point x="294" y="1798" />
        <point x="2363" y="1798" />
      </upper-contour>
      <lower-contour>
        <point x="312" y="1954" />
        <point x="2267" y="1954" />
      </lower-contour>
    </line>
    <line ass="499" asx="0" asy="2012" character-width="999" dss="499" dsx="0" dsy="2170" fd0="13239" fd1="2416" fd2="-874" filter-width="4" id="c03-087e-07" lbs="592" lbx="0" lby="2104" segmentation="ok" slant="70000" stroke-width="5732" threshold="180" text="faith in the way in which Mr. Ferris mani-" ubs="311" ubx="0" uby="2066">
      <word id="c03-087e-07-00" tag="NN" text="faith">
        <cmp x="314" y="2010" width="140" height="116" />
        <cmp x="452" y="2042" width="5" height="7" />
        <cmp x="453" y="2016" width="102" height="87" />
      </word>
      <word id="c03-087e-07-01" tag="IN" text="in">
        <cmp x="610" y="2054" width="81" height="46" />
        <cmp x="637" y="2025" width="10" height="10" />
      </word>
      <word id="c03-087e-07-02" tag="ATI" text="the">
        <cmp x="736" y="2010" width="147" height="90" />
      </word>
      <word id="c03-087e-07-03" tag="NN" text="way">
        <cmp x="933" y="2046" width="54" height="50" />
        <cmp x="985" y="2047" width="141" height="114" />
      </word>
      <word id="c03-087e-07-04" tag="IN" text="in">
        <cmp x="1165" y="2053" width="89" height="47" />
        <cmp x="1196" y="2027" width="10" height="11" />
      </word>
      <word id="c03-087e-07-05" tag="WDT" text="which">
        <cmp x="1310" y="2050" width="52" height="49" />
        <cmp x="1366" y="2057" width="15" height="39" />
        <cmp x="1384" y="2019" width="111" height="80" />
        <cmp x="1386" y="2040" width="5" height="11" />
      </word>
      <word id="c03-087e-07-06" tag="NPT" text="Mr.">
        <cmp x="1541" y="2023" width="68" height="76" />
        <cmp x="1602" y="2017" width="35" height="72" />
        <cmp x="1616" y="2056" width="39" height="45" />
        <cmp x="1668" y="2081" width="8" height="10" />
      </word>
      <word id="c03-087e-07-07" tag="NP" text="Ferris">
        <cmp x="1698" y="2014" width="85" height="13" />
        <cmp x="1706" y="2030" width="47" height="66" />
        <cmp x="1745" y="2052" width="148" height="46" />
        <cmp x="1784" y="2051" width="5" height="4" />
        <cmp x="1890" y="2050" width="43" height="44" />
        <cmp x="1899" y="2035" width="4" height="6" />
      </word>
      <word id="c03-087e-07-08" tag="VBD-" text="mani-">
        <cmp x="1983" y="2049" width="73" height="42" />
        <cmp x="2056" y="2051" width="149" height="47" />
        <cmp x="2206" y="2039" width="4" height="5" />
        <cmp x="2226" y="2073" width="40" height="7" />
      </word>
      <upper-contour>
        <point x="312" y="1954" />
        <point x="2267" y="1954" />
      </upper-contour>
      <lower-contour>
        <point x="312" y="2160" />
        <point x="1392" y="2160" />
      </lower-contour>
    </line>
    <line ass="254" asx="0" asy="2192" character-width="999" dss="254" dsx="0" dsy="2310" fd0="13333" fd1="1967" fd2="-1958" filter-width="4" id="c03-087e-08" lbs="278" lbx="0" lby="2278" segmentation="ok" slant="64000" stroke-width="5759" threshold="177" text="pulated his characters." ubs="206" ubx="0" uby="2239">
      <word id="c03-087e-08-00" tag="-VBD" text="pulated">
        <cmp x="303" y="2226" width="61" height="85" />
        <cmp x="363" y="2207" width="89" height="76" />
        <cmp x="436" y="2191" width="115" height="91" />
        <cmp x="552" y="2204" width="67" height="77" />
      </word>
      <word id="c03-087e-08-01" tag="PP$" text="his">
        <cmp x="691" y="2198" width="155" height="84" />
        <cmp x="817" y="2222" width="4" height="8" />
      </word>
      <word id="c03-087e-08-02" tag="NNS" text="characters">
        <cmp x="905" y="2193" width="220" height="90" />
        <cmp x="1112" y="2232" width="64" height="46" />
        <cmp x="1174" y="2196" width="190" height="85" />
      </word>
      <word id="c03-087e-08-03" tag="." text=".">
        <cmp x="1387" y="2263" width="5" height="6" />
      </word>
      <upper-contour>
        <point x="312" y="2160" />
        <point x="1392" y="2160" />
      </upper-contour>
    </line>
  </handwritten-part>
</form>

