<?xml version="1.0" encoding="ISO-8859-1"?>

<!DOCTYPE form SYSTEM 'http://www.iam.unibe.ch/~fki/iamdb/form-metadata.dtd'>

<form created="2002-01-16" height="3542" id="c03-003c" last-modified="2002-07-17" skew="284" status="final" version="3.0_beta" width="2479" writer-id="152">
  <machine-printed-part>
    <machine-print-line text="This is not a filmed play. It has been conceived throughout in terms of the cinema, and" />
    <machine-print-line text="again and again it is the visual qualities of the story, and the marriage of the central" />
    <machine-print-line text="characters to their background, which bring the film so vividly to life. In Fanny, which" />
    <machine-print-line text="also has its premiere tomorrow, the director, Mr. Joshua Logan, attempted but failed" />
    <machine-print-line text="to create the atmosphere of a city." />
  </machine-printed-part>
  <handwritten-part>
    <line ass="-106" asx="0" asy="742" character-width="999" dss="-106" dsx="0" dsy="908" fd0="13776" fd1="2257" fd2="-1722" filter-width="3" id="c03-003c-00" lbs="85" lbx="0" lby="832" segmentation="ok" slant="71000" stroke-width="5483" threshold="186" text="This is not a filmed play. It has been con-" ubs="-490" ubx="0" uby="771">
      <word id="c03-003c-00-00" sentence-start="yes" tag="DT" text="This">
        <cmp x="294" y="751" width="112" height="82" />
        <cmp x="308" y="760" width="23" height="78" />
        <cmp x="398" y="779" width="48" height="52" />
        <cmp x="402" y="760" width="6" height="6" />
      </word>
      <word id="c03-003c-00-01" tag="BEZ" text="is">
        <cmp x="510" y="782" width="36" height="49" />
        <cmp x="538" y="762" width="5" height="8" />
        <cmp x="542" y="783" width="35" height="46" />
      </word>
      <word id="c03-003c-00-02" tag="XNOT" text="not">
        <cmp x="638" y="776" width="44" height="52" />
        <cmp x="689" y="765" width="69" height="71" />
      </word>
      <word id="c03-003c-00-03" tag="AT" text="a">
        <cmp x="821" y="773" width="51" height="62" />
      </word>
      <word id="c03-003c-00-04" tag="JJ" text="filmed">
        <cmp x="945" y="744" width="57" height="120" />
        <cmp x="1005" y="762" width="5" height="7" />
        <cmp x="1007" y="756" width="125" height="78" />
        <cmp x="1126" y="768" width="60" height="69" />
      </word>
      <word id="c03-003c-00-05" tag="NN" text="play">
        <cmp x="1242" y="782" width="60" height="90" />
        <cmp x="1302" y="764" width="37" height="65" />
        <cmp x="1332" y="777" width="92" height="135" />
      </word>
      <word id="c03-003c-00-06" tag="." text=".">
        <cmp x="1440" y="830" width="6" height="6" />
      </word>
      <word id="c03-003c-00-07" sentence-start="yes" tag="PP3" text="It">
        <cmp x="1526" y="748" width="71" height="83" />
      </word>
      <word id="c03-003c-00-08" tag="HVZ" text="has">
        <cmp x="1626" y="752" width="64" height="77" />
        <cmp x="1687" y="776" width="70" height="61" />
      </word>
      <word id="c03-003c-00-09" tag="BEN" text="been">
        <cmp x="1815" y="768" width="49" height="72" />
        <cmp x="1869" y="783" width="122" height="56" />
      </word>
      <word id="c03-003c-00-10" tag="VBN-" text="con-">
        <cmp x="2056" y="788" width="72" height="52" />
        <cmp x="2125" y="790" width="49" height="48" />
        <cmp x="2191" y="811" width="30" height="7" />
      </word>
      <lower-contour>
        <point x="296" y="912" />
        <point x="2222" y="912" />
      </lower-contour>
    </line>
    <line ass="-155" asx="0" asy="922" character-width="999" dss="-155" dsx="0" dsy="1076" fd0="13759" fd1="2124" fd2="-1937" filter-width="3" id="c03-003c-01" lbs="-78" lbx="0" lby="1002" segmentation="ok" slant="70000" stroke-width="5526" threshold="186" text="ceived throughout in terms of the cinema, and" ubs="-309" ubx="0" uby="953">
      <word id="c03-003c-01-00" tag="-VBN" text="ceived">
        <cmp x="298" y="954" width="79" height="60" />
        <cmp x="373" y="941" width="5" height="6" />
        <cmp x="392" y="934" width="104" height="63" />
      </word>
      <word id="c03-003c-01-01" tag="RI" text="throughout">
        <cmp x="589" y="934" width="60" height="81" />
        <cmp x="651" y="952" width="75" height="48" />
        <cmp x="711" y="928" width="103" height="150" />
        <cmp x="813" y="940" width="113" height="72" />
        <cmp x="908" y="989" width="4" height="4" />
      </word>
      <word id="c03-003c-01-02" tag="IN" text="in">
        <cmp x="985" y="966" width="39" height="46" />
        <cmp x="1022" y="944" width="4" height="5" />
        <cmp x="1030" y="963" width="47" height="51" />
      </word>
      <word id="c03-003c-01-03" tag="NNS" text="terms">
        <cmp x="1168" y="933" width="190" height="73" />
        <cmp x="1226" y="926" width="3" height="3" />
      </word>
      <word id="c03-003c-01-04" tag="INO" text="of">
        <cmp x="1430" y="926" width="84" height="115" />
      </word>
      <word id="c03-003c-01-05" tag="ATI" text="the">
        <cmp x="1553" y="928" width="103" height="76" />
      </word>
      <word id="c03-003c-01-06" tag="NN" text="cinema">
        <cmp x="1742" y="953" width="62" height="61" />
        <cmp x="1799" y="950" width="4" height="6" />
        <cmp x="1805" y="960" width="23" height="37" />
        <cmp x="1829" y="957" width="112" height="47" />
        <cmp x="1941" y="953" width="43" height="58" />
      </word>
      <word id="c03-003c-01-07" tag="," text=",">
        <cmp x="2022" y="993" width="15" height="44" />
      </word>
      <word id="c03-003c-01-08" tag="CC" text="and">
        <cmp x="2072" y="954" width="97" height="57" />
        <cmp x="2168" y="947" width="56" height="63" />
      </word>
      <upper-contour>
        <point x="296" y="912" />
        <point x="2222" y="912" />
      </upper-contour>
      <lower-contour>
        <point x="296" y="1077" />
        <point x="2225" y="1077" />
      </lower-contour>
    </line>
    <line ass="-135" asx="0" asy="1110" character-width="999" dss="-135" dsx="0" dsy="1254" fd0="13714" fd1="2266" fd2="-1914" filter-width="3" id="c03-003c-02" lbs="-146" lbx="0" lby="1182" segmentation="ok" slant="70000" stroke-width="5507" threshold="186" text="again and again it is the visual qualities of" ubs="-112" ubx="0" uby="1138">
      <word id="c03-003c-02-00" tag="RB" text="again">
        <cmp x="284" y="1127" width="42" height="65" />
        <cmp x="324" y="1128" width="43" height="123" />
        <cmp x="362" y="1131" width="63" height="57" />
        <cmp x="419" y="1128" width="5" height="7" />
        <cmp x="427" y="1144" width="47" height="42" />
      </word>
      <word id="c03-003c-02-01" tag="CC" text="and">
        <cmp x="544" y="1133" width="97" height="58" />
        <cmp x="645" y="1128" width="53" height="70" />
      </word>
      <word id="c03-003c-02-02" tag="RB" text="again">
        <cmp x="755" y="1137" width="43" height="58" />
        <cmp x="797" y="1140" width="46" height="115" />
        <cmp x="839" y="1137" width="63" height="57" />
        <cmp x="901" y="1126" width="4" height="9" />
        <cmp x="901" y="1141" width="61" height="47" />
      </word>
      <word id="c03-003c-02-03" tag="PP3" text="it">
        <cmp x="1035" y="1141" width="35" height="46" />
        <cmp x="1070" y="1120" width="4" height="10" />
        <cmp x="1080" y="1127" width="23" height="60" />
      </word>
      <word id="c03-003c-02-04" tag="BEZ" text="is">
        <cmp x="1149" y="1142" width="42" height="46" />
        <cmp x="1187" y="1130" width="4" height="7" />
        <cmp x="1193" y="1141" width="28" height="47" />
      </word>
      <word id="c03-003c-02-05" tag="ATI" text="the">
        <cmp x="1293" y="1114" width="109" height="75" />
      </word>
      <word id="c03-003c-02-06" tag="JJ" text="visual">
        <cmp x="1496" y="1138" width="53" height="52" />
        <cmp x="1544" y="1125" width="9" height="6" />
        <cmp x="1544" y="1136" width="97" height="54" />
        <cmp x="1643" y="1122" width="81" height="73" />
      </word>
      <word id="c03-003c-02-07" tag="NNS" text="qualities">
        <cmp x="1801" y="1140" width="106" height="91" />
        <cmp x="1901" y="1131" width="94" height="68" />
        <cmp x="1990" y="1135" width="7" height="6" />
        <cmp x="2004" y="1136" width="50" height="56" />
        <cmp x="2053" y="1131" width="8" height="8" />
        <cmp x="2057" y="1146" width="63" height="49" />
      </word>
      <word id="c03-003c-02-08" tag="INO" text="of">
        <cmp x="2186" y="1118" width="84" height="101" />
      </word>
      <upper-contour>
        <point x="296" y="1077" />
        <point x="2225" y="1077" />
      </upper-contour>
      <lower-contour>
        <point x="282" y="1254" />
        <point x="2162" y="1254" />
      </lower-contour>
    </line>
    <line ass="-171" asx="0" asy="1283" character-width="999" dss="-171" dsx="0" dsy="1434" fd0="13635" fd1="2246" fd2="-1627" filter-width="3" id="c03-003c-03" lbs="-122" lbx="0" lby="1364" segmentation="ok" slant="71000" stroke-width="5438" threshold="183" text="the story, and the marriage of the central" ubs="-269" ubx="0" uby="1309">
      <word id="c03-003c-03-00" tag="ATI" text="the">
        <cmp x="273" y="1284" width="101" height="79" />
      </word>
      <word id="c03-003c-03-01" tag="NN" text="story">
        <cmp x="436" y="1298" width="97" height="71" />
        <cmp x="530" y="1313" width="69" height="48" />
        <cmp x="592" y="1312" width="58" height="124" />
      </word>
      <word id="c03-003c-03-02" tag="," text=",">
        <cmp x="681" y="1352" width="23" height="54" />
      </word>
      <word id="c03-003c-03-03" tag="CC" text="and">
        <cmp x="760" y="1306" width="52" height="57" />
        <cmp x="814" y="1320" width="28" height="43" />
        <cmp x="835" y="1305" width="57" height="69" />
      </word>
      <word id="c03-003c-03-04" tag="ATI" text="the">
        <cmp x="983" y="1289" width="101" height="79" />
      </word>
      <word id="c03-003c-03-05" tag="NN" text="marriage">
        <cmp x="1167" y="1317" width="71" height="50" />
        <cmp x="1247" y="1311" width="112" height="62" />
        <cmp x="1366" y="1323" width="17" height="41" />
        <cmp x="1378" y="1303" width="7" height="12" />
        <cmp x="1383" y="1310" width="108" height="120" />
      </word>
      <word id="c03-003c-03-06" tag="INO" text="of">
        <cmp x="1565" y="1296" width="88" height="105" />
      </word>
      <word id="c03-003c-03-07" tag="ATI" text="the">
        <cmp x="1708" y="1292" width="116" height="79" />
      </word>
      <word id="c03-003c-03-08" tag="JJ" text="central">
        <cmp x="1913" y="1308" width="96" height="59" />
        <cmp x="2009" y="1301" width="60" height="60" />
        <cmp x="2070" y="1296" width="91" height="70" />
      </word>
      <upper-contour>
        <point x="282" y="1254" />
        <point x="2162" y="1254" />
      </upper-contour>
      <lower-contour>
        <point x="271" y="1435" />
        <point x="2162" y="1435" />
      </lower-contour>
    </line>
    <line ass="49" asx="0" asy="1463" character-width="999" dss="49" dsx="0" dsy="1610" fd0="13849" fd1="2312" fd2="-1944" filter-width="3" id="c03-003c-04" lbs="100" lbx="0" lby="1544" segmentation="ok" slant="68000" stroke-width="5381" threshold="182" text="characters to their background, which bring the" ubs="-53" ubx="0" uby="1493">
      <word id="c03-003c-04-00" tag="NNS" text="characters">
        <cmp x="265" y="1463" width="58" height="84" />
        <cmp x="316" y="1496" width="23" height="45" />
        <cmp x="345" y="1486" width="72" height="62" />
        <cmp x="417" y="1490" width="42" height="56" />
        <cmp x="465" y="1494" width="32" height="50" />
        <cmp x="503" y="1481" width="19" height="56" />
        <cmp x="523" y="1499" width="108" height="56" />
      </word>
      <word id="c03-003c-04-01" tag="IN" text="to">
        <cmp x="719" y="1472" width="68" height="74" />
      </word>
      <word id="c03-003c-04-02" tag="PP$" text="their">
        <cmp x="859" y="1463" width="78" height="75" />
        <cmp x="936" y="1489" width="55" height="51" />
        <cmp x="988" y="1474" width="4" height="9" />
        <cmp x="992" y="1497" width="27" height="41" />
      </word>
      <word id="c03-003c-04-03" tag="NN" text="background">
        <cmp x="1098" y="1475" width="43" height="71" />
        <cmp x="1147" y="1481" width="42" height="63" />
        <cmp x="1178" y="1505" width="14" height="36" />
        <cmp x="1196" y="1471" width="142" height="139" />
        <cmp x="1341" y="1492" width="130" height="54" />
        <cmp x="1472" y="1476" width="60" height="71" />
      </word>
      <word id="c03-003c-04-04" tag="," text=",">
        <cmp x="1573" y="1518" width="24" height="55" />
      </word>
      <word id="c03-003c-04-05" tag="WDT" text="which">
        <cmp x="1632" y="1473" width="130" height="78" />
        <cmp x="1740" y="1500" width="56" height="44" />
        <cmp x="1792" y="1483" width="6" height="7" />
        <cmp x="1800" y="1474" width="92" height="76" />
        <cmp x="1822" y="1508" width="5" height="12" />
      </word>
      <word id="c03-003c-04-06" tag="VB" text="bring">
        <cmp x="1981" y="1475" width="50" height="77" />
        <cmp x="2030" y="1499" width="51" height="44" />
        <cmp x="2079" y="1480" width="4" height="10" />
        <cmp x="2081" y="1498" width="46" height="48" />
        <cmp x="2118" y="1497" width="52" height="106" />
      </word>
      <word id="c03-003c-04-07" tag="ATI" text="the">
        <cmp x="2221" y="1467" width="116" height="75" />
      </word>
      <upper-contour>
        <point x="271" y="1435" />
        <point x="2162" y="1435" />
      </upper-contour>
      <lower-contour>
        <point x="263" y="1610" />
        <point x="2338" y="1610" />
      </lower-contour>
    </line>
    <line ass="-443" asx="0" asy="1632" character-width="999" dss="-443" dsx="0" dsy="1788" fd0="13685" fd1="2414" fd2="-1656" filter-width="3" id="c03-003c-05" lbs="-471" lbx="0" lby="1711" segmentation="ok" slant="68999" stroke-width="5468" threshold="183" text="film so vividly to life. In Fanny, which also" ubs="-388" ubx="0" uby="1669">
      <word id="c03-003c-05-00" tag="NN" text="film">
        <cmp x="230" y="1649" width="85" height="127" />
        <cmp x="310" y="1664" width="5" height="10" />
        <cmp x="321" y="1662" width="105" height="65" />
      </word>
      <word id="c03-003c-05-01" tag="QL" text="so">
        <cmp x="515" y="1678" width="45" height="50" />
        <cmp x="562" y="1680" width="36" height="51" />
      </word>
      <word id="c03-003c-05-02" tag="RB" text="vividly">
        <cmp x="680" y="1669" width="57" height="52" />
        <cmp x="730" y="1657" width="8" height="8" />
        <cmp x="744" y="1668" width="52" height="49" />
        <cmp x="792" y="1653" width="8" height="7" />
        <cmp x="800" y="1645" width="128" height="143" />
      </word>
      <word id="c03-003c-05-03" tag="IN" text="to">
        <cmp x="1027" y="1650" width="58" height="76" />
      </word>
      <word id="c03-003c-05-04" tag="NN" text="life">
        <cmp x="1146" y="1648" width="66" height="83" />
        <cmp x="1211" y="1661" width="5" height="6" />
        <cmp x="1214" y="1647" width="63" height="106" />
      </word>
      <word id="c03-003c-05-05" tag="." text=".">
        <cmp x="1316" y="1712" width="11" height="7" />
      </word>
      <word id="c03-003c-05-06" sentence-start="yes" tag="IN" text="In">
        <cmp x="1384" y="1657" width="104" height="79" />
      </word>
      <word id="c03-003c-05-07" tag="NP" text="Fanny">
        <cmp x="1563" y="1645" width="67" height="11" />
        <cmp x="1566" y="1661" width="55" height="67" />
        <cmp x="1602" y="1668" width="44" height="58" />
        <cmp x="1646" y="1675" width="40" height="48" />
        <cmp x="1686" y="1677" width="41" height="47" />
        <cmp x="1716" y="1677" width="61" height="126" />
      </word>
      <word id="c03-003c-05-08" tag="," text=",">
        <cmp x="1814" y="1701" width="22" height="54" />
      </word>
      <word id="c03-003c-05-09" tag="WDT" text="which">
        <cmp x="1880" y="1654" width="162" height="76" />
        <cmp x="2039" y="1665" width="6" height="6" />
        <cmp x="2045" y="1656" width="110" height="79" />
      </word>
      <word id="c03-003c-05-10" tag="RB" text="also">
        <cmp x="2235" y="1665" width="109" height="68" />
        <cmp x="2345" y="1689" width="34" height="47" />
      </word>
      <upper-contour>
        <point x="263" y="1610" />
        <point x="2338" y="1610" />
      </upper-contour>
      <lower-contour>
        <point x="248" y="1805" />
        <point x="2199" y="1805" />
      </lower-contour>
    </line>
    <line ass="-228" asx="0" asy="1811" character-width="999" dss="-228" dsx="0" dsy="1943" fd0="13712" fd1="2126" fd2="-1691" filter-width="3" id="c03-003c-06" lbs="-306" lbx="0" lby="1897" segmentation="ok" slant="70000" stroke-width="5520" threshold="184" text="has its premiere tomorrow, the director, Mr." ubs="-72" ubx="0" uby="1852">
      <word id="c03-003c-06-00" tag="HVZ" text="has">
        <cmp x="250" y="1824" width="74" height="87" />
        <cmp x="331" y="1842" width="79" height="62" />
      </word>
      <word id="c03-003c-06-01" tag="PP$" text="its">
        <cmp x="476" y="1897" width="5" height="6" />
        <cmp x="481" y="1851" width="40" height="51" />
        <cmp x="514" y="1834" width="5" height="5" />
        <cmp x="529" y="1829" width="47" height="65" />
      </word>
      <word id="c03-003c-06-02" tag="NN" text="premiere">
        <cmp x="668" y="1853" width="56" height="94" />
        <cmp x="730" y="1849" width="115" height="49" />
        <cmp x="849" y="1856" width="18" height="40" />
        <cmp x="862" y="1836" width="7" height="6" />
        <cmp x="875" y="1851" width="104" height="52" />
      </word>
      <word id="c03-003c-06-03" tag="NR" text="tomorrow">
        <cmp x="1064" y="1834" width="66" height="77" />
        <cmp x="1135" y="1856" width="71" height="54" />
        <cmp x="1218" y="1850" width="106" height="54" />
        <cmp x="1328" y="1849" width="35" height="55" />
        <cmp x="1358" y="1845" width="81" height="69" />
      </word>
      <word id="c03-003c-06-04" tag="," text=",">
        <cmp x="1484" y="1885" width="21" height="61" />
      </word>
      <word id="c03-003c-06-05" tag="ATI" text="the">
        <cmp x="1531" y="1837" width="117" height="73" />
      </word>
      <word id="c03-003c-06-06" tag="NN" text="director">
        <cmp x="1718" y="1818" width="70" height="89" />
        <cmp x="1796" y="1826" width="3" height="4" />
        <cmp x="1799" y="1843" width="65" height="61" />
        <cmp x="1867" y="1842" width="147" height="68" />
        <cmp x="1930" y="1837" width="4" height="3" />
      </word>
      <word id="c03-003c-06-07" tag="," text=",">
        <cmp x="2021" y="1887" width="19" height="54" />
      </word>
      <word id="c03-003c-06-08" tag="NPT" text="Mr.">
        <cmp x="2072" y="1829" width="75" height="75" />
        <cmp x="2139" y="1847" width="42" height="54" />
        <cmp x="2194" y="1903" width="5" height="6" />
      </word>
      <upper-contour>
        <point x="248" y="1805" />
        <point x="2199" y="1805" />
      </upper-contour>
      <lower-contour>
        <point x="248" y="1948" />
        <point x="2147" y="1948" />
      </lower-contour>
    </line>
    <line ass="-156" asx="0" asy="1988" character-width="999" dss="-156" dsx="0" dsy="2147" fd0="13569" fd1="2291" fd2="-1666" filter-width="3" id="c03-003c-07" lbs="-273" lbx="0" lby="2073" segmentation="ok" slant="70000" stroke-width="5523" threshold="184" text="Joshua Logan, attempted but failed to" ubs="77" ubx="0" uby="2030">
      <word id="c03-003c-07-00" tag="NP" text="Joshua">
        <cmp x="250" y="2005" width="47" height="143" />
        <cmp x="301" y="2004" width="179" height="74" />
        <cmp x="486" y="2026" width="58" height="57" />
      </word>
      <word id="c03-003c-07-01" tag="NP" text="Logan">
        <cmp x="638" y="2007" width="80" height="78" />
        <cmp x="722" y="2028" width="45" height="118" />
        <cmp x="768" y="2025" width="103" height="61" />
      </word>
      <word id="c03-003c-07-02" tag="," text=",">
        <cmp x="904" y="2061" width="21" height="46" />
      </word>
      <word id="c03-003c-07-03" tag="VBD" text="attempted">
        <cmp x="990" y="2009" width="128" height="73" />
        <cmp x="1111" y="2030" width="67" height="58" />
        <cmp x="1176" y="2035" width="53" height="43" />
        <cmp x="1214" y="2037" width="61" height="89" />
        <cmp x="1285" y="2011" width="57" height="68" />
        <cmp x="1343" y="2010" width="64" height="75" />
      </word>
      <word id="c03-003c-07-04" tag="CC" text="but">
        <cmp x="1509" y="2003" width="43" height="75" />
        <cmp x="1551" y="2025" width="66" height="57" />
        <cmp x="1616" y="2001" width="29" height="85" />
      </word>
      <word id="c03-003c-07-05" tag="VBD" text="failed">
        <cmp x="1717" y="1993" width="70" height="118" />
        <cmp x="1768" y="2022" width="63" height="55" />
        <cmp x="1829" y="2010" width="8" height="7" />
        <cmp x="1836" y="2010" width="65" height="73" />
        <cmp x="1911" y="2016" width="64" height="73" />
      </word>
      <word id="c03-003c-07-06" tag="TO" text="to">
        <cmp x="2075" y="2008" width="71" height="81" />
      </word>
      <upper-contour>
        <point x="248" y="1948" />
        <point x="2147" y="1948" />
      </upper-contour>
      <lower-contour>
        <point x="254" y="2145" />
        <point x="1832" y="2145" />
      </lower-contour>
    </line>
    <line ass="-208" asx="0" asy="2187" character-width="999" dss="-208" dsx="0" dsy="2342" fd0="13334" fd1="2252" fd2="-1417" filter-width="3" id="c03-003c-08" lbs="-178" lbx="0" lby="2257" segmentation="ok" slant="70000" stroke-width="5557" threshold="181" text="create the atmosphere of a city." ubs="-268" ubx="0" uby="2213">
      <word id="c03-003c-08-00" tag="VB" text="create">
        <cmp x="256" y="2209" width="111" height="62" />
        <cmp x="377" y="2190" width="115" height="69" />
      </word>
      <word id="c03-003c-08-01" tag="ATI" text="the">
        <cmp x="593" y="2190" width="121" height="74" />
      </word>
      <word id="c03-003c-08-02" tag="NN" text="atmosphere">
        <cmp x="815" y="2197" width="85" height="66" />
        <cmp x="904" y="2214" width="79" height="51" />
        <cmp x="997" y="2216" width="115" height="131" />
        <cmp x="1118" y="2203" width="159" height="68" />
      </word>
      <word id="c03-003c-08-03" tag="INO" text="of">
        <cmp x="1391" y="2194" width="83" height="104" />
      </word>
      <word id="c03-003c-08-04" tag="AT" text="a">
        <cmp x="1545" y="2217" width="53" height="53" />
      </word>
      <word id="c03-003c-08-05" tag="NN" text="city">
        <cmp x="1666" y="2211" width="53" height="58" />
        <cmp x="1694" y="2233" width="4" height="5" />
        <cmp x="1717" y="2199" width="80" height="149" />
        <cmp x="1719" y="2201" width="6" height="6" />
      </word>
      <word id="c03-003c-08-06" tag="." text=".">
        <cmp x="1826" y="2258" width="6" height="5" />
      </word>
      <upper-contour>
        <point x="254" y="2145" />
        <point x="1832" y="2145" />
      </upper-contour>
    </line>
  </handwritten-part>
</form>

