<?xml version="1.0" encoding="ISO-8859-1"?>

<!DOCTYPE form SYSTEM 'http://www.iam.unibe.ch/~fki/iamdb/form-metadata.dtd'>

<form created="2002-01-16" height="3542" id="c03-087c" last-modified="2002-07-17" skew="410" status="final" version="3.0_beta" width="2479" writer-id="152">
  <machine-printed-part>
    <machine-print-line text="It went, perhaps, some distance beyond most treatments of its subject by attempting" />
    <machine-print-line text="to generate a melodramatic inevitability which left its central character and the world" />
    <machine-print-line text="around him in complete, unredeemable desolation. We could, perhaps, say whether" />
    <machine-print-line text="or not the attempt succeeded if we had a little more faith in the way in which Mr." />
    <machine-print-line text="Ferris manipulated his characters." />
  </machine-printed-part>
  <handwritten-part>
    <line ass="145" asx="0" asy="758" character-width="999" dss="145" dsx="0" dsy="899" fd0="13664" fd1="2179" fd2="-2058" filter-width="3" id="c03-087c-00" lbs="210" lbx="0" lby="834" segmentation="ok" slant="74000" stroke-width="5351" threshold="186" text="It went, perhaps, some distance beyond most treatments" ubs="15" ubx="0" uby="784">
      <word id="c03-087c-00-00" sentence-start="yes" tag="PP3" text="It">
        <cmp x="287" y="757" width="68" height="84" />
      </word>
      <word id="c03-087c-00-01" tag="VBD" text="went">
        <cmp x="393" y="778" width="146" height="54" />
        <cmp x="547" y="767" width="16" height="54" />
      </word>
      <word id="c03-087c-00-02" tag="," text=",">
        <cmp x="574" y="808" width="16" height="50" />
      </word>
      <word id="c03-087c-00-03" tag="RB" text="perhaps">
        <cmp x="628" y="781" width="48" height="77" />
        <cmp x="681" y="757" width="102" height="72" />
        <cmp x="780" y="775" width="120" height="94" />
      </word>
      <word id="c03-087c-00-04" tag="," text=",">
        <cmp x="904" y="806" width="15" height="45" />
      </word>
      <word id="c03-087c-00-05" tag="DTI" text="some">
        <cmp x="963" y="781" width="51" height="49" />
        <cmp x="1012" y="780" width="33" height="53" />
        <cmp x="1050" y="785" width="61" height="42" />
        <cmp x="1113" y="784" width="31" height="43" />
      </word>
      <word id="c03-087c-00-06" tag="NN" text="distance">
        <cmp x="1203" y="768" width="69" height="65" />
        <cmp x="1269" y="770" width="5" height="5" />
        <cmp x="1277" y="769" width="61" height="59" />
        <cmp x="1336" y="776" width="88" height="55" />
        <cmp x="1421" y="782" width="65" height="50" />
      </word>
      <word id="c03-087c-00-07" tag="IN" text="beyond">
        <cmp x="1553" y="762" width="41" height="64" />
        <cmp x="1596" y="780" width="50" height="48" />
        <cmp x="1627" y="788" width="38" height="107" />
        <cmp x="1666" y="779" width="31" height="51" />
        <cmp x="1703" y="779" width="18" height="44" />
        <cmp x="1722" y="786" width="20" height="38" />
        <cmp x="1743" y="769" width="51" height="61" />
      </word>
      <word id="c03-087c-00-08" tag="AP" text="most">
        <cmp x="1862" y="787" width="70" height="43" />
        <cmp x="1931" y="768" width="90" height="66" />
      </word>
      <word id="c03-087c-00-09" tag="NNS" text="treatments">
        <cmp x="2091" y="767" width="93" height="61" />
        <cmp x="2185" y="779" width="52" height="51" />
        <cmp x="2238" y="767" width="29" height="56" />
        <cmp x="2269" y="784" width="59" height="39" />
        <cmp x="2331" y="783" width="47" height="46" />
        <cmp x="2378" y="769" width="61" height="61" />
      </word>
      <lower-contour>
        <point x="285" y="897" />
        <point x="2414" y="897" />
      </lower-contour>
    </line>
    <line ass="-39" asx="0" asy="925" character-width="999" dss="-39" dsx="0" dsy="1079" fd0="13651" fd1="2199" fd2="-1675" filter-width="3" id="c03-087c-01" lbs="32" lbx="0" lby="1004" segmentation="ok" slant="71000" stroke-width="5359" threshold="187" text="of its subject by attempting to generate a melo-" ubs="-184" ubx="0" uby="960">
      <word id="c03-087c-01-00" tag="INO" text="of">
        <cmp x="282" y="942" width="69" height="92" />
      </word>
      <word id="c03-087c-01-01" tag="PP$" text="its">
        <cmp x="398" y="967" width="39" height="43" />
        <cmp x="437" y="946" width="5" height="8" />
        <cmp x="446" y="947" width="44" height="55" />
      </word>
      <word id="c03-087c-01-02" tag="NN" text="subject">
        <cmp x="561" y="963" width="103" height="49" />
        <cmp x="664" y="952" width="44" height="51" />
        <cmp x="685" y="962" width="76" height="101" />
        <cmp x="737" y="942" width="8" height="7" />
        <cmp x="765" y="943" width="61" height="59" />
      </word>
      <word id="c03-087c-01-03" tag="IN" text="by">
        <cmp x="906" y="941" width="41" height="65" />
        <cmp x="940" y="961" width="52" height="119" />
      </word>
      <word id="c03-087c-01-04" tag="VBG" text="attempting">
        <cmp x="1083" y="945" width="150" height="67" />
        <cmp x="1231" y="960" width="55" height="38" />
        <cmp x="1272" y="961" width="59" height="86" />
        <cmp x="1338" y="951" width="41" height="45" />
        <cmp x="1375" y="944" width="4" height="3" />
        <cmp x="1384" y="957" width="46" height="43" />
        <cmp x="1422" y="955" width="52" height="114" />
      </word>
      <word id="c03-087c-01-05" tag="TO" text="to">
        <cmp x="1555" y="927" width="58" height="77" />
      </word>
      <word id="c03-087c-01-06" tag="VB" text="generate">
        <cmp x="1685" y="955" width="184" height="104" />
        <cmp x="1870" y="956" width="114" height="59" />
        <cmp x="1927" y="934" width="3" height="4" />
      </word>
      <word id="c03-087c-01-07" tag="AT" text="a">
        <cmp x="2057" y="959" width="54" height="48" />
      </word>
      <word id="c03-087c-01-08" tag="JJ-" text="melo-">
        <cmp x="2183" y="965" width="73" height="39" />
        <cmp x="2256" y="944" width="71" height="66" />
        <cmp x="2316" y="968" width="38" height="44" />
        <cmp x="2366" y="987" width="48" height="8" />
      </word>
      <upper-contour>
        <point x="285" y="897" />
        <point x="2414" y="897" />
      </upper-contour>
      <lower-contour>
        <point x="280" y="1079" />
        <point x="2414" y="1079" />
      </lower-contour>
    </line>
    <line ass="-475" asx="0" asy="1103" character-width="999" dss="-475" dsx="0" dsy="1243" fd0="13950" fd1="2367" fd2="-2006" filter-width="3" id="c03-087c-02" lbs="-508" lbx="0" lby="1173" segmentation="ok" slant="70000" stroke-width="5242" threshold="185" text="dramatic inevitability which left its central character" ubs="-408" ubx="0" uby="1132">
      <word id="c03-087c-02-00" tag="-JJ" text="dramatic">
        <cmp x="278" y="1118" width="84" height="75" />
        <cmp x="365" y="1136" width="111" height="49" />
        <cmp x="480" y="1128" width="94" height="55" />
        <cmp x="572" y="1117" width="5" height="5" />
        <cmp x="585" y="1136" width="34" height="45" />
      </word>
      <word id="c03-087c-02-01" tag="NN" text="inevitability">
        <cmp x="687" y="1149" width="52" height="47" />
        <cmp x="736" y="1127" width="4" height="8" />
        <cmp x="743" y="1144" width="40" height="39" />
        <cmp x="784" y="1138" width="41" height="50" />
        <cmp x="830" y="1146" width="51" height="39" />
        <cmp x="876" y="1127" width="6" height="7" />
        <cmp x="895" y="1117" width="23" height="60" />
        <cmp x="919" y="1133" width="39" height="46" />
        <cmp x="964" y="1123" width="44" height="58" />
        <cmp x="998" y="1145" width="36" height="44" />
        <cmp x="1034" y="1120" width="6" height="10" />
        <cmp x="1038" y="1122" width="54" height="64" />
        <cmp x="1092" y="1118" width="5" height="6" />
        <cmp x="1109" y="1117" width="64" height="136" />
      </word>
      <word id="c03-087c-02-02" tag="WDT" text="which">
        <cmp x="1264" y="1117" width="113" height="80" />
        <cmp x="1357" y="1150" width="48" height="37" />
        <cmp x="1395" y="1128" width="5" height="4" />
        <cmp x="1406" y="1117" width="83" height="73" />
      </word>
      <word id="c03-087c-02-03" tag="VBD" text="left">
        <cmp x="1573" y="1122" width="124" height="100" />
      </word>
      <word id="c03-087c-02-04" tag="PP$" text="its">
        <cmp x="1767" y="1137" width="47" height="55" />
        <cmp x="1804" y="1122" width="3" height="6" />
        <cmp x="1816" y="1127" width="43" height="54" />
      </word>
      <word id="c03-087c-02-05" tag="JJ" text="central">
        <cmp x="1937" y="1143" width="99" height="46" />
        <cmp x="2040" y="1138" width="42" height="48" />
        <cmp x="2084" y="1129" width="74" height="65" />
      </word>
      <word id="c03-087c-02-06" tag="NN" text="character">
        <cmp x="2200" y="1120" width="82" height="82" />
        <cmp x="2285" y="1153" width="63" height="44" />
        <cmp x="2340" y="1155" width="33" height="38" />
        <cmp x="2374" y="1141" width="99" height="63" />
      </word>
      <upper-contour>
        <point x="280" y="1079" />
        <point x="2414" y="1079" />
      </upper-contour>
      <lower-contour>
        <point x="287" y="1253" />
        <point x="2405" y="1253" />
      </lower-contour>
    </line>
    <line ass="-285" asx="0" asy="1290" character-width="999" dss="-285" dsx="0" dsy="1396" fd0="14147" fd1="2351" fd2="-1742" filter-width="3" id="c03-087c-03" lbs="-247" lbx="0" lby="1362" segmentation="ok" slant="68999" stroke-width="5341" threshold="184" text="and the world around him in complete, unredee-" ubs="-362" ubx="0" uby="1316">
      <word id="c03-087c-03-00" tag="CC" text="and">
        <cmp x="289" y="1319" width="88" height="51" />
        <cmp x="379" y="1304" width="56" height="67" />
      </word>
      <word id="c03-087c-03-01" tag="ATI" text="the">
        <cmp x="511" y="1295" width="108" height="67" />
      </word>
      <word id="c03-087c-03-02" tag="NN" text="world">
        <cmp x="691" y="1319" width="80" height="60" />
        <cmp x="771" y="1300" width="96" height="62" />
        <cmp x="860" y="1300" width="52" height="66" />
      </word>
      <word id="c03-087c-03-03" tag="IN" text="around">
        <cmp x="983" y="1316" width="78" height="56" />
        <cmp x="1059" y="1323" width="131" height="48" />
        <cmp x="1189" y="1309" width="52" height="64" />
      </word>
      <word id="c03-087c-03-04" tag="PP3O" text="him">
        <cmp x="1306" y="1296" width="87" height="81" />
        <cmp x="1389" y="1311" width="5" height="11" />
        <cmp x="1399" y="1322" width="17" height="39" />
        <cmp x="1418" y="1326" width="44" height="36" />
      </word>
      <word id="c03-087c-03-05" tag="IN" text="in">
        <cmp x="1519" y="1324" width="43" height="44" />
        <cmp x="1554" y="1312" width="4" height="5" />
        <cmp x="1560" y="1322" width="50" height="48" />
      </word>
      <word id="c03-087c-03-06" tag="JJ" text="complete">
        <cmp x="1667" y="1319" width="129" height="56" />
        <cmp x="1785" y="1326" width="62" height="80" />
        <cmp x="1854" y="1304" width="129" height="65" />
      </word>
      <word id="c03-087c-03-07" tag="," text=",">
        <cmp x="2005" y="1355" width="15" height="39" />
      </word>
      <word id="c03-087c-03-08" tag="JJ-" text="unredee-">
        <cmp x="2064" y="1316" width="109" height="61" />
        <cmp x="2175" y="1322" width="57" height="49" />
        <cmp x="2233" y="1315" width="105" height="63" />
        <cmp x="2373" y="1351" width="31" height="9" />
      </word>
      <upper-contour>
        <point x="287" y="1253" />
        <point x="2405" y="1253" />
      </upper-contour>
      <lower-contour>
        <point x="287" y="1409" />
        <point x="2405" y="1409" />
      </lower-contour>
    </line>
    <line ass="-80" asx="0" asy="1473" character-width="999" dss="-80" dsx="0" dsy="1591" fd0="13829" fd1="2260" fd2="-1929" filter-width="3" id="c03-087c-04" lbs="-78" lbx="0" lby="1547" segmentation="ok" slant="70000" stroke-width="5211" threshold="184" text="mable desolation. We could, perhaps, say whether" ubs="-84" ubx="0" uby="1500">
      <word id="c03-087c-04-00" tag="-JJ" text="mable">
        <cmp x="275" y="1504" width="67" height="45" />
        <cmp x="345" y="1503" width="38" height="40" />
        <cmp x="384" y="1491" width="39" height="55" />
        <cmp x="421" y="1488" width="73" height="61" />
      </word>
      <word id="c03-087c-04-01" tag="NN" text="desolation">
        <cmp x="592" y="1480" width="113" height="72" />
        <cmp x="714" y="1483" width="72" height="63" />
        <cmp x="786" y="1484" width="88" height="62" />
        <cmp x="868" y="1483" width="4" height="6" />
        <cmp x="873" y="1496" width="43" height="55" />
        <cmp x="923" y="1497" width="40" height="53" />
      </word>
      <word id="c03-087c-04-02" tag="." text=".">
        <cmp x="1015" y="1534" width="5" height="5" />
      </word>
      <word id="c03-087c-04-03" sentence-start="yes" tag="PP1AS" text="We">
        <cmp x="1097" y="1478" width="89" height="78" />
        <cmp x="1191" y="1494" width="29" height="52" />
      </word>
      <word id="c03-087c-04-04" tag="MD" text="could">
        <cmp x="1321" y="1500" width="32" height="49" />
        <cmp x="1358" y="1485" width="120" height="61" />
        <cmp x="1472" y="1476" width="60" height="75" />
      </word>
      <word id="c03-087c-04-05" tag="," text=",">
        <cmp x="1566" y="1533" width="15" height="43" />
      </word>
      <word id="c03-087c-04-06" tag="RB" text="perhaps">
        <cmp x="1617" y="1501" width="52" height="85" />
        <cmp x="1674" y="1476" width="102" height="68" />
        <cmp x="1781" y="1495" width="92" height="90" />
        <cmp x="1862" y="1506" width="44" height="45" />
      </word>
      <word id="c03-087c-04-07" tag="," text=",">
        <cmp x="1924" y="1535" width="23" height="40" />
      </word>
      <word id="c03-087c-04-08" tag="VB" text="say">
        <cmp x="1996" y="1497" width="120" height="97" />
      </word>
      <word id="c03-087c-04-09" tag="CS" text="whether">
        <cmp x="2168" y="1502" width="73" height="52" />
        <cmp x="2250" y="1486" width="42" height="62" />
        <cmp x="2292" y="1507" width="31" height="43" />
        <cmp x="2328" y="1487" width="23" height="57" />
        <cmp x="2343" y="1485" width="99" height="62" />
      </word>
      <upper-contour>
        <point x="287" y="1409" />
        <point x="2405" y="1409" />
      </upper-contour>
      <lower-contour>
        <point x="276" y="1599" />
        <point x="2303" y="1599" />
      </lower-contour>
    </line>
    <line ass="-102" asx="0" asy="1645" character-width="999" dss="-102" dsx="0" dsy="1763" fd0="13932" fd1="2335" fd2="-1273" filter-width="3" id="c03-087c-05" lbs="-111" lbx="0" lby="1723" segmentation="ok" slant="68999" stroke-width="5261" threshold="183" text="or not the attempt succeeded if we had a" ubs="-84" ubx="0" uby="1679">
      <word id="c03-087c-05-00" tag="CC" text="or">
        <cmp x="278" y="1678" width="34" height="52" />
        <cmp x="322" y="1678" width="33" height="44" />
      </word>
      <word id="c03-087c-05-01" tag="XNOT" text="not">
        <cmp x="428" y="1684" width="44" height="48" />
        <cmp x="478" y="1665" width="71" height="68" />
      </word>
      <word id="c03-087c-05-02" tag="ATI" text="the">
        <cmp x="632" y="1650" width="102" height="78" />
      </word>
      <word id="c03-087c-05-03" tag="NN" text="attempt">
        <cmp x="833" y="1663" width="154" height="62" />
        <cmp x="990" y="1679" width="45" height="50" />
        <cmp x="1028" y="1686" width="58" height="79" />
        <cmp x="1093" y="1659" width="35" height="64" />
      </word>
      <word id="c03-087c-05-04" tag="VBD" text="succeeded">
        <cmp x="1223" y="1681" width="103" height="44" />
        <cmp x="1335" y="1685" width="146" height="48" />
        <cmp x="1489" y="1673" width="131" height="63" />
      </word>
      <word id="c03-087c-05-05" tag="CS" text="if">
        <cmp x="1712" y="1684" width="34" height="48" />
        <cmp x="1741" y="1670" width="4" height="6" />
        <cmp x="1748" y="1650" width="44" height="117" />
      </word>
      <word id="c03-087c-05-06" tag="PP1AS" text="we">
        <cmp x="1841" y="1676" width="110" height="67" />
      </word>
      <word id="c03-087c-05-07" tag="HVD" text="had">
        <cmp x="2000" y="1656" width="83" height="75" />
        <cmp x="2076" y="1678" width="44" height="48" />
        <cmp x="2120" y="1666" width="56" height="61" />
      </word>
      <word id="c03-087c-05-08" tag="AP21" text="a">
        <cmp x="2243" y="1679" width="60" height="49" />
      </word>
      <upper-contour>
        <point x="276" y="1599" />
        <point x="2303" y="1599" />
      </upper-contour>
      <lower-contour>
        <point x="276" y="1770" />
        <point x="2303" y="1770" />
      </lower-contour>
    </line>
    <line ass="95" asx="0" asy="1819" character-width="999" dss="95" dsx="0" dsy="1989" fd0="14034" fd1="2379" fd2="-1140" filter-width="3" id="c03-087c-06" lbs="72" lbx="0" lby="1899" segmentation="ok" slant="68999" stroke-width="5204" threshold="187" text="little more faith in the way in which Mr." ubs="142" ubx="0" uby="1862">
      <word id="c03-087c-06-00" tag="AP22" text="little">
        <cmp x="210" y="1837" width="77" height="92" />
        <cmp x="287" y="1851" width="4" height="4" />
        <cmp x="299" y="1839" width="108" height="61" />
      </word>
      <word id="c03-087c-06-01" tag="AP" text="more">
        <cmp x="519" y="1859" width="71" height="44" />
        <cmp x="598" y="1858" width="92" height="51" />
      </word>
      <word id="c03-087c-06-02" tag="NN" text="faith">
        <cmp x="810" y="1818" width="63" height="132" />
        <cmp x="858" y="1852" width="66" height="54" />
        <cmp x="922" y="1845" width="4" height="6" />
        <cmp x="932" y="1830" width="77" height="70" />
      </word>
      <word id="c03-087c-06-03" tag="IN" text="in">
        <cmp x="1064" y="1859" width="36" height="48" />
        <cmp x="1099" y="1844" width="4" height="5" />
        <cmp x="1110" y="1860" width="58" height="45" />
      </word>
      <word id="c03-087c-06-04" tag="ATI" text="the">
        <cmp x="1252" y="1831" width="114" height="79" />
      </word>
      <word id="c03-087c-06-05" tag="NN" text="way">
        <cmp x="1441" y="1861" width="78" height="60" />
        <cmp x="1515" y="1857" width="94" height="131" />
      </word>
      <word id="c03-087c-06-06" tag="IN" text="in">
        <cmp x="1673" y="1861" width="39" height="53" />
        <cmp x="1708" y="1847" width="4" height="7" />
        <cmp x="1722" y="1859" width="40" height="48" />
      </word>
      <word id="c03-087c-06-07" tag="WDT" text="which">
        <cmp x="1832" y="1826" width="155" height="82" />
        <cmp x="1983" y="1836" width="6" height="6" />
        <cmp x="1996" y="1829" width="89" height="73" />
      </word>
      <word id="c03-087c-06-08" tag="NPT" text="Mr.">
        <cmp x="2188" y="1840" width="70" height="60" />
        <cmp x="2248" y="1846" width="51" height="50" />
        <cmp x="2308" y="1900" width="5" height="3" />
      </word>
      <upper-contour>
        <point x="276" y="1770" />
        <point x="2303" y="1770" />
      </upper-contour>
      <lower-contour>
        <point x="247" y="1990" />
        <point x="2113" y="1990" />
      </lower-contour>
    </line>
    <line ass="-51" asx="0" asy="1998" character-width="999" dss="-51" dsx="0" dsy="2118" fd0="13817" fd1="2365" fd2="-1899" filter-width="3" id="c03-087c-07" lbs="-15" lbx="0" lby="2078" segmentation="err" slant="70000" stroke-width="5277" threshold="185" text="Ferris manipulated his characters." ubs="-123" ubx="0" uby="2038">
      <word id="c03-087c-07-00" tag="NP" text="Ferris">
        <cmp x="249" y="1999" width="61" height="10" />
        <cmp x="249" y="2013" width="46" height="65" />
        <cmp x="289" y="2024" width="125" height="56" />
        <cmp x="407" y="2024" width="44" height="50" />
        <cmp x="408" y="2008" width="5" height="8" />
      </word>
      <word id="c03-087c-07-01" tag="VBD" text="manipulated">
        <cmp x="565" y="2034" width="285" height="54" />
        <cmp x="892" y="2034" width="80" height="57" />
        <cmp x="976" y="2037" width="64" height="55" />
        <cmp x="1041" y="2047" width="54" height="42" />
        <cmp x="1094" y="2029" width="5" height="8" />
        <cmp x="1107" y="2047" width="54" height="73" />
        <cmp x="1164" y="2014" width="113" height="74" />
        <cmp x="1265" y="2034" width="53" height="50" />
        <cmp x="1334" y="2017" width="106" height="82" />
      </word>
      <word id="c03-087c-07-02" tag="PP$" text="his">
        <cmp x="1522" y="2002" width="112" height="87" />
        <cmp x="1631" y="2020" width="6" height="9" />
        <cmp x="1634" y="2036" width="36" height="46" />
      </word>
      <word id="c03-087c-07-03" tag="NNS" text="characters">
        <cmp x="1739" y="2005" width="95" height="83" />
        <cmp x="1836" y="2033" width="67" height="52" />
        <cmp x="1900" y="2036" width="48" height="44" />
        <cmp x="1951" y="2027" width="135" height="56" />
        <cmp x="1981" y="2042" width="3" height="6" />
        <cmp x="2005" y="2023" width="4" height="4" />
      </word>
      <word id="c03-087c-07-04" tag="." text=".">
        <cmp x="2106" y="2072" width="7" height="7" />
      </word>
      <upper-contour>
        <point x="247" y="1990" />
        <point x="2113" y="1990" />
      </upper-contour>
    </line>
  </handwritten-part>
</form>

