<?xml version="1.0" encoding="ISO-8859-1"?>

<!DOCTYPE form SYSTEM 'http://www.iam.unibe.ch/~fki/iamdb/form-metadata.dtd'>

<form created="2002-01-16" height="3542" id="c03-003d" last-modified="2002-07-17" skew="256" status="final" version="3.0_beta" width="2479" writer-id="153">
  <machine-printed-part>
    <machine-print-line text="This is not a filmed play. It has been conceived throughout in terms of the cinema, and" />
    <machine-print-line text="again and again it is the visual qualities of the story, and the marriage of the central" />
    <machine-print-line text="characters to their background, which bring the film so vividly to life. In Fanny, which" />
    <machine-print-line text="also has its premiere tomorrow, the director, Mr. Joshua Logan, attempted but failed" />
    <machine-print-line text="to create the atmosphere of a city." />
  </machine-printed-part>
  <handwritten-part>
    <line ass="-272" asx="0" asy="770" character-width="999" dss="-272" dsx="0" dsy="872" fd0="14282" fd1="2878" fd2="-1031" filter-width="4" id="c03-003d-00" lbs="-344" lbx="0" lby="824" segmentation="ok" slant="57000" stroke-width="6042" threshold="164" text="This is not a filmed play. It has been conceived" ubs="-128" ubx="0" uby="793">
      <word id="c03-003d-00-00" sentence-start="yes" tag="DT" text="This">
        <cmp x="350" y="783" width="39" height="55" />
        <cmp x="366" y="775" width="45" height="11" />
        <cmp x="388" y="775" width="97" height="55" />
        <cmp x="464" y="782" width="7" height="7" />
      </word>
      <word id="c03-003d-00-01" tag="BEZ" text="is">
        <cmp x="517" y="794" width="65" height="36" />
        <cmp x="558" y="776" width="8" height="8" />
      </word>
      <word id="c03-003d-00-02" tag="XNOT" text="not">
        <cmp x="623" y="779" width="120" height="60" />
      </word>
      <word id="c03-003d-00-03" tag="AT" text="a">
        <cmp x="785" y="802" width="37" height="35" />
      </word>
      <word id="c03-003d-00-04" tag="JJ" text="filmed">
        <cmp x="867" y="775" width="216" height="90" />
        <cmp x="928" y="783" width="4" height="4" />
      </word>
      <word id="c03-003d-00-05" tag="NN" text="play">
        <cmp x="1097" y="777" width="203" height="102" />
      </word>
      <word id="c03-003d-00-06" tag="." text=".">
        <cmp x="1317" y="839" width="6" height="8" />
      </word>
      <word id="c03-003d-00-07" sentence-start="yes" tag="PP3" text="It">
        <cmp x="1383" y="779" width="64" height="63" />
      </word>
      <word id="c03-003d-00-08" tag="HVZ" text="has">
        <cmp x="1475" y="784" width="137" height="53" />
      </word>
      <word id="c03-003d-00-09" tag="BEN" text="been">
        <cmp x="1638" y="786" width="166" height="52" />
      </word>
      <word id="c03-003d-00-10" tag="VBN" text="conceived">
        <cmp x="1860" y="781" width="318" height="57" />
        <cmp x="2062" y="780" width="6" height="9" />
      </word>
      <lower-contour>
        <point x="348" y="879" />
        <point x="2140" y="879" />
      </lower-contour>
    </line>
    <line ass="119" asx="0" asy="952" character-width="999" dss="119" dsx="0" dsy="1066" fd0="14431" fd1="3067" fd2="-1116" filter-width="4" id="c03-003d-01" lbs="167" lbx="0" lby="1019" segmentation="ok" slant="61000" stroke-width="6175" threshold="164" text="throughout in terms of the cinema, and again" ubs="23" ubx="0" uby="979">
      <word id="c03-003d-01-00" tag="RI" text="throughout">
        <cmp x="335" y="954" width="242" height="93" />
        <cmp x="568" y="951" width="166" height="66" />
      </word>
      <word id="c03-003d-01-01" tag="IN" text="in">
        <cmp x="778" y="973" width="81" height="42" />
        <cmp x="819" y="956" width="12" height="7" />
      </word>
      <word id="c03-003d-01-02" tag="NNS" text="terms">
        <cmp x="914" y="961" width="196" height="65" />
      </word>
      <word id="c03-003d-01-03" tag="INO" text="of">
        <cmp x="1169" y="957" width="73" height="77" />
      </word>
      <word id="c03-003d-01-04" tag="ATI" text="the">
        <cmp x="1271" y="963" width="101" height="63" />
      </word>
      <word id="c03-003d-01-05" tag="NN" text="cinema">
        <cmp x="1420" y="982" width="237" height="37" />
        <cmp x="1498" y="964" width="6" height="8" />
      </word>
      <word id="c03-003d-01-06" tag="," text=",">
        <cmp x="1675" y="1019" width="31" height="32" />
      </word>
      <word id="c03-003d-01-07" tag="CC" text="and">
        <cmp x="1742" y="962" width="156" height="57" />
      </word>
      <word id="c03-003d-01-08" tag="RB" text="again">
        <cmp x="1936" y="974" width="203" height="89" />
        <cmp x="2102" y="961" width="7" height="7" />
      </word>
      <upper-contour>
        <point x="348" y="879" />
        <point x="2140" y="879" />
      </upper-contour>
      <lower-contour>
        <point x="334" y="1066" />
        <point x="2003" y="1066" />
      </lower-contour>
    </line>
    <line ass="-267" asx="0" asy="1130" character-width="999" dss="-267" dsx="0" dsy="1238" fd0="14470" fd1="2994" fd2="-1012" filter-width="4" id="c03-003d-02" lbs="-328" lbx="0" lby="1184" segmentation="ok" slant="57000" stroke-width="6030" threshold="164" text="and again it is the visual qualities of the" ubs="-143" ubx="0" uby="1154">
      <word id="c03-003d-02-00" tag="CC" text="and">
        <cmp x="336" y="1138" width="127" height="62" />
      </word>
      <word id="c03-003d-02-01" tag="RB" text="again">
        <cmp x="496" y="1151" width="199" height="92" />
        <cmp x="659" y="1139" width="5" height="7" />
      </word>
      <word id="c03-003d-02-02" tag="PP3" text="it">
        <cmp x="745" y="1139" width="75" height="56" />
        <cmp x="790" y="1141" width="7" height="9" />
      </word>
      <word id="c03-003d-02-03" tag="BEZ" text="is">
        <cmp x="861" y="1159" width="58" height="35" />
        <cmp x="898" y="1141" width="6" height="10" />
      </word>
      <word id="c03-003d-02-04" tag="ATI" text="the">
        <cmp x="965" y="1144" width="108" height="60" />
      </word>
      <word id="c03-003d-02-05" tag="JJ" text="visual">
        <cmp x="1120" y="1139" width="250" height="56" />
        <cmp x="1195" y="1141" width="7" height="6" />
      </word>
      <word id="c03-003d-02-06" tag="NNS" text="qualities">
        <cmp x="1403" y="1167" width="57" height="76" />
        <cmp x="1459" y="1144" width="210" height="56" />
        <cmp x="1611" y="1140" width="6" height="7" />
        <cmp x="1650" y="1161" width="82" height="36" />
        <cmp x="1665" y="1148" width="6" height="7" />
      </word>
      <word id="c03-003d-02-07" tag="INO" text="of">
        <cmp x="1770" y="1146" width="78" height="78" />
      </word>
      <word id="c03-003d-02-08" tag="ATI" text="the">
        <cmp x="1882" y="1138" width="120" height="68" />
      </word>
      <upper-contour>
        <point x="334" y="1066" />
        <point x="2003" y="1066" />
      </upper-contour>
      <lower-contour>
        <point x="353" y="1243" />
        <point x="2003" y="1243" />
      </lower-contour>
    </line>
    <line ass="414" asx="0" asy="1309" character-width="999" dss="414" dsx="0" dsy="1430" fd0="13787" fd1="2754" fd2="-1253" filter-width="4" id="c03-003d-03" lbs="440" lbx="0" lby="1380" segmentation="ok" slant="61000" stroke-width="6008" threshold="163" text="story, and the marriage of the central charac-" ubs="361" ubx="0" uby="1347">
      <word id="c03-003d-03-00" tag="NN" text="story">
        <cmp x="355" y="1307" width="180" height="108" />
      </word>
      <word id="c03-003d-03-01" tag="," text=",">
        <cmp x="539" y="1372" width="21" height="24" />
      </word>
      <word id="c03-003d-03-02" tag="CC" text="and">
        <cmp x="601" y="1308" width="145" height="61" />
      </word>
      <word id="c03-003d-03-03" tag="ATI" text="the">
        <cmp x="779" y="1311" width="115" height="67" />
      </word>
      <word id="c03-003d-03-04" tag="NN" text="marriage">
        <cmp x="944" y="1331" width="329" height="91" />
      </word>
      <word id="c03-003d-03-05" tag="INO" text="of">
        <cmp x="1151" y="1310" width="11" height="6" />
      </word>
      <word id="c03-003d-03-06" tag="ATI" text="the">
        <cmp x="1348" y="1318" width="79" height="75" />
      </word>
      <word id="c03-003d-03-07" tag="JJ" text="central">
        <cmp x="1458" y="1318" width="112" height="61" />
      </word>
      <word id="c03-003d-03-08" tag="NNS-" text="charac-">
        <cmp x="1632" y="1315" width="246" height="59" />
        <cmp x="1940" y="1314" width="241" height="59" />
      </word>
      <upper-contour>
        <point x="353" y="1243" />
        <point x="2003" y="1243" />
      </upper-contour>
      <lower-contour>
        <point x="353" y="1422" />
        <point x="1996" y="1422" />
      </lower-contour>
    </line>
    <line ass="101" asx="0" asy="1490" character-width="999" dss="101" dsx="0" dsy="1604" fd0="14153" fd1="2856" fd2="-1173" filter-width="4" id="c03-003d-04" lbs="25" lbx="0" lby="1551" segmentation="ok" slant="62000" stroke-width="6078" threshold="159" text="ters to their background, which bring the" ubs="253" ubx="0" uby="1518">
      <word id="c03-003d-04-00" tag="-NNS" text="ters">
        <cmp x="345" y="1497" width="120" height="68" />
      </word>
      <word id="c03-003d-04-01" tag="IN" text="to">
        <cmp x="526" y="1491" width="85" height="61" />
      </word>
      <word id="c03-003d-04-02" tag="PP$" text="their">
        <cmp x="659" y="1491" width="156" height="63" />
        <cmp x="788" y="1493" width="6" height="7" />
      </word>
      <word id="c03-003d-04-03" tag="NN" text="background">
        <cmp x="872" y="1496" width="418" height="107" />
      </word>
      <word id="c03-003d-04-04" tag="," text=",">
        <cmp x="1274" y="1548" width="25" height="29" />
      </word>
      <word id="c03-003d-04-05" tag="WDT" text="which">
        <cmp x="1342" y="1495" width="221" height="59" />
        <cmp x="1486" y="1499" width="5" height="7" />
      </word>
      <word id="c03-003d-04-06" tag="VB" text="bring">
        <cmp x="1611" y="1504" width="212" height="97" />
        <cmp x="1747" y="1488" width="8" height="6" />
      </word>
      <word id="c03-003d-04-07" tag="ATI" text="the">
        <cmp x="1885" y="1494" width="110" height="56" />
      </word>
      <upper-contour>
        <point x="353" y="1422" />
        <point x="1996" y="1422" />
      </upper-contour>
      <lower-contour>
        <point x="343" y="1604" />
        <point x="1996" y="1604" />
      </lower-contour>
    </line>
    <line ass="-53" asx="0" asy="1667" character-width="999" dss="-53" dsx="0" dsy="1771" fd0="14364" fd1="2357" fd2="-1100" filter-width="4" id="c03-003d-05" lbs="-156" lbx="0" lby="1729" segmentation="ok" slant="63000" stroke-width="5989" threshold="161" text="film so vividly to life. In Fanny, which" ubs="152" ubx="0" uby="1700">
      <word id="c03-003d-05-00" tag="NN" text="film">
        <cmp x="342" y="1673" width="162" height="100" />
        <cmp x="404" y="1669" width="10" height="7" />
      </word>
      <word id="c03-003d-05-01" tag="QL" text="so">
        <cmp x="573" y="1694" width="100" height="45" />
      </word>
      <word id="c03-003d-05-02" tag="RB" text="vividly">
        <cmp x="713" y="1668" width="305" height="98" />
        <cmp x="788" y="1680" width="7" height="8" />
        <cmp x="876" y="1673" width="6" height="11" />
      </word>
      <word id="c03-003d-05-03" tag="IN" text="to">
        <cmp x="1067" y="1679" width="96" height="64" />
      </word>
      <word id="c03-003d-05-04" tag="NN" text="life">
        <cmp x="1212" y="1674" width="114" height="83" />
        <cmp x="1268" y="1673" width="8" height="8" />
      </word>
      <word id="c03-003d-05-05" tag="." text=".">
        <cmp x="1361" y="1728" width="6" height="8" />
      </word>
      <word id="c03-003d-05-06" sentence-start="yes" tag="IN" text="In">
        <cmp x="1424" y="1683" width="77" height="57" />
      </word>
      <word id="c03-003d-05-07" tag="NP" text="Fanny">
        <cmp x="1570" y="1677" width="57" height="57" />
        <cmp x="1595" y="1693" width="181" height="79" />
      </word>
      <word id="c03-003d-05-08" tag="," text=",">
        <cmp x="1792" y="1739" width="15" height="17" />
      </word>
      <word id="c03-003d-05-09" tag="WDT" text="which">
        <cmp x="1849" y="1676" width="229" height="54" />
        <cmp x="2002" y="1673" width="6" height="9" />
      </word>
      <upper-contour>
        <point x="343" y="1604" />
        <point x="1996" y="1604" />
      </upper-contour>
      <lower-contour>
        <point x="340" y="1774" />
        <point x="2079" y="1774" />
      </lower-contour>
    </line>
    <line ass="29" asx="0" asy="1846" character-width="999" dss="29" dsx="0" dsy="1953" fd0="14102" fd1="2892" fd2="-875" filter-width="4" id="c03-003d-06" lbs="-37" lbx="0" lby="1911" segmentation="ok" slant="58000" stroke-width="6353" threshold="163" text="also has its premiere tomorrow, the director," ubs="162" ubx="0" uby="1878">
      <word id="c03-003d-06-00" tag="RB" text="also">
        <cmp x="342" y="1846" width="165" height="68" />
      </word>
      <word id="c03-003d-06-01" tag="HVZ" text="has">
        <cmp x="554" y="1847" width="137" height="70" />
      </word>
      <word id="c03-003d-06-02" tag="PP$" text="its">
        <cmp x="738" y="1850" width="96" height="64" />
        <cmp x="778" y="1850" width="11" height="6" />
      </word>
      <word id="c03-003d-06-03" tag="NN" text="premiere">
        <cmp x="856" y="1874" width="322" height="80" />
        <cmp x="1080" y="1854" width="8" height="8" />
      </word>
      <word id="c03-003d-06-04" tag="NR" text="tomorrow">
        <cmp x="1237" y="1857" width="363" height="63" />
      </word>
      <word id="c03-003d-06-05" tag="," text=",">
        <cmp x="1594" y="1907" width="24" height="25" />
      </word>
      <word id="c03-003d-06-06" tag="ATI" text="the">
        <cmp x="1657" y="1858" width="109" height="55" />
      </word>
      <word id="c03-003d-06-07" tag="NN" text="director">
        <cmp x="1827" y="1862" width="185" height="50" />
        <cmp x="1899" y="1861" width="8" height="8" />
        <cmp x="2007" y="1858" width="107" height="53" />
      </word>
      <word id="c03-003d-06-08" tag="," text=",">
        <cmp x="2101" y="1905" width="31" height="32" />
      </word>
      <upper-contour>
        <point x="340" y="1774" />
        <point x="2079" y="1774" />
      </upper-contour>
      <lower-contour>
        <point x="344" y="1953" />
        <point x="2133" y="1953" />
      </lower-contour>
    </line>
    <line ass="52" asx="0" asy="2028" character-width="999" dss="52" dsx="0" dsy="2146" fd0="14104" fd1="2887" fd2="-794" filter-width="4" id="c03-003d-07" lbs="28" lbx="0" lby="2091" segmentation="err" slant="59000" stroke-width="5960" threshold="164" text="Mr. Joshua Logan, attempted but failed to" ubs="98" ubx="0" uby="2061">
      <word id="c03-003d-07-00" tag="NPT" text="Mr.">
        <cmp x="346" y="2032" width="88" height="58" />
        <cmp x="434" y="2084" width="8" height="7" />
      </word>
      <word id="c03-003d-07-01" tag="NP" text="Joshua">
        <cmp x="464" y="2039" width="62" height="108" />
        <cmp x="518" y="2035" width="199" height="60" />
      </word>
      <word id="c03-003d-07-02" tag="NP" text="Logan">
        <cmp x="776" y="2046" width="209" height="98" />
      </word>
      <word id="c03-003d-07-03" tag="," text=",">
        <cmp x="983" y="2094" width="30" height="27" />
      </word>
      <word id="c03-003d-07-04" tag="VBD" text="attempted">
        <cmp x="1057" y="2028" width="109" height="63" />
        <cmp x="1165" y="2055" width="68" height="35" />
        <cmp x="1192" y="2034" width="206" height="112" />
      </word>
      <word id="c03-003d-07-05" tag="CC" text="but">
        <cmp x="1430" y="2033" width="139" height="58" />
      </word>
      <word id="c03-003d-07-06" tag="VBD" text="failed">
        <cmp x="1619" y="2035" width="232" height="93" />
        <cmp x="1723" y="2035" width="7" height="7" />
        <cmp x="1901" y="2035" width="87" height="55" />
      </word>
      <word id="c03-003d-07-07" tag="TO" text="to">
        <cmp x="2325" y="2054" width="9" height="8" />
      </word>
      <upper-contour>
        <point x="344" y="1953" />
        <point x="2133" y="1953" />
      </upper-contour>
      <lower-contour>
        <point x="353" y="2146" />
        <point x="1581" y="2146" />
      </lower-contour>
    </line>
    <line ass="-128" asx="0" asy="2210" character-width="999" dss="-128" dsx="0" dsy="2313" fd0="14164" fd1="2952" fd2="-857" filter-width="4" id="c03-003d-08" lbs="235" lbx="0" lby="2273" segmentation="ok" slant="61000" stroke-width="6000" threshold="159" text="create the atmosphere of a city." ubs="-855" ubx="0" uby="2223">
      <word id="c03-003d-08-00" tag="VB" text="create">
        <cmp x="355" y="2218" width="186" height="61" />
      </word>
      <word id="c03-003d-08-01" tag="ATI" text="the">
        <cmp x="591" y="2221" width="124" height="52" />
      </word>
      <word id="c03-003d-08-02" tag="NN" text="atmosphere">
        <cmp x="752" y="2216" width="198" height="61" />
        <cmp x="919" y="2213" width="205" height="105" />
      </word>
      <word id="c03-003d-08-03" tag="INO" text="of">
        <cmp x="1203" y="2217" width="82" height="89" />
      </word>
      <word id="c03-003d-08-04" tag="AT" text="a">
        <cmp x="1326" y="2242" width="45" height="28" />
      </word>
      <word id="c03-003d-08-05" tag="NN" text="city">
        <cmp x="1424" y="2221" width="132" height="96" />
        <cmp x="1486" y="2216" width="7" height="7" />
      </word>
      <word id="c03-003d-08-06" tag="." text=".">
        <cmp x="1574" y="2266" width="7" height="6" />
      </word>
      <upper-contour>
        <point x="353" y="2146" />
        <point x="1581" y="2146" />
      </upper-contour>
    </line>
  </handwritten-part>
</form>

