<?xml version="1.0" encoding="ISO-8859-1"?>

<!DOCTYPE form SYSTEM 'http://www.iam.unibe.ch/~fki/iamdb/form-metadata.dtd'>

<form created="2002-01-16" height="3542" id="c04-116" last-modified="2002-07-24" skew="-95" status="final" version="3.0_beta" width="2479" writer-id="168">
  <machine-printed-part>
    <machine-print-line text="He is also a director of a couple of garages. And he finds time as well to be a lyric" />
    <machine-print-line text="writer. He writes with Tolchard Evans, composer of &quot;Lady of Spain&quot; and other big" />
    <machine-print-line text="hits. Tolch, as he is known in Tin Pan Alley, likes songs with a month in the title." />
    <machine-print-line text="He wrote &quot;My September Love,&quot; the big David Whitfield hit of 1956." />
  </machine-printed-part>
  <handwritten-part>
    <line ass="-201" asx="0" asy="781" character-width="999" dss="-201" dsx="0" dsy="849" fd0="13520" fd1="3669" fd2="-684" filter-width="3" id="c04-116-00" lbs="-171" lbx="0" lby="827" segmentation="ok" slant="90000" stroke-width="5177" threshold="169" text="He is also a director of a couple of garages. And he finds time as well to be a lyric" ubs="-262" ubx="0" uby="803">
      <word id="c04-116-00-00" sentence-start="yes" tag="PP3A" text="He">
        <cmp x="346" y="784" width="19" height="41" />
        <cmp x="366" y="801" width="26" height="24" />
      </word>
      <word id="c04-116-00-01" tag="BEZ" text="is">
        <cmp x="418" y="802" width="6" height="21" />
        <cmp x="428" y="804" width="16" height="25" />
      </word>
      <word id="c04-116-00-02" tag="RB" text="also">
        <cmp x="469" y="805" width="26" height="23" />
        <cmp x="497" y="793" width="7" height="31" />
        <cmp x="510" y="802" width="14" height="23" />
        <cmp x="530" y="805" width="20" height="22" />
      </word>
      <word id="c04-116-00-03" tag="AT" text="a">
        <cmp x="574" y="809" width="21" height="19" />
      </word>
      <word id="c04-116-00-04" tag="NN" text="director">
        <cmp x="616" y="796" width="22" height="36" />
        <cmp x="641" y="799" width="4" height="5" />
        <cmp x="643" y="809" width="6" height="21" />
        <cmp x="657" y="808" width="16" height="19" />
        <cmp x="673" y="807" width="46" height="22" />
        <cmp x="718" y="794" width="35" height="37" />
        <cmp x="754" y="810" width="17" height="20" />
      </word>
      <word id="c04-116-00-05" tag="INO" text="of">
        <cmp x="792" y="807" width="37" height="31" />
      </word>
      <word id="c04-116-00-06" tag="AT" text="a">
        <cmp x="847" y="811" width="24" height="18" />
      </word>
      <word id="c04-116-00-07" tag="NN" text="couple">
        <cmp x="890" y="809" width="42" height="20" />
        <cmp x="935" y="810" width="24" height="19" />
        <cmp x="962" y="808" width="24" height="39" />
        <cmp x="991" y="797" width="5" height="33" />
        <cmp x="1002" y="805" width="33" height="26" />
      </word>
      <word id="c04-116-00-08" tag="INO" text="of">
        <cmp x="1057" y="808" width="21" height="21" />
        <cmp x="1078" y="806" width="15" height="34" />
      </word>
      <word id="c04-116-00-09" tag="NNS" text="garages">
        <cmp x="1111" y="811" width="42" height="42" />
        <cmp x="1158" y="811" width="15" height="22" />
        <cmp x="1173" y="812" width="22" height="20" />
        <cmp x="1200" y="811" width="23" height="43" />
        <cmp x="1225" y="806" width="22" height="24" />
        <cmp x="1257" y="806" width="14" height="24" />
      </word>
      <word id="c04-116-00-10" tag="." text=".">
        <cmp x="1284" y="826" width="4" height="3" />
      </word>
      <word id="c04-116-00-11" sentence-start="yes" tag="CC" text="And">
        <cmp x="1323" y="788" width="21" height="44" />
        <cmp x="1344" y="813" width="22" height="21" />
        <cmp x="1370" y="794" width="21" height="42" />
      </word>
      <word id="c04-116-00-12" tag="PP3A" text="he">
        <cmp x="1421" y="791" width="45" height="42" />
      </word>
      <word id="c04-116-00-13" tag="VBZ" text="finds">
        <cmp x="1490" y="807" width="16" height="35" />
        <cmp x="1507" y="803" width="4" height="6" />
        <cmp x="1508" y="813" width="7" height="19" />
        <cmp x="1519" y="813" width="19" height="19" />
        <cmp x="1540" y="791" width="21" height="42" />
        <cmp x="1560" y="810" width="13" height="22" />
      </word>
      <word id="c04-116-00-14" tag="NN" text="time">
        <cmp x="1594" y="793" width="21" height="40" />
        <cmp x="1614" y="803" width="6" height="9" />
        <cmp x="1618" y="813" width="6" height="18" />
        <cmp x="1629" y="810" width="29" height="22" />
        <cmp x="1664" y="809" width="23" height="23" />
      </word>
      <word id="c04-116-00-15" tag="RB21" text="as">
        <cmp x="1702" y="813" width="25" height="19" />
        <cmp x="1730" y="811" width="14" height="26" />
      </word>
      <word id="c04-116-00-16" tag="RB22" text="well">
        <cmp x="1764" y="815" width="32" height="23" />
        <cmp x="1798" y="811" width="24" height="25" />
        <cmp x="1823" y="800" width="7" height="35" />
        <cmp x="1833" y="798" width="6" height="35" />
      </word>
      <word id="c04-116-00-17" tag="TO" text="to">
        <cmp x="1868" y="796" width="38" height="37" />
      </word>
      <word id="c04-116-00-18" tag="BE" text="be">
        <cmp x="1933" y="798" width="51" height="37" />
      </word>
      <word id="c04-116-00-19" tag="AT" text="a">
        <cmp x="1994" y="814" width="26" height="18" />
      </word>
      <word id="c04-116-00-20" tag="JJ" text="lyric">
        <cmp x="2046" y="794" width="9" height="38" />
        <cmp x="2057" y="808" width="21" height="40" />
        <cmp x="2082" y="804" width="14" height="26" />
        <cmp x="2103" y="808" width="5" height="20" />
        <cmp x="2106" y="796" width="3" height="3" />
        <cmp x="2111" y="806" width="27" height="22" />
      </word>
      <lower-contour>
        <point x="344" y="855" />
        <point x="2130" y="855" />
      </lower-contour>
    </line>
    <line ass="-91" asx="0" asy="963" character-width="999" dss="-91" dsx="0" dsy="1032" fd0="13620" fd1="3879" fd2="-816" filter-width="3" id="c04-116-01" lbs="-96" lbx="0" lby="1006" segmentation="ok" slant="90000" stroke-width="5038" threshold="169" text="writer. He writes with Tolchard Evans, composer of &quot;Lady of Spain&quot; and other big hits." ubs="-79" ubx="0" uby="984">
      <word id="c04-116-01-00" tag="NN" text="writer">
        <cmp x="338" y="987" width="27" height="24" />
        <cmp x="367" y="988" width="12" height="20" />
        <cmp x="384" y="976" width="3" height="5" />
        <cmp x="385" y="985" width="5" height="22" />
        <cmp x="394" y="977" width="14" height="29" />
        <cmp x="411" y="985" width="19" height="20" />
        <cmp x="434" y="985" width="14" height="19" />
      </word>
      <word id="c04-116-01-01" tag="." text=".">
        <cmp x="461" y="1000" width="4" height="6" />
      </word>
      <word id="c04-116-01-02" sentence-start="yes" tag="PP3A" text="He">
        <cmp x="496" y="967" width="16" height="45" />
        <cmp x="515" y="988" width="23" height="22" />
      </word>
      <word id="c04-116-01-03" tag="VBZ" text="writes">
        <cmp x="565" y="988" width="28" height="22" />
        <cmp x="597" y="985" width="14" height="21" />
        <cmp x="613" y="976" width="4" height="5" />
        <cmp x="616" y="987" width="5" height="20" />
        <cmp x="630" y="976" width="14" height="30" />
        <cmp x="652" y="988" width="22" height="19" />
        <cmp x="681" y="989" width="15" height="21" />
      </word>
      <word id="c04-116-01-04" tag="IN" text="with">
        <cmp x="725" y="985" width="29" height="21" />
        <cmp x="745" y="983" width="10" height="12" />
        <cmp x="757" y="971" width="4" height="5" />
        <cmp x="758" y="983" width="6" height="20" />
        <cmp x="766" y="972" width="17" height="31" />
        <cmp x="785" y="970" width="18" height="32" />
      </word>
      <word id="c04-116-01-05" tag="NP" text="Tolchard">
        <cmp x="829" y="971" width="27" height="33" />
        <cmp x="851" y="986" width="19" height="17" />
        <cmp x="875" y="971" width="8" height="33" />
        <cmp x="885" y="985" width="23" height="21" />
        <cmp x="909" y="973" width="18" height="35" />
        <cmp x="929" y="988" width="20" height="19" />
        <cmp x="953" y="987" width="15" height="21" />
        <cmp x="970" y="976" width="22" height="33" />
      </word>
      <word id="c04-116-01-06" tag="NP" text="Evans">
        <cmp x="1027" y="968" width="23" height="40" />
        <cmp x="1051" y="988" width="33" height="19" />
        <cmp x="1089" y="989" width="19" height="18" />
        <cmp x="1115" y="987" width="13" height="23" />
      </word>
      <word id="c04-116-01-07" tag="," text=",">
        <cmp x="1130" y="1002" width="10" height="15" />
      </word>
      <word id="c04-116-01-08" tag="NN" text="composer">
        <cmp x="1155" y="987" width="97" height="44" />
        <cmp x="1255" y="986" width="11" height="22" />
        <cmp x="1269" y="985" width="23" height="22" />
        <cmp x="1302" y="984" width="12" height="23" />
      </word>
      <word id="c04-116-01-09" tag="INO" text="of">
        <cmp x="1337" y="988" width="21" height="21" />
        <cmp x="1361" y="985" width="15" height="32" />
      </word>
      <word id="c04-116-01-10" tag="*&apos;" text="&quot;">
        <cmp x="1438" y="972" width="6" height="24" />
        <cmp x="1446" y="970" width="7" height="25" />
      </word>
      <word id="c04-116-01-11" tag="NPT" text="Lady">
        <cmp x="1464" y="975" width="16" height="34" />
        <cmp x="1482" y="977" width="48" height="33" />
        <cmp x="1532" y="992" width="18" height="35" />
      </word>
      <word id="c04-116-01-12" tag="INO" text="of">
        <cmp x="1571" y="993" width="20" height="17" />
        <cmp x="1595" y="988" width="16" height="30" />
      </word>
      <word id="c04-116-01-13" tag="NP" text="Spain">
        <cmp x="1634" y="974" width="39" height="55" />
        <cmp x="1674" y="991" width="21" height="20" />
        <cmp x="1700" y="993" width="5" height="19" />
        <cmp x="1711" y="991" width="17" height="24" />
      </word>
      <word id="c04-116-01-14" tag="**&apos;" text="&quot;">
        <cmp x="1735" y="967" width="5" height="25" />
        <cmp x="1744" y="970" width="5" height="18" />
      </word>
      <word id="c04-116-01-15" tag="CC" text="and">
        <cmp x="1764" y="989" width="24" height="21" />
        <cmp x="1789" y="988" width="17" height="21" />
        <cmp x="1808" y="972" width="18" height="38" />
      </word>
      <word id="c04-116-01-16" tag="AP" text="other">
        <cmp x="1844" y="971" width="48" height="40" />
        <cmp x="1893" y="985" width="21" height="25" />
        <cmp x="1920" y="991" width="14" height="20" />
      </word>
      <word id="c04-116-01-17" tag="JJ" text="big">
        <cmp x="1957" y="983" width="23" height="30" />
        <cmp x="1982" y="986" width="7" height="28" />
        <cmp x="1997" y="997" width="25" height="39" />
      </word>
      <word id="c04-116-01-18" tag="NNS" text="hits">
        <cmp x="2053" y="968" width="18" height="40" />
        <cmp x="2076" y="984" width="6" height="24" />
        <cmp x="2078" y="971" width="3" height="3" />
        <cmp x="2085" y="967" width="14" height="39" />
        <cmp x="2101" y="981" width="17" height="25" />
      </word>
      <word id="c04-116-01-19" tag="." text=".">
        <cmp x="2123" y="1001" width="7" height="6" />
      </word>
      <upper-contour>
        <point x="344" y="855" />
        <point x="2130" y="855" />
      </upper-contour>
      <lower-contour>
        <point x="340" y="1035" />
        <point x="2130" y="1035" />
      </lower-contour>
    </line>
    <line ass="-160" asx="0" asy="1135" character-width="999" dss="-160" dsx="0" dsy="1202" fd0="13451" fd1="4026" fd2="-683" filter-width="3" id="c04-116-02" lbs="-130" lbx="0" lby="1184" segmentation="ok" slant="90000" stroke-width="5097" threshold="168" text="Tolch, as he is known in Tin Pan Alley, likes songs with a month in the title. He wrote" ubs="-221" ubx="0" uby="1160">
      <word id="c04-116-02-00" sentence-start="yes" tag="NP" text="Tolch">
        <cmp x="342" y="1137" width="23" height="43" />
        <cmp x="354" y="1160" width="18" height="22" />
        <cmp x="376" y="1139" width="7" height="45" />
        <cmp x="384" y="1164" width="21" height="22" />
        <cmp x="407" y="1142" width="19" height="46" />
      </word>
      <word id="c04-116-02-01" tag="," text=",">
        <cmp x="435" y="1181" width="8" height="18" />
      </word>
      <word id="c04-116-02-02" tag="CS" text="as">
        <cmp x="461" y="1163" width="20" height="21" />
        <cmp x="489" y="1160" width="11" height="25" />
      </word>
      <word id="c04-116-02-03" tag="PP3A" text="he">
        <cmp x="525" y="1149" width="16" height="37" />
        <cmp x="543" y="1161" width="20" height="23" />
      </word>
      <word id="c04-116-02-04" tag="BEZ" text="is">
        <cmp x="584" y="1153" width="4" height="5" />
        <cmp x="586" y="1164" width="5" height="21" />
        <cmp x="596" y="1162" width="15" height="24" />
      </word>
      <word id="c04-116-02-05" tag="VBN" text="known">
        <cmp x="633" y="1164" width="16" height="21" />
        <cmp x="652" y="1164" width="18" height="21" />
        <cmp x="673" y="1164" width="20" height="22" />
        <cmp x="695" y="1166" width="27" height="19" />
        <cmp x="713" y="1164" width="9" height="10" />
        <cmp x="725" y="1163" width="21" height="23" />
      </word>
      <word id="c04-116-02-06" tag="IN" text="in">
        <cmp x="771" y="1167" width="5" height="18" />
        <cmp x="772" y="1156" width="4" height="4" />
        <cmp x="783" y="1167" width="19" height="23" />
      </word>
      <word id="c04-116-02-07" tag="NP" text="Tin">
        <cmp x="829" y="1148" width="28" height="35" />
        <cmp x="856" y="1167" width="6" height="16" />
        <cmp x="870" y="1164" width="19" height="22" />
      </word>
      <word id="c04-116-02-08" tag="NP" text="Pan">
        <cmp x="910" y="1140" width="25" height="45" />
        <cmp x="929" y="1163" width="28" height="23" />
        <cmp x="958" y="1165" width="18" height="21" />
      </word>
      <word id="c04-116-02-09" tag="NPL" text="Alley">
        <cmp x="1009" y="1153" width="21" height="33" />
        <cmp x="1033" y="1151" width="7" height="34" />
        <cmp x="1046" y="1151" width="6" height="37" />
        <cmp x="1060" y="1159" width="22" height="27" />
        <cmp x="1085" y="1162" width="17" height="37" />
      </word>
      <word id="c04-116-02-10" tag="," text=",">
        <cmp x="1116" y="1184" width="5" height="12" />
      </word>
      <word id="c04-116-02-11" tag="VBZ" text="likes">
        <cmp x="1153" y="1150" width="6" height="34" />
        <cmp x="1162" y="1163" width="6" height="20" />
        <cmp x="1165" y="1157" width="3" height="3" />
        <cmp x="1171" y="1163" width="15" height="20" />
        <cmp x="1191" y="1163" width="22" height="22" />
        <cmp x="1217" y="1164" width="13" height="21" />
      </word>
      <word id="c04-116-02-12" tag="NNS" text="songs">
        <cmp x="1247" y="1164" width="38" height="24" />
        <cmp x="1291" y="1167" width="18" height="18" />
        <cmp x="1310" y="1169" width="24" height="37" />
        <cmp x="1336" y="1163" width="16" height="27" />
      </word>
      <word id="c04-116-02-13" tag="IN" text="with">
        <cmp x="1371" y="1166" width="28" height="24" />
        <cmp x="1406" y="1166" width="5" height="20" />
        <cmp x="1415" y="1152" width="18" height="38" />
        <cmp x="1436" y="1151" width="18" height="38" />
      </word>
      <word id="c04-116-02-14" tag="AT" text="a">
        <cmp x="1476" y="1169" width="24" height="23" />
      </word>
      <word id="c04-116-02-15" tag="NN" text="month">
        <cmp x="1522" y="1169" width="23" height="22" />
        <cmp x="1549" y="1170" width="17" height="21" />
        <cmp x="1569" y="1170" width="18" height="21" />
        <cmp x="1595" y="1151" width="15" height="36" />
        <cmp x="1613" y="1152" width="18" height="40" />
      </word>
      <word id="c04-116-02-16" tag="IN" text="in">
        <cmp x="1655" y="1164" width="3" height="3" />
        <cmp x="1657" y="1172" width="4" height="18" />
        <cmp x="1669" y="1171" width="18" height="20" />
      </word>
      <word id="c04-116-02-17" tag="ATI" text="the">
        <cmp x="1717" y="1151" width="35" height="38" />
        <cmp x="1753" y="1166" width="30" height="24" />
      </word>
      <word id="c04-116-02-18" tag="NN" text="title">
        <cmp x="1816" y="1154" width="21" height="38" />
        <cmp x="1838" y="1160" width="4" height="3" />
        <cmp x="1839" y="1169" width="5" height="19" />
        <cmp x="1849" y="1150" width="23" height="39" />
        <cmp x="1877" y="1163" width="23" height="24" />
      </word>
      <word id="c04-116-02-19" tag="." text=".">
        <cmp x="1908" y="1186" width="6" height="6" />
      </word>
      <word id="c04-116-02-20" sentence-start="yes" tag="PP3A" text="He">
        <cmp x="1952" y="1145" width="20" height="48" />
        <cmp x="1974" y="1167" width="23" height="22" />
      </word>
      <word id="c04-116-02-21" tag="VBD" text="wrote">
        <cmp x="2014" y="1165" width="28" height="24" />
        <cmp x="2047" y="1165" width="10" height="22" />
        <cmp x="2061" y="1167" width="19" height="17" />
        <cmp x="2081" y="1149" width="49" height="40" />
      </word>
      <upper-contour>
        <point x="340" y="1035" />
        <point x="2130" y="1035" />
      </upper-contour>
      <lower-contour>
        <point x="340" y="1206" />
        <point x="1600" y="1206" />
      </lower-contour>
    </line>
    <line ass="-140" asx="0" asy="1317" character-width="999" dss="-140" dsx="0" dsy="1380" fd0="13402" fd1="3733" fd2="-750" filter-width="3" id="c04-116-03" lbs="-157" lbx="0" lby="1363" segmentation="ok" slant="90000" stroke-width="5072" threshold="169" text="&quot;My September Love,&quot; the big David Whitfield hit of 1956." ubs="-107" ubx="0" uby="1339">
      <word id="c04-116-03-00" tag="*&apos;" text="&quot;">
        <cmp x="318" y="1337" width="4" height="25" />
        <cmp x="325" y="1338" width="6" height="20" />
      </word>
      <word id="c04-116-03-01" tag="PP$" text="My">
        <cmp x="339" y="1320" width="40" height="54" />
      </word>
      <word id="c04-116-03-02" tag="NR" text="September">
        <cmp x="414" y="1326" width="18" height="37" />
        <cmp x="436" y="1341" width="23" height="21" />
        <cmp x="460" y="1342" width="20" height="36" />
        <cmp x="491" y="1324" width="65" height="38" />
        <cmp x="558" y="1320" width="5" height="13" />
        <cmp x="558" y="1338" width="18" height="22" />
        <cmp x="579" y="1333" width="22" height="28" />
        <cmp x="606" y="1339" width="15" height="22" />
      </word>
      <word id="c04-116-03-03" tag="NN" text="Love">
        <cmp x="653" y="1320" width="34" height="44" />
        <cmp x="689" y="1342" width="17" height="24" />
        <cmp x="706" y="1342" width="30" height="26" />
      </word>
      <word id="c04-116-03-04" tag="," text=",">
        <cmp x="749" y="1331" width="4" height="21" />
        <cmp x="756" y="1330" width="6" height="19" />
      </word>
      <word id="c04-116-03-05" tag="**&apos;" text="&quot;">
        <cmp x="772" y="1360" width="5" height="11" />
      </word>
      <word id="c04-116-03-06" tag="ATI" text="the">
        <cmp x="803" y="1327" width="21" height="41" />
        <cmp x="825" y="1332" width="18" height="33" />
        <cmp x="849" y="1346" width="26" height="22" />
      </word>
      <word id="c04-116-03-07" tag="JJ" text="big">
        <cmp x="899" y="1336" width="25" height="31" />
        <cmp x="929" y="1338" width="4" height="5" />
        <cmp x="929" y="1351" width="5" height="15" />
        <cmp x="942" y="1346" width="24" height="37" />
      </word>
      <word id="c04-116-03-08" tag="NP" text="David">
        <cmp x="994" y="1325" width="49" height="45" />
        <cmp x="1048" y="1345" width="12" height="22" />
        <cmp x="1066" y="1347" width="6" height="22" />
        <cmp x="1068" y="1336" width="4" height="3" />
        <cmp x="1079" y="1327" width="23" height="39" />
      </word>
      <word id="c04-116-03-09" tag="NP" text="Whitfield">
        <cmp x="1140" y="1336" width="27" height="33" />
        <cmp x="1171" y="1334" width="19" height="34" />
        <cmp x="1196" y="1337" width="4" height="6" />
        <cmp x="1196" y="1348" width="5" height="19" />
        <cmp x="1213" y="1332" width="15" height="34" />
        <cmp x="1232" y="1342" width="15" height="33" />
        <cmp x="1254" y="1345" width="8" height="20" />
        <cmp x="1258" y="1340" width="3" height="3" />
        <cmp x="1267" y="1344" width="26" height="24" />
        <cmp x="1299" y="1337" width="6" height="28" />
        <cmp x="1312" y="1325" width="19" height="42" />
      </word>
      <word id="c04-116-03-10" tag="NN" text="hit">
        <cmp x="1371" y="1322" width="22" height="44" />
        <cmp x="1395" y="1347" width="5" height="16" />
        <cmp x="1403" y="1330" width="16" height="32" />
      </word>
      <word id="c04-116-03-11" tag="INO" text="of">
        <cmp x="1431" y="1346" width="21" height="21" />
        <cmp x="1455" y="1345" width="15" height="26" />
      </word>
      <word id="c04-116-03-12" tag="CD" text="1956">
        <cmp x="1503" y="1334" width="18" height="31" />
        <cmp x="1525" y="1336" width="22" height="30" />
        <cmp x="1548" y="1331" width="44" height="34" />
      </word>
      <word id="c04-116-03-13" tag="." text=".">
        <cmp x="1596" y="1362" width="4" height="5" />
      </word>
      <upper-contour>
        <point x="340" y="1206" />
        <point x="1600" y="1206" />
      </upper-contour>
    </line>
  </handwritten-part>
</form>

