<?xml version="1.0" encoding="ISO-8859-1"?>

<!DOCTYPE form SYSTEM 'http://www.iam.unibe.ch/~fki/iamdb/form-metadata.dtd'>

<form created="2002-01-17" height="3542" id="c04-139" last-modified="2002-07-17" skew="-127" status="final" version="3.0_beta" width="2479" writer-id="169">
  <machine-printed-part>
    <machine-print-line text="They will be asked to comment on the design of everyday articles such as a chair and" />
    <machine-print-line text="a motor-car. The idea is to see what happens when parts of the mind not normally" />
    <machine-print-line text="available without hypnosis are used. I T V have postponed Malcolm Muggeridge&apos;s" />
    <machine-print-line text="&amp;quot;Appointment with playwright Arnold Wesker.&amp;quot; Instead, Muggeridge&apos;s appointment" />
    <machine-print-line text="will be with Sir Roy Welensky the Premier of the Federation of Rhodesia and Nyasa-" />
    <machine-print-line text="land (10.30 p.m.)." />
  </machine-printed-part>
  <handwritten-part>
    <line ass="-291" asx="0" asy="756" character-width="999" dss="-291" dsx="0" dsy="875" fd0="12794" fd1="2574" fd2="-878" filter-width="3" id="c04-139-00" lbs="-269" lbx="0" lby="827" segmentation="ok" slant="90000" stroke-width="4420" threshold="190" text="They will be asked to comment on the design of everyday articles" ubs="-337" ubx="0" uby="796">
      <word id="c04-139-00-00" sentence-start="yes" tag="PP3AS" text="They">
        <cmp x="335" y="768" width="54" height="62" />
        <cmp x="390" y="798" width="43" height="53" />
      </word>
      <word id="c04-139-00-01" tag="MD" text="will">
        <cmp x="482" y="806" width="33" height="25" />
        <cmp x="515" y="790" width="4" height="7" />
        <cmp x="520" y="810" width="7" height="19" />
        <cmp x="530" y="771" width="48" height="61" />
      </word>
      <word id="c04-139-00-02" tag="BE" text="be">
        <cmp x="614" y="769" width="49" height="53" />
      </word>
      <word id="c04-139-00-03" tag="VBN" text="asked">
        <cmp x="704" y="796" width="44" height="33" />
        <cmp x="756" y="771" width="21" height="55" />
        <cmp x="783" y="777" width="50" height="52" />
      </word>
      <word id="c04-139-00-04" tag="TO" text="to">
        <cmp x="881" y="769" width="43" height="58" />
      </word>
      <word id="c04-139-00-05" tag="VB" text="comment">
        <cmp x="972" y="807" width="40" height="26" />
        <cmp x="1015" y="807" width="31" height="25" />
        <cmp x="1051" y="808" width="36" height="20" />
        <cmp x="1097" y="804" width="19" height="24" />
        <cmp x="1120" y="810" width="21" height="42" />
        <cmp x="1145" y="779" width="14" height="48" />
      </word>
      <word id="c04-139-00-06" tag="IN" text="on">
        <cmp x="1204" y="805" width="17" height="21" />
        <cmp x="1228" y="810" width="23" height="30" />
      </word>
      <word id="c04-139-00-07" tag="ATI" text="the">
        <cmp x="1287" y="765" width="72" height="71" />
      </word>
      <word id="c04-139-00-08" tag="NN" text="design">
        <cmp x="1409" y="781" width="51" height="54" />
        <cmp x="1466" y="803" width="18" height="27" />
        <cmp x="1499" y="815" width="5" height="17" />
        <cmp x="1501" y="783" width="4" height="13" />
        <cmp x="1514" y="811" width="61" height="73" />
      </word>
      <word id="c04-139-00-09" tag="INO" text="of">
        <cmp x="1626" y="814" width="18" height="20" />
        <cmp x="1651" y="765" width="23" height="73" />
      </word>
      <word id="c04-139-00-10" tag="JJB" text="everyday">
        <cmp x="1707" y="800" width="47" height="37" />
        <cmp x="1757" y="804" width="42" height="30" />
        <cmp x="1792" y="808" width="29" height="59" />
        <cmp x="1833" y="780" width="89" height="76" />
      </word>
      <word id="c04-139-00-11" tag="NNS" text="articles">
        <cmp x="1954" y="813" width="55" height="23" />
        <cmp x="2015" y="795" width="31" height="44" />
        <cmp x="2045" y="796" width="5" height="12" />
        <cmp x="2054" y="795" width="40" height="45" />
        <cmp x="2098" y="802" width="39" height="33" />
      </word>
      <lower-contour>
        <point x="333" y="884" />
        <point x="2138" y="884" />
      </lower-contour>
    </line>
    <line ass="-397" asx="0" asy="929" character-width="999" dss="-397" dsx="0" dsy="1033" fd0="13507" fd1="2666" fd2="-288" filter-width="3" id="c04-139-01" lbs="-397" lbx="0" lby="1002" segmentation="ok" slant="77000" stroke-width="4601" threshold="187" text="such as a chair and a motor-car. The idea is to see what happens when" ubs="-399" ubx="0" uby="976">
      <word id="c04-139-01-00" tag="IN21" text="such">
        <cmp x="321" y="968" width="20" height="35" />
        <cmp x="343" y="981" width="24" height="29" />
        <cmp x="372" y="961" width="38" height="52" />
      </word>
      <word id="c04-139-01-01" tag="IN22" text="as">
        <cmp x="441" y="977" width="45" height="32" />
      </word>
      <word id="c04-139-01-02" tag="AT" text="a">
        <cmp x="528" y="983" width="26" height="25" />
      </word>
      <word id="c04-139-01-03" tag="NN" text="chair">
        <cmp x="596" y="948" width="39" height="65" />
        <cmp x="649" y="963" width="45" height="44" />
        <cmp x="701" y="980" width="19" height="23" />
      </word>
      <word id="c04-139-01-04" tag="CC" text="and">
        <cmp x="756" y="982" width="53" height="42" />
        <cmp x="817" y="955" width="33" height="53" />
      </word>
      <word id="c04-139-01-05" tag="AT" text="a">
        <cmp x="906" y="982" width="30" height="29" />
      </word>
      <word id="c04-139-01-06" tag="NN" text="motor-car">
        <cmp x="987" y="986" width="59" height="24" />
        <cmp x="1050" y="948" width="38" height="61" />
        <cmp x="1094" y="983" width="16" height="25" />
        <cmp x="1122" y="991" width="12" height="7" />
        <cmp x="1151" y="982" width="78" height="28" />
      </word>
      <word id="c04-139-01-07" tag="." text=".">
        <cmp x="1235" y="1003" width="6" height="4" />
      </word>
      <word id="c04-139-01-08" sentence-start="yes" tag="ATI" text="The">
        <cmp x="1272" y="939" width="51" height="73" />
        <cmp x="1285" y="1005" width="3" height="3" />
        <cmp x="1308" y="946" width="47" height="62" />
        <cmp x="1322" y="958" width="6" height="7" />
      </word>
      <word id="c04-139-01-09" tag="NN" text="idea">
        <cmp x="1395" y="985" width="8" height="22" />
        <cmp x="1401" y="968" width="4" height="12" />
        <cmp x="1406" y="952" width="51" height="60" />
        <cmp x="1459" y="985" width="22" height="22" />
      </word>
      <word id="c04-139-01-10" tag="BEZ" text="is">
        <cmp x="1517" y="976" width="11" height="41" />
        <cmp x="1537" y="983" width="14" height="30" />
      </word>
      <word id="c04-139-01-11" tag="TO" text="to">
        <cmp x="1581" y="960" width="38" height="56" />
      </word>
      <word id="c04-139-01-12" tag="VB" text="see">
        <cmp x="1648" y="978" width="26" height="35" />
        <cmp x="1671" y="984" width="19" height="26" />
        <cmp x="1695" y="990" width="21" height="22" />
      </word>
      <word id="c04-139-01-13" tag="WDT" text="what">
        <cmp x="1759" y="993" width="32" height="22" />
        <cmp x="1790" y="959" width="75" height="57" />
      </word>
      <word id="c04-139-01-14" tag="VBZ" text="happens">
        <cmp x="1892" y="958" width="64" height="59" />
        <cmp x="1951" y="989" width="27" height="59" />
        <cmp x="1981" y="986" width="27" height="55" />
        <cmp x="2010" y="990" width="39" height="40" />
        <cmp x="2057" y="987" width="11" height="27" />
      </word>
      <word id="c04-139-01-15" tag="WRB" text="when">
        <cmp x="2116" y="991" width="29" height="23" />
        <cmp x="2149" y="957" width="70" height="69" />
      </word>
      <upper-contour>
        <point x="333" y="884" />
        <point x="2138" y="884" />
      </upper-contour>
      <lower-contour>
        <point x="319" y="1047" />
        <point x="2220" y="1047" />
      </lower-contour>
    </line>
    <line ass="-400" asx="0" asy="1120" character-width="999" dss="-400" dsx="0" dsy="1215" fd0="13353" fd1="2026" fd2="-902" filter-width="3" id="c04-139-02" lbs="-340" lbx="0" lby="1182" segmentation="ok" slant="77000" stroke-width="4585" threshold="188" text="parts of the mind not normally available without hypnosis are used." ubs="-519" ubx="0" uby="1153">
      <word id="c04-139-02-00" tag="NNS" text="parts">
        <cmp x="296" y="1158" width="19" height="56" />
        <cmp x="329" y="1157" width="26" height="28" />
        <cmp x="365" y="1159" width="25" height="27" />
        <cmp x="391" y="1125" width="40" height="61" />
      </word>
      <word id="c04-139-02-01" tag="INO" text="of">
        <cmp x="475" y="1162" width="18" height="17" />
        <cmp x="505" y="1125" width="24" height="57" />
      </word>
      <word id="c04-139-02-02" tag="ATI" text="the">
        <cmp x="566" y="1125" width="63" height="60" />
      </word>
      <word id="c04-139-02-03" tag="NN" text="mind">
        <cmp x="668" y="1166" width="50" height="26" />
        <cmp x="713" y="1148" width="6" height="13" />
        <cmp x="726" y="1133" width="60" height="57" />
      </word>
      <word id="c04-139-02-04" tag="XNOT" text="not">
        <cmp x="822" y="1168" width="53" height="25" />
        <cmp x="883" y="1132" width="13" height="51" />
      </word>
      <word id="c04-139-02-05" tag="RB" text="normally">
        <cmp x="936" y="1168" width="53" height="30" />
        <cmp x="995" y="1159" width="19" height="25" />
        <cmp x="1008" y="1129" width="51" height="85" />
        <cmp x="1065" y="1130" width="73" height="56" />
        <cmp x="1072" y="1173" width="4" height="5" />
        <cmp x="1119" y="1158" width="42" height="62" />
      </word>
      <word id="c04-139-02-06" tag="JJ" text="available">
        <cmp x="1219" y="1157" width="37" height="29" />
        <cmp x="1263" y="1159" width="17" height="22" />
        <cmp x="1284" y="1161" width="42" height="26" />
        <cmp x="1323" y="1142" width="4" height="8" />
        <cmp x="1340" y="1139" width="55" height="47" />
        <cmp x="1405" y="1137" width="25" height="50" />
        <cmp x="1428" y="1136" width="48" height="50" />
      </word>
      <word id="c04-139-02-07" tag="IN" text="without">
        <cmp x="1531" y="1169" width="41" height="20" />
        <cmp x="1569" y="1166" width="10" height="26" />
        <cmp x="1578" y="1148" width="4" height="5" />
        <cmp x="1587" y="1133" width="48" height="57" />
        <cmp x="1609" y="1136" width="3" height="4" />
        <cmp x="1637" y="1165" width="54" height="27" />
        <cmp x="1704" y="1137" width="21" height="60" />
      </word>
      <word id="c04-139-02-08" tag="NN" text="hypnosis">
        <cmp x="1781" y="1135" width="23" height="53" />
        <cmp x="1804" y="1161" width="42" height="67" />
        <cmp x="1848" y="1165" width="25" height="50" />
        <cmp x="1876" y="1171" width="23" height="45" />
        <cmp x="1906" y="1173" width="21" height="18" />
        <cmp x="1933" y="1167" width="20" height="25" />
        <cmp x="1960" y="1174" width="10" height="19" />
        <cmp x="1971" y="1156" width="7" height="11" />
        <cmp x="1985" y="1167" width="14" height="28" />
      </word>
      <word id="c04-139-02-09" tag="BER" text="are">
        <cmp x="2025" y="1170" width="61" height="26" />
        <cmp x="2097" y="1172" width="21" height="25" />
      </word>
      <word id="c04-139-02-10" tag="VBN" text="used">
        <cmp x="2159" y="1175" width="30" height="28" />
        <cmp x="2193" y="1175" width="17" height="32" />
        <cmp x="2222" y="1145" width="69" height="53" />
      </word>
      <word id="c04-139-02-11" tag="." text=".">
        <cmp x="2297" y="1194" width="7" height="5" />
      </word>
      <upper-contour>
        <point x="319" y="1047" />
        <point x="2220" y="1047" />
      </upper-contour>
      <lower-contour>
        <point x="294" y="1227" />
        <point x="2114" y="1227" />
      </lower-contour>
    </line>
    <line ass="-42" asx="0" asy="1289" character-width="999" dss="-42" dsx="0" dsy="1421" fd0="13503" fd1="2260" fd2="-779" filter-width="3" id="c04-139-03" lbs="67" lbx="0" lby="1366" segmentation="ok" slant="73000" stroke-width="4600" threshold="189" text="I T V have postponed Malcolm Muggeridge&apos;s &amp;quot;Appointment with" ubs="-262" ubx="0" uby="1330">
      <word id="c04-139-03-00" sentence-start="yes" tag="NP" text="I T V">
        <cmp x="275" y="1307" width="29" height="63" />
        <cmp x="330" y="1313" width="37" height="44" />
        <cmp x="379" y="1317" width="27" height="45" />
      </word>
      <word id="c04-139-03-01" tag="HV" text="have">
        <cmp x="459" y="1296" width="86" height="67" />
        <cmp x="552" y="1336" width="20" height="26" />
      </word>
      <word id="c04-139-03-02" tag="VBN" text="postponed">
        <cmp x="600" y="1345" width="21" height="47" />
        <cmp x="631" y="1336" width="35" height="32" />
        <cmp x="669" y="1312" width="20" height="47" />
        <cmp x="696" y="1343" width="22" height="42" />
        <cmp x="725" y="1339" width="17" height="20" />
        <cmp x="743" y="1342" width="23" height="40" />
        <cmp x="777" y="1318" width="54" height="44" />
      </word>
      <word id="c04-139-03-03" tag="NP" text="Malcolm">
        <cmp x="868" y="1312" width="42" height="50" />
        <cmp x="912" y="1311" width="50" height="52" />
        <cmp x="964" y="1336" width="42" height="31" />
        <cmp x="1014" y="1290" width="66" height="77" />
      </word>
      <word id="c04-139-03-04" tag="NP$" text="Muggeridge&apos;s">
        <cmp x="1137" y="1313" width="47" height="55" />
        <cmp x="1185" y="1337" width="25" height="35" />
        <cmp x="1206" y="1343" width="60" height="80" />
        <cmp x="1278" y="1338" width="23" height="30" />
        <cmp x="1314" y="1343" width="23" height="25" />
        <cmp x="1339" y="1320" width="7" height="9" />
        <cmp x="1339" y="1345" width="7" height="23" />
        <cmp x="1364" y="1305" width="38" height="61" />
        <cmp x="1388" y="1344" width="36" height="63" />
        <cmp x="1431" y="1342" width="22" height="30" />
        <cmp x="1465" y="1328" width="11" height="20" />
        <cmp x="1496" y="1340" width="18" height="33" />
      </word>
      <word id="c04-139-03-05" tag="*&apos;" text="&quot;">
        <cmp x="1586" y="1312" width="15" height="21" />
        <cmp x="1601" y="1313" width="13" height="18" />
      </word>
      <word id="c04-139-03-06" tag="NN" text="Appointment">
        <cmp x="1612" y="1313" width="47" height="60" />
        <cmp x="1654" y="1352" width="30" height="62" />
        <cmp x="1678" y="1345" width="39" height="70" />
        <cmp x="1726" y="1351" width="20" height="18" />
        <cmp x="1755" y="1352" width="6" height="17" />
        <cmp x="1766" y="1338" width="3" height="4" />
        <cmp x="1775" y="1349" width="23" height="36" />
        <cmp x="1809" y="1312" width="23" height="57" />
        <cmp x="1828" y="1344" width="40" height="25" />
        <cmp x="1878" y="1340" width="52" height="38" />
        <cmp x="1940" y="1312" width="27" height="61" />
      </word>
      <word id="c04-139-03-07" tag="IN" text="with">
        <cmp x="2004" y="1348" width="28" height="19" />
        <cmp x="2034" y="1348" width="12" height="22" />
        <cmp x="2051" y="1327" width="3" height="11" />
        <cmp x="2060" y="1295" width="53" height="82" />
      </word>
      <upper-contour>
        <point x="294" y="1227" />
        <point x="2114" y="1227" />
      </upper-contour>
      <lower-contour>
        <point x="273" y="1423" />
        <point x="2114" y="1423" />
      </lower-contour>
    </line>
    <line ass="-363" asx="0" asy="1468" character-width="999" dss="-363" dsx="0" dsy="1596" fd0="13148" fd1="1923" fd2="-1240" filter-width="3" id="c04-139-04" lbs="-339" lbx="0" lby="1540" segmentation="ok" slant="82000" stroke-width="4593" threshold="187" text="playwright Arnold Wesker.&amp;quot; Instead, Muggeridge&apos;s appointment" ubs="-410" ubx="0" uby="1512">
      <word id="c04-139-04-00" tag="NN" text="playwright">
        <cmp x="263" y="1516" width="25" height="61" />
        <cmp x="296" y="1476" width="92" height="96" />
        <cmp x="386" y="1517" width="64" height="27" />
        <cmp x="454" y="1521" width="12" height="24" />
        <cmp x="465" y="1503" width="5" height="10" />
        <cmp x="466" y="1514" width="37" height="81" />
        <cmp x="507" y="1492" width="30" height="51" />
        <cmp x="549" y="1486" width="22" height="54" />
      </word>
      <word id="c04-139-04-01" tag="NP" text="Arnold">
        <cmp x="619" y="1490" width="58" height="54" />
        <cmp x="675" y="1518" width="25" height="45" />
        <cmp x="709" y="1521" width="30" height="28" />
        <cmp x="745" y="1487" width="32" height="56" />
        <cmp x="775" y="1485" width="39" height="61" />
      </word>
      <word id="c04-139-04-02" tag="NP" text="Wesker">
        <cmp x="853" y="1503" width="47" height="31" />
        <cmp x="905" y="1514" width="36" height="31" />
        <cmp x="951" y="1485" width="20" height="59" />
        <cmp x="980" y="1511" width="57" height="31" />
      </word>
      <word id="c04-139-04-03" tag="." text=".">
        <cmp x="1038" y="1536" width="12" height="8" />
      </word>
      <word id="c04-139-04-04" tag="**&apos;" text="&quot;">
        <cmp x="1066" y="1496" width="8" height="13" />
        <cmp x="1082" y="1497" width="8" height="17" />
      </word>
      <word id="c04-139-04-05" sentence-start="yes" tag="RB" text="Instead">
        <cmp x="1151" y="1492" width="60" height="80" />
        <cmp x="1218" y="1523" width="24" height="34" />
        <cmp x="1252" y="1476" width="74" height="72" />
        <cmp x="1327" y="1489" width="46" height="60" />
      </word>
      <word id="c04-139-04-06" tag="," text=",">
        <cmp x="1365" y="1546" width="18" height="20" />
      </word>
      <word id="c04-139-04-07" tag="NP$" text="Muggeridge&apos;s">
        <cmp x="1418" y="1499" width="74" height="59" />
        <cmp x="1473" y="1523" width="47" height="74" />
        <cmp x="1516" y="1530" width="34" height="71" />
        <cmp x="1558" y="1525" width="63" height="31" />
        <cmp x="1622" y="1499" width="4" height="14" />
        <cmp x="1628" y="1479" width="46" height="73" />
        <cmp x="1659" y="1520" width="64" height="78" />
        <cmp x="1739" y="1500" width="9" height="24" />
        <cmp x="1756" y="1514" width="20" height="33" />
      </word>
      <word id="c04-139-04-08" tag="NN" text="appointment">
        <cmp x="1825" y="1548" width="5" height="4" />
        <cmp x="1834" y="1523" width="65" height="86" />
        <cmp x="1893" y="1515" width="44" height="74" />
        <cmp x="1937" y="1529" width="19" height="13" />
        <cmp x="1959" y="1533" width="8" height="18" />
        <cmp x="1973" y="1515" width="5" height="7" />
        <cmp x="1986" y="1532" width="19" height="35" />
        <cmp x="2022" y="1497" width="21" height="58" />
        <cmp x="2044" y="1535" width="33" height="25" />
        <cmp x="2091" y="1531" width="49" height="30" />
        <cmp x="2145" y="1499" width="29" height="59" />
      </word>
      <upper-contour>
        <point x="273" y="1423" />
        <point x="2114" y="1423" />
      </upper-contour>
      <lower-contour>
        <point x="261" y="1608" />
        <point x="2101" y="1608" />
      </lower-contour>
    </line>
    <line ass="-413" asx="0" asy="1635" character-width="999" dss="-413" dsx="0" dsy="1757" fd0="13599" fd1="2035" fd2="-914" filter-width="3" id="c04-139-05" lbs="-426" lbx="0" lby="1717" segmentation="ok" slant="72000" stroke-width="4613" threshold="187" text="will be with Sir Roy Welensky the Premier of the Federation" ubs="-388" ubx="0" uby="1689">
      <word id="c04-139-05-00" tag="MD" text="will">
        <cmp x="247" y="1702" width="35" height="28" />
        <cmp x="294" y="1703" width="7" height="21" />
        <cmp x="306" y="1686" width="4" height="5" />
        <cmp x="320" y="1677" width="51" height="57" />
      </word>
      <word id="c04-139-05-01" tag="BE" text="be">
        <cmp x="420" y="1655" width="32" height="61" />
        <cmp x="444" y="1687" width="22" height="27" />
      </word>
      <word id="c04-139-05-02" tag="IN" text="with">
        <cmp x="504" y="1700" width="42" height="20" />
        <cmp x="549" y="1702" width="9" height="23" />
        <cmp x="563" y="1674" width="7" height="14" />
        <cmp x="568" y="1660" width="48" height="69" />
      </word>
      <word id="c04-139-05-03" tag="NPT" text="Sir">
        <cmp x="671" y="1658" width="40" height="69" />
        <cmp x="708" y="1680" width="7" height="10" />
        <cmp x="725" y="1692" width="25" height="25" />
      </word>
      <word id="c04-139-05-04" tag="NP" text="Roy">
        <cmp x="790" y="1667" width="37" height="56" />
        <cmp x="818" y="1702" width="25" height="21" />
        <cmp x="830" y="1695" width="39" height="68" />
      </word>
      <word id="c04-139-05-05" tag="NP" text="Welensky">
        <cmp x="909" y="1680" width="41" height="40" />
        <cmp x="950" y="1665" width="76" height="56" />
        <cmp x="1026" y="1687" width="33" height="63" />
        <cmp x="1066" y="1692" width="25" height="37" />
        <cmp x="1090" y="1654" width="63" height="91" />
      </word>
      <word id="c04-139-05-06" tag="ATI" text="the">
        <cmp x="1193" y="1653" width="75" height="70" />
      </word>
      <word id="c04-139-05-07" tag="NPT" text="Premier">
        <cmp x="1324" y="1665" width="23" height="56" />
        <cmp x="1344" y="1693" width="28" height="32" />
        <cmp x="1370" y="1691" width="23" height="32" />
        <cmp x="1402" y="1700" width="34" height="24" />
        <cmp x="1443" y="1703" width="15" height="25" />
        <cmp x="1459" y="1682" width="6" height="13" />
        <cmp x="1467" y="1696" width="25" height="29" />
        <cmp x="1490" y="1699" width="28" height="37" />
      </word>
      <word id="c04-139-05-08" tag="INO" text="of">
        <cmp x="1549" y="1709" width="25" height="21" />
        <cmp x="1583" y="1658" width="29" height="63" />
      </word>
      <word id="c04-139-05-09" tag="ATI" text="the">
        <cmp x="1650" y="1647" width="88" height="85" />
      </word>
      <word id="c04-139-05-10" tag="NN" text="Federation">
        <cmp x="1767" y="1672" width="45" height="56" />
        <cmp x="1813" y="1699" width="21" height="26" />
        <cmp x="1849" y="1679" width="42" height="52" />
        <cmp x="1892" y="1708" width="20" height="26" />
        <cmp x="1921" y="1706" width="22" height="26" />
        <cmp x="1960" y="1665" width="92" height="72" />
        <cmp x="2050" y="1711" width="20" height="18" />
        <cmp x="2072" y="1713" width="28" height="38" />
      </word>
      <upper-contour>
        <point x="261" y="1608" />
        <point x="2101" y="1608" />
      </upper-contour>
      <lower-contour>
        <point x="287" y="1763" />
        <point x="1617" y="1763" />
      </lower-contour>
    </line>
    <line ass="-679" asx="0" asy="1817" character-width="999" dss="-679" dsx="0" dsy="1933" fd0="13796" fd1="2141" fd2="-629" filter-width="3" id="c04-139-06" lbs="-585" lbx="0" lby="1896" segmentation="ok" slant="71000" stroke-width="4802" threshold="186" text="of Rhodesia and Nyasaland (10.30 p.m.)." ubs="-866" ubx="0" uby="1864">
      <word id="c04-139-06-00" tag="INO" text="of">
        <cmp x="289" y="1876" width="13" height="29" />
        <cmp x="318" y="1830" width="34" height="69" />
      </word>
      <word id="c04-139-06-01" tag="NP" text="Rhodesia">
        <cmp x="396" y="1848" width="28" height="52" />
        <cmp x="426" y="1828" width="31" height="72" />
        <cmp x="463" y="1879" width="21" height="26" />
        <cmp x="490" y="1838" width="40" height="62" />
        <cmp x="529" y="1870" width="21" height="26" />
        <cmp x="557" y="1858" width="23" height="37" />
        <cmp x="580" y="1879" width="12" height="20" />
        <cmp x="602" y="1870" width="30" height="27" />
      </word>
      <word id="c04-139-06-02" tag="CC" text="and">
        <cmp x="691" y="1840" width="90" height="62" />
      </word>
      <word id="c04-139-06-03" tag="NP" text="Nyasaland">
        <cmp x="808" y="1849" width="63" height="72" />
        <cmp x="847" y="1879" width="39" height="62" />
        <cmp x="897" y="1877" width="53" height="31" />
        <cmp x="962" y="1878" width="24" height="32" />
        <cmp x="987" y="1829" width="103" height="103" />
        <cmp x="1097" y="1839" width="49" height="64" />
      </word>
      <word id="c04-139-06-04" tag="(" text="(">
        <cmp x="1250" y="1837" width="36" height="78" />
        <cmp x="1286" y="1837" width="3" height="5" />
      </word>
      <word id="c04-139-06-05" tag="CD" text="10.30">
        <cmp x="1279" y="1876" width="13" height="30" />
        <cmp x="1298" y="1876" width="22" height="28" />
        <cmp x="1335" y="1906" width="8" height="7" />
        <cmp x="1357" y="1880" width="22" height="32" />
        <cmp x="1389" y="1874" width="31" height="31" />
      </word>
      <word id="c04-139-06-06" tag="RB" text="p.m.">
        <cmp x="1428" y="1884" width="33" height="65" />
        <cmp x="1479" y="1903" width="5" height="6" />
        <cmp x="1490" y="1880" width="37" height="33" />
        <cmp x="1540" y="1910" width="8" height="6" />
      </word>
      <word id="c04-139-06-07" tag=")" text=")">
        <cmp x="1554" y="1835" width="31" height="76" />
      </word>
      <word id="c04-139-06-08" tag="." text=".">
        <cmp x="1610" y="1905" width="7" height="6" />
      </word>
      <upper-contour>
        <point x="287" y="1763" />
        <point x="1617" y="1763" />
      </upper-contour>
    </line>
  </handwritten-part>
</form>

