<?xml version="1.0" encoding="ISO-8859-1"?>

<!DOCTYPE form SYSTEM 'http://www.iam.unibe.ch/~fki/iamdb/form-metadata.dtd'>

<form created="2002-01-17" height="3542" id="c04-122" last-modified="2002-07-17" skew="-30" status="final" version="3.0_beta" width="2479" writer-id="164">
  <machine-printed-part>
    <machine-print-line text="&amp;quot;Let&apos;s have another song with a month in it,&amp;quot; said Tolch. Mr. Charles obliged with" />
    <machine-print-line text="&amp;quot;April Serenade.&amp;quot; This week it appears, a tuneful melody sung impeccably by Robert" />
    <machine-print-line text="Earl (Philips). PRODUCER Russell Turner, 33, provides his last programme for the" />
    <machine-print-line text="B B C tonight with Robert Harbin&apos;s &amp;quot;Mystery and Magic&amp;quot; (7.30). After six years" />
    <machine-print-line text="with the Corporation, during which he started &amp;quot;Juke Box Jury&amp;quot; and directed &amp;quot;Six-" />
    <machine-print-line text="Five Special,&amp;quot; Turner is aiming to go into free-lance T V, film and stage production" />
    <machine-print-line text="work." />
  </machine-printed-part>
  <handwritten-part>
    <line ass="-27" asx="0" asy="888" character-width="999" dss="-27" dsx="0" dsy="1053" fd0="13157" fd1="2998" fd2="-852" filter-width="3" id="c04-122-00" lbs="45" lbx="0" lby="991" segmentation="err" slant="80000" stroke-width="4946" threshold="179" text="&amp;quot;Let&apos;s have another song with a month in it,&amp;quot; said Tolch. Mr." ubs="-173" ubx="0" uby="959">
      <word id="c04-122-00-00" sentence-start="yes" tag="*&apos;" text="&quot;">
        <cmp x="337" y="894" width="5" height="22" />
        <cmp x="348" y="896" width="9" height="17" />
      </word>
      <word id="c04-122-00-01" tag="VB" text="Let">
        <cmp x="372" y="890" width="30" height="96" />
        <cmp x="411" y="951" width="26" height="41" />
        <cmp x="437" y="917" width="24" height="70" />
      </word>
      <word id="c04-122-00-02" tag="PP1OS" text="&apos;s">
        <cmp x="474" y="905" width="6" height="22" />
        <cmp x="486" y="956" width="21" height="36" />
      </word>
      <word id="c04-122-00-03" tag="HV" text="have">
        <cmp x="575" y="909" width="31" height="87" />
        <cmp x="605" y="959" width="54" height="36" />
        <cmp x="666" y="959" width="24" height="35" />
      </word>
      <word id="c04-122-00-04" tag="DT" text="another">
        <cmp x="754" y="959" width="28" height="39" />
        <cmp x="788" y="965" width="56" height="35" />
        <cmp x="847" y="935" width="23" height="61" />
        <cmp x="877" y="928" width="21" height="68" />
        <cmp x="900" y="959" width="51" height="36" />
      </word>
      <word id="c04-122-00-05" tag="NN" text="song">
        <cmp x="985" y="956" width="28" height="38" />
        <cmp x="1003" y="951" width="12" height="4" />
        <cmp x="1020" y="966" width="25" height="31" />
        <cmp x="1048" y="969" width="4" height="5" />
        <cmp x="1048" y="964" width="26" height="30" />
        <cmp x="1071" y="960" width="35" height="95" />
      </word>
      <word id="c04-122-00-06" tag="IN" text="with">
        <cmp x="1198" y="965" width="17" height="33" />
        <cmp x="1216" y="961" width="21" height="35" />
        <cmp x="1245" y="968" width="6" height="24" />
        <cmp x="1251" y="949" width="4" height="8" />
        <cmp x="1257" y="942" width="21" height="54" />
        <cmp x="1281" y="936" width="23" height="57" />
      </word>
      <word id="c04-122-00-07" tag="AT" text="a">
        <cmp x="1345" y="958" width="29" height="35" />
      </word>
      <word id="c04-122-00-08" tag="NN" text="month">
        <cmp x="1426" y="963" width="34" height="31" />
        <cmp x="1467" y="967" width="25" height="28" />
        <cmp x="1491" y="968" width="24" height="29" />
        <cmp x="1525" y="941" width="40" height="57" />
      </word>
      <word id="c04-122-00-09" tag="IN" text="in">
        <cmp x="1629" y="975" width="7" height="17" />
        <cmp x="1646" y="972" width="24" height="24" />
      </word>
      <word id="c04-122-00-10" tag="PP3" text="it">
        <cmp x="1711" y="976" width="6" height="21" />
        <cmp x="1714" y="950" width="3" height="4" />
        <cmp x="1728" y="950" width="19" height="50" />
      </word>
      <word id="c04-122-00-11" tag="," text=",">
        <cmp x="1750" y="1002" width="8" height="16" />
        <cmp x="1762" y="938" width="7" height="18" />
      </word>
      <word id="c04-122-00-12" tag="**&apos;" text="&quot;">
        <cmp x="1773" y="938" width="7" height="15" />
      </word>
      <word id="c04-122-00-13" tag="VBD" text="said">
        <cmp x="1797" y="968" width="25" height="33" />
        <cmp x="1828" y="972" width="41" height="28" />
        <cmp x="1867" y="957" width="3" height="5" />
        <cmp x="1873" y="944" width="29" height="56" />
      </word>
      <word id="c04-122-00-14" tag="NP" text="Tolch">
        <cmp x="1947" y="935" width="34" height="9" />
        <cmp x="1948" y="943" width="18" height="46" />
        <cmp x="1970" y="962" width="26" height="32" />
        <cmp x="1998" y="930" width="34" height="61" />
        <cmp x="2026" y="942" width="50" height="54" />
      </word>
      <word id="c04-122-00-15" tag="." text=".">
        <cmp x="2090" y="994" width="4" height="4" />
      </word>
      <word id="c04-122-00-16" sentence-start="yes" tag="NPT" text="Mr.">
        <cmp x="2113" y="940" width="46" height="56" />
        <cmp x="2158" y="970" width="20" height="26" />
        <cmp x="2185" y="992" width="4" height="4" />
      </word>
      <lower-contour>
        <point x="335" y="1055" />
        <point x="2169" y="1055" />
      </lower-contour>
    </line>
    <line ass="265" asx="0" asy="1109" character-width="999" dss="265" dsx="0" dsy="1228" fd0="13234" fd1="3413" fd2="-1063" filter-width="3" id="c04-122-01" lbs="293" lbx="0" lby="1177" segmentation="err" slant="77000" stroke-width="4968" threshold="177" text="Charles obliged with &amp;quot;April Serenade.&amp;quot; This week it appears, a" ubs="209" ubx="0" uby="1149">
      <word id="c04-122-01-00" tag="NP" text="Charles">
        <cmp x="320" y="1121" width="28" height="59" />
        <cmp x="348" y="1109" width="24" height="74" />
        <cmp x="375" y="1153" width="56" height="32" />
        <cmp x="434" y="1116" width="26" height="69" />
        <cmp x="453" y="1151" width="44" height="39" />
      </word>
      <word id="c04-122-01-01" tag="VBD" text="obliged">
        <cmp x="592" y="1142" width="26" height="30" />
        <cmp x="622" y="1114" width="23" height="59" />
        <cmp x="649" y="1109" width="21" height="68" />
        <cmp x="668" y="1153" width="10" height="22" />
        <cmp x="678" y="1135" width="3" height="6" />
        <cmp x="678" y="1146" width="29" height="76" />
        <cmp x="712" y="1120" width="48" height="62" />
      </word>
      <word id="c04-122-01-02" tag="IN" text="with">
        <cmp x="849" y="1139" width="39" height="33" />
        <cmp x="892" y="1147" width="8" height="21" />
        <cmp x="900" y="1122" width="3" height="10" />
        <cmp x="908" y="1125" width="19" height="50" />
        <cmp x="929" y="1120" width="26" height="54" />
      </word>
      <word id="c04-122-01-03" tag="*&apos;" text="&quot;">
        <cmp x="1004" y="1113" width="5" height="17" />
        <cmp x="1011" y="1113" width="7" height="18" />
      </word>
      <word id="c04-122-01-04" tag="NR" text="April">
        <cmp x="1035" y="1118" width="23" height="55" />
        <cmp x="1054" y="1143" width="28" height="57" />
        <cmp x="1085" y="1148" width="20" height="29" />
        <cmp x="1105" y="1157" width="8" height="20" />
        <cmp x="1119" y="1124" width="27" height="53" />
      </word>
      <word id="c04-122-01-05" tag="NN" text="Serenade">
        <cmp x="1189" y="1119" width="31" height="54" />
        <cmp x="1220" y="1147" width="47" height="30" />
        <cmp x="1267" y="1146" width="22" height="32" />
        <cmp x="1292" y="1150" width="26" height="26" />
        <cmp x="1323" y="1149" width="23" height="29" />
        <cmp x="1350" y="1130" width="35" height="48" />
        <cmp x="1384" y="1151" width="21" height="28" />
        <cmp x="1416" y="1125" width="7" height="18" />
      </word>
      <word id="c04-122-01-06" tag="." text=".">
        <cmp x="1427" y="1126" width="7" height="13" />
      </word>
      <word id="c04-122-01-07" tag="**&apos;" text="&quot;">
        <cmp x="1438" y="1173" width="4" height="5" />
      </word>
      <word id="c04-122-01-08" sentence-start="yes" tag="DT" text="This">
        <cmp x="1484" y="1115" width="30" height="6" />
        <cmp x="1486" y="1121" width="14" height="47" />
        <cmp x="1510" y="1116" width="38" height="59" />
        <cmp x="1546" y="1133" width="4" height="5" />
        <cmp x="1548" y="1139" width="25" height="36" />
      </word>
      <word id="c04-122-01-09" tag="NN" text="week">
        <cmp x="1622" y="1142" width="38" height="35" />
        <cmp x="1663" y="1140" width="72" height="33" />
      </word>
      <word id="c04-122-01-10" tag="PP3" text="it">
        <cmp x="1797" y="1148" width="7" height="25" />
        <cmp x="1807" y="1131" width="4" height="5" />
        <cmp x="1817" y="1119" width="17" height="50" />
      </word>
      <word id="c04-122-01-11" tag="VBZ" text="appears">
        <cmp x="1875" y="1139" width="48" height="81" />
        <cmp x="1915" y="1140" width="37" height="77" />
        <cmp x="1954" y="1142" width="75" height="33" />
        <cmp x="2026" y="1144" width="24" height="31" />
      </word>
      <word id="c04-122-01-12" tag="," text=",">
        <cmp x="2072" y="1171" width="11" height="22" />
      </word>
      <word id="c04-122-01-13" tag="AT" text="a">
        <cmp x="2133" y="1139" width="35" height="31" />
      </word>
      <upper-contour>
        <point x="335" y="1055" />
        <point x="2169" y="1055" />
      </upper-contour>
      <lower-contour>
        <point x="318" y="1223" />
        <point x="2169" y="1223" />
      </lower-contour>
    </line>
    <line ass="186" asx="0" asy="1286" character-width="999" dss="186" dsx="0" dsy="1401" fd0="12642" fd1="2679" fd2="-1576" filter-width="3" id="c04-122-02" lbs="117" lbx="0" lby="1356" segmentation="ok" slant="90000" stroke-width="4951" threshold="175" text="tuneful melody sung impeccably by Robert Earl (Philips). PRODUCER" ubs="323" ubx="0" uby="1322">
      <word id="c04-122-02-00" tag="JJ" text="tuneful">
        <cmp x="319" y="1286" width="23" height="63" />
        <cmp x="348" y="1318" width="25" height="32" />
        <cmp x="379" y="1325" width="22" height="28" />
        <cmp x="404" y="1324" width="19" height="30" />
        <cmp x="423" y="1302" width="25" height="74" />
        <cmp x="446" y="1326" width="23" height="29" />
        <cmp x="477" y="1292" width="19" height="61" />
      </word>
      <word id="c04-122-02-01" tag="NN" text="melody">
        <cmp x="548" y="1316" width="34" height="35" />
        <cmp x="594" y="1316" width="19" height="32" />
        <cmp x="617" y="1286" width="38" height="67" />
        <cmp x="659" y="1293" width="27" height="55" />
        <cmp x="683" y="1320" width="29" height="72" />
      </word>
      <word id="c04-122-02-02" tag="VBN" text="sung">
        <cmp x="784" y="1317" width="24" height="36" />
        <cmp x="812" y="1323" width="26" height="29" />
        <cmp x="842" y="1326" width="26" height="30" />
        <cmp x="871" y="1320" width="34" height="76" />
      </word>
      <word id="c04-122-02-03" tag="RB" text="impeccably">
        <cmp x="985" y="1326" width="6" height="24" />
        <cmp x="1005" y="1327" width="28" height="31" />
        <cmp x="1038" y="1325" width="22" height="64" />
        <cmp x="1062" y="1323" width="21" height="31" />
        <cmp x="1089" y="1325" width="18" height="30" />
        <cmp x="1112" y="1326" width="22" height="30" />
        <cmp x="1136" y="1328" width="27" height="27" />
        <cmp x="1167" y="1305" width="23" height="56" />
        <cmp x="1202" y="1300" width="15" height="57" />
        <cmp x="1217" y="1329" width="30" height="65" />
      </word>
      <word id="c04-122-02-04" tag="IN" text="by">
        <cmp x="1318" y="1303" width="24" height="57" />
        <cmp x="1339" y="1328" width="36" height="69" />
      </word>
      <word id="c04-122-02-05" tag="NP" text="Robert">
        <cmp x="1421" y="1296" width="24" height="51" />
        <cmp x="1445" y="1323" width="26" height="26" />
        <cmp x="1477" y="1297" width="24" height="54" />
        <cmp x="1506" y="1325" width="39" height="30" />
        <cmp x="1552" y="1306" width="17" height="52" />
      </word>
      <word id="c04-122-02-06" tag="NPT" text="Earl">
        <cmp x="1642" y="1306" width="28" height="44" />
        <cmp x="1647" y="1328" width="15" height="4" />
        <cmp x="1670" y="1323" width="59" height="30" />
        <cmp x="1728" y="1298" width="24" height="57" />
      </word>
      <word id="c04-122-02-07" tag="(" text="(">
        <cmp x="1798" y="1291" width="25" height="57" />
      </word>
      <word id="c04-122-02-08" tag="NP" text="Philips">
        <cmp x="1838" y="1294" width="24" height="61" />
        <cmp x="1869" y="1293" width="35" height="65" />
        <cmp x="1902" y="1317" width="3" height="7" />
        <cmp x="1912" y="1294" width="33" height="66" />
        <cmp x="1944" y="1323" width="3" height="4" />
        <cmp x="1952" y="1331" width="19" height="64" />
        <cmp x="1972" y="1332" width="20" height="29" />
      </word>
      <word id="c04-122-02-09" tag=")" text=")">
        <cmp x="1995" y="1301" width="21" height="68" />
      </word>
      <word id="c04-122-02-10" tag="." text=".">
        <cmp x="2044" y="1347" width="4" height="5" />
      </word>
      <word id="c04-122-02-11" sentence-start="yes" tag="NN" text="PRODUCER">
        <cmp x="2069" y="1286" width="25" height="65" />
        <cmp x="2096" y="1296" width="24" height="67" />
        <cmp x="2124" y="1316" width="29" height="43" />
        <cmp x="2157" y="1302" width="28" height="55" />
        <cmp x="2190" y="1309" width="24" height="41" />
        <cmp x="2225" y="1299" width="48" height="50" />
        <cmp x="2281" y="1298" width="25" height="46" />
      </word>
      <upper-contour>
        <point x="318" y="1223" />
        <point x="2169" y="1223" />
      </upper-contour>
      <lower-contour>
        <point x="323" y="1397" />
        <point x="2255" y="1397" />
      </lower-contour>
    </line>
    <line ass="-318" asx="0" asy="1460" character-width="999" dss="-318" dsx="0" dsy="1576" fd0="12752" fd1="2754" fd2="-1030" filter-width="3" id="c04-122-03" lbs="-333" lbx="0" lby="1530" segmentation="err" slant="90000" stroke-width="4905" threshold="176" text="Russell Turner, 33, provides his last programme for the B B C tonight" ubs="-288" ubx="0" uby="1500">
      <word id="c04-122-03-00" tag="NP" text="Russell">
        <cmp x="325" y="1473" width="22" height="59" />
        <cmp x="355" y="1502" width="23" height="33" />
        <cmp x="379" y="1502" width="25" height="37" />
        <cmp x="402" y="1501" width="21" height="36" />
        <cmp x="424" y="1508" width="21" height="29" />
        <cmp x="450" y="1466" width="43" height="71" />
      </word>
      <word id="c04-122-03-01" tag="NP" text="Turner">
        <cmp x="567" y="1465" width="27" height="59" />
        <cmp x="594" y="1499" width="21" height="29" />
        <cmp x="622" y="1500" width="13" height="28" />
        <cmp x="641" y="1503" width="23" height="32" />
        <cmp x="669" y="1504" width="40" height="27" />
      </word>
      <word id="c04-122-03-02" tag="," text=",">
        <cmp x="723" y="1530" width="7" height="18" />
      </word>
      <word id="c04-122-03-03" tag="CD" text="33">
        <cmp x="764" y="1491" width="25" height="37" />
        <cmp x="791" y="1484" width="26" height="38" />
        <cmp x="813" y="1534" width="16" height="23" />
      </word>
      <word id="c04-122-03-04" tag="," text=",">
        <cmp x="880" y="1509" width="22" height="68" />
      </word>
      <word id="c04-122-03-05" tag="VBZ" text="provides">
        <cmp x="907" y="1513" width="13" height="28" />
        <cmp x="924" y="1512" width="41" height="28" />
        <cmp x="972" y="1519" width="6" height="17" />
        <cmp x="976" y="1504" width="3" height="8" />
        <cmp x="987" y="1481" width="26" height="53" />
        <cmp x="1024" y="1504" width="42" height="37" />
      </word>
      <word id="c04-122-03-06" tag="PP$" text="his">
        <cmp x="1127" y="1483" width="37" height="51" />
        <cmp x="1156" y="1494" width="4" height="6" />
        <cmp x="1171" y="1503" width="18" height="32" />
      </word>
      <word id="c04-122-03-07" tag="AP" text="last">
        <cmp x="1237" y="1468" width="62" height="70" />
        <cmp x="1299" y="1484" width="17" height="50" />
      </word>
      <word id="c04-122-03-08" tag="NN" text="programme">
        <cmp x="1389" y="1511" width="20" height="61" />
        <cmp x="1417" y="1512" width="10" height="25" />
        <cmp x="1427" y="1508" width="61" height="70" />
        <cmp x="1489" y="1509" width="11" height="28" />
        <cmp x="1500" y="1507" width="29" height="29" />
        <cmp x="1538" y="1506" width="36" height="30" />
        <cmp x="1578" y="1510" width="30" height="28" />
        <cmp x="1612" y="1508" width="19" height="33" />
      </word>
      <word id="c04-122-03-09" tag="IN" text="for">
        <cmp x="1682" y="1497" width="53" height="64" />
        <cmp x="1735" y="1518" width="16" height="27" />
      </word>
      <word id="c04-122-03-10" tag="ATI" text="the">
        <cmp x="1791" y="1495" width="21" height="47" />
        <cmp x="1821" y="1493" width="22" height="54" />
        <cmp x="1850" y="1515" width="22" height="24" />
      </word>
      <word id="c04-122-03-11" tag="NP" text="B B C">
        <cmp x="1919" y="1485" width="30" height="47" />
        <cmp x="1960" y="1489" width="29" height="43" />
        <cmp x="2000" y="1495" width="31" height="36" />
      </word>
      <word id="c04-122-03-12" tag="NR" text="tonight">
        <cmp x="2072" y="1478" width="50" height="65" />
        <cmp x="2126" y="1513" width="23" height="32" />
        <cmp x="2155" y="1517" width="6" height="22" />
        <cmp x="2157" y="1498" width="3" height="6" />
        <cmp x="2163" y="1513" width="35" height="76" />
        <cmp x="2203" y="1497" width="31" height="51" />
        <cmp x="2231" y="1498" width="23" height="54" />
      </word>
      <upper-contour>
        <point x="323" y="1397" />
        <point x="2255" y="1397" />
      </upper-contour>
      <lower-contour>
        <point x="331" y="1589" />
        <point x="2255" y="1589" />
      </lower-contour>
    </line>
    <line ass="-121" asx="0" asy="1646" character-width="999" dss="-121" dsx="0" dsy="1764" fd0="12694" fd1="2847" fd2="-1116" filter-width="3" id="c04-122-04" lbs="-103" lbx="0" lby="1706" segmentation="err" slant="90000" stroke-width="4956" threshold="175" text="with Robert Harbin&apos;s &amp;quot;Mystery and Magic&amp;quot; (7.30). After six years" ubs="-158" ubx="0" uby="1680">
      <word id="c04-122-04-00" tag="IN" text="with">
        <cmp x="333" y="1679" width="33" height="33" />
        <cmp x="374" y="1665" width="3" height="3" />
        <cmp x="374" y="1687" width="5" height="20" />
        <cmp x="388" y="1655" width="23" height="57" />
        <cmp x="412" y="1654" width="26" height="57" />
      </word>
      <word id="c04-122-04-01" tag="NP" text="Robert">
        <cmp x="497" y="1650" width="109" height="60" />
        <cmp x="617" y="1660" width="19" height="53" />
      </word>
      <word id="c04-122-04-02" tag="NP$" text="Harbin&apos;s">
        <cmp x="691" y="1656" width="20" height="62" />
        <cmp x="722" y="1681" width="54" height="32" />
        <cmp x="788" y="1656" width="27" height="62" />
        <cmp x="823" y="1673" width="4" height="5" />
        <cmp x="823" y="1693" width="8" height="22" />
        <cmp x="843" y="1688" width="23" height="27" />
        <cmp x="864" y="1664" width="9" height="14" />
        <cmp x="873" y="1683" width="26" height="26" />
      </word>
      <word id="c04-122-04-03" tag="*&apos;" text="&quot;">
        <cmp x="972" y="1650" width="5" height="16" />
        <cmp x="981" y="1650" width="7" height="14" />
      </word>
      <word id="c04-122-04-04" tag="NN" text="Mystery">
        <cmp x="1011" y="1659" width="35" height="55" />
        <cmp x="1048" y="1682" width="33" height="70" />
        <cmp x="1082" y="1685" width="22" height="29" />
        <cmp x="1109" y="1661" width="15" height="53" />
        <cmp x="1129" y="1682" width="39" height="31" />
        <cmp x="1174" y="1684" width="27" height="61" />
      </word>
      <word id="c04-122-04-05" tag="CC" text="and">
        <cmp x="1242" y="1680" width="31" height="32" />
        <cmp x="1280" y="1687" width="26" height="30" />
        <cmp x="1309" y="1667" width="29" height="52" />
      </word>
      <word id="c04-122-04-06" tag="NN" text="Magic">
        <cmp x="1415" y="1667" width="30" height="49" />
        <cmp x="1451" y="1686" width="71" height="83" />
        <cmp x="1519" y="1677" width="3" height="8" />
        <cmp x="1533" y="1689" width="21" height="24" />
      </word>
      <word id="c04-122-04-07" tag="**&apos;" text="&quot;">
        <cmp x="1563" y="1666" width="5" height="16" />
        <cmp x="1574" y="1663" width="5" height="21" />
      </word>
      <word id="c04-122-04-08" tag="(" text="(">
        <cmp x="1621" y="1662" width="18" height="44" />
      </word>
      <word id="c04-122-04-09" tag="CD" text="7.30">
        <cmp x="1652" y="1666" width="26" height="45" />
        <cmp x="1681" y="1699" width="5" height="4" />
        <cmp x="1693" y="1669" width="29" height="38" />
        <cmp x="1726" y="1679" width="24" height="30" />
      </word>
      <word id="c04-122-04-10" tag=")" text=")">
        <cmp x="1755" y="1666" width="14" height="57" />
      </word>
      <word id="c04-122-04-11" tag="." text=".">
        <cmp x="1785" y="1712" width="5" height="4" />
      </word>
      <word id="c04-122-04-12" sentence-start="yes" tag="IN" text="After">
        <cmp x="1821" y="1662" width="21" height="54" />
        <cmp x="1846" y="1669" width="29" height="65" />
        <cmp x="1873" y="1665" width="19" height="55" />
        <cmp x="1893" y="1687" width="50" height="31" />
      </word>
      <word id="c04-122-04-13" tag="CD" text="six">
        <cmp x="1998" y="1683" width="26" height="30" />
        <cmp x="2032" y="1671" width="4" height="8" />
        <cmp x="2034" y="1689" width="6" height="23" />
        <cmp x="2060" y="1685" width="21" height="29" />
      </word>
      <word id="c04-122-04-14" tag="NNS" text="years">
        <cmp x="2153" y="1679" width="34" height="74" />
        <cmp x="2180" y="1679" width="66" height="28" />
        <cmp x="2252" y="1678" width="26" height="24" />
      </word>
      <upper-contour>
        <point x="331" y="1589" />
        <point x="2255" y="1589" />
      </upper-contour>
      <lower-contour>
        <point x="331" y="1769" />
        <point x="2279" y="1769" />
      </lower-contour>
    </line>
    <line ass="512" asx="0" asy="1836" character-width="999" dss="512" dsx="0" dsy="1954" fd0="12846" fd1="3065" fd2="-694" filter-width="3" id="c04-122-05" lbs="501" lbx="0" lby="1900" segmentation="ok" slant="97000" stroke-width="5076" threshold="174" text="with the Corporation, during which he started &amp;quot;Juke Box Jury&amp;quot; and" ubs="533" ubx="0" uby="1873">
      <word id="c04-122-05-00" tag="IN" text="with">
        <cmp x="317" y="1858" width="33" height="32" />
        <cmp x="355" y="1868" width="8" height="21" />
        <cmp x="375" y="1835" width="38" height="56" />
      </word>
      <word id="c04-122-05-01" tag="ATI" text="the">
        <cmp x="459" y="1840" width="18" height="60" />
        <cmp x="479" y="1839" width="24" height="61" />
        <cmp x="507" y="1869" width="22" height="30" />
      </word>
      <word id="c04-122-05-02" tag="NN" text="Corporation">
        <cmp x="587" y="1832" width="25" height="48" />
        <cmp x="616" y="1856" width="38" height="32" />
        <cmp x="656" y="1865" width="22" height="61" />
        <cmp x="683" y="1865" width="23" height="28" />
        <cmp x="712" y="1850" width="83" height="52" />
        <cmp x="784" y="1861" width="3" height="7" />
        <cmp x="799" y="1872" width="29" height="25" />
        <cmp x="831" y="1874" width="24" height="27" />
      </word>
      <word id="c04-122-05-03" tag="," text=",">
        <cmp x="864" y="1898" width="7" height="18" />
      </word>
      <word id="c04-122-05-04" tag="IN" text="during">
        <cmp x="926" y="1845" width="26" height="52" />
        <cmp x="961" y="1869" width="25" height="24" />
        <cmp x="992" y="1866" width="15" height="26" />
        <cmp x="1013" y="1853" width="5" height="6" />
        <cmp x="1014" y="1871" width="5" height="21" />
        <cmp x="1030" y="1864" width="60" height="82" />
      </word>
      <word id="c04-122-05-05" tag="WDT" text="which">
        <cmp x="1157" y="1858" width="36" height="28" />
        <cmp x="1194" y="1828" width="45" height="61" />
        <cmp x="1247" y="1863" width="21" height="25" />
        <cmp x="1270" y="1836" width="28" height="57" />
      </word>
      <word id="c04-122-05-06" tag="PP3A" text="he">
        <cmp x="1377" y="1838" width="22" height="56" />
        <cmp x="1401" y="1864" width="23" height="26" />
      </word>
      <word id="c04-122-05-07" tag="VBD" text="started">
        <cmp x="1464" y="1859" width="26" height="32" />
        <cmp x="1493" y="1840" width="19" height="52" />
        <cmp x="1511" y="1866" width="47" height="27" />
        <cmp x="1561" y="1845" width="18" height="50" />
        <cmp x="1581" y="1846" width="47" height="52" />
      </word>
      <word id="c04-122-05-08" tag="*&apos;" text="&quot;">
        <cmp x="1704" y="1831" width="6" height="22" />
        <cmp x="1717" y="1833" width="5" height="18" />
      </word>
      <word id="c04-122-05-09" tag="NN" text="Juke">
        <cmp x="1745" y="1903" width="10" height="8" />
        <cmp x="1746" y="1836" width="32" height="85" />
        <cmp x="1781" y="1863" width="25" height="27" />
        <cmp x="1814" y="1857" width="23" height="29" />
        <cmp x="1840" y="1858" width="22" height="26" />
      </word>
      <word id="c04-122-05-10" tag="NN" text="Box">
        <cmp x="1899" y="1832" width="35" height="49" />
        <cmp x="1936" y="1859" width="30" height="24" />
        <cmp x="1965" y="1859" width="29" height="25" />
      </word>
      <word id="c04-122-05-11" tag="NN" text="Jury">
        <cmp x="2033" y="1837" width="28" height="76" />
        <cmp x="2064" y="1864" width="25" height="24" />
        <cmp x="2097" y="1862" width="13" height="24" />
        <cmp x="2112" y="1863" width="31" height="61" />
      </word>
      <word id="c04-122-05-12" tag="**&apos;" text="&quot;">
        <cmp x="2141" y="1830" width="8" height="18" />
        <cmp x="2152" y="1828" width="5" height="22" />
      </word>
      <word id="c04-122-05-13" tag="CC" text="and">
        <cmp x="2205" y="1840" width="84" height="48" />
      </word>
      <upper-contour>
        <point x="331" y="1769" />
        <point x="2279" y="1769" />
      </upper-contour>
      <lower-contour>
        <point x="315" y="1946" />
        <point x="2239" y="1946" />
      </lower-contour>
    </line>
    <line ass="-197" asx="0" asy="1996" character-width="999" dss="-197" dsx="0" dsy="2127" fd0="13095" fd1="3073" fd2="-896" filter-width="3" id="c04-122-06" lbs="-247" lbx="0" lby="2061" segmentation="ok" slant="97000" stroke-width="4913" threshold="178" text="directed &amp;quot;Six-Five Special,&amp;quot; Turner is aiming to go into free-lance" ubs="-97" ubx="0" uby="2043">
      <word id="c04-122-06-00" tag="VBD" text="directed">
        <cmp x="305" y="2014" width="23" height="61" />
        <cmp x="336" y="2053" width="6" height="18" />
        <cmp x="353" y="2046" width="13" height="26" />
        <cmp x="372" y="2042" width="17" height="26" />
        <cmp x="393" y="2023" width="37" height="49" />
        <cmp x="433" y="2012" width="47" height="57" />
      </word>
      <word id="c04-122-06-01" tag="*&apos;" text="&quot;">
        <cmp x="539" y="2005" width="9" height="24" />
        <cmp x="551" y="2010" width="5" height="19" />
      </word>
      <word id="c04-122-06-02" tag="CD-CD" text="Six-Five">
        <cmp x="578" y="2021" width="26" height="48" />
        <cmp x="613" y="2051" width="6" height="22" />
        <cmp x="614" y="2037" width="4" height="5" />
        <cmp x="631" y="2051" width="22" height="28" />
        <cmp x="670" y="2060" width="16" height="4" />
        <cmp x="708" y="2033" width="30" height="39" />
        <cmp x="744" y="2036" width="5" height="9" />
        <cmp x="745" y="2054" width="6" height="17" />
        <cmp x="761" y="2049" width="12" height="21" />
        <cmp x="776" y="2045" width="24" height="28" />
      </word>
      <word id="c04-122-06-03" tag="NN" text="Special">
        <cmp x="846" y="2021" width="27" height="39" />
        <cmp x="879" y="2042" width="26" height="62" />
        <cmp x="906" y="2041" width="25" height="28" />
        <cmp x="936" y="2044" width="36" height="29" />
        <cmp x="980" y="2043" width="26" height="27" />
        <cmp x="1012" y="2015" width="18" height="52" />
      </word>
      <word id="c04-122-06-04" tag="," text=",">
        <cmp x="1040" y="2068" width="5" height="14" />
      </word>
      <word id="c04-122-06-05" tag="**&apos;" text="&quot;">
        <cmp x="1058" y="2001" width="4" height="16" />
        <cmp x="1069" y="2001" width="4" height="13" />
      </word>
      <word id="c04-122-06-06" tag="NP" text="Turner">
        <cmp x="1127" y="2007" width="35" height="53" />
        <cmp x="1158" y="2038" width="24" height="31" />
        <cmp x="1191" y="2041" width="13" height="26" />
        <cmp x="1212" y="2043" width="21" height="25" />
        <cmp x="1238" y="2045" width="40" height="26" />
      </word>
      <word id="c04-122-06-07" tag="BEZ" text="is">
        <cmp x="1329" y="2028" width="5" height="7" />
        <cmp x="1330" y="2044" width="6" height="23" />
        <cmp x="1345" y="2041" width="25" height="30" />
      </word>
      <word id="c04-122-06-08" tag="VBG" text="aiming">
        <cmp x="1412" y="2041" width="46" height="30" />
        <cmp x="1449" y="2035" width="3" height="4" />
        <cmp x="1470" y="2046" width="34" height="30" />
        <cmp x="1508" y="2053" width="6" height="18" />
        <cmp x="1511" y="2032" width="4" height="10" />
        <cmp x="1522" y="2050" width="20" height="26" />
        <cmp x="1536" y="2050" width="33" height="83" />
      </word>
      <word id="c04-122-06-09" tag="TO" text="to">
        <cmp x="1654" y="2009" width="51" height="53" />
      </word>
      <word id="c04-122-06-10" tag="VB" text="go">
        <cmp x="1743" y="2034" width="43" height="98" />
        <cmp x="1784" y="2046" width="24" height="29" />
      </word>
      <word id="c04-122-06-11" tag="IN" text="into">
        <cmp x="1845" y="2029" width="5" height="10" />
        <cmp x="1846" y="2053" width="7" height="23" />
        <cmp x="1864" y="2049" width="23" height="26" />
        <cmp x="1893" y="2024" width="49" height="50" />
      </word>
      <word id="c04-122-06-12" tag="NN" text="free-lance">
        <cmp x="1973" y="2026" width="29" height="75" />
        <cmp x="2003" y="2049" width="15" height="28" />
        <cmp x="2022" y="2048" width="26" height="24" />
        <cmp x="2050" y="2045" width="26" height="27" />
        <cmp x="2090" y="2053" width="13" height="4" />
        <cmp x="2117" y="2018" width="18" height="55" />
        <cmp x="2135" y="2046" width="27" height="29" />
        <cmp x="2166" y="2049" width="25" height="24" />
        <cmp x="2198" y="2048" width="16" height="26" />
        <cmp x="2216" y="2046" width="22" height="25" />
      </word>
      <upper-contour>
        <point x="315" y="1946" />
        <point x="2239" y="1946" />
      </upper-contour>
      <lower-contour>
        <point x="321" y="2104" />
        <point x="1409" y="2104" />
      </lower-contour>
    </line>
    <line ass="170" asx="0" asy="2179" character-width="999" dss="170" dsx="0" dsy="2313" fd0="12694" fd1="3470" fd2="-790" filter-width="3" id="c04-122-07" lbs="484" lbx="0" lby="2258" segmentation="ok" slant="99000" stroke-width="4981" threshold="173" text="T V, film and stage production work." ubs="-459" ubx="0" uby="2214">
      <word id="c04-122-07-00" tag="NN" text="T V">
        <cmp x="323" y="2180" width="27" height="5" />
        <cmp x="334" y="2184" width="10" height="51" />
        <cmp x="360" y="2191" width="20" height="47" />
      </word>
      <word id="c04-122-07-01" tag="," text=",">
        <cmp x="401" y="2246" width="6" height="21" />
      </word>
      <word id="c04-122-07-02" tag="NN" text="film">
        <cmp x="448" y="2208" width="36" height="68" />
        <cmp x="474" y="2216" width="3" height="3" />
        <cmp x="495" y="2192" width="19" height="62" />
        <cmp x="525" y="2226" width="30" height="32" />
      </word>
      <word id="c04-122-07-03" tag="CC" text="and">
        <cmp x="628" y="2202" width="72" height="51" />
      </word>
      <word id="c04-122-07-04" tag="NN" text="stage">
        <cmp x="753" y="2221" width="26" height="34" />
        <cmp x="781" y="2207" width="18" height="48" />
        <cmp x="801" y="2225" width="77" height="87" />
        <cmp x="865" y="2226" width="24" height="23" />
      </word>
      <word id="c04-122-07-05" tag="NN" text="production">
        <cmp x="956" y="2223" width="26" height="68" />
        <cmp x="988" y="2223" width="13" height="26" />
        <cmp x="1003" y="2225" width="26" height="22" />
        <cmp x="1032" y="2200" width="28" height="49" />
        <cmp x="1066" y="2223" width="19" height="32" />
        <cmp x="1088" y="2202" width="51" height="53" />
        <cmp x="1128" y="2215" width="3" height="5" />
        <cmp x="1144" y="2227" width="28" height="24" />
        <cmp x="1178" y="2228" width="24" height="30" />
      </word>
      <word id="c04-122-07-06" tag="NN" text="work">
        <cmp x="1289" y="2218" width="60" height="31" />
        <cmp x="1349" y="2219" width="21" height="28" />
        <cmp x="1373" y="2216" width="21" height="33" />
      </word>
      <word id="c04-122-07-07" tag="." text=".">
        <cmp x="1404" y="2239" width="5" height="8" />
      </word>
      <upper-contour>
        <point x="321" y="2104" />
        <point x="1409" y="2104" />
      </upper-contour>
    </line>
  </handwritten-part>
</form>

