<?xml version="1.0" encoding="ISO-8859-1"?>

<!DOCTYPE form SYSTEM 'http://www.iam.unibe.ch/~fki/iamdb/form-metadata.dtd'>

<form created="2002-01-17" height="3542" id="c04-128" last-modified="2002-07-24" skew="-95" status="final" version="3.0_beta" width="2479" writer-id="165">
  <machine-printed-part>
    <machine-print-line text="&quot;I feel I&apos;ve done all I can at the B B C,&quot; he told me. &quot;We mutually agreed to part.&quot;" />
    <machine-print-line text="Escapologist Dill-Russell is a guest in Harbin&apos;s show tonight. Boxing fans can see" />
    <machine-print-line text="an eight-round feather-weight contest between Chris Elliot and Harry Carroll from" />
    <machine-print-line text="Leicester (B B C, 8.25). A SONGS-OF-BRITAIN medley is sung by David Hughes" />
    <machine-print-line text="in his &quot;Make Mine Music&quot; (B B C, 9.30 p.m.)." />
  </machine-printed-part>
  <handwritten-part>
    <line ass="86" asx="0" asy="728" character-width="999" dss="86" dsx="0" dsy="855" fd0="12616" fd1="2365" fd2="-682" filter-width="3" id="c04-128-00" lbs="-16" lbx="0" lby="835" segmentation="ok" slant="90000" stroke-width="5648" threshold="177" text="&quot;I feel I&apos;ve done all I can at the B B C,&quot; he" ubs="292" ubx="0" uby="791">
      <word id="c04-128-00-00" sentence-start="yes" tag="*&apos;" text="&quot;">
        <cmp x="331" y="750" width="5" height="21" />
        <cmp x="340" y="751" width="13" height="21" />
      </word>
      <word id="c04-128-00-01" tag="PP1A" text="I">
        <cmp x="380" y="744" width="28" height="111" />
      </word>
      <word id="c04-128-00-02" tag="VB" text="feel">
        <cmp x="462" y="729" width="44" height="104" />
        <cmp x="503" y="784" width="27" height="46" />
        <cmp x="531" y="751" width="50" height="77" />
      </word>
      <word id="c04-128-00-03" tag="PP1A" text="I">
        <cmp x="650" y="760" width="21" height="78" />
      </word>
      <word id="c04-128-00-04" tag="HV" text="&apos;ve">
        <cmp x="679" y="760" width="21" height="27" />
        <cmp x="711" y="795" width="27" height="42" />
        <cmp x="738" y="792" width="35" height="45" />
      </word>
      <word id="c04-128-00-05" tag="VBN" text="done">
        <cmp x="823" y="763" width="86" height="76" />
        <cmp x="912" y="786" width="26" height="44" />
        <cmp x="944" y="782" width="35" height="53" />
      </word>
      <word id="c04-128-00-06" tag="ABN" text="all">
        <cmp x="1027" y="757" width="104" height="79" />
      </word>
      <word id="c04-128-00-07" tag="PP1A" text="I">
        <cmp x="1192" y="740" width="35" height="105" />
      </word>
      <word id="c04-128-00-08" tag="MD" text="can">
        <cmp x="1257" y="791" width="117" height="44" />
      </word>
      <word id="c04-128-00-09" tag="IN" text="at">
        <cmp x="1416" y="757" width="90" height="76" />
      </word>
      <word id="c04-128-00-10" tag="ATI" text="the">
        <cmp x="1557" y="745" width="115" height="97" />
      </word>
      <word id="c04-128-00-11" tag="NP" text="B B C">
        <cmp x="1733" y="760" width="52" height="81" />
        <cmp x="1804" y="766" width="56" height="65" />
        <cmp x="1882" y="768" width="45" height="66" />
      </word>
      <word id="c04-128-00-12" tag="," text=",">
        <cmp x="1936" y="827" width="12" height="23" />
      </word>
      <word id="c04-128-00-13" tag="**&apos;" text="&quot;">
        <cmp x="1972" y="758" width="4" height="5" />
        <cmp x="1976" y="762" width="12" height="16" />
        <cmp x="1996" y="759" width="12" height="18" />
      </word>
      <word id="c04-128-00-14" tag="PP3A" text="he">
        <cmp x="2041" y="744" width="31" height="85" />
        <cmp x="2077" y="790" width="38" height="48" />
      </word>
      <lower-contour>
        <point x="329" y="856" />
        <point x="1879" y="856" />
      </lower-contour>
    </line>
    <line ass="208" asx="0" asy="907" character-width="999" dss="208" dsx="0" dsy="1065" fd0="12627" fd1="2337" fd2="-1643" filter-width="4" id="c04-128-01" lbs="418" lbx="0" lby="1013" segmentation="ok" slant="90000" stroke-width="5795" threshold="175" text="told me. &quot;We mutually agreed to part.&quot;" ubs="-212" ubx="0" uby="958">
      <word id="c04-128-01-00" tag="VBD" text="told">
        <cmp x="307" y="906" width="64" height="108" />
        <cmp x="369" y="921" width="84" height="89" />
      </word>
      <word id="c04-128-01-01" tag="PP1O" text="me">
        <cmp x="502" y="959" width="48" height="49" />
        <cmp x="551" y="957" width="31" height="60" />
      </word>
      <word id="c04-128-01-02" tag="." text=".">
        <cmp x="607" y="1005" width="9" height="11" />
      </word>
      <word id="c04-128-01-03" sentence-start="yes" tag="*&apos;" text="&quot;">
        <cmp x="668" y="927" width="18" height="25" />
        <cmp x="687" y="930" width="15" height="30" />
      </word>
      <word id="c04-128-01-04" tag="PP1AS" text="We">
        <cmp x="719" y="927" width="64" height="85" />
        <cmp x="790" y="965" width="45" height="46" />
      </word>
      <word id="c04-128-01-05" tag="RB" text="mutually">
        <cmp x="876" y="969" width="42" height="41" />
        <cmp x="926" y="937" width="84" height="80" />
        <cmp x="1013" y="972" width="82" height="44" />
        <cmp x="1096" y="930" width="99" height="128" />
      </word>
      <word id="c04-128-01-06" tag="VBD" text="agreed">
        <cmp x="1272" y="962" width="86" height="97" />
        <cmp x="1364" y="951" width="29" height="54" />
        <cmp x="1392" y="959" width="56" height="57" />
        <cmp x="1456" y="934" width="44" height="78" />
      </word>
      <word id="c04-128-01-07" tag="TO" text="to">
        <cmp x="1545" y="932" width="61" height="87" />
      </word>
      <word id="c04-128-01-08" tag="VB" text="part">
        <cmp x="1662" y="973" width="31" height="85" />
        <cmp x="1696" y="967" width="75" height="50" />
        <cmp x="1771" y="932" width="35" height="74" />
      </word>
      <word id="c04-128-01-09" tag="." text=".">
        <cmp x="1816" y="996" width="9" height="13" />
      </word>
      <word id="c04-128-01-10" tag="**&apos;" text="&quot;">
        <cmp x="1848" y="936" width="16" height="29" />
        <cmp x="1865" y="944" width="13" height="21" />
      </word>
      <upper-contour>
        <point x="329" y="856" />
        <point x="1879" y="856" />
      </upper-contour>
      <lower-contour>
        <point x="306" y="1059" />
        <point x="1879" y="1059" />
      </lower-contour>
    </line>
    <line ass="285" asx="0" asy="1103" character-width="999" dss="285" dsx="0" dsy="1248" fd0="13043" fd1="2441" fd2="-1754" filter-width="3" id="c04-128-02" lbs="320" lbx="0" lby="1191" segmentation="err" slant="90000" stroke-width="5627" threshold="177" text="Escapologist Dill-Russell is a guest in Harbin&apos;s" ubs="217" ubx="0" uby="1153">
      <word id="c04-128-02-00" sentence-start="yes" tag="NN" text="Escapologist">
        <cmp x="308" y="1101" width="53" height="81" />
        <cmp x="317" y="1147" width="25" height="10" />
        <cmp x="354" y="1143" width="35" height="40" />
        <cmp x="398" y="1142" width="61" height="44" />
        <cmp x="463" y="1151" width="31" height="70" />
        <cmp x="497" y="1149" width="33" height="42" />
        <cmp x="542" y="1121" width="60" height="78" />
        <cmp x="607" y="1144" width="40" height="84" />
        <cmp x="650" y="1154" width="14" height="34" />
        <cmp x="654" y="1121" width="14" height="21" />
        <cmp x="676" y="1151" width="24" height="37" />
        <cmp x="702" y="1117" width="37" height="69" />
      </word>
      <word id="c04-128-02-01" tag="NP" text="Dill-Russell">
        <cmp x="780" y="1113" width="55" height="75" />
        <cmp x="848" y="1113" width="10" height="15" />
        <cmp x="848" y="1150" width="7" height="34" />
        <cmp x="874" y="1104" width="51" height="85" />
        <cmp x="936" y="1154" width="20" height="7" />
        <cmp x="981" y="1113" width="55" height="84" />
        <cmp x="1044" y="1150" width="35" height="43" />
        <cmp x="1084" y="1145" width="24" height="42" />
        <cmp x="1111" y="1140" width="24" height="53" />
        <cmp x="1143" y="1100" width="92" height="88" />
      </word>
      <word id="c04-128-02-02" tag="BEZ" text="is">
        <cmp x="1286" y="1146" width="16" height="46" />
        <cmp x="1296" y="1115" width="13" height="26" />
        <cmp x="1312" y="1145" width="20" height="38" />
      </word>
      <word id="c04-128-02-03" tag="AT" text="a">
        <cmp x="1385" y="1146" width="56" height="42" />
      </word>
      <word id="c04-128-02-04" tag="NN" text="guest">
        <cmp x="1484" y="1151" width="44" height="90" />
        <cmp x="1526" y="1145" width="89" height="47" />
        <cmp x="1617" y="1111" width="36" height="80" />
      </word>
      <word id="c04-128-02-05" tag="IN" text="in">
        <cmp x="1705" y="1142" width="12" height="47" />
        <cmp x="1710" y="1114" width="11" height="19" />
        <cmp x="1728" y="1151" width="34" height="38" />
      </word>
      <word id="c04-128-02-06" tag="NP$" text="Harbin&apos;s">
        <cmp x="1802" y="1108" width="34" height="84" />
        <cmp x="1846" y="1154" width="66" height="37" />
        <cmp x="1873" y="1161" width="4" height="4" />
        <cmp x="1920" y="1109" width="34" height="82" />
        <cmp x="1961" y="1136" width="9" height="14" />
        <cmp x="1967" y="1152" width="8" height="36" />
        <cmp x="1987" y="1154" width="30" height="37" />
        <cmp x="2018" y="1114" width="22" height="31" />
        <cmp x="2043" y="1146" width="27" height="40" />
      </word>
      <upper-contour>
        <point x="306" y="1059" />
        <point x="1879" y="1059" />
      </upper-contour>
      <lower-contour>
        <point x="306" y="1241" />
        <point x="2071" y="1241" />
      </lower-contour>
    </line>
    <line ass="-32" asx="0" asy="1259" character-width="999" dss="-32" dsx="0" dsy="1415" fd0="12793" fd1="2406" fd2="-1666" filter-width="3" id="c04-128-03" lbs="48" lbx="0" lby="1373" segmentation="ok" slant="90000" stroke-width="5528" threshold="179" text="show tonight. Boxing fans can see an eight-round" ubs="-194" ubx="0" uby="1324">
      <word id="c04-128-03-00" tag="NN" text="show">
        <cmp x="305" y="1305" width="29" height="60" />
        <cmp x="343" y="1272" width="68" height="92" />
        <cmp x="415" y="1323" width="45" height="41" />
      </word>
      <word id="c04-128-03-01" tag="NR" text="tonight">
        <cmp x="524" y="1287" width="63" height="91" />
        <cmp x="587" y="1330" width="36" height="40" />
        <cmp x="627" y="1298" width="12" height="21" />
        <cmp x="632" y="1332" width="8" height="36" />
        <cmp x="646" y="1325" width="36" height="88" />
        <cmp x="695" y="1285" width="78" height="90" />
      </word>
      <word id="c04-128-03-02" tag="." text=".">
        <cmp x="777" y="1361" width="10" height="9" />
      </word>
      <word id="c04-128-03-03" sentence-start="yes" tag="NN" text="Boxing">
        <cmp x="818" y="1281" width="57" height="93" />
        <cmp x="836" y="1299" width="3" height="5" />
        <cmp x="876" y="1264" width="3" height="6" />
        <cmp x="884" y="1325" width="33" height="37" />
        <cmp x="921" y="1319" width="31" height="56" />
        <cmp x="954" y="1291" width="11" height="17" />
        <cmp x="955" y="1322" width="6" height="39" />
        <cmp x="976" y="1322" width="81" height="92" />
      </word>
      <word id="c04-128-03-04" tag="NNS" text="fans">
        <cmp x="1110" y="1260" width="128" height="133" />
        <cmp x="1242" y="1320" width="21" height="55" />
      </word>
      <word id="c04-128-03-05" tag="MD" text="can">
        <cmp x="1311" y="1335" width="123" height="42" />
        <cmp x="1339" y="1337" width="4" height="3" />
      </word>
      <word id="c04-128-03-06" tag="VB" text="see">
        <cmp x="1480" y="1326" width="32" height="42" />
        <cmp x="1514" y="1325" width="28" height="47" />
        <cmp x="1541" y="1327" width="34" height="44" />
      </word>
      <word id="c04-128-03-07" tag="AT" text="an">
        <cmp x="1628" y="1331" width="91" height="44" />
      </word>
      <word id="c04-128-03-08" tag="JJB" text="eight-round">
        <cmp x="1753" y="1321" width="50" height="54" />
        <cmp x="1807" y="1290" width="6" height="23" />
        <cmp x="1812" y="1323" width="41" height="93" />
        <cmp x="1856" y="1304" width="62" height="62" />
        <cmp x="1932" y="1338" width="24" height="6" />
        <cmp x="1964" y="1321" width="32" height="49" />
        <cmp x="1990" y="1330" width="30" height="43" />
        <cmp x="2024" y="1289" width="134" height="84" />
      </word>
      <upper-contour>
        <point x="306" y="1241" />
        <point x="2071" y="1241" />
      </upper-contour>
      <lower-contour>
        <point x="314" y="1416" />
        <point x="2159" y="1416" />
      </lower-contour>
    </line>
    <line ass="-150" asx="0" asy="1440" character-width="999" dss="-150" dsx="0" dsy="1593" fd0="12631" fd1="2562" fd2="-1749" filter-width="3" id="c04-128-04" lbs="-162" lbx="0" lby="1544" segmentation="ok" slant="90000" stroke-width="5669" threshold="175" text="feather-weight contest between Chris Elliot and" ubs="-126" ubx="0" uby="1500">
      <word id="c04-128-04-00" tag="JJB" text="feather-weight">
        <cmp x="316" y="1442" width="35" height="118" />
        <cmp x="350" y="1503" width="72" height="47" />
        <cmp x="433" y="1466" width="147" height="85" />
        <cmp x="606" y="1522" width="21" height="7" />
        <cmp x="659" y="1500" width="47" height="43" />
        <cmp x="709" y="1493" width="33" height="49" />
        <cmp x="761" y="1461" width="12" height="16" />
        <cmp x="761" y="1500" width="17" height="48" />
        <cmp x="786" y="1503" width="40" height="93" />
        <cmp x="830" y="1478" width="73" height="66" />
      </word>
      <word id="c04-128-04-01" tag="NN" text="contest">
        <cmp x="969" y="1497" width="66" height="49" />
        <cmp x="1039" y="1480" width="61" height="70" />
        <cmp x="1113" y="1499" width="49" height="51" />
        <cmp x="1159" y="1460" width="34" height="88" />
      </word>
      <word id="c04-128-04-02" tag="IN" text="between">
        <cmp x="1241" y="1464" width="106" height="94" />
        <cmp x="1349" y="1507" width="43" height="52" />
        <cmp x="1401" y="1499" width="105" height="57" />
      </word>
      <word id="c04-128-04-03" tag="NP" text="Chris">
        <cmp x="1575" y="1464" width="85" height="89" />
        <cmp x="1671" y="1503" width="39" height="47" />
        <cmp x="1704" y="1486" width="13" height="17" />
        <cmp x="1718" y="1506" width="35" height="49" />
      </word>
      <word id="c04-128-04-04" tag="NP" text="Elliot">
        <cmp x="1810" y="1461" width="36" height="81" />
        <cmp x="1816" y="1510" width="23" height="7" />
        <cmp x="1849" y="1466" width="89" height="93" />
        <cmp x="1936" y="1485" width="6" height="14" />
        <cmp x="1951" y="1514" width="24" height="36" />
        <cmp x="1983" y="1473" width="39" height="78" />
      </word>
      <word id="c04-128-04-05" tag="CC" text="and">
        <cmp x="2068" y="1503" width="36" height="54" />
        <cmp x="2103" y="1473" width="77" height="81" />
      </word>
      <upper-contour>
        <point x="314" y="1416" />
        <point x="2159" y="1416" />
      </upper-contour>
      <lower-contour>
        <point x="322" y="1596" />
        <point x="2108" y="1596" />
      </lower-contour>
    </line>
    <line ass="-159" asx="0" asy="1616" character-width="999" dss="-159" dsx="0" dsy="1783" fd0="12957" fd1="2783" fd2="-1029" filter-width="3" id="c04-128-05" lbs="-134" lbx="0" lby="1725" segmentation="err" slant="90000" stroke-width="5611" threshold="175" text="Harry Carroll from Leicester (B B C, 8.25). A" ubs="-210" ubx="0" uby="1679">
      <word id="c04-128-05-00" tag="NP" text="Harry">
        <cmp x="324" y="1618" width="47" height="100" />
        <cmp x="381" y="1674" width="65" height="51" />
        <cmp x="448" y="1681" width="27" height="41" />
        <cmp x="475" y="1679" width="51" height="107" />
      </word>
      <word id="c04-128-05-01" tag="NP" text="Carroll">
        <cmp x="581" y="1646" width="91" height="100" />
        <cmp x="675" y="1690" width="28" height="47" />
        <cmp x="711" y="1688" width="28" height="45" />
        <cmp x="746" y="1685" width="32" height="46" />
        <cmp x="798" y="1627" width="72" height="98" />
      </word>
      <word id="c04-128-05-02" tag="IN" text="from">
        <cmp x="942" y="1621" width="47" height="119" />
        <cmp x="985" y="1683" width="21" height="41" />
        <cmp x="999" y="1685" width="35" height="40" />
        <cmp x="1039" y="1678" width="53" height="43" />
      </word>
      <word id="c04-128-05-03" tag="NP" text="Leicester">
        <cmp x="1161" y="1636" width="30" height="82" />
        <cmp x="1191" y="1673" width="31" height="53" />
        <cmp x="1235" y="1678" width="20" height="43" />
        <cmp x="1256" y="1658" width="8" height="15" />
        <cmp x="1271" y="1682" width="87" height="53" />
        <cmp x="1358" y="1646" width="103" height="82" />
      </word>
      <word id="c04-128-05-04" tag="(" text="(">
        <cmp x="1482" y="1643" width="44" height="88" />
      </word>
      <word id="c04-128-05-05" tag="NP" text="B B C">
        <cmp x="1547" y="1657" width="47" height="80" />
        <cmp x="1619" y="1660" width="55" height="83" />
        <cmp x="1709" y="1659" width="41" height="66" />
      </word>
      <word id="c04-128-05-06" tag="," text=",">
        <cmp x="1769" y="1716" width="20" height="20" />
      </word>
      <word id="c04-128-05-07" tag="CD" text="8.25">
        <cmp x="1828" y="1671" width="36" height="59" />
        <cmp x="1869" y="1714" width="8" height="10" />
        <cmp x="1892" y="1671" width="26" height="60" />
        <cmp x="1896" y="1691" width="3" height="3" />
        <cmp x="1924" y="1674" width="32" height="48" />
        <cmp x="1957" y="1640" width="32" height="94" />
      </word>
      <word id="c04-128-05-08" tag=")" text=")">
        <cmp x="1994" y="1722" width="9" height="7" />
      </word>
      <word id="c04-128-05-09" tag="." text="." />
      <word id="c04-128-05-10" sentence-start="yes" tag="AT" text="A">
        <cmp x="2058" y="1643" width="49" height="84" />
      </word>
      <upper-contour>
        <point x="322" y="1596" />
        <point x="2108" y="1596" />
      </upper-contour>
      <lower-contour>
        <point x="333" y="1787" />
        <point x="2088" y="1787" />
      </lower-contour>
    </line>
    <line ass="-98" asx="0" asy="1801" character-width="999" dss="-98" dsx="0" dsy="1963" fd0="12512" fd1="2581" fd2="-1484" filter-width="3" id="c04-128-06" lbs="-89" lbx="0" lby="1904" segmentation="ok" slant="90000" stroke-width="5691" threshold="177" text="SONGS-OF-BRITAIN medley is sung by David" ubs="-114" ubx="0" uby="1844">
      <word id="c04-128-06-00" tag="JJB" text="SONGS-OF-BRITAIN">
        <cmp x="335" y="1822" width="45" height="84" />
        <cmp x="388" y="1851" width="34" height="53" />
        <cmp x="427" y="1842" width="41" height="61" />
        <cmp x="475" y="1845" width="47" height="68" />
        <cmp x="520" y="1841" width="41" height="72" />
        <cmp x="573" y="1876" width="26" height="6" />
        <cmp x="622" y="1846" width="36" height="68" />
        <cmp x="664" y="1840" width="29" height="67" />
        <cmp x="715" y="1877" width="28" height="9" />
        <cmp x="765" y="1841" width="46" height="72" />
        <cmp x="830" y="1836" width="37" height="74" />
        <cmp x="881" y="1846" width="12" height="58" />
        <cmp x="904" y="1842" width="40" height="64" />
        <cmp x="949" y="1832" width="67" height="77" />
        <cmp x="1024" y="1838" width="41" height="69" />
      </word>
      <word id="c04-128-06-01" tag="NN" text="medley">
        <cmp x="1138" y="1858" width="43" height="51" />
        <cmp x="1187" y="1817" width="71" height="87" />
        <cmp x="1266" y="1810" width="101" height="146" />
      </word>
      <word id="c04-128-06-02" tag="BEZ" text="is">
        <cmp x="1432" y="1848" width="20" height="54" />
        <cmp x="1439" y="1822" width="16" height="23" />
        <cmp x="1458" y="1857" width="25" height="46" />
      </word>
      <word id="c04-128-06-03" tag="VBN" text="sung">
        <cmp x="1543" y="1856" width="35" height="54" />
        <cmp x="1580" y="1852" width="128" height="115" />
      </word>
      <word id="c04-128-06-04" tag="IN" text="by">
        <cmp x="1760" y="1821" width="35" height="87" />
        <cmp x="1803" y="1849" width="41" height="83" />
      </word>
      <word id="c04-128-06-05" tag="NP" text="David">
        <cmp x="1891" y="1813" width="126" height="98" />
        <cmp x="2023" y="1822" width="11" height="27" />
        <cmp x="2023" y="1860" width="10" height="45" />
        <cmp x="2046" y="1806" width="41" height="97" />
      </word>
      <upper-contour>
        <point x="333" y="1787" />
        <point x="2088" y="1787" />
      </upper-contour>
      <lower-contour>
        <point x="333" y="1961" />
        <point x="1677" y="1967" />
        <point x="2088" y="1967" />
      </lower-contour>
    </line>
    <line ass="-152" asx="0" asy="1960" character-width="999" dss="-152" dsx="0" dsy="2126" fd0="12428" fd1="2837" fd2="-1032" filter-width="3" id="c04-128-07" lbs="26" lbx="0" lby="2082" segmentation="err" slant="90000" stroke-width="5385" threshold="179" text="Hughes in his &quot;Make Mine Music&quot; (B B C, 9.30 p.m.)." ubs="-511" ubx="0" uby="2025">
      <word id="c04-128-07-00" tag="NP" text="Hughes">
        <cmp x="327" y="1974" width="44" height="109" />
        <cmp x="391" y="2032" width="83" height="98" />
        <cmp x="483" y="1994" width="27" height="98" />
        <cmp x="514" y="2036" width="58" height="56" />
      </word>
      <word id="c04-128-07-01" tag="IN" text="in">
        <cmp x="656" y="2036" width="15" height="47" />
        <cmp x="661" y="2005" width="12" height="29" />
        <cmp x="685" y="2033" width="43" height="46" />
      </word>
      <word id="c04-128-07-02" tag="PP$" text="his">
        <cmp x="797" y="1978" width="29" height="102" />
        <cmp x="835" y="2007" width="15" height="29" />
        <cmp x="835" y="2043" width="6" height="37" />
        <cmp x="851" y="2032" width="21" height="62" />
      </word>
      <word id="c04-128-07-03" tag="*&apos;" text="&quot;">
        <cmp x="962" y="2003" width="13" height="17" />
        <cmp x="976" y="2005" width="10" height="16" />
      </word>
      <word id="c04-128-07-04" tag="VB" text="Make">
        <cmp x="999" y="1986" width="74" height="104" />
        <cmp x="1076" y="2042" width="29" height="47" />
        <cmp x="1111" y="1999" width="29" height="92" />
        <cmp x="1142" y="2038" width="28" height="52" />
      </word>
      <word id="c04-128-07-05" tag="PP$$" text="Mine">
        <cmp x="1225" y="1994" width="49" height="97" />
        <cmp x="1283" y="2051" width="6" height="33" />
        <cmp x="1285" y="1993" width="8" height="14" />
        <cmp x="1301" y="2035" width="28" height="45" />
        <cmp x="1332" y="2031" width="28" height="56" />
      </word>
      <word id="c04-128-07-06" tag="NN" text="Music">
        <cmp x="1444" y="1964" width="54" height="120" />
        <cmp x="1503" y="2039" width="58" height="46" />
        <cmp x="1567" y="2018" width="5" height="7" />
        <cmp x="1568" y="2046" width="7" height="33" />
        <cmp x="1571" y="2024" width="4" height="8" />
        <cmp x="1586" y="2039" width="21" height="48" />
      </word>
      <word id="c04-128-07-07" tag="**&apos;" text="&quot;">
        <cmp x="1621" y="2010" width="13" height="15" />
        <cmp x="1639" y="2012" width="14" height="16" />
      </word>
      <word id="c04-128-07-08" tag="(" text="(">
        <cmp x="1681" y="1997" width="43" height="87" />
      </word>
      <word id="c04-128-07-09" tag="NP" text="B B C">
        <cmp x="1743" y="2009" width="47" height="78" />
        <cmp x="1818" y="2007" width="47" height="76" />
        <cmp x="1883" y="2013" width="43" height="70" />
      </word>
      <word id="c04-128-07-10" tag="," text=",">
        <cmp x="1946" y="2068" width="12" height="18" />
      </word>
      <word id="c04-128-07-11" tag="CD" text="9.30">
        <cmp x="1990" y="2018" width="31" height="73" />
        <cmp x="2037" y="2081" width="6" height="7" />
        <cmp x="2049" y="2031" width="7" height="9" />
        <cmp x="2050" y="2031" width="22" height="58" />
        <cmp x="2079" y="2045" width="27" height="37" />
      </word>
      <word id="c04-128-07-12" tag="RB" text="p.m.">
        <cmp x="2121" y="2036" width="30" height="91" />
        <cmp x="2157" y="2079" width="5" height="7" />
        <cmp x="2171" y="2049" width="41" height="35" />
        <cmp x="2211" y="1983" width="45" height="110" />
        <cmp x="2215" y="2086" width="6" height="7" />
      </word>
      <word id="c04-128-07-13" tag=")" text=")">
        <cmp x="2271" y="2068" width="7" height="9" />
      </word>
      <word id="c04-128-07-14" tag="." text="." />
      <upper-contour>
        <point x="333" y="1961" />
        <point x="1677" y="1967" />
        <point x="2088" y="1967" />
      </upper-contour>
    </line>
  </handwritten-part>
</form>

