<?xml version="1.0" encoding="ISO-8859-1"?>

<!DOCTYPE form SYSTEM 'http://www.iam.unibe.ch/~fki/iamdb/form-metadata.dtd'>

<form created="2002-01-16" height="3542" id="c04-080" last-modified="2002-07-17" skew="-63" status="final" version="3.0_beta" width="2479" writer-id="165">
  <machine-printed-part>
    <machine-print-line text="Then he tried it out for sound. Um-chink... um-chink... it went. Slightly flat and" />
    <machine-print-line text="jangly in part. DELIGHTFUL! He put the sound on tape. The tape went to the" />
    <machine-print-line text="Philips company. Within two days Mr. Lisbon had a record contract. And they" />
    <machine-print-line text="hauled his thumb-tacked joanna the thirteen miles to London for his first session." />
  </machine-printed-part>
  <handwritten-part>
    <line ass="-97" asx="0" asy="718" character-width="999" dss="-97" dsx="0" dsy="846" fd0="12705" fd1="3024" fd2="-850" filter-width="3" id="c04-080-00" lbs="179" lbx="0" lby="829" segmentation="ok" slant="94000" stroke-width="5590" threshold="176" text="Then he tried it out for sound. Um-chink..." ubs="-650" ubx="0" uby="778">
      <word id="c04-080-00-00" sentence-start="yes" tag="RN" text="Then">
        <cmp x="343" y="733" width="74" height="93" />
        <cmp x="406" y="761" width="31" height="68" />
        <cmp x="443" y="791" width="62" height="45" />
      </word>
      <word id="c04-080-00-01" tag="PP3A" text="he">
        <cmp x="566" y="746" width="30" height="81" />
        <cmp x="598" y="783" width="32" height="47" />
      </word>
      <word id="c04-080-00-02" tag="VBD" text="tried">
        <cmp x="689" y="736" width="39" height="91" />
        <cmp x="729" y="786" width="23" height="38" />
        <cmp x="751" y="760" width="12" height="17" />
        <cmp x="757" y="791" width="6" height="38" />
        <cmp x="778" y="783" width="30" height="45" />
        <cmp x="810" y="752" width="37" height="75" />
      </word>
      <word id="c04-080-00-03" tag="PP3" text="it">
        <cmp x="897" y="779" width="12" height="45" />
        <cmp x="905" y="749" width="10" height="24" />
        <cmp x="921" y="745" width="35" height="86" />
      </word>
      <word id="c04-080-00-04" tag="RP" text="out">
        <cmp x="991" y="778" width="27" height="46" />
        <cmp x="1019" y="753" width="69" height="71" />
      </word>
      <word id="c04-080-00-05" tag="IN" text="for">
        <cmp x="1143" y="720" width="55" height="129" />
        <cmp x="1198" y="791" width="31" height="41" />
      </word>
      <word id="c04-080-00-06" tag="NN" text="sound">
        <cmp x="1265" y="781" width="57" height="48" />
        <cmp x="1324" y="789" width="84" height="38" />
        <cmp x="1408" y="756" width="41" height="69" />
      </word>
      <word id="c04-080-00-07" tag="." text=".">
        <cmp x="1455" y="816" width="9" height="10" />
      </word>
      <word id="c04-080-00-08" sentence-start="yes" tag="UH" text="Um-chink">
        <cmp x="1491" y="740" width="53" height="91" />
        <cmp x="1553" y="789" width="50" height="35" />
        <cmp x="1625" y="798" width="20" height="9" />
        <cmp x="1649" y="783" width="38" height="50" />
        <cmp x="1686" y="743" width="54" height="90" />
        <cmp x="1731" y="764" width="13" height="20" />
        <cmp x="1752" y="796" width="32" height="34" />
        <cmp x="1797" y="746" width="28" height="84" />
      </word>
      <word id="c04-080-00-09" tag="..." text="...">
        <cmp x="1844" y="822" width="12" height="7" />
        <cmp x="1872" y="818" width="12" height="7" />
        <cmp x="1894" y="817" width="15" height="10" />
      </word>
      <lower-contour>
        <point x="341" y="849" />
        <point x="1910" y="849" />
      </lower-contour>
    </line>
    <line ass="-459" asx="0" asy="886" character-width="999" dss="-459" dsx="0" dsy="1056" fd0="12696" fd1="2679" fd2="-1309" filter-width="3" id="c04-080-01" lbs="-768" lbx="0" lby="995" segmentation="ok" slant="90000" stroke-width="5514" threshold="180" text="um-chink... it went. Slightly flat and jangly in" ubs="157" ubx="0" uby="976">
      <word id="c04-080-01-00" tag="UH" text="um-chink">
        <cmp x="329" y="968" width="48" height="41" />
        <cmp x="381" y="967" width="57" height="43" />
        <cmp x="455" y="981" width="23" height="7" />
        <cmp x="493" y="972" width="39" height="41" />
        <cmp x="533" y="929" width="40" height="86" />
        <cmp x="572" y="947" width="10" height="12" />
        <cmp x="583" y="979" width="9" height="36" />
        <cmp x="596" y="976" width="35" height="36" />
        <cmp x="631" y="932" width="36" height="78" />
        <cmp x="661" y="972" width="3" height="3" />
      </word>
      <word id="c04-080-01-01" tag="..." text="...">
        <cmp x="674" y="998" width="11" height="9" />
        <cmp x="700" y="1001" width="10" height="9" />
        <cmp x="732" y="1002" width="7" height="7" />
      </word>
      <word id="c04-080-01-02" tag="PP3" text="it">
        <cmp x="787" y="970" width="16" height="39" />
        <cmp x="801" y="932" width="11" height="14" />
        <cmp x="823" y="931" width="32" height="78" />
      </word>
      <word id="c04-080-01-03" tag="VBD" text="went">
        <cmp x="897" y="969" width="47" height="44" />
        <cmp x="947" y="938" width="105" height="72" />
      </word>
      <word id="c04-080-01-04" tag="." text=".">
        <cmp x="1057" y="996" width="9" height="7" />
      </word>
      <word id="c04-080-01-05" sentence-start="yes" tag="RB" text="Slightly">
        <cmp x="1096" y="921" width="65" height="85" />
        <cmp x="1168" y="916" width="50" height="94" />
        <cmp x="1211" y="938" width="12" height="17" />
        <cmp x="1229" y="968" width="46" height="85" />
        <cmp x="1275" y="931" width="72" height="80" />
        <cmp x="1349" y="915" width="80" height="151" />
      </word>
      <word id="c04-080-01-06" tag="JJ" text="flat">
        <cmp x="1480" y="899" width="34" height="116" />
        <cmp x="1517" y="910" width="30" height="113" />
        <cmp x="1547" y="929" width="73" height="84" />
      </word>
      <word id="c04-080-01-07" tag="CC" text="and">
        <cmp x="1649" y="936" width="123" height="78" />
      </word>
      <word id="c04-080-01-08" tag="JJ" text="jangly">
        <cmp x="1809" y="928" width="37" height="126" />
        <cmp x="1852" y="970" width="64" height="38" />
        <cmp x="1925" y="961" width="39" height="73" />
        <cmp x="1976" y="916" width="23" height="94" />
        <cmp x="1996" y="962" width="43" height="111" />
      </word>
      <word id="c04-080-01-09" tag="IN" text="in">
        <cmp x="2082" y="959" width="15" height="41" />
        <cmp x="2085" y="928" width="11" height="18" />
        <cmp x="2104" y="961" width="40" height="44" />
      </word>
      <upper-contour>
        <point x="341" y="849" />
        <point x="1910" y="849" />
      </upper-contour>
      <lower-contour>
        <point x="329" y="1073" />
        <point x="2145" y="1073" />
      </lower-contour>
    </line>
    <line ass="-329" asx="0" asy="1071" character-width="999" dss="-329" dsx="0" dsy="1223" fd0="12134" fd1="2841" fd2="-693" filter-width="3" id="c04-080-02" lbs="-165" lbx="0" lby="1185" segmentation="ok" slant="90000" stroke-width="5555" threshold="178" text="part. DELIGHTFUL! He put the sound on tape. The" ubs="-658" ubx="0" uby="1117">
      <word id="c04-080-02-00" tag="NN" text="part">
        <cmp x="331" y="1138" width="22" height="86" />
        <cmp x="356" y="1143" width="69" height="45" />
        <cmp x="430" y="1102" width="24" height="91" />
      </word>
      <word id="c04-080-02-01" tag="." text=".">
        <cmp x="474" y="1172" width="8" height="13" />
      </word>
      <word id="c04-080-02-02" sentence-start="yes" tag="JJ" text="DELIGHTFUL">
        <cmp x="517" y="1115" width="57" height="71" />
        <cmp x="583" y="1119" width="34" height="66" />
        <cmp x="634" y="1126" width="30" height="63" />
        <cmp x="684" y="1125" width="13" height="65" />
        <cmp x="731" y="1124" width="33" height="66" />
        <cmp x="774" y="1123" width="40" height="68" />
        <cmp x="829" y="1120" width="36" height="68" />
        <cmp x="881" y="1114" width="31" height="66" />
        <cmp x="930" y="1121" width="32" height="67" />
        <cmp x="978" y="1121" width="30" height="66" />
      </word>
      <word id="c04-080-02-03" tag="!" text="!">
        <cmp x="1035" y="1109" width="8" height="45" />
        <cmp x="1039" y="1178" width="11" height="8" />
      </word>
      <word id="c04-080-02-04" sentence-start="yes" tag="PP3A" text="He">
        <cmp x="1111" y="1091" width="51" height="102" />
        <cmp x="1178" y="1142" width="35" height="47" />
      </word>
      <word id="c04-080-02-05" tag="VBD" text="put">
        <cmp x="1275" y="1146" width="25" height="81" />
        <cmp x="1305" y="1118" width="60" height="71" />
      </word>
      <word id="c04-080-02-06" tag="ATI" text="the">
        <cmp x="1439" y="1093" width="41" height="103" />
        <cmp x="1478" y="1086" width="30" height="101" />
        <cmp x="1508" y="1145" width="28" height="52" />
      </word>
      <word id="c04-080-02-07" tag="NN" text="sound">
        <cmp x="1590" y="1140" width="31" height="58" />
        <cmp x="1617" y="1153" width="27" height="36" />
        <cmp x="1648" y="1145" width="81" height="44" />
        <cmp x="1735" y="1101" width="40" height="87" />
      </word>
      <word id="c04-080-02-08" tag="IN" text="on">
        <cmp x="1821" y="1150" width="22" height="41" />
        <cmp x="1847" y="1151" width="35" height="37" />
      </word>
      <word id="c04-080-02-09" tag="NN" text="tape">
        <cmp x="1926" y="1099" width="130" height="137" />
      </word>
      <word id="c04-080-02-10" tag="." text=".">
        <cmp x="2069" y="1177" width="11" height="9" />
      </word>
      <word id="c04-080-02-11" sentence-start="yes" tag="ATI" text="The">
        <cmp x="2092" y="1084" width="86" height="113" />
        <cmp x="2181" y="1154" width="29" height="44" />
      </word>
      <upper-contour>
        <point x="329" y="1073" />
        <point x="2145" y="1073" />
      </upper-contour>
      <lower-contour>
        <point x="329" y="1236" />
        <point x="2150" y="1236" />
      </lower-contour>
    </line>
    <line ass="124" asx="0" asy="1266" character-width="999" dss="124" dsx="0" dsy="1422" fd0="12369" fd1="2138" fd2="-1735" filter-width="3" id="c04-080-03" lbs="33" lbx="0" lby="1373" segmentation="ok" slant="90000" stroke-width="5578" threshold="178" text="tape went to the Philips company. Within two" ubs="307" ubx="0" uby="1333">
      <word id="c04-080-03-00" tag="NN" text="tape">
        <cmp x="328" y="1270" width="31" height="95" />
        <cmp x="362" y="1318" width="39" height="50" />
        <cmp x="404" y="1319" width="61" height="94" />
      </word>
      <word id="c04-080-03-01" tag="VBD" text="went">
        <cmp x="518" y="1332" width="45" height="47" />
        <cmp x="567" y="1290" width="108" height="85" />
      </word>
      <word id="c04-080-03-02" tag="IN" text="to">
        <cmp x="729" y="1274" width="67" height="95" />
      </word>
      <word id="c04-080-03-03" tag="ATI" text="the">
        <cmp x="832" y="1277" width="80" height="87" />
        <cmp x="916" y="1315" width="32" height="51" />
      </word>
      <word id="c04-080-03-04" tag="NP" text="Philips">
        <cmp x="999" y="1286" width="34" height="89" />
        <cmp x="1049" y="1275" width="54" height="103" />
        <cmp x="1099" y="1288" width="9" height="21" />
        <cmp x="1122" y="1267" width="50" height="107" />
        <cmp x="1168" y="1285" width="10" height="13" />
        <cmp x="1183" y="1320" width="29" height="84" />
        <cmp x="1220" y="1316" width="29" height="54" />
      </word>
      <word id="c04-080-03-05" tag="NN" text="company">
        <cmp x="1306" y="1320" width="64" height="49" />
        <cmp x="1329" y="1322" width="5" height="9" />
        <cmp x="1374" y="1319" width="176" height="43" />
        <cmp x="1432" y="1356" width="11" height="46" />
        <cmp x="1544" y="1316" width="57" height="104" />
      </word>
      <word id="c04-080-03-06" tag="." text=".">
        <cmp x="1610" y="1357" width="14" height="6" />
      </word>
      <word id="c04-080-03-07" sentence-start="yes" tag="IN" text="Within">
        <cmp x="1669" y="1285" width="79" height="81" />
        <cmp x="1759" y="1317" width="21" height="47" />
        <cmp x="1773" y="1281" width="13" height="22" />
        <cmp x="1793" y="1263" width="90" height="102" />
        <cmp x="1872" y="1290" width="13" height="27" />
        <cmp x="1904" y="1330" width="40" height="40" />
      </word>
      <word id="c04-080-03-08" tag="CD" text="two">
        <cmp x="2014" y="1275" width="92" height="101" />
        <cmp x="2112" y="1330" width="38" height="41" />
      </word>
      <upper-contour>
        <point x="329" y="1236" />
        <point x="2150" y="1236" />
      </upper-contour>
      <lower-contour>
        <point x="331" y="1420" />
        <point x="2150" y="1420" />
      </lower-contour>
    </line>
    <line ass="-144" asx="0" asy="1445" character-width="999" dss="-144" dsx="0" dsy="1596" fd0="12338" fd1="2439" fd2="-1229" filter-width="4" id="c04-080-04" lbs="-159" lbx="0" lby="1543" segmentation="ok" slant="89000" stroke-width="5731" threshold="177" text="days Mr. Lisbon had a record contract. And they" ubs="-114" ubx="0" uby="1496">
      <word id="c04-080-04-00" tag="NNS" text="days">
        <cmp x="333" y="1454" width="127" height="146" />
        <cmp x="470" y="1491" width="31" height="50" />
      </word>
      <word id="c04-080-04-01" tag="NPT" text="Mr.">
        <cmp x="579" y="1455" width="91" height="91" />
        <cmp x="679" y="1526" width="9" height="13" />
      </word>
      <word id="c04-080-04-02" tag="NP" text="Lisbon">
        <cmp x="722" y="1455" width="38" height="90" />
        <cmp x="770" y="1505" width="6" height="38" />
        <cmp x="772" y="1472" width="10" height="21" />
        <cmp x="783" y="1498" width="30" height="50" />
        <cmp x="822" y="1455" width="38" height="93" />
        <cmp x="862" y="1507" width="33" height="39" />
        <cmp x="899" y="1509" width="35" height="45" />
      </word>
      <word id="c04-080-04-03" tag="HVD" text="had">
        <cmp x="1005" y="1456" width="132" height="97" />
      </word>
      <word id="c04-080-04-04" tag="AT" text="a">
        <cmp x="1197" y="1499" width="38" height="48" />
      </word>
      <word id="c04-080-04-05" tag="NN" text="record">
        <cmp x="1309" y="1491" width="25" height="54" />
        <cmp x="1333" y="1495" width="30" height="52" />
        <cmp x="1373" y="1503" width="51" height="44" />
        <cmp x="1432" y="1468" width="57" height="79" />
      </word>
      <word id="c04-080-04-06" tag="NN" text="contract">
        <cmp x="1555" y="1506" width="65" height="43" />
        <cmp x="1625" y="1465" width="95" height="81" />
        <cmp x="1723" y="1473" width="138" height="83" />
        <cmp x="1794" y="1498" width="6" height="8" />
      </word>
      <word id="c04-080-04-07" tag="." text=".">
        <cmp x="1885" y="1534" width="8" height="10" />
      </word>
      <word id="c04-080-04-08" sentence-start="yes" tag="CC" text="And">
        <cmp x="1935" y="1451" width="44" height="105" />
        <cmp x="1991" y="1503" width="31" height="46" />
        <cmp x="2026" y="1460" width="41" height="90" />
      </word>
      <word id="c04-080-04-09" tag="PP3AS" text="they">
        <cmp x="2113" y="1462" width="44" height="87" />
        <cmp x="2157" y="1457" width="28" height="86" />
        <cmp x="2192" y="1498" width="84" height="92" />
      </word>
      <upper-contour>
        <point x="331" y="1420" />
        <point x="2150" y="1420" />
      </upper-contour>
      <lower-contour>
        <point x="331" y="1600" />
        <point x="2202" y="1600" />
      </lower-contour>
    </line>
    <line ass="-109" asx="0" asy="1613" character-width="999" dss="-109" dsx="0" dsy="1756" fd0="12268" fd1="1904" fd2="-1837" filter-width="3" id="c04-080-05" lbs="-154" lbx="0" lby="1721" segmentation="ok" slant="90000" stroke-width="5600" threshold="176" text="hauled his thumb-tacked joanna the thirteen" ubs="-20" ubx="0" uby="1678">
      <word id="c04-080-05-00" tag="VBD" text="hauled">
        <cmp x="318" y="1615" width="49" height="111" />
        <cmp x="379" y="1680" width="86" height="47" />
        <cmp x="477" y="1634" width="108" height="95" />
      </word>
      <word id="c04-080-05-01" tag="PP$" text="his">
        <cmp x="650" y="1621" width="63" height="101" />
        <cmp x="703" y="1642" width="7" height="12" />
        <cmp x="715" y="1666" width="33" height="59" />
      </word>
      <word id="c04-080-05-02" tag="JJ" text="thumb-tacked">
        <cmp x="799" y="1623" width="47" height="100" />
        <cmp x="854" y="1626" width="21" height="93" />
        <cmp x="889" y="1678" width="45" height="44" />
        <cmp x="937" y="1677" width="44" height="46" />
        <cmp x="992" y="1646" width="44" height="77" />
        <cmp x="1053" y="1699" width="27" height="8" />
        <cmp x="1096" y="1634" width="88" height="85" />
        <cmp x="1181" y="1674" width="46" height="47" />
        <cmp x="1226" y="1633" width="34" height="86" />
        <cmp x="1265" y="1645" width="76" height="80" />
      </word>
      <word id="c04-080-05-03" tag="NN" text="joanna">
        <cmp x="1393" y="1636" width="39" height="123" />
        <cmp x="1396" y="1742" width="3" height="5" />
        <cmp x="1396" y="1748" width="9" height="5" />
        <cmp x="1439" y="1686" width="32" height="40" />
        <cmp x="1478" y="1683" width="86" height="43" />
        <cmp x="1568" y="1690" width="32" height="37" />
        <cmp x="1610" y="1691" width="44" height="35" />
      </word>
      <word id="c04-080-05-04" tag="ATI" text="the">
        <cmp x="1719" y="1631" width="115" height="103" />
        <cmp x="1834" y="1724" width="7" height="3" />
      </word>
      <word id="c04-080-05-05" tag="CD" text="thirteen">
        <cmp x="1909" y="1627" width="100" height="99" />
        <cmp x="1997" y="1649" width="17" height="23" />
        <cmp x="2020" y="1673" width="31" height="52" />
        <cmp x="2060" y="1638" width="141" height="107" />
      </word>
      <upper-contour>
        <point x="331" y="1600" />
        <point x="2202" y="1600" />
      </upper-contour>
      <lower-contour>
        <point x="316" y="1759" />
        <point x="1926" y="1759" />
      </lower-contour>
    </line>
    <line ass="-396" asx="0" asy="1768" character-width="999" dss="-396" dsx="0" dsy="1917" fd0="12674" fd1="2825" fd2="-1192" filter-width="3" id="c04-080-06" lbs="-517" lbx="0" lby="1893" segmentation="ok" slant="90000" stroke-width="5415" threshold="179" text="miles to London for his first session." ubs="-156" ubx="0" uby="1856">
      <word id="c04-080-06-00" tag="NNS" text="miles">
        <cmp x="318" y="1848" width="60" height="50" />
        <cmp x="396" y="1815" width="9" height="13" />
        <cmp x="397" y="1850" width="6" height="49" />
        <cmp x="431" y="1797" width="93" height="104" />
      </word>
      <word id="c04-080-06-01" tag="IN" text="to">
        <cmp x="617" y="1801" width="67" height="104" />
      </word>
      <word id="c04-080-06-02" tag="NP" text="London">
        <cmp x="763" y="1820" width="46" height="85" />
        <cmp x="810" y="1859" width="31" height="46" />
        <cmp x="863" y="1832" width="158" height="79" />
      </word>
      <word id="c04-080-06-03" tag="IN" text="for">
        <cmp x="1105" y="1783" width="65" height="143" />
        <cmp x="1135" y="1787" width="4" height="5" />
        <cmp x="1176" y="1858" width="34" height="51" />
      </word>
      <word id="c04-080-06-04" tag="PP$" text="his">
        <cmp x="1274" y="1801" width="63" height="106" />
        <cmp x="1326" y="1824" width="8" height="14" />
        <cmp x="1347" y="1847" width="28" height="56" />
      </word>
      <word id="c04-080-06-05" tag="OD" text="first">
        <cmp x="1448" y="1780" width="49" height="142" />
        <cmp x="1501" y="1830" width="9" height="20" />
        <cmp x="1516" y="1864" width="20" height="43" />
        <cmp x="1544" y="1864" width="26" height="42" />
        <cmp x="1574" y="1820" width="37" height="91" />
      </word>
      <word id="c04-080-06-06" tag="NN" text="session">
        <cmp x="1655" y="1854" width="78" height="52" />
        <cmp x="1735" y="1858" width="27" height="51" />
        <cmp x="1767" y="1857" width="34" height="57" />
        <cmp x="1810" y="1867" width="44" height="38" />
        <cmp x="1819" y="1829" width="9" height="27" />
        <cmp x="1861" y="1867" width="35" height="46" />
      </word>
      <word id="c04-080-06-07" tag="." text=".">
        <cmp x="1918" y="1907" width="8" height="6" />
      </word>
      <upper-contour>
        <point x="316" y="1759" />
        <point x="1926" y="1759" />
      </upper-contour>
    </line>
  </handwritten-part>
</form>

