<?xml version="1.0" encoding="ISO-8859-1"?>

<!DOCTYPE form SYSTEM 'http://www.iam.unibe.ch/~fki/iamdb/form-metadata.dtd'>

<form created="2002-01-17" height="3542" id="c04-156" last-modified="2002-07-17" skew="-63" status="final" version="3.0_beta" width="2479" writer-id="171">
  <machine-printed-part>
    <machine-print-line text="It was a splendid interpretation of the part. The rest of the cast were well chosen," />
    <machine-print-line text="with James Maxwell making a fine job of the sympathetic C O. Paul Daneman gave" />
    <machine-print-line text="another first-class performance last night as a wartime naval officer in the B B C&apos;s" />
    <machine-print-line text="&amp;quot;The Little Key.&amp;quot;" />
  </machine-printed-part>
  <handwritten-part>
    <line ass="-347" asx="0" asy="713" character-width="999" dss="-347" dsx="0" dsy="882" fd0="12467" fd1="1988" fd2="-2087" filter-width="3" id="c04-156-00" lbs="-490" lbx="0" lby="800" segmentation="ok" slant="82000" stroke-width="5291" threshold="172" text="It was a splendid interpretation of the" ubs="-62" ubx="0" uby="771">
      <word id="c04-156-00-00" sentence-start="yes" tag="PP3" text="It">
        <cmp x="459" y="723" width="41" height="95" />
        <cmp x="459" y="807" width="4" height="4" />
        <cmp x="459" y="810" width="23" height="7" />
        <cmp x="498" y="760" width="6" height="6" />
        <cmp x="505" y="740" width="35" height="75" />
        <cmp x="515" y="728" width="9" height="12" />
      </word>
      <word id="c04-156-00-01" tag="BEDZ" text="was">
        <cmp x="644" y="771" width="53" height="45" />
        <cmp x="697" y="769" width="84" height="47" />
      </word>
      <word id="c04-156-00-02" tag="AT" text="a">
        <cmp x="879" y="775" width="40" height="51" />
      </word>
      <word id="c04-156-00-03" tag="JJ" text="splendid">
        <cmp x="999" y="800" width="9" height="17" />
        <cmp x="1007" y="729" width="252" height="161" />
        <cmp x="1214" y="756" width="6" height="14" />
      </word>
      <word id="c04-156-00-04" tag="NN" text="interpretation">
        <cmp x="1349" y="723" width="365" height="166" />
        <cmp x="1367" y="759" width="7" height="16" />
        <cmp x="1589" y="754" width="9" height="6" />
        <cmp x="1714" y="768" width="104" height="52" />
        <cmp x="1715" y="744" width="7" height="7" />
      </word>
      <word id="c04-156-00-05" tag="INO" text="of">
        <cmp x="1885" y="727" width="64" height="136" />
      </word>
      <word id="c04-156-00-06" tag="ATI" text="the">
        <cmp x="1997" y="737" width="65" height="84" />
        <cmp x="2053" y="781" width="16" height="43" />
        <cmp x="2068" y="783" width="33" height="40" />
        <cmp x="2096" y="740" width="34" height="87" />
      </word>
      <lower-contour>
        <point x="457" y="890" />
        <point x="2118" y="890" />
      </lower-contour>
    </line>
    <line ass="-272" asx="0" asy="902" character-width="999" dss="-272" dsx="0" dsy="1077" fd0="12279" fd1="2572" fd2="-1657" filter-width="3" id="c04-156-01" lbs="-511" lbx="0" lby="981" segmentation="ok" slant="89000" stroke-width="5097" threshold="175" text="part. The rest of the cast were well chosen," ubs="206" ubx="0" uby="957">
      <word id="c04-156-01-00" tag="NN" text="part">
        <cmp x="336" y="953" width="72" height="127" />
        <cmp x="372" y="966" width="5" height="7" />
        <cmp x="397" y="912" width="56" height="95" />
      </word>
      <word id="c04-156-01-01" tag="." text=".">
        <cmp x="473" y="988" width="8" height="8" />
      </word>
      <word id="c04-156-01-02" sentence-start="yes" tag="ATI" text="The">
        <cmp x="571" y="908" width="72" height="36" />
        <cmp x="585" y="942" width="3" height="3" />
        <cmp x="593" y="934" width="27" height="65" />
        <cmp x="627" y="930" width="64" height="79" />
      </word>
      <word id="c04-156-01-03" tag="NN" text="rest">
        <cmp x="777" y="908" width="122" height="91" />
      </word>
      <word id="c04-156-01-04" tag="INO" text="of">
        <cmp x="989" y="912" width="65" height="142" />
      </word>
      <word id="c04-156-01-05" tag="ATI" text="the">
        <cmp x="1098" y="913" width="105" height="83" />
      </word>
      <word id="c04-156-01-06" tag="NN" text="cast">
        <cmp x="1270" y="908" width="129" height="97" />
      </word>
      <word id="c04-156-01-07" tag="BED" text="were">
        <cmp x="1456" y="948" width="139" height="53" />
      </word>
      <word id="c04-156-01-08" tag="RB" text="well">
        <cmp x="1653" y="916" width="145" height="90" />
      </word>
      <word id="c04-156-01-09" tag="VBN" text="chosen">
        <cmp x="1879" y="916" width="214" height="83" />
      </word>
      <word id="c04-156-01-10" tag="," text=",">
        <cmp x="2108" y="993" width="9" height="20" />
      </word>
      <upper-contour>
        <point x="457" y="890" />
        <point x="2118" y="890" />
      </upper-contour>
      <lower-contour>
        <point x="334" y="1080" />
        <point x="1623" y="1014" />
        <point x="2118" y="1014" />
      </lower-contour>
    </line>
    <line ass="-107" asx="0" asy="1076" character-width="999" dss="-107" dsx="0" dsy="1245" fd0="12746" fd1="2617" fd2="-1886" filter-width="3" id="c04-156-02" lbs="-210" lbx="0" lby="1159" segmentation="ok" slant="82000" stroke-width="5033" threshold="175" text="with James Maxwell making a fine job of the" ubs="98" ubx="0" uby="1130">
      <word id="c04-156-02-00" tag="IN" text="with">
        <cmp x="330" y="1084" width="128" height="93" />
        <cmp x="400" y="1112" width="6" height="7" />
        <cmp x="455" y="1127" width="29" height="36" />
      </word>
      <word id="c04-156-02-01" tag="NP" text="James">
        <cmp x="583" y="1084" width="49" height="157" />
        <cmp x="587" y="1093" width="9" height="12" />
        <cmp x="628" y="1133" width="136" height="49" />
      </word>
      <word id="c04-156-02-02" tag="NP" text="Maxwell">
        <cmp x="825" y="1085" width="290" height="93" />
        <cmp x="957" y="1158" width="3" height="3" />
        <cmp x="1093" y="1098" width="20" height="57" />
      </word>
      <word id="c04-156-02-03" tag="VBG" text="making">
        <cmp x="1157" y="1097" width="212" height="84" />
        <cmp x="1317" y="1106" width="7" height="11" />
        <cmp x="1365" y="1137" width="49" height="111" />
      </word>
      <word id="c04-156-02-04" tag="AT" text="a">
        <cmp x="1471" y="1135" width="35" height="51" />
      </word>
      <word id="c04-156-02-05" tag="JJ" text="fine">
        <cmp x="1576" y="1080" width="124" height="152" />
        <cmp x="1617" y="1080" width="12" height="11" />
        <cmp x="1630" y="1125" width="3" height="8" />
      </word>
      <word id="c04-156-02-06" tag="NN" text="job">
        <cmp x="1736" y="1139" width="47" height="107" />
        <cmp x="1783" y="1095" width="87" height="87" />
        <cmp x="1787" y="1114" width="11" height="17" />
      </word>
      <word id="c04-156-02-07" tag="INO" text="of">
        <cmp x="1916" y="1112" width="76" height="111" />
        <cmp x="1967" y="1098" width="18" height="15" />
      </word>
      <word id="c04-156-02-08" tag="ATI" text="the">
        <cmp x="2028" y="1093" width="91" height="87" />
      </word>
      <upper-contour>
        <point x="334" y="1080" />
        <point x="1623" y="1014" />
        <point x="2118" y="1014" />
      </upper-contour>
      <lower-contour>
        <point x="328" y="1248" />
        <point x="2023" y="1248" />
      </lower-contour>
    </line>
    <line ass="-298" asx="0" asy="1244" character-width="999" dss="-298" dsx="0" dsy="1427" fd0="12845" fd1="1831" fd2="-2351" filter-width="3" id="c04-156-03" lbs="-341" lbx="0" lby="1344" segmentation="ok" slant="82000" stroke-width="4957" threshold="177" text="sympathetic C O. Paul Daneman gave another" ubs="-213" ubx="0" uby="1310">
      <word id="c04-156-03-00" tag="JJ" text="sympathetic">
        <cmp x="329" y="1266" width="351" height="155" />
      </word>
      <word id="c04-156-03-01" tag="NPT" text="C O">
        <cmp x="768" y="1273" width="53" height="81" />
        <cmp x="847" y="1277" width="48" height="86" />
      </word>
      <word id="c04-156-03-02" tag="." text=".">
        <cmp x="901" y="1348" width="12" height="13" />
      </word>
      <word id="c04-156-03-03" sentence-start="yes" tag="NP" text="Paul">
        <cmp x="974" y="1299" width="33" height="60" />
        <cmp x="990" y="1256" width="48" height="66" />
        <cmp x="1011" y="1267" width="119" height="91" />
      </word>
      <word id="c04-156-03-04" tag="NP" text="Daneman">
        <cmp x="1216" y="1336" width="10" height="14" />
        <cmp x="1217" y="1251" width="69" height="115" />
        <cmp x="1279" y="1251" width="11" height="53" />
        <cmp x="1284" y="1317" width="160" height="43" />
        <cmp x="1446" y="1319" width="36" height="41" />
        <cmp x="1485" y="1318" width="45" height="40" />
      </word>
      <word id="c04-156-03-05" tag="VBD" text="gave">
        <cmp x="1567" y="1319" width="165" height="118" />
      </word>
      <word id="c04-156-03-06" tag="DT" text="another">
        <cmp x="1773" y="1315" width="37" height="43" />
        <cmp x="1810" y="1265" width="212" height="93" />
      </word>
      <upper-contour>
        <point x="328" y="1248" />
        <point x="2023" y="1248" />
      </upper-contour>
      <lower-contour>
        <point x="327" y="1437" />
        <point x="1894" y="1437" />
      </lower-contour>
    </line>
    <line ass="-4" asx="0" asy="1439" character-width="999" dss="-4" dsx="0" dsy="1602" fd0="12609" fd1="2048" fd2="-1854" filter-width="3" id="c04-156-04" lbs="-50" lbx="0" lby="1522" segmentation="ok" slant="81000" stroke-width="5095" threshold="173" text="first-class performance last night as a" ubs="88" ubx="0" uby="1493">
      <word id="c04-156-04-00" tag="JJ" text="first-class">
        <cmp x="328" y="1440" width="151" height="163" />
        <cmp x="385" y="1476" width="9" height="14" />
        <cmp x="522" y="1512" width="19" height="4" />
        <cmp x="589" y="1448" width="145" height="94" />
      </word>
      <word id="c04-156-04-01" tag="NN" text="performance">
        <cmp x="814" y="1488" width="36" height="102" />
        <cmp x="845" y="1496" width="38" height="41" />
        <cmp x="880" y="1446" width="115" height="146" />
        <cmp x="921" y="1486" width="14" height="31" />
        <cmp x="938" y="1470" width="3" height="5" />
        <cmp x="996" y="1492" width="99" height="47" />
        <cmp x="1098" y="1495" width="45" height="42" />
        <cmp x="1143" y="1491" width="61" height="48" />
        <cmp x="1163" y="1505" width="6" height="6" />
      </word>
      <word id="c04-156-04-02" tag="AP" text="last">
        <cmp x="1269" y="1453" width="141" height="91" />
      </word>
      <word id="c04-156-04-03" tag="NN" text="night">
        <cmp x="1452" y="1499" width="77" height="43" />
        <cmp x="1523" y="1442" width="137" height="157" />
        <cmp x="1537" y="1476" width="3" height="4" />
        <cmp x="1539" y="1481" width="3" height="4" />
        <cmp x="1613" y="1467" width="10" height="7" />
      </word>
      <word id="c04-156-04-04" tag="IN" text="as">
        <cmp x="1722" y="1494" width="67" height="48" />
      </word>
      <word id="c04-156-04-05" tag="AT" text="a">
        <cmp x="1853" y="1497" width="40" height="49" />
      </word>
      <upper-contour>
        <point x="327" y="1437" />
        <point x="1894" y="1437" />
      </upper-contour>
      <lower-contour>
        <point x="352" y="1599" />
        <point x="1894" y="1599" />
      </lower-contour>
    </line>
    <line ass="-44" asx="0" asy="1616" character-width="999" dss="-44" dsx="0" dsy="1763" fd0="12796" fd1="1907" fd2="-2219" filter-width="3" id="c04-156-05" lbs="103" lbx="0" lby="1711" segmentation="ok" slant="79000" stroke-width="5170" threshold="172" text="wartime naval officer in the B B C&apos;s" ubs="-340" ubx="0" uby="1663">
      <word id="c04-156-05-00" tag="NN" text="wartime">
        <cmp x="354" y="1623" width="277" height="92" />
        <cmp x="528" y="1640" width="6" height="19" />
      </word>
      <word id="c04-156-05-01" tag="JJ" text="naval">
        <cmp x="699" y="1673" width="128" height="47" />
        <cmp x="823" y="1627" width="87" height="92" />
      </word>
      <word id="c04-156-05-02" tag="NN" text="officer">
        <cmp x="986" y="1629" width="104" height="136" />
        <cmp x="1042" y="1633" width="16" height="14" />
        <cmp x="1065" y="1639" width="5" height="10" />
        <cmp x="1095" y="1667" width="55" height="44" />
        <cmp x="1101" y="1653" width="4" height="5" />
        <cmp x="1102" y="1659" width="3" height="6" />
        <cmp x="1150" y="1656" width="39" height="56" />
      </word>
      <word id="c04-156-05-03" tag="IN" text="in">
        <cmp x="1260" y="1714" width="3" height="4" />
        <cmp x="1264" y="1677" width="89" height="42" />
        <cmp x="1289" y="1653" width="6" height="14" />
      </word>
      <word id="c04-156-05-04" tag="ATI" text="the">
        <cmp x="1429" y="1618" width="100" height="98" />
      </word>
      <word id="c04-156-05-05" tag="NP$" text="B B C&apos;s">
        <cmp x="1626" y="1639" width="44" height="82" />
        <cmp x="1684" y="1642" width="49" height="79" />
        <cmp x="1750" y="1648" width="49" height="73" />
        <cmp x="1847" y="1634" width="10" height="29" />
        <cmp x="1864" y="1665" width="47" height="55" />
      </word>
      <upper-contour>
        <point x="352" y="1599" />
        <point x="1894" y="1599" />
      </upper-contour>
      <lower-contour>
        <point x="366" y="1765" />
        <point x="1069" y="1765" />
      </lower-contour>
    </line>
    <line ass="-4636" asx="0" asy="1722" character-width="999" dss="-4636" dsx="0" dsy="1885" fd0="12484" fd1="2118" fd2="-1866" filter-width="3" id="c04-156-06" lbs="-4468" lbx="0" lby="1835" segmentation="ok" slant="87999" stroke-width="5155" threshold="170" text="&amp;quot;The Little Key.&amp;quot;" ubs="-4971" ubx="0" uby="1797">
      <word id="c04-156-06-00" tag="*&apos;" text="&quot;">
        <cmp x="368" y="1816" width="7" height="30" />
        <cmp x="382" y="1816" width="10" height="36" />
      </word>
      <word id="c04-156-06-01" tag="ATI" text="The">
        <cmp x="421" y="1880" width="17" height="15" />
        <cmp x="422" y="1812" width="48" height="19" />
        <cmp x="441" y="1838" width="10" height="57" />
        <cmp x="452" y="1831" width="28" height="61" />
        <cmp x="480" y="1857" width="53" height="46" />
      </word>
      <word id="c04-156-06-02" tag="JJ" text="Little">
        <cmp x="625" y="1819" width="173" height="88" />
        <cmp x="687" y="1842" width="6" height="12" />
      </word>
      <word id="c04-156-06-03" tag="NN" text="Key">
        <cmp x="881" y="1807" width="136" height="158" />
      </word>
      <word id="c04-156-06-04" tag="." text=".">
        <cmp x="1020" y="1899" width="11" height="9" />
      </word>
      <word id="c04-156-06-05" tag="**&apos;" text="&quot;">
        <cmp x="1048" y="1807" width="20" height="38" />
      </word>
      <upper-contour>
        <point x="366" y="1765" />
        <point x="1069" y="1765" />
      </upper-contour>
    </line>
  </handwritten-part>
</form>

