<?xml version="1.0" encoding="ISO-8859-1"?>

<!DOCTYPE form SYSTEM 'http://www.iam.unibe.ch/~fki/iamdb/form-metadata.dtd'>

<form created="2002-01-17" height="3542" id="c04-165" last-modified="2002-07-17" skew="-95" status="final" version="3.0_beta" width="2479" writer-id="172">
  <machine-printed-part>
    <machine-print-line text="The film replaced &amp;quot;What&apos;s My Line?&amp;quot; and &amp;quot;Be My Guest&amp;quot; programmes because of" />
    <machine-print-line text="an electricians&apos; strike. It showed Britain today through the eyes of an American T" />
    <machine-print-line text="V reporter, Eric Sevareid, and British personalities. Among them - Professor Dennis" />
    <machine-print-line text="Brogan, Shelagh Delaney, and Alan Sillitoe. The film covered a wide aspect of the" />
    <machine-print-line text="British scene, ranging from pubs, the Eton wall game, to the European Common" />
    <machine-print-line text="Market." />
  </machine-printed-part>
  <handwritten-part>
    <line ass="371" asx="0" asy="854" character-width="999" dss="371" dsx="0" dsy="993" fd0="13127" fd1="3105" fd2="-674" filter-width="3" id="c04-165-00" lbs="191" lbx="0" lby="945" segmentation="err" slant="90000" stroke-width="5373" threshold="184" text="The film replaced &amp;quot;What&apos;s My Line?&amp;quot; and &amp;quot;Be My" ubs="731" ubx="0" uby="922">
      <word id="c04-165-00-00" sentence-start="yes" tag="ATI" text="The">
        <cmp x="352" y="900" width="65" height="62" />
        <cmp x="410" y="904" width="32" height="49" />
        <cmp x="422" y="898" width="3" height="4" />
        <cmp x="446" y="921" width="32" height="37" />
      </word>
      <word id="c04-165-00-01" tag="NN" text="film">
        <cmp x="521" y="888" width="37" height="63" />
        <cmp x="555" y="924" width="6" height="29" />
        <cmp x="574" y="881" width="26" height="68" />
        <cmp x="603" y="925" width="46" height="30" />
      </word>
      <word id="c04-165-00-02" tag="VBD" text="replaced">
        <cmp x="687" y="915" width="22" height="36" />
        <cmp x="712" y="923" width="29" height="31" />
        <cmp x="751" y="911" width="26" height="75" />
        <cmp x="778" y="886" width="61" height="67" />
        <cmp x="848" y="914" width="58" height="37" />
        <cmp x="905" y="864" width="35" height="84" />
      </word>
      <word id="c04-165-00-03" tag="*&apos;" text="&quot;">
        <cmp x="974" y="883" width="8" height="15" />
        <cmp x="983" y="880" width="9" height="14" />
      </word>
      <word id="c04-165-00-04" tag="WDT" text="What">
        <cmp x="1007" y="891" width="61" height="55" />
      </word>
      <word id="c04-165-00-05" tag="BEZ" text="&apos;s">
        <cmp x="1085" y="887" width="25" height="63" />
        <cmp x="1117" y="917" width="35" height="32" />
        <cmp x="1158" y="871" width="28" height="77" />
        <cmp x="1184" y="882" width="10" height="17" />
        <cmp x="1193" y="905" width="23" height="41" />
      </word>
      <word id="c04-165-00-06" tag="PP$" text="My">
        <cmp x="1261" y="870" width="63" height="82" />
        <cmp x="1329" y="920" width="26" height="65" />
      </word>
      <word id="c04-165-00-07" tag="NN" text="Line">
        <cmp x="1410" y="880" width="44" height="72" />
        <cmp x="1423" y="871" width="8" height="9" />
        <cmp x="1463" y="903" width="7" height="7" />
        <cmp x="1464" y="918" width="6" height="29" />
        <cmp x="1483" y="918" width="27" height="31" />
      </word>
      <word id="c04-165-00-08" tag="?" text="?">
        <cmp x="1518" y="920" width="33" height="30" />
        <cmp x="1551" y="846" width="34" height="65" />
        <cmp x="1573" y="938" width="7" height="6" />
      </word>
      <word id="c04-165-00-09" tag="**&apos;" text="&quot;">
        <cmp x="1611" y="845" width="11" height="25" />
        <cmp x="1624" y="855" width="7" height="17" />
      </word>
      <word id="c04-165-00-10" tag="CC" text="and">
        <cmp x="1641" y="916" width="46" height="28" />
        <cmp x="1689" y="917" width="31" height="21" />
        <cmp x="1723" y="873" width="39" height="71" />
      </word>
      <word id="c04-165-00-11" tag="*&apos;" text="&quot;">
        <cmp x="1804" y="867" width="9" height="19" />
        <cmp x="1818" y="868" width="9" height="12" />
      </word>
      <word id="c04-165-00-12" tag="BE" text="Be">
        <cmp x="1856" y="866" width="31" height="70" />
        <cmp x="1896" y="902" width="35" height="35" />
      </word>
      <word id="c04-165-00-13" tag="PP$" text="My">
        <cmp x="1949" y="855" width="76" height="81" />
        <cmp x="2028" y="901" width="34" height="70" />
      </word>
      <lower-contour>
        <point x="350" y="986" />
        <point x="2063" y="986" />
      </lower-contour>
    </line>
    <line ass="1099" asx="0" asy="1076" character-width="999" dss="1099" dsx="0" dsy="1179" fd0="14113" fd1="3413" fd2="-852" filter-width="3" id="c04-165-01" lbs="1118" lbx="0" lby="1147" segmentation="err" slant="98000" stroke-width="5531" threshold="183" text="Guest&amp;quot; programmes because of an electricians&apos;" ubs="1061" ubx="0" uby="1119">
      <word id="c04-165-01-00" tag="NN" text="Guest">
        <cmp x="327" y="1073" width="53" height="74" />
        <cmp x="385" y="1119" width="41" height="23" />
        <cmp x="429" y="1109" width="38" height="31" />
        <cmp x="471" y="1104" width="25" height="35" />
        <cmp x="503" y="1072" width="29" height="71" />
      </word>
      <word id="c04-165-01-01" tag="**&apos;" text="&quot;">
        <cmp x="545" y="1065" width="12" height="22" />
        <cmp x="565" y="1068" width="11" height="29" />
      </word>
      <word id="c04-165-01-02" tag="NNS" text="programmes">
        <cmp x="626" y="1104" width="27" height="60" />
        <cmp x="662" y="1100" width="37" height="39" />
        <cmp x="704" y="1103" width="28" height="29" />
        <cmp x="739" y="1102" width="44" height="63" />
        <cmp x="784" y="1100" width="31" height="33" />
        <cmp x="816" y="1100" width="42" height="27" />
        <cmp x="865" y="1099" width="43" height="23" />
        <cmp x="915" y="1098" width="41" height="26" />
        <cmp x="969" y="1095" width="32" height="32" />
        <cmp x="1011" y="1090" width="22" height="26" />
      </word>
      <word id="c04-165-01-03" tag="IN21" text="because">
        <cmp x="1080" y="1068" width="48" height="68" />
        <cmp x="1133" y="1099" width="35" height="32" />
        <cmp x="1178" y="1095" width="25" height="29" />
        <cmp x="1204" y="1095" width="76" height="30" />
        <cmp x="1294" y="1088" width="25" height="36" />
        <cmp x="1323" y="1091" width="30" height="29" />
        <cmp x="1363" y="1103" width="8" height="4" />
      </word>
      <word id="c04-165-01-04" tag="IN22" text="of">
        <cmp x="1412" y="1096" width="33" height="31" />
        <cmp x="1452" y="1061" width="36" height="69" />
      </word>
      <word id="c04-165-01-05" tag="AT" text="an">
        <cmp x="1512" y="1089" width="43" height="28" />
        <cmp x="1559" y="1093" width="30" height="22" />
      </word>
      <word id="c04-165-01-06" tag="NNS$" text="electricians&apos;">
        <cmp x="1627" y="1085" width="31" height="39" />
        <cmp x="1662" y="1048" width="38" height="75" />
        <cmp x="1693" y="1088" width="31" height="34" />
        <cmp x="1745" y="1084" width="26" height="37" />
        <cmp x="1774" y="1052" width="25" height="65" />
        <cmp x="1807" y="1089" width="32" height="30" />
        <cmp x="1845" y="1075" width="6" height="9" />
        <cmp x="1846" y="1092" width="9" height="25" />
        <cmp x="1873" y="1088" width="34" height="33" />
        <cmp x="1908" y="1076" width="6" height="8" />
        <cmp x="1910" y="1090" width="9" height="28" />
        <cmp x="1931" y="1083" width="44" height="30" />
        <cmp x="1988" y="1088" width="34" height="24" />
        <cmp x="2027" y="1077" width="20" height="35" />
        <cmp x="2050" y="1063" width="13" height="21" />
      </word>
      <upper-contour>
        <point x="350" y="986" />
        <point x="2063" y="986" />
      </upper-contour>
      <lower-contour>
        <point x="347" y="1165" />
        <point x="2064" y="1165" />
      </lower-contour>
    </line>
    <line ass="593" asx="0" asy="1225" character-width="999" dss="593" dsx="0" dsy="1348" fd0="13148" fd1="2729" fd2="-857" filter-width="3" id="c04-165-02" lbs="533" lbx="0" lby="1313" segmentation="ok" slant="91000" stroke-width="5565" threshold="183" text="strike. It showed Britain today through the eyes" ubs="713" ubx="0" uby="1284">
      <word id="c04-165-02-00" tag="NN" text="strike">
        <cmp x="349" y="1278" width="26" height="45" />
        <cmp x="383" y="1236" width="27" height="83" />
        <cmp x="416" y="1284" width="27" height="35" />
        <cmp x="451" y="1274" width="5" height="6" />
        <cmp x="458" y="1289" width="8" height="21" />
        <cmp x="479" y="1273" width="40" height="34" />
        <cmp x="529" y="1275" width="32" height="32" />
      </word>
      <word id="c04-165-02-01" tag="." text=".">
        <cmp x="569" y="1305" width="15" height="13" />
      </word>
      <word id="c04-165-02-02" sentence-start="yes" tag="PP3" text="It">
        <cmp x="641" y="1220" width="10" height="82" />
        <cmp x="662" y="1220" width="24" height="81" />
      </word>
      <word id="c04-165-02-03" tag="VBD" text="showed">
        <cmp x="731" y="1264" width="21" height="38" />
        <cmp x="758" y="1246" width="35" height="51" />
        <cmp x="796" y="1274" width="33" height="24" />
        <cmp x="834" y="1276" width="50" height="22" />
        <cmp x="897" y="1273" width="33" height="33" />
        <cmp x="933" y="1244" width="48" height="67" />
      </word>
      <word id="c04-165-02-04" tag="NP" text="Britain">
        <cmp x="1037" y="1238" width="33" height="75" />
        <cmp x="1074" y="1280" width="23" height="35" />
        <cmp x="1105" y="1260" width="7" height="6" />
        <cmp x="1109" y="1285" width="10" height="22" />
        <cmp x="1138" y="1243" width="4" height="5" />
        <cmp x="1138" y="1250" width="24" height="52" />
        <cmp x="1171" y="1269" width="71" height="29" />
        <cmp x="1223" y="1264" width="7" height="8" />
        <cmp x="1249" y="1268" width="38" height="35" />
      </word>
      <word id="c04-165-02-05" tag="NR" text="today">
        <cmp x="1323" y="1243" width="28" height="64" />
        <cmp x="1336" y="1236" width="3" height="4" />
        <cmp x="1354" y="1280" width="32" height="24" />
        <cmp x="1392" y="1234" width="39" height="69" />
        <cmp x="1437" y="1270" width="81" height="58" />
      </word>
      <word id="c04-165-02-06" tag="IN" text="through">
        <cmp x="1558" y="1221" width="25" height="73" />
        <cmp x="1595" y="1238" width="37" height="53" />
        <cmp x="1647" y="1268" width="19" height="29" />
        <cmp x="1673" y="1273" width="32" height="29" />
        <cmp x="1711" y="1275" width="36" height="20" />
        <cmp x="1757" y="1269" width="38" height="57" />
        <cmp x="1802" y="1233" width="34" height="59" />
      </word>
      <word id="c04-165-02-07" tag="ATI" text="the">
        <cmp x="1894" y="1221" width="22" height="65" />
        <cmp x="1922" y="1222" width="31" height="61" />
        <cmp x="1956" y="1257" width="42" height="36" />
      </word>
      <word id="c04-165-02-08" tag="NNS" text="eyes">
        <cmp x="2027" y="1256" width="65" height="72" />
        <cmp x="2099" y="1248" width="60" height="45" />
      </word>
      <upper-contour>
        <point x="347" y="1165" />
        <point x="2064" y="1165" />
      </upper-contour>
      <lower-contour>
        <point x="347" y="1328" />
        <point x="2033" y="1328" />
      </lower-contour>
    </line>
    <line ass="539" asx="0" asy="1420" character-width="999" dss="539" dsx="0" dsy="1516" fd0="13791" fd1="3367" fd2="-129" filter-width="3" id="c04-165-03" lbs="485" lbx="0" lby="1493" segmentation="ok" slant="97000" stroke-width="5567" threshold="183" text="of an American T V reporter, Eric Sevareid, and" ubs="646" ubx="0" uby="1467">
      <word id="c04-165-03-00" tag="INO" text="of">
        <cmp x="334" y="1466" width="33" height="28" />
        <cmp x="373" y="1428" width="24" height="63" />
      </word>
      <word id="c04-165-03-01" tag="AT" text="an">
        <cmp x="426" y="1460" width="45" height="29" />
        <cmp x="474" y="1466" width="31" height="24" />
      </word>
      <word id="c04-165-03-02" tag="JNP" text="American">
        <cmp x="537" y="1414" width="55" height="85" />
        <cmp x="592" y="1465" width="53" height="24" />
        <cmp x="656" y="1462" width="34" height="29" />
        <cmp x="695" y="1462" width="23" height="28" />
        <cmp x="718" y="1444" width="5" height="7" />
        <cmp x="727" y="1463" width="9" height="21" />
        <cmp x="751" y="1450" width="68" height="30" />
        <cmp x="824" y="1459" width="30" height="25" />
      </word>
      <word id="c04-165-03-03" tag="NN" text="T V">
        <cmp x="894" y="1417" width="53" height="71" />
        <cmp x="967" y="1424" width="44" height="62" />
      </word>
      <word id="c04-165-03-04" tag="NN" text="reporter">
        <cmp x="1060" y="1451" width="3" height="4" />
        <cmp x="1063" y="1451" width="28" height="32" />
        <cmp x="1087" y="1454" width="30" height="24" />
        <cmp x="1121" y="1450" width="30" height="53" />
        <cmp x="1154" y="1461" width="34" height="22" />
        <cmp x="1192" y="1454" width="21" height="29" />
        <cmp x="1225" y="1419" width="23" height="65" />
        <cmp x="1257" y="1447" width="33" height="35" />
        <cmp x="1291" y="1453" width="21" height="25" />
      </word>
      <word id="c04-165-03-05" tag="," text=",">
        <cmp x="1331" y="1470" width="14" height="30" />
      </word>
      <word id="c04-165-03-06" tag="NP" text="Eric">
        <cmp x="1364" y="1411" width="44" height="71" />
        <cmp x="1372" y="1446" width="28" height="5" />
        <cmp x="1412" y="1443" width="26" height="35" />
        <cmp x="1446" y="1435" width="5" height="7" />
        <cmp x="1448" y="1452" width="11" height="26" />
        <cmp x="1478" y="1447" width="25" height="30" />
      </word>
      <word id="c04-165-03-07" tag="NP" text="Sevareid">
        <cmp x="1535" y="1415" width="26" height="61" />
        <cmp x="1553" y="1415" width="7" height="3" />
        <cmp x="1575" y="1441" width="34" height="32" />
        <cmp x="1617" y="1448" width="30" height="29" />
        <cmp x="1645" y="1448" width="43" height="30" />
        <cmp x="1696" y="1448" width="28" height="38" />
        <cmp x="1730" y="1455" width="50" height="27" />
        <cmp x="1764" y="1438" width="5" height="9" />
        <cmp x="1790" y="1405" width="42" height="72" />
      </word>
      <word id="c04-165-03-08" tag="," text=",">
        <cmp x="1862" y="1473" width="17" height="26" />
      </word>
      <word id="c04-165-03-09" tag="CC" text="and">
        <cmp x="1893" y="1453" width="48" height="29" />
        <cmp x="1947" y="1455" width="30" height="27" />
        <cmp x="1988" y="1415" width="44" height="65" />
      </word>
      <upper-contour>
        <point x="347" y="1328" />
        <point x="2033" y="1328" />
      </upper-contour>
      <lower-contour>
        <point x="332" y="1503" />
        <point x="1994" y="1503" />
      </lower-contour>
    </line>
    <line ass="328" asx="0" asy="1597" character-width="999" dss="328" dsx="0" dsy="1703" fd0="13641" fd1="3284" fd2="-1085" filter-width="3" id="c04-165-04" lbs="365" lbx="0" lby="1668" segmentation="ok" slant="94000" stroke-width="5421" threshold="182" text="British personalities. Among them - Professor" ubs="255" ubx="0" uby="1637">
      <word id="c04-165-04-00" tag="JNP" text="British">
        <cmp x="325" y="1601" width="36" height="71" />
        <cmp x="373" y="1640" width="26" height="34" />
        <cmp x="403" y="1633" width="7" height="7" />
        <cmp x="407" y="1648" width="9" height="20" />
        <cmp x="438" y="1600" width="29" height="66" />
        <cmp x="468" y="1619" width="11" height="8" />
        <cmp x="473" y="1630" width="12" height="31" />
        <cmp x="501" y="1624" width="17" height="36" />
        <cmp x="527" y="1599" width="34" height="67" />
      </word>
      <word id="c04-165-04-01" tag="NNS" text="personalities">
        <cmp x="643" y="1627" width="24" height="65" />
        <cmp x="670" y="1634" width="36" height="30" />
        <cmp x="716" y="1624" width="27" height="40" />
        <cmp x="750" y="1624" width="61" height="41" />
        <cmp x="819" y="1634" width="35" height="31" />
        <cmp x="859" y="1638" width="34" height="25" />
        <cmp x="907" y="1598" width="57" height="68" />
        <cmp x="947" y="1625" width="10" height="7" />
        <cmp x="968" y="1594" width="28" height="74" />
        <cmp x="1000" y="1610" width="5" height="5" />
        <cmp x="1006" y="1631" width="10" height="27" />
        <cmp x="1031" y="1620" width="32" height="35" />
        <cmp x="1065" y="1622" width="25" height="38" />
      </word>
      <word id="c04-165-04-02" tag="." text=".">
        <cmp x="1095" y="1658" width="13" height="11" />
      </word>
      <word id="c04-165-04-03" sentence-start="yes" tag="IN" text="Among">
        <cmp x="1145" y="1590" width="56" height="79" />
        <cmp x="1206" y="1631" width="45" height="26" />
        <cmp x="1261" y="1637" width="34" height="25" />
        <cmp x="1300" y="1634" width="29" height="29" />
        <cmp x="1335" y="1632" width="37" height="64" />
      </word>
      <word id="c04-165-04-04" tag="PP3OS" text="them">
        <cmp x="1442" y="1590" width="28" height="69" />
        <cmp x="1472" y="1599" width="37" height="53" />
        <cmp x="1515" y="1626" width="39" height="34" />
        <cmp x="1548" y="1622" width="55" height="31" />
      </word>
      <word id="c04-165-04-05" tag="*-" text="-">
        <cmp x="1617" y="1640" width="34" height="10" />
      </word>
      <word id="c04-165-04-06" tag="NPT" text="Professor">
        <cmp x="1679" y="1590" width="35" height="81" />
        <cmp x="1712" y="1631" width="27" height="29" />
        <cmp x="1749" y="1632" width="32" height="28" />
        <cmp x="1798" y="1596" width="34" height="63" />
        <cmp x="1827" y="1629" width="31" height="30" />
        <cmp x="1866" y="1624" width="25" height="33" />
        <cmp x="1900" y="1623" width="17" height="30" />
        <cmp x="1921" y="1632" width="37" height="21" />
        <cmp x="1969" y="1630" width="24" height="30" />
      </word>
      <upper-contour>
        <point x="332" y="1503" />
        <point x="1994" y="1503" />
      </upper-contour>
      <lower-contour>
        <point x="332" y="1697" />
        <point x="1994" y="1697" />
      </lower-contour>
    </line>
    <line ass="643" asx="0" asy="1761" character-width="999" dss="643" dsx="0" dsy="1901" fd0="13248" fd1="2886" fd2="-1659" filter-width="3" id="c04-165-05" lbs="677" lbx="0" lby="1857" segmentation="err" slant="95000" stroke-width="5469" threshold="184" text="Dennis Brogan, Shelagh Delaney, and Alan Sillitoe." ubs="574" ubx="0" uby="1824">
      <word id="c04-165-05-00" tag="NP" text="Dennis">
        <cmp x="334" y="1758" width="47" height="96" />
        <cmp x="384" y="1816" width="41" height="31" />
        <cmp x="422" y="1821" width="38" height="22" />
        <cmp x="468" y="1818" width="34" height="27" />
        <cmp x="503" y="1806" width="7" height="11" />
        <cmp x="519" y="1821" width="8" height="21" />
        <cmp x="538" y="1808" width="19" height="35" />
      </word>
      <word id="c04-165-05-01" tag="NP" text="Brogan">
        <cmp x="619" y="1771" width="46" height="74" />
        <cmp x="668" y="1808" width="28" height="43" />
        <cmp x="699" y="1816" width="24" height="27" />
        <cmp x="728" y="1815" width="33" height="49" />
        <cmp x="768" y="1817" width="48" height="27" />
        <cmp x="813" y="1820" width="29" height="26" />
      </word>
      <word id="c04-165-05-02" tag="," text=",">
        <cmp x="854" y="1834" width="20" height="32" />
      </word>
      <word id="c04-165-05-03" tag="NP" text="Shelagh">
        <cmp x="891" y="1782" width="33" height="57" />
        <cmp x="910" y="1779" width="9" height="6" />
        <cmp x="928" y="1777" width="37" height="61" />
        <cmp x="971" y="1813" width="29" height="28" />
        <cmp x="1001" y="1757" width="73" height="87" />
        <cmp x="1080" y="1814" width="39" height="62" />
        <cmp x="1115" y="1784" width="31" height="59" />
      </word>
      <word id="c04-165-05-04" tag="NP" text="Delaney">
        <cmp x="1199" y="1759" width="36" height="83" />
        <cmp x="1241" y="1803" width="28" height="35" />
        <cmp x="1274" y="1785" width="72" height="67" />
        <cmp x="1353" y="1816" width="32" height="32" />
        <cmp x="1390" y="1819" width="31" height="34" />
        <cmp x="1396" y="1823" width="22" height="14" />
        <cmp x="1430" y="1819" width="36" height="66" />
      </word>
      <word id="c04-165-05-05" tag="," text=",">
        <cmp x="1472" y="1842" width="15" height="25" />
      </word>
      <word id="c04-165-05-06" tag="CC" text="and">
        <cmp x="1510" y="1817" width="49" height="29" />
        <cmp x="1559" y="1818" width="40" height="27" />
        <cmp x="1604" y="1774" width="37" height="73" />
      </word>
      <word id="c04-165-05-07" tag="NP" text="Alan">
        <cmp x="1697" y="1755" width="38" height="93" />
        <cmp x="1743" y="1755" width="76" height="92" />
        <cmp x="1821" y="1811" width="26" height="30" />
      </word>
      <word id="c04-165-05-08" tag="NP" text="Sillitoe">
        <cmp x="1896" y="1767" width="39" height="66" />
        <cmp x="1933" y="1786" width="10" height="10" />
        <cmp x="1942" y="1811" width="8" height="23" />
        <cmp x="1963" y="1745" width="84" height="98" />
        <cmp x="2039" y="1775" width="7" height="10" />
        <cmp x="2058" y="1756" width="53" height="79" />
      </word>
      <word id="c04-165-05-09" tag="." text=".">
        <cmp x="2118" y="1790" width="55" height="41" />
      </word>
      <upper-contour>
        <point x="332" y="1697" />
        <point x="1994" y="1697" />
      </upper-contour>
      <lower-contour>
        <point x="332" y="1885" />
        <point x="2055" y="1885" />
      </lower-contour>
    </line>
    <line ass="728" asx="0" asy="1946" character-width="999" dss="728" dsx="0" dsy="2066" fd0="13335" fd1="3117" fd2="-672" filter-width="3" id="c04-165-06" lbs="682" lbx="0" lby="2034" segmentation="ok" slant="97000" stroke-width="5431" threshold="185" text="The film covered a wide aspect of the British" ubs="820" ubx="0" uby="2010">
      <word id="c04-165-06-00" sentence-start="yes" tag="ATI" text="The">
        <cmp x="331" y="1942" width="77" height="14" />
        <cmp x="331" y="1957" width="8" height="5" />
        <cmp x="368" y="1956" width="17" height="68" />
        <cmp x="403" y="1958" width="38" height="66" />
        <cmp x="446" y="1995" width="32" height="29" />
      </word>
      <word id="c04-165-06-01" tag="NN" text="film">
        <cmp x="548" y="1956" width="39" height="99" />
        <cmp x="585" y="2013" width="9" height="14" />
        <cmp x="608" y="1956" width="80" height="76" />
      </word>
      <word id="c04-165-06-02" tag="VBD" text="covered">
        <cmp x="743" y="1992" width="65" height="39" />
        <cmp x="809" y="2002" width="33" height="24" />
        <cmp x="849" y="1996" width="33" height="27" />
        <cmp x="887" y="1992" width="27" height="27" />
        <cmp x="913" y="1953" width="76" height="71" />
      </word>
      <word id="c04-165-06-03" tag="AT" text="a">
        <cmp x="1047" y="1990" width="46" height="35" />
      </word>
      <word id="c04-165-06-04" tag="JJ" text="wide">
        <cmp x="1121" y="1997" width="46" height="23" />
        <cmp x="1168" y="1978" width="6" height="6" />
        <cmp x="1174" y="1994" width="4" height="7" />
        <cmp x="1175" y="2002" width="7" height="16" />
        <cmp x="1190" y="1950" width="38" height="72" />
        <cmp x="1242" y="1991" width="36" height="31" />
      </word>
      <word id="c04-165-06-05" tag="NN" text="aspect">
        <cmp x="1323" y="1993" width="47" height="27" />
        <cmp x="1378" y="1987" width="26" height="33" />
        <cmp x="1418" y="1979" width="28" height="69" />
        <cmp x="1450" y="1990" width="38" height="26" />
        <cmp x="1460" y="1988" width="18" height="16" />
        <cmp x="1490" y="1988" width="29" height="28" />
        <cmp x="1510" y="1955" width="28" height="73" />
      </word>
      <word id="c04-165-06-06" tag="INO" text="of">
        <cmp x="1595" y="1955" width="47" height="65" />
      </word>
      <word id="c04-165-06-07" tag="ATI" text="the">
        <cmp x="1661" y="1961" width="23" height="62" />
        <cmp x="1692" y="1973" width="32" height="46" />
        <cmp x="1735" y="1988" width="30" height="29" />
      </word>
      <word id="c04-165-06-08" tag="JNP" text="British">
        <cmp x="1827" y="1951" width="33" height="72" />
        <cmp x="1869" y="1983" width="29" height="38" />
        <cmp x="1902" y="1966" width="5" height="5" />
        <cmp x="1902" y="1988" width="8" height="26" />
        <cmp x="1919" y="1953" width="31" height="69" />
        <cmp x="1931" y="1946" width="4" height="6" />
        <cmp x="1956" y="1963" width="7" height="13" />
        <cmp x="1957" y="1984" width="11" height="30" />
        <cmp x="1979" y="1972" width="26" height="37" />
        <cmp x="2025" y="1942" width="29" height="62" />
      </word>
      <upper-contour>
        <point x="332" y="1885" />
        <point x="2055" y="1885" />
      </upper-contour>
      <lower-contour>
        <point x="357" y="2056" />
        <point x="2055" y="2056" />
      </lower-contour>
    </line>
    <line ass="284" asx="0" asy="2133" character-width="999" dss="284" dsx="0" dsy="2242" fd0="13383" fd1="2970" fd2="-704" filter-width="3" id="c04-165-07" lbs="259" lbx="0" lby="2210" segmentation="err" slant="101000" stroke-width="5427" threshold="185" text="scene, ranging from pubs, the Eton wall game," ubs="334" ubx="0" uby="2185">
      <word id="c04-165-07-00" tag="NN" text="scene">
        <cmp x="359" y="2161" width="26" height="51" />
        <cmp x="397" y="2171" width="105" height="40" />
        <cmp x="514" y="2172" width="34" height="30" />
        <cmp x="554" y="2193" width="24" height="22" />
      </word>
      <word id="c04-165-07-01" tag="," text=",">
        <cmp x="624" y="2167" width="33" height="46" />
      </word>
      <word id="c04-165-07-02" tag="VBG" text="ranging">
        <cmp x="663" y="2179" width="47" height="25" />
        <cmp x="708" y="2177" width="38" height="20" />
        <cmp x="749" y="2173" width="44" height="66" />
        <cmp x="797" y="2166" width="6" height="8" />
        <cmp x="805" y="2175" width="12" height="32" />
        <cmp x="824" y="2175" width="30" height="26" />
        <cmp x="863" y="2176" width="34" height="47" />
      </word>
      <word id="c04-165-07-03" tag="IN" text="from">
        <cmp x="960" y="2143" width="38" height="75" />
        <cmp x="1001" y="2173" width="23" height="28" />
        <cmp x="1026" y="2170" width="71" height="32" />
      </word>
      <word id="c04-165-07-04" tag="NNS" text="pubs">
        <cmp x="1145" y="2164" width="25" height="67" />
        <cmp x="1174" y="2178" width="41" height="23" />
        <cmp x="1217" y="2140" width="31" height="67" />
      </word>
      <word id="c04-165-07-05" tag="," text=",">
        <cmp x="1272" y="2170" width="20" height="31" />
        <cmp x="1298" y="2194" width="24" height="29" />
      </word>
      <word id="c04-165-07-06" tag="ATI" text="the">
        <cmp x="1355" y="2130" width="31" height="79" />
        <cmp x="1388" y="2145" width="32" height="60" />
        <cmp x="1431" y="2177" width="32" height="30" />
      </word>
      <word id="c04-165-07-07" tag="NP" text="Eton">
        <cmp x="1518" y="2143" width="51" height="64" />
        <cmp x="1568" y="2141" width="33" height="68" />
        <cmp x="1596" y="2173" width="34" height="26" />
        <cmp x="1643" y="2174" width="30" height="24" />
      </word>
      <word id="c04-165-07-08" tag="NN" text="wall">
        <cmp x="1717" y="2176" width="57" height="27" />
        <cmp x="1780" y="2124" width="82" height="77" />
      </word>
      <word id="c04-165-07-09" tag="NN" text="game">
        <cmp x="1904" y="2161" width="42" height="72" />
        <cmp x="1958" y="2165" width="97" height="37" />
        <cmp x="2063" y="2174" width="31" height="30" />
      </word>
      <word id="c04-165-07-10" tag="," text=",">
        <cmp x="2095" y="2184" width="23" height="32" />
      </word>
      <upper-contour>
        <point x="357" y="2056" />
        <point x="2055" y="2056" />
      </upper-contour>
      <lower-contour>
        <point x="357" y="2239" />
        <point x="1752" y="2239" />
      </lower-contour>
    </line>
    <line ass="571" asx="0" asy="2308" character-width="999" dss="571" dsx="0" dsy="2424" fd0="13435" fd1="2931" fd2="-571" filter-width="3" id="c04-165-08" lbs="623" lbx="0" lby="2396" segmentation="ok" slant="90000" stroke-width="5436" threshold="184" text="to the European Common Market." ubs="466" ubx="0" uby="2368">
      <word id="c04-165-08-00" tag="IN" text="to">
        <cmp x="351" y="2305" width="32" height="96" />
        <cmp x="387" y="2369" width="32" height="20" />
      </word>
      <word id="c04-165-08-01" tag="ATI" text="the">
        <cmp x="509" y="2305" width="29" height="83" />
        <cmp x="533" y="2324" width="40" height="65" />
        <cmp x="584" y="2356" width="39" height="37" />
      </word>
      <word id="c04-165-08-02" tag="JNP" text="European">
        <cmp x="709" y="2323" width="83" height="65" />
        <cmp x="797" y="2362" width="29" height="26" />
        <cmp x="835" y="2364" width="45" height="28" />
        <cmp x="889" y="2354" width="30" height="62" />
        <cmp x="926" y="2356" width="88" height="33" />
        <cmp x="1012" y="2357" width="37" height="27" />
      </word>
      <word id="c04-165-08-03" tag="JJ" text="Common">
        <cmp x="1132" y="2313" width="67" height="65" />
        <cmp x="1208" y="2354" width="52" height="27" />
        <cmp x="1274" y="2359" width="51" height="28" />
        <cmp x="1323" y="2362" width="37" height="21" />
        <cmp x="1362" y="2359" width="34" height="28" />
      </word>
      <word id="c04-165-08-04" tag="NN" text="Market">
        <cmp x="1441" y="2300" width="132" height="79" />
        <cmp x="1578" y="2356" width="22" height="22" />
        <cmp x="1613" y="2344" width="38" height="40" />
        <cmp x="1661" y="2355" width="37" height="34" />
        <cmp x="1700" y="2307" width="42" height="70" />
      </word>
      <word id="c04-165-08-05" tag="." text=".">
        <cmp x="1745" y="2365" width="7" height="7" />
      </word>
      <upper-contour>
        <point x="357" y="2239" />
        <point x="1752" y="2239" />
      </upper-contour>
    </line>
  </handwritten-part>
</form>

