<?xml version="1.0" encoding="ISO-8859-1"?>

<!DOCTYPE form SYSTEM 'http://www.iam.unibe.ch/~fki/iamdb/form-metadata.dtd'>

<form created="2002-01-16" height="3542" id="c04-013" last-modified="2002-07-17" skew="-30" status="final" version="3.0_beta" width="2479" writer-id="158">
  <machine-printed-part>
    <machine-print-line text="He double-crosses the five pals with whom he lives, cheats a waitress (Juliet Prowse)" />
    <machine-print-line text="and cynically uses a magazine editress (Martha Hyer) to get ahead. Frankie Vaughan" />
    <machine-print-line text="is too nice a chap to ring quite true as a smooth-tongued, ill-mannered Yank. His" />
    <machine-print-line text="best moments are when he swings breezily into the title song." />
  </machine-printed-part>
  <handwritten-part>
    <line ass="-245" asx="0" asy="740" character-width="999" dss="-245" dsx="0" dsy="845" fd0="13477" fd1="3267" fd2="-617" filter-width="3" id="c04-013-00" lbs="-250" lbx="0" lby="820" segmentation="ok" slant="90000" stroke-width="5599" threshold="161" text="He double-crosses the five pals with whom he lives," ubs="-236" ubx="0" uby="791">
      <word id="c04-013-00-00" sentence-start="yes" tag="PP3A" text="He">
        <cmp x="354" y="743" width="29" height="86" />
        <cmp x="401" y="790" width="33" height="31" />
      </word>
      <word id="c04-013-00-01" tag="VBZ" text="double-crosses">
        <cmp x="499" y="757" width="41" height="71" />
        <cmp x="541" y="791" width="56" height="38" />
        <cmp x="601" y="763" width="29" height="63" />
        <cmp x="635" y="758" width="32" height="63" />
        <cmp x="669" y="791" width="33" height="32" />
        <cmp x="724" y="803" width="24" height="6" />
        <cmp x="764" y="791" width="30" height="31" />
        <cmp x="801" y="793" width="49" height="33" />
        <cmp x="859" y="792" width="18" height="33" />
        <cmp x="882" y="792" width="18" height="30" />
        <cmp x="911" y="798" width="30" height="28" />
        <cmp x="946" y="794" width="20" height="33" />
      </word>
      <word id="c04-013-00-02" tag="ATI" text="the">
        <cmp x="1048" y="791" width="28" height="36" />
        <cmp x="1086" y="763" width="22" height="62" />
        <cmp x="1115" y="796" width="33" height="33" />
      </word>
      <word id="c04-013-00-03" tag="CD" text="five">
        <cmp x="1200" y="761" width="30" height="59" />
        <cmp x="1239" y="780" width="6" height="10" />
        <cmp x="1239" y="799" width="6" height="21" />
        <cmp x="1258" y="796" width="22" height="27" />
        <cmp x="1289" y="796" width="36" height="31" />
      </word>
      <word id="c04-013-00-04" tag="NNS" text="pals">
        <cmp x="1398" y="795" width="30" height="56" />
        <cmp x="1438" y="801" width="23" height="30" />
        <cmp x="1468" y="779" width="24" height="46" />
        <cmp x="1503" y="796" width="19" height="30" />
      </word>
      <word id="c04-013-00-05" tag="IN" text="with">
        <cmp x="1568" y="801" width="35" height="26" />
        <cmp x="1621" y="786" width="7" height="8" />
        <cmp x="1622" y="804" width="7" height="23" />
        <cmp x="1646" y="793" width="25" height="29" />
        <cmp x="1672" y="774" width="25" height="54" />
      </word>
      <word id="c04-013-00-06" tag="WPO" text="whom">
        <cmp x="1734" y="798" width="28" height="31" />
        <cmp x="1769" y="770" width="25" height="62" />
        <cmp x="1799" y="806" width="21" height="21" />
        <cmp x="1828" y="805" width="36" height="30" />
      </word>
      <word id="c04-013-00-07" tag="PP3A" text="he">
        <cmp x="1907" y="775" width="25" height="56" />
        <cmp x="1939" y="803" width="25" height="27" />
      </word>
      <word id="c04-013-00-08" tag="VBZ" text="lives">
        <cmp x="1990" y="776" width="39" height="53" />
        <cmp x="2025" y="788" width="6" height="8" />
        <cmp x="2038" y="803" width="19" height="22" />
        <cmp x="2058" y="802" width="43" height="33" />
      </word>
      <word id="c04-013-00-09" tag="," text=",">
        <cmp x="2107" y="833" width="13" height="16" />
      </word>
      <lower-contour>
        <point x="352" y="851" />
        <point x="2121" y="851" />
      </lower-contour>
    </line>
    <line ass="-437" asx="0" asy="918" character-width="999" dss="-437" dsx="0" dsy="1033" fd0="13876" fd1="3380" fd2="-383" filter-width="3" id="c04-013-01" lbs="-406" lbx="0" lby="1000" segmentation="err" slant="90000" stroke-width="5618" threshold="162" text="cheats a waitress (Juliet Prowse) and cynically uses" ubs="-501" ubx="0" uby="970">
      <word id="c04-013-01-00" tag="VBZ" text="cheats">
        <cmp x="351" y="939" width="59" height="61" />
        <cmp x="414" y="968" width="56" height="39" />
        <cmp x="475" y="971" width="23" height="31" />
        <cmp x="507" y="974" width="20" height="31" />
      </word>
      <word id="c04-013-01-01" tag="AT" text="a">
        <cmp x="590" y="972" width="29" height="39" />
      </word>
      <word id="c04-013-01-02" tag="NN" text="waitress">
        <cmp x="684" y="978" width="37" height="26" />
        <cmp x="728" y="980" width="35" height="28" />
        <cmp x="770" y="967" width="7" height="10" />
        <cmp x="770" y="985" width="7" height="20" />
        <cmp x="788" y="972" width="24" height="30" />
        <cmp x="822" y="981" width="20" height="23" />
        <cmp x="847" y="978" width="29" height="28" />
        <cmp x="880" y="979" width="20" height="31" />
        <cmp x="907" y="979" width="23" height="29" />
      </word>
      <word id="c04-013-01-03" tag="(" text="(">
        <cmp x="985" y="931" width="26" height="85" />
      </word>
      <word id="c04-013-01-04" tag="NP" text="Juliet">
        <cmp x="1039" y="951" width="35" height="53" />
        <cmp x="1074" y="979" width="25" height="27" />
        <cmp x="1106" y="951" width="29" height="53" />
        <cmp x="1140" y="982" width="7" height="22" />
        <cmp x="1143" y="961" width="7" height="10" />
        <cmp x="1155" y="976" width="25" height="32" />
      </word>
      <word id="c04-013-01-05" tag="NP" text="Prowse">
        <cmp x="1253" y="951" width="31" height="67" />
        <cmp x="1297" y="980" width="23" height="34" />
        <cmp x="1321" y="987" width="22" height="24" />
        <cmp x="1349" y="983" width="38" height="26" />
        <cmp x="1395" y="983" width="25" height="31" />
      </word>
      <word id="c04-013-01-06" tag=")" text=")">
        <cmp x="1427" y="989" width="34" height="29" />
        <cmp x="1459" y="931" width="28" height="91" />
      </word>
      <word id="c04-013-01-07" tag="CC" text="and">
        <cmp x="1547" y="985" width="27" height="32" />
        <cmp x="1584" y="986" width="19" height="27" />
        <cmp x="1611" y="960" width="27" height="51" />
      </word>
      <word id="c04-013-01-08" tag="RB" text="cynically">
        <cmp x="1698" y="982" width="27" height="26" />
        <cmp x="1730" y="986" width="27" height="61" />
        <cmp x="1769" y="984" width="22" height="25" />
        <cmp x="1802" y="989" width="7" height="20" />
        <cmp x="1810" y="969" width="5" height="9" />
        <cmp x="1825" y="986" width="25" height="25" />
        <cmp x="1853" y="987" width="21" height="23" />
        <cmp x="1880" y="966" width="48" height="44" />
        <cmp x="1931" y="988" width="29" height="50" />
      </word>
      <word id="c04-013-01-09" tag="VBZ" text="uses">
        <cmp x="2007" y="987" width="36" height="28" />
        <cmp x="2048" y="986" width="20" height="32" />
        <cmp x="2075" y="988" width="29" height="25" />
        <cmp x="2108" y="982" width="20" height="33" />
      </word>
      <upper-contour>
        <point x="352" y="851" />
        <point x="2121" y="851" />
      </upper-contour>
      <lower-contour>
        <point x="349" y="1047" />
        <point x="1975" y="1047" />
      </lower-contour>
    </line>
    <line ass="-140" asx="0" asy="1115" character-width="999" dss="-140" dsx="0" dsy="1212" fd0="13662" fd1="3097" fd2="-353" filter-width="3" id="c04-013-02" lbs="-126" lbx="0" lby="1185" segmentation="ok" slant="90000" stroke-width="5680" threshold="162" text="a magazine editress (Martha Hyer) to get ahead." ubs="-169" ubx="0" uby="1156">
      <word id="c04-013-02-00" tag="AT" text="a">
        <cmp x="346" y="1158" width="28" height="32" />
      </word>
      <word id="c04-013-02-01" tag="NN" text="magazine">
        <cmp x="445" y="1159" width="35" height="29" />
        <cmp x="484" y="1161" width="24" height="26" />
        <cmp x="512" y="1158" width="27" height="56" />
        <cmp x="545" y="1161" width="24" height="22" />
        <cmp x="573" y="1158" width="31" height="33" />
        <cmp x="609" y="1164" width="10" height="24" />
        <cmp x="615" y="1148" width="5" height="6" />
        <cmp x="633" y="1158" width="16" height="28" />
        <cmp x="656" y="1161" width="33" height="26" />
      </word>
      <word id="c04-013-02-02" tag="NN" text="editress">
        <cmp x="763" y="1160" width="34" height="32" />
        <cmp x="806" y="1137" width="28" height="46" />
        <cmp x="844" y="1162" width="8" height="20" />
        <cmp x="849" y="1147" width="5" height="7" />
        <cmp x="868" y="1152" width="23" height="30" />
        <cmp x="903" y="1155" width="16" height="23" />
        <cmp x="919" y="1157" width="23" height="25" />
        <cmp x="950" y="1153" width="23" height="34" />
        <cmp x="975" y="1160" width="21" height="30" />
      </word>
      <word id="c04-013-02-03" tag="(" text="(">
        <cmp x="1022" y="1136" width="24" height="56" />
      </word>
      <word id="c04-013-02-04" tag="NP" text="Martha">
        <cmp x="1057" y="1142" width="61" height="47" />
        <cmp x="1120" y="1165" width="22" height="23" />
        <cmp x="1147" y="1157" width="14" height="33" />
        <cmp x="1167" y="1136" width="52" height="53" />
      </word>
      <word id="c04-013-02-05" tag="NP" text="Hyer">
        <cmp x="1280" y="1135" width="25" height="55" />
        <cmp x="1312" y="1160" width="28" height="55" />
        <cmp x="1351" y="1162" width="57" height="25" />
      </word>
      <word id="c04-013-02-06" tag=")" text=")">
        <cmp x="1418" y="1120" width="19" height="82" />
      </word>
      <word id="c04-013-02-07" tag="TO" text="to">
        <cmp x="1508" y="1153" width="31" height="33" />
        <cmp x="1546" y="1162" width="24" height="20" />
      </word>
      <word id="c04-013-02-08" tag="VB" text="get">
        <cmp x="1619" y="1159" width="35" height="55" />
        <cmp x="1661" y="1163" width="29" height="25" />
        <cmp x="1697" y="1156" width="39" height="27" />
      </word>
      <word id="c04-013-02-09" tag="RB" text="ahead">
        <cmp x="1782" y="1158" width="30" height="36" />
        <cmp x="1820" y="1133" width="25" height="57" />
        <cmp x="1853" y="1162" width="53" height="29" />
        <cmp x="1910" y="1138" width="27" height="50" />
      </word>
      <word id="c04-013-02-10" tag="." text=".">
        <cmp x="1968" y="1184" width="7" height="7" />
      </word>
      <upper-contour>
        <point x="349" y="1047" />
        <point x="1975" y="1047" />
      </upper-contour>
      <lower-contour>
        <point x="346" y="1215" />
        <point x="1975" y="1215" />
      </lower-contour>
    </line>
    <line ass="-330" asx="0" asy="1297" character-width="999" dss="-330" dsx="0" dsy="1396" fd0="13705" fd1="3586" fd2="-60" filter-width="3" id="c04-013-03" lbs="-406" lbx="0" lby="1359" segmentation="ok" slant="95000" stroke-width="5618" threshold="162" text="Frankie Vaughan is too nice a chap to ring quite" ubs="-178" ubx="0" uby="1335">
      <word id="c04-013-03-00" sentence-start="yes" tag="NP" text="Frankie">
        <cmp x="348" y="1305" width="35" height="59" />
        <cmp x="392" y="1331" width="24" height="35" />
        <cmp x="413" y="1335" width="29" height="34" />
        <cmp x="449" y="1341" width="19" height="29" />
        <cmp x="473" y="1324" width="29" height="45" />
        <cmp x="514" y="1345" width="7" height="21" />
        <cmp x="517" y="1328" width="5" height="8" />
        <cmp x="530" y="1335" width="32" height="29" />
      </word>
      <word id="c04-013-03-01" tag="NP" text="Vaughan">
        <cmp x="629" y="1305" width="31" height="59" />
        <cmp x="652" y="1335" width="28" height="33" />
        <cmp x="684" y="1338" width="26" height="26" />
        <cmp x="722" y="1337" width="26" height="64" />
        <cmp x="753" y="1321" width="22" height="47" />
        <cmp x="780" y="1340" width="26" height="31" />
        <cmp x="814" y="1337" width="21" height="29" />
      </word>
      <word id="c04-013-03-02" tag="BEZ" text="is">
        <cmp x="933" y="1342" width="7" height="29" />
        <cmp x="938" y="1327" width="6" height="14" />
        <cmp x="953" y="1340" width="16" height="32" />
      </word>
      <word id="c04-013-03-03" tag="QL" text="too">
        <cmp x="1013" y="1337" width="30" height="31" />
        <cmp x="1046" y="1344" width="25" height="18" />
        <cmp x="1081" y="1344" width="28" height="21" />
      </word>
      <word id="c04-013-03-04" tag="JJ" text="nice">
        <cmp x="1162" y="1342" width="27" height="27" />
        <cmp x="1200" y="1346" width="7" height="20" />
        <cmp x="1205" y="1330" width="4" height="6" />
        <cmp x="1217" y="1339" width="68" height="27" />
      </word>
      <word id="c04-013-03-05" tag="AT" text="a">
        <cmp x="1331" y="1336" width="28" height="33" />
      </word>
      <word id="c04-013-03-06" tag="NN" text="chap">
        <cmp x="1424" y="1337" width="30" height="29" />
        <cmp x="1459" y="1306" width="24" height="59" />
        <cmp x="1488" y="1335" width="19" height="30" />
        <cmp x="1516" y="1335" width="23" height="44" />
      </word>
      <word id="c04-013-03-07" tag="TO" text="to">
        <cmp x="1610" y="1333" width="29" height="31" />
        <cmp x="1647" y="1342" width="24" height="26" />
      </word>
      <word id="c04-013-03-08" tag="VB" text="ring">
        <cmp x="1726" y="1346" width="25" height="24" />
        <cmp x="1757" y="1351" width="9" height="20" />
        <cmp x="1764" y="1327" width="6" height="9" />
        <cmp x="1776" y="1350" width="21" height="26" />
        <cmp x="1804" y="1352" width="30" height="53" />
      </word>
      <word id="c04-013-03-09" tag="RB" text="quite">
        <cmp x="1896" y="1347" width="30" height="45" />
        <cmp x="1938" y="1351" width="29" height="23" />
        <cmp x="1979" y="1347" width="7" height="30" />
        <cmp x="1983" y="1328" width="7" height="10" />
        <cmp x="2002" y="1337" width="26" height="32" />
        <cmp x="2035" y="1342" width="38" height="30" />
      </word>
      <upper-contour>
        <point x="346" y="1215" />
        <point x="1975" y="1215" />
      </upper-contour>
      <lower-contour>
        <point x="346" y="1405" />
        <point x="2045" y="1405" />
      </lower-contour>
    </line>
    <line ass="-255" asx="0" asy="1476" character-width="999" dss="-255" dsx="0" dsy="1578" fd0="13792" fd1="3338" fd2="230" filter-width="4" id="c04-013-04" lbs="-228" lbx="0" lby="1540" segmentation="err" slant="90000" stroke-width="5820" threshold="161" text="true as a smooth-tongued, ill-mannered Yank. His" ubs="-310" ubx="0" uby="1515">
      <word id="c04-013-04-00" tag="JJ" text="true">
        <cmp x="348" y="1505" width="41" height="37" />
        <cmp x="394" y="1508" width="24" height="30" />
        <cmp x="420" y="1511" width="29" height="28" />
        <cmp x="451" y="1511" width="32" height="30" />
      </word>
      <word id="c04-013-04-01" tag="IN" text="as">
        <cmp x="556" y="1513" width="20" height="33" />
        <cmp x="588" y="1516" width="17" height="36" />
      </word>
      <word id="c04-013-04-02" tag="AT" text="a">
        <cmp x="644" y="1525" width="27" height="28" />
      </word>
      <word id="c04-013-04-03" tag="JJ" text="smooth-tongued">
        <cmp x="732" y="1514" width="21" height="32" />
        <cmp x="759" y="1517" width="61" height="28" />
        <cmp x="828" y="1521" width="21" height="20" />
        <cmp x="858" y="1513" width="26" height="26" />
        <cmp x="886" y="1498" width="27" height="41" />
        <cmp x="946" y="1525" width="30" height="6" />
        <cmp x="991" y="1512" width="25" height="34" />
        <cmp x="1025" y="1524" width="25" height="18" />
        <cmp x="1067" y="1523" width="22" height="27" />
        <cmp x="1099" y="1523" width="24" height="60" />
        <cmp x="1136" y="1528" width="25" height="23" />
        <cmp x="1166" y="1500" width="56" height="52" />
      </word>
      <word id="c04-013-04-04" tag="," text=",">
        <cmp x="1240" y="1546" width="9" height="23" />
      </word>
      <word id="c04-013-04-05" tag="JJ" text="ill-mannered">
        <cmp x="1303" y="1530" width="6" height="21" />
        <cmp x="1308" y="1512" width="7" height="9" />
        <cmp x="1326" y="1499" width="50" height="44" />
        <cmp x="1419" y="1522" width="42" height="23" />
        <cmp x="1471" y="1523" width="24" height="26" />
        <cmp x="1503" y="1524" width="18" height="23" />
        <cmp x="1527" y="1520" width="57" height="24" />
        <cmp x="1583" y="1518" width="45" height="26" />
        <cmp x="1631" y="1496" width="28" height="54" />
      </word>
      <word id="c04-013-04-06" tag="NNP" text="Yank">
        <cmp x="1724" y="1493" width="34" height="56" />
        <cmp x="1752" y="1522" width="25" height="29" />
        <cmp x="1784" y="1525" width="24" height="24" />
        <cmp x="1818" y="1503" width="33" height="46" />
      </word>
      <word id="c04-013-04-07" tag="." text=".">
        <cmp x="1872" y="1539" width="6" height="8" />
      </word>
      <word id="c04-013-04-08" sentence-start="yes" tag="PP$" text="His">
        <cmp x="1943" y="1486" width="32" height="60" />
        <cmp x="1990" y="1525" width="6" height="22" />
        <cmp x="2003" y="1503" width="6" height="10" />
        <cmp x="2019" y="1520" width="25" height="36" />
      </word>
      <upper-contour>
        <point x="346" y="1405" />
        <point x="2045" y="1405" />
      </upper-contour>
      <lower-contour>
        <point x="349" y="1583" />
        <point x="2045" y="1583" />
      </lower-contour>
    </line>
    <line ass="-255" asx="0" asy="1659" character-width="999" dss="-255" dsx="0" dsy="1744" fd0="13692" fd1="3132" fd2="-343" filter-width="4" id="c04-013-05" lbs="-258" lbx="0" lby="1717" segmentation="ok" slant="90000" stroke-width="5865" threshold="160" text="best moments are when he swings breezily into the" ubs="-248" ubx="0" uby="1690">
      <word id="c04-013-05-00" tag="JJT" text="best">
        <cmp x="351" y="1664" width="25" height="49" />
        <cmp x="386" y="1690" width="33" height="26" />
        <cmp x="420" y="1691" width="16" height="29" />
        <cmp x="438" y="1694" width="28" height="24" />
      </word>
      <word id="c04-013-05-01" tag="NNS" text="moments">
        <cmp x="565" y="1696" width="59" height="31" />
        <cmp x="631" y="1697" width="33" height="24" />
        <cmp x="667" y="1696" width="26" height="24" />
        <cmp x="696" y="1696" width="19" height="23" />
        <cmp x="727" y="1692" width="21" height="23" />
        <cmp x="755" y="1690" width="14" height="28" />
      </word>
      <word id="c04-013-05-02" tag="BER" text="are">
        <cmp x="837" y="1692" width="26" height="33" />
        <cmp x="866" y="1697" width="53" height="26" />
      </word>
      <word id="c04-013-05-03" tag="WRB" text="when">
        <cmp x="983" y="1697" width="39" height="29" />
        <cmp x="1024" y="1670" width="27" height="53" />
        <cmp x="1055" y="1696" width="29" height="26" />
        <cmp x="1087" y="1696" width="32" height="25" />
      </word>
      <word id="c04-013-05-04" tag="PP3A" text="he">
        <cmp x="1179" y="1665" width="25" height="53" />
        <cmp x="1211" y="1693" width="31" height="28" />
      </word>
      <word id="c04-013-05-05" tag="VBZ" text="swings">
        <cmp x="1309" y="1689" width="21" height="34" />
        <cmp x="1333" y="1694" width="33" height="24" />
        <cmp x="1380" y="1697" width="8" height="18" />
        <cmp x="1382" y="1678" width="5" height="8" />
        <cmp x="1399" y="1691" width="22" height="26" />
        <cmp x="1430" y="1697" width="30" height="52" />
        <cmp x="1467" y="1696" width="16" height="33" />
      </word>
      <word id="c04-013-05-06" tag="RB" text="breezily">
        <cmp x="1549" y="1668" width="32" height="53" />
        <cmp x="1596" y="1695" width="81" height="29" />
        <cmp x="1682" y="1695" width="33" height="36" />
        <cmp x="1720" y="1706" width="7" height="20" />
        <cmp x="1723" y="1687" width="6" height="9" />
        <cmp x="1737" y="1673" width="52" height="80" />
      </word>
      <word id="c04-013-05-07" tag="IN" text="into">
        <cmp x="1832" y="1706" width="7" height="19" />
        <cmp x="1833" y="1689" width="7" height="12" />
        <cmp x="1851" y="1704" width="24" height="22" />
        <cmp x="1883" y="1700" width="24" height="23" />
        <cmp x="1911" y="1703" width="20" height="20" />
      </word>
      <word id="c04-013-05-08" tag="ATI" text="the">
        <cmp x="2002" y="1699" width="21" height="33" />
        <cmp x="2031" y="1674" width="21" height="55" />
        <cmp x="2054" y="1700" width="35" height="28" />
      </word>
      <upper-contour>
        <point x="349" y="1583" />
        <point x="2045" y="1583" />
      </upper-contour>
      <lower-contour>
        <point x="357" y="1727" />
        <point x="698" y="1727" />
      </lower-contour>
    </line>
    <line ass="-2656" asx="0" asy="1825" character-width="999" dss="-2656" dsx="0" dsy="1914" fd0="14037" fd1="3366" fd2="16" filter-width="4" id="c04-013-06" lbs="-2112" lbx="0" lby="1878" segmentation="ok" slant="90000" stroke-width="5797" threshold="159" text="title song." ubs="-3743" ubx="0" uby="1843">
      <word id="c04-013-06-00" tag="NN" text="title">
        <cmp x="359" y="1870" width="28" height="24" />
        <cmp x="395" y="1869" width="8" height="26" />
        <cmp x="396" y="1858" width="7" height="11" />
        <cmp x="416" y="1866" width="20" height="25" />
        <cmp x="442" y="1846" width="55" height="54" />
      </word>
      <word id="c04-013-06-01" tag="NN" text="song">
        <cmp x="555" y="1870" width="25" height="31" />
        <cmp x="586" y="1878" width="21" height="18" />
        <cmp x="615" y="1879" width="19" height="28" />
        <cmp x="641" y="1880" width="34" height="64" />
      </word>
      <word id="c04-013-06-02" tag="." text=".">
        <cmp x="691" y="1895" width="7" height="7" />
      </word>
      <upper-contour>
        <point x="357" y="1727" />
        <point x="698" y="1727" />
      </upper-contour>
    </line>
  </handwritten-part>
</form>

