<?xml version="1.0" encoding="ISO-8859-1"?>

<!DOCTYPE form SYSTEM 'http://www.iam.unibe.ch/~fki/iamdb/form-metadata.dtd'>

<form created="2002-01-17" height="3542" id="c06-103" last-modified="2002-07-17" skew="190" status="final" version="3.0_beta" width="2479" writer-id="129">
  <machine-printed-part>
    <machine-print-line text="THE Marriage-Go-Round (Carlton) is also a comedy of manners, but fun-films toting" />
    <machine-print-line text="an X certificate have to keep a sharp look-out that the jokes about sex (what else" />
    <machine-print-line text="would they joke about with an X?) are of the witty, verbal variety and not the visual" />
    <machine-print-line text="slapstick. This has only one gag - that of the entry of a gladiator (female, 7ft. high," />
    <machine-print-line text="&apos;stacked&apos; and Scandinavian) into the cosy but unbelievably elegant household of a pair" />
    <machine-print-line text="of married college professors." />
  </machine-printed-part>
  <handwritten-part>
    <line ass="-232" asx="0" asy="831" character-width="999" dss="-232" dsx="0" dsy="1031" fd0="12396" fd1="2703" fd2="-1324" filter-width="3" id="c06-103-00" lbs="-185" lbx="0" lby="957" segmentation="ok" slant="90000" stroke-width="5631" threshold="182" text="THE Marriage-Go-Round (Carlton)" ubs="-328" ubx="0" uby="891">
      <word id="c06-103-00-00" sentence-start="yes" tag="ATI" text="THE">
        <cmp x="360" y="845" width="132" height="137" />
        <cmp x="369" y="867" width="7" height="106" />
      </word>
      <word id="c06-103-00-01" tag="NN" text="Marriage-Go-Round">
        <cmp x="582" y="839" width="54" height="121" />
        <cmp x="644" y="879" width="95" height="96" />
        <cmp x="740" y="880" width="31" height="85" />
        <cmp x="774" y="854" width="24" height="14" />
        <cmp x="774" y="893" width="12" height="75" />
        <cmp x="809" y="881" width="58" height="81" />
        <cmp x="874" y="892" width="89" height="144" />
        <cmp x="1034" y="924" width="44" height="7" />
        <cmp x="1146" y="838" width="44" height="125" />
        <cmp x="1165" y="898" width="32" height="61" />
        <cmp x="1219" y="890" width="38" height="75" />
        <cmp x="1295" y="924" width="22" height="10" />
        <cmp x="1363" y="837" width="64" height="131" />
        <cmp x="1436" y="884" width="108" height="86" />
        <cmp x="1550" y="898" width="61" height="72" />
        <cmp x="1621" y="853" width="48" height="116" />
      </word>
      <word id="c06-103-00-02" tag="(" text="(">
        <cmp x="1734" y="839" width="44" height="155" />
      </word>
      <word id="c06-103-00-03" tag="NP" text="Carlton">
        <cmp x="1786" y="851" width="39" height="110" />
        <cmp x="1831" y="865" width="93" height="108" />
        <cmp x="1934" y="853" width="10" height="115" />
        <cmp x="1965" y="859" width="77" height="110" />
        <cmp x="2052" y="907" width="43" height="57" />
      </word>
      <word id="c06-103-00-04" tag=")" text=")">
        <cmp x="2100" y="852" width="34" height="158" />
      </word>
      <lower-contour>
        <point x="360" y="1022" />
        <point x="885" y="1035" />
        <point x="1249" y="995" />
        <point x="2085" y="995" />
      </lower-contour>
    </line>
    <line ass="-390" asx="0" asy="1006" character-width="999" dss="-390" dsx="0" dsy="1311" fd0="12388" fd1="2591" fd2="-1294" filter-width="3" id="c06-103-01" lbs="-319" lbx="0" lby="1140" segmentation="err" slant="90000" stroke-width="5654" threshold="181" text="is also a comedy of manners," ubs="-533" ubx="0" uby="1065">
      <word id="c06-103-01-00" tag="BEZ" text="is">
        <cmp x="362" y="1070" width="7" height="80" />
        <cmp x="366" y="1039" width="49" height="102" />
      </word>
      <word id="c06-103-01-01" tag="RB" text="also">
        <cmp x="531" y="1061" width="67" height="94" />
        <cmp x="609" y="1026" width="8" height="123" />
        <cmp x="635" y="1066" width="31" height="83" />
        <cmp x="671" y="1062" width="41" height="85" />
      </word>
      <word id="c06-103-01-02" tag="AT" text="a">
        <cmp x="798" y="1065" width="52" height="86" />
      </word>
      <word id="c06-103-01-03" tag="NN" text="comedy">
        <cmp x="942" y="1068" width="40" height="94" />
        <cmp x="989" y="1069" width="43" height="86" />
        <cmp x="1052" y="1069" width="151" height="84" />
        <cmp x="1212" y="1030" width="157" height="292" />
      </word>
      <word id="c06-103-01-04" tag="INO" text="of">
        <cmp x="1437" y="1073" width="49" height="78" />
        <cmp x="1487" y="1072" width="3" height="3" />
        <cmp x="1493" y="1017" width="54" height="182" />
      </word>
      <word id="c06-103-01-05" tag="NNS" text="manners">
        <cmp x="1643" y="1074" width="81" height="81" />
        <cmp x="1753" y="1061" width="55" height="89" />
        <cmp x="1815" y="1070" width="59" height="78" />
        <cmp x="1883" y="1065" width="171" height="85" />
      </word>
      <word id="c06-103-01-06" tag="," text=",">
        <cmp x="2062" y="1145" width="21" height="50" />
      </word>
      <upper-contour>
        <point x="360" y="1022" />
        <point x="885" y="1035" />
        <point x="1249" y="995" />
        <point x="2085" y="995" />
      </upper-contour>
      <lower-contour>
        <point x="360" y="1162" />
        <point x="1280" y="1322" />
        <point x="1378" y="1199" />
        <point x="1891" y="1199" />
      </lower-contour>
    </line>
    <line ass="-628" asx="0" asy="1175" character-width="999" dss="-628" dsx="0" dsy="1378" fd0="12214" fd1="2755" fd2="-426" filter-width="3" id="c06-103-02" lbs="-527" lbx="0" lby="1320" segmentation="err" slant="90000" stroke-width="5646" threshold="180" text="but fun-films toting an X" ubs="-832" ubx="0" uby="1239">
      <word id="c06-103-02-00" tag="CC" text="but">
        <cmp x="328" y="1183" width="170" height="144" />
      </word>
      <word id="c06-103-02-01" tag="NNS" text="fun-films">
        <cmp x="628" y="1182" width="99" height="179" />
        <cmp x="653" y="1233" width="3" height="7" />
        <cmp x="739" y="1241" width="47" height="80" />
        <cmp x="813" y="1286" width="36" height="6" />
        <cmp x="921" y="1195" width="48" height="174" />
        <cmp x="938" y="1225" width="4" height="7" />
        <cmp x="959" y="1217" width="10" height="14" />
        <cmp x="1009" y="1202" width="10" height="127" />
        <cmp x="1034" y="1245" width="77" height="80" />
        <cmp x="1112" y="1248" width="44" height="77" />
      </word>
      <word id="c06-103-02-02" tag="VBG" text="toting">
        <cmp x="1378" y="1202" width="43" height="121" />
        <cmp x="1412" y="1230" width="8" height="9" />
        <cmp x="1440" y="1261" width="45" height="69" />
        <cmp x="1496" y="1266" width="43" height="130" />
      </word>
      <word id="c06-103-02-03" tag="AT" text="an">
        <cmp x="1622" y="1255" width="112" height="92" />
      </word>
      <word id="c06-103-02-04" tag="ZZ" text="X">
        <cmp x="1816" y="1218" width="74" height="132" />
      </word>
      <upper-contour>
        <point x="360" y="1162" />
        <point x="1280" y="1322" />
        <point x="1378" y="1199" />
        <point x="1891" y="1199" />
      </upper-contour>
      <lower-contour>
        <point x="345" y="1369" />
        <point x="1495" y="1396" />
        <point x="1891" y="1396" />
      </lower-contour>
    </line>
    <line ass="-200" asx="0" asy="1368" character-width="999" dss="-200" dsx="0" dsy="1559" fd0="12097" fd1="2606" fd2="-902" filter-width="3" id="c06-103-03" lbs="-223" lbx="0" lby="1509" segmentation="ok" slant="89000" stroke-width="5670" threshold="180" text="certificate have to keep a sharp" ubs="-154" ubx="0" uby="1429">
      <word id="c06-103-03-00" tag="NN" text="certificate">
        <cmp x="347" y="1380" width="157" height="140" />
        <cmp x="497" y="1399" width="15" height="9" />
        <cmp x="545" y="1381" width="51" height="174" />
        <cmp x="595" y="1404" width="11" height="8" />
        <cmp x="628" y="1427" width="50" height="87" />
        <cmp x="666" y="1445" width="5" height="10" />
        <cmp x="696" y="1382" width="153" height="137" />
      </word>
      <word id="c06-103-03-01" tag="HV" text="have">
        <cmp x="976" y="1376" width="55" height="135" />
        <cmp x="1056" y="1427" width="51" height="90" />
        <cmp x="1118" y="1424" width="90" height="87" />
      </word>
      <word id="c06-103-03-02" tag="TO" text="to">
        <cmp x="1280" y="1388" width="91" height="129" />
      </word>
      <word id="c06-103-03-03" tag="VB" text="keep">
        <cmp x="1455" y="1390" width="10" height="133" />
        <cmp x="1467" y="1431" width="179" height="123" />
      </word>
      <word id="c06-103-03-04" tag="AT" text="a">
        <cmp x="1735" y="1425" width="53" height="85" />
      </word>
      <word id="c06-103-03-05" tag="JJ" text="sharp">
        <cmp x="1870" y="1420" width="34" height="90" />
        <cmp x="1925" y="1375" width="56" height="139" />
        <cmp x="1986" y="1422" width="98" height="95" />
        <cmp x="2084" y="1443" width="49" height="124" />
      </word>
      <upper-contour>
        <point x="345" y="1369" />
        <point x="1495" y="1396" />
        <point x="1891" y="1396" />
      </upper-contour>
      <lower-contour>
        <point x="345" y="1554" />
        <point x="1048" y="1541" />
        <point x="1598" y="1565" />
        <point x="2085" y="1570" />
        <point x="2134" y="1570" />
      </lower-contour>
    </line>
    <line ass="230" asx="0" asy="1557" character-width="999" dss="230" dsx="0" dsy="1758" fd0="12015" fd1="2651" fd2="-940" filter-width="3" id="c06-103-04" lbs="220" lbx="0" lby="1692" segmentation="ok" slant="90000" stroke-width="5641" threshold="180" text="look-out that the jokes about" ubs="252" ubx="0" uby="1623">
      <word id="c06-103-04-00" tag="NN" text="look-out">
        <cmp x="347" y="1558" width="11" height="150" />
        <cmp x="367" y="1604" width="46" height="84" />
        <cmp x="426" y="1599" width="41" height="95" />
        <cmp x="471" y="1558" width="57" height="132" />
        <cmp x="551" y="1641" width="45" height="6" />
        <cmp x="691" y="1597" width="145" height="101" />
        <cmp x="827" y="1579" width="40" height="100" />
      </word>
      <word id="c06-103-04-01" tag="CS" text="that">
        <cmp x="1034" y="1553" width="89" height="141" />
        <cmp x="1142" y="1556" width="106" height="134" />
      </word>
      <word id="c06-103-04-02" tag="ATI" text="the">
        <cmp x="1375" y="1562" width="133" height="134" />
      </word>
      <word id="c06-103-04-03" tag="NNS" text="jokes">
        <cmp x="1629" y="1588" width="14" height="12" />
        <cmp x="1642" y="1616" width="11" height="137" />
        <cmp x="1676" y="1617" width="34" height="69" />
        <cmp x="1728" y="1567" width="91" height="118" />
        <cmp x="1819" y="1610" width="39" height="71" />
      </word>
      <word id="c06-103-04-04" tag="IN" text="about">
        <cmp x="1990" y="1605" width="60" height="89" />
        <cmp x="2052" y="1572" width="39" height="113" />
        <cmp x="2102" y="1571" width="152" height="117" />
      </word>
      <upper-contour>
        <point x="345" y="1554" />
        <point x="1048" y="1541" />
        <point x="1598" y="1565" />
        <point x="2085" y="1570" />
        <point x="2134" y="1570" />
      </upper-contour>
      <lower-contour>
        <point x="345" y="1707" />
        <point x="1642" y="1754" />
        <point x="1959" y="1696" />
        <point x="2046" y="1696" />
      </lower-contour>
    </line>
    <line ass="-129" asx="0" asy="1736" character-width="999" dss="-129" dsx="0" dsy="1931" fd0="12393" fd1="2638" fd2="-873" filter-width="3" id="c06-103-05" lbs="-225" lbx="0" lby="1860" segmentation="ok" slant="90000" stroke-width="5635" threshold="181" text="sex (what else would they joke" ubs="63" ubx="0" uby="1798">
      <word id="c06-103-05-00" tag="NN" text="sex">
        <cmp x="323" y="1773" width="154" height="95" />
      </word>
      <word id="c06-103-05-01" tag="(" text="(">
        <cmp x="514" y="1739" width="50" height="153" />
      </word>
      <word id="c06-103-05-02" tag="WDT" text="what">
        <cmp x="598" y="1781" width="66" height="96" />
        <cmp x="668" y="1743" width="71" height="142" />
        <cmp x="743" y="1752" width="128" height="128" />
      </word>
      <word id="c06-103-05-03" tag="RB" text="else">
        <cmp x="948" y="1744" width="71" height="134" />
        <cmp x="1023" y="1779" width="41" height="85" />
        <cmp x="1055" y="1795" width="51" height="78" />
      </word>
      <word id="c06-103-05-04" tag="MD" text="would">
        <cmp x="1209" y="1790" width="71" height="105" />
        <cmp x="1301" y="1799" width="115" height="75" />
        <cmp x="1425" y="1762" width="15" height="106" />
        <cmp x="1447" y="1759" width="65" height="116" />
      </word>
      <word id="c06-103-05-05" tag="PP3AS" text="they">
        <cmp x="1570" y="1748" width="52" height="133" />
        <cmp x="1636" y="1740" width="143" height="195" />
      </word>
      <word id="c06-103-05-06" tag="VB" text="joke">
        <cmp x="1845" y="1897" width="8" height="19" />
        <cmp x="1853" y="1798" width="35" height="138" />
        <cmp x="1872" y="1758" width="15" height="15" />
        <cmp x="1905" y="1792" width="43" height="70" />
        <cmp x="1959" y="1742" width="86" height="120" />
      </word>
      <upper-contour>
        <point x="345" y="1707" />
        <point x="1642" y="1754" />
        <point x="1959" y="1696" />
        <point x="2046" y="1696" />
      </upper-contour>
      <lower-contour>
        <point x="338" y="1895" />
        <point x="1763" y="1936" />
        <point x="1845" y="1736" />
        <point x="1853" y="1938" />
        <point x="1896" y="1864" />
        <point x="2036" y="1864" />
      </lower-contour>
    </line>
    <line ass="469" asx="0" asy="1913" character-width="999" dss="469" dsx="0" dsy="2141" fd0="12188" fd1="2747" fd2="-564" filter-width="3" id="c06-103-06" lbs="647" lbx="0" lby="2059" segmentation="err" slant="89000" stroke-width="5671" threshold="180" text="about with an X?) are of the witty," ubs="113" ubx="0" uby="1976">
      <word id="c06-103-06-00" tag="IN" text="about">
        <cmp x="340" y="1974" width="70" height="93" />
        <cmp x="417" y="1921" width="33" height="126" />
      </word>
      <word id="c06-103-06-01" tag="IN" text="with">
        <cmp x="486" y="1914" width="170" height="137" />
      </word>
      <word id="c06-103-06-02" tag="AT" text="an">
        <cmp x="764" y="1971" width="69" height="93" />
        <cmp x="831" y="1935" width="99" height="122" />
      </word>
      <word id="c06-103-06-03" tag="ZZ" text="X">
        <cmp x="995" y="1945" width="62" height="112" />
        <cmp x="1047" y="1935" width="47" height="184" />
        <cmp x="1057" y="1965" width="24" height="62" />
      </word>
      <word id="c06-103-06-04" tag="?" text="?">
        <cmp x="1070" y="2038" width="10" height="12" />
      </word>
      <word id="c06-103-06-05" tag=")" text=")">
        <cmp x="1175" y="1961" width="100" height="88" />
      </word>
      <word id="c06-103-06-06" tag="BER" text="are">
        <cmp x="1274" y="1976" width="44" height="70" />
      </word>
      <word id="c06-103-06-07" tag="INO" text="of">
        <cmp x="1394" y="1964" width="37" height="80" />
        <cmp x="1447" y="1917" width="27" height="167" />
      </word>
      <word id="c06-103-06-08" tag="ATI" text="the">
        <cmp x="1576" y="1911" width="151" height="132" />
      </word>
      <word id="c06-103-06-09" tag="JJ" text="witty">
        <cmp x="1775" y="1962" width="84" height="76" />
        <cmp x="1845" y="1899" width="8" height="17" />
        <cmp x="1855" y="1940" width="18" height="8" />
        <cmp x="1890" y="1915" width="100" height="211" />
      </word>
      <word id="c06-103-06-10" tag="," text=",">
        <cmp x="2024" y="2041" width="11" height="69" />
      </word>
      <upper-contour>
        <point x="338" y="1895" />
        <point x="1763" y="1936" />
        <point x="1845" y="1736" />
        <point x="1853" y="1938" />
        <point x="1896" y="1864" />
        <point x="2036" y="1864" />
      </upper-contour>
      <lower-contour>
        <point x="338" y="2066" />
        <point x="1047" y="2121" />
        <point x="1370" y="2084" />
        <point x="1968" y="2128" />
        <point x="2036" y="2128" />
      </lower-contour>
    </line>
    <line ass="284" asx="0" asy="2111" character-width="999" dss="284" dsx="0" dsy="2309" fd0="12256" fd1="2572" fd2="-1055" filter-width="3" id="c06-103-07" lbs="385" lbx="0" lby="2238" segmentation="ok" slant="90000" stroke-width="5616" threshold="180" text="verbal variety and not the visual" ubs="81" ubx="0" uby="2153">
      <word id="c06-103-07-00" tag="JJ" text="verbal">
        <cmp x="323" y="2129" width="67" height="107" />
        <cmp x="381" y="2131" width="85" height="114" />
        <cmp x="469" y="2109" width="38" height="122" />
        <cmp x="539" y="2108" width="95" height="126" />
      </word>
      <word id="c06-103-07-01" tag="NN" text="variety">
        <cmp x="723" y="2142" width="34" height="100" />
        <cmp x="775" y="2148" width="121" height="87" />
        <cmp x="889" y="2129" width="8" height="9" />
        <cmp x="914" y="2220" width="3" height="4" />
        <cmp x="916" y="2163" width="51" height="71" />
        <cmp x="977" y="2111" width="87" height="194" />
      </word>
      <word id="c06-103-07-02" tag="CC" text="and">
        <cmp x="1184" y="2135" width="67" height="100" />
        <cmp x="1263" y="2158" width="55" height="69" />
        <cmp x="1320" y="2115" width="63" height="118" />
      </word>
      <word id="c06-103-07-03" tag="XNOT" text="not">
        <cmp x="1467" y="2151" width="47" height="84" />
        <cmp x="1533" y="2162" width="28" height="70" />
        <cmp x="1575" y="2121" width="39" height="107" />
      </word>
      <word id="c06-103-07-04" tag="ATI" text="the">
        <cmp x="1678" y="2107" width="133" height="128" />
      </word>
      <word id="c06-103-07-05" tag="JJ" text="visual">
        <cmp x="1883" y="2143" width="74" height="92" />
        <cmp x="1945" y="2114" width="10" height="17" />
        <cmp x="1982" y="2137" width="103" height="87" />
        <cmp x="2093" y="2112" width="83" height="114" />
      </word>
      <upper-contour>
        <point x="338" y="2066" />
        <point x="1047" y="2121" />
        <point x="1370" y="2084" />
        <point x="1968" y="2128" />
        <point x="2036" y="2128" />
      </upper-contour>
      <lower-contour>
        <point x="351" y="2244" />
        <point x="1050" y="2305" />
        <point x="1233" y="2238" />
        <point x="2177" y="2238" />
      </lower-contour>
    </line>
    <line ass="150" asx="0" asy="2281" character-width="999" dss="150" dsx="0" dsy="2483" fd0="12149" fd1="2551" fd2="-1037" filter-width="3" id="c06-103-08" lbs="410" lbx="0" lby="2418" segmentation="err" slant="89000" stroke-width="5595" threshold="181" text="slapstick. This has only one gag -" ubs="-367" ubx="0" uby="2337">
      <word id="c06-103-08-00" tag="NN" text="slapstick">
        <cmp x="353" y="2289" width="71" height="137" />
        <cmp x="439" y="2329" width="66" height="85" />
        <cmp x="508" y="2345" width="58" height="137" />
        <cmp x="592" y="2326" width="35" height="95" />
        <cmp x="629" y="2327" width="8" height="9" />
        <cmp x="636" y="2291" width="52" height="125" />
        <cmp x="686" y="2306" width="8" height="11" />
        <cmp x="711" y="2338" width="33" height="78" />
        <cmp x="750" y="2291" width="42" height="123" />
      </word>
      <word id="c06-103-08-01" tag="." text=".">
        <cmp x="812" y="2395" width="9" height="10" />
      </word>
      <word id="c06-103-08-02" sentence-start="yes" tag="DT" text="This">
        <cmp x="916" y="2279" width="186" height="136" />
        <cmp x="946" y="2294" width="7" height="117" />
        <cmp x="1047" y="2308" width="15" height="16" />
      </word>
      <word id="c06-103-08-03" tag="HVZ" text="has">
        <cmp x="1182" y="2280" width="100" height="139" />
        <cmp x="1297" y="2322" width="43" height="98" />
        <cmp x="1343" y="2330" width="42" height="85" />
      </word>
      <word id="c06-103-08-04" tag="RB" text="only">
        <cmp x="1448" y="2320" width="108" height="90" />
        <cmp x="1576" y="2285" width="85" height="143" />
      </word>
      <word id="c06-103-08-05" tag="CD1" text="one">
        <cmp x="1736" y="2308" width="182" height="90" />
      </word>
      <word id="c06-103-08-06" tag="NN" text="gag">
        <cmp x="1982" y="2327" width="60" height="101" />
        <cmp x="2053" y="2327" width="44" height="79" />
        <cmp x="2087" y="2347" width="51" height="112" />
        <cmp x="2089" y="2421" width="4" height="11" />
      </word>
      <word id="c06-103-08-07" tag="*-" text="-">
        <cmp x="2149" y="2386" width="63" height="8" />
      </word>
      <upper-contour>
        <point x="351" y="2244" />
        <point x="1050" y="2305" />
        <point x="1233" y="2238" />
        <point x="2177" y="2238" />
      </upper-contour>
      <lower-contour>
        <point x="358" y="2425" />
        <point x="508" y="2481" />
        <point x="565" y="2427" />
        <point x="2087" y="2461" />
        <point x="2212" y="2461" />
      </lower-contour>
    </line>
    <line ass="128" asx="0" asy="2431" character-width="999" dss="128" dsx="0" dsy="2676" fd0="12188" fd1="2388" fd2="-1274" filter-width="3" id="c06-103-09" lbs="99" lbx="0" lby="2584" segmentation="err" slant="85000" stroke-width="5515" threshold="182" text="that of the entry of a gladiator" ubs="185" ubx="0" uby="2526">
      <word id="c06-103-09-00" tag="DT" text="that">
        <cmp x="360" y="2469" width="103" height="126" />
        <cmp x="482" y="2468" width="105" height="123" />
      </word>
      <word id="c06-103-09-01" tag="INO" text="of">
        <cmp x="703" y="2454" width="105" height="172" />
      </word>
      <word id="c06-103-09-02" tag="ATI" text="the">
        <cmp x="955" y="2469" width="131" height="122" />
      </word>
      <word id="c06-103-09-03" tag="NN" text="entry">
        <cmp x="1183" y="2496" width="59" height="95" />
        <cmp x="1249" y="2519" width="64" height="70" />
        <cmp x="1328" y="2466" width="110" height="204" />
      </word>
      <word id="c06-103-09-04" tag="INO" text="of">
        <cmp x="1566" y="2517" width="43" height="83" />
        <cmp x="1610" y="2428" width="43" height="231" />
      </word>
      <word id="c06-103-09-05" tag="AT" text="a">
        <cmp x="1727" y="2461" width="106" height="213" />
        <cmp x="1735" y="2588" width="3" height="5" />
      </word>
      <word id="c06-103-09-06" tag="NN" text="gladiator">
        <cmp x="1851" y="2500" width="61" height="98" />
        <cmp x="1920" y="2428" width="120" height="169" />
        <cmp x="1970" y="2436" width="3" height="18" />
        <cmp x="2040" y="2513" width="86" height="77" />
        <cmp x="2119" y="2472" width="48" height="111" />
        <cmp x="2162" y="2483" width="105" height="110" />
      </word>
      <upper-contour>
        <point x="358" y="2425" />
        <point x="508" y="2481" />
        <point x="565" y="2427" />
        <point x="2087" y="2461" />
        <point x="2212" y="2461" />
      </upper-contour>
    </line>
  </handwritten-part>
</form>

