<?xml version="1.0" encoding="ISO-8859-1"?>

<!DOCTYPE form SYSTEM 'http://www.iam.unibe.ch/~fki/iamdb/form-metadata.dtd'>

<form created="2002-01-17" height="3542" id="c06-027" last-modified="2002-07-17" skew="190" status="final" version="3.0_beta" width="2479" writer-id="128">
  <machine-printed-part>
    <machine-print-line text="It&apos;s a very free place to write in, and there&apos;s the advantage that no one knows what" />
    <machine-print-line text="you&apos;re writing about anyway. &amp;quot;Not that I did much when I was over this past two" />
    <machine-print-line text="times, not with that great little Irish bar on Seventh Avenue, The Pigsty, always" />
    <machine-print-line text="open. I was there, in even faster orbit, when that third astronaut went up - what&apos;s" />
    <machine-print-line text="his name?" />
  </machine-printed-part>
  <handwritten-part>
    <line ass="178" asx="0" asy="715" character-width="999" dss="178" dsx="0" dsy="848" fd0="12486" fd1="2450" fd2="-1817" filter-width="4" id="c06-027-00" lbs="232" lbx="0" lby="816" segmentation="ok" slant="94000" stroke-width="6000" threshold="195" text="It&apos;s a very free place to write in, and there&apos;s" ubs="70" ubx="0" uby="748">
      <word id="c06-027-00-00" sentence-start="yes" tag="PP3" text="It">
        <cmp x="358" y="731" width="10" height="76" />
        <cmp x="373" y="726" width="30" height="92" />
      </word>
      <word id="c06-027-00-01" tag="BEZ" text="&apos;s">
        <cmp x="414" y="726" width="7" height="34" />
        <cmp x="425" y="755" width="41" height="60" />
      </word>
      <word id="c06-027-00-02" tag="AT" text="a">
        <cmp x="499" y="750" width="48" height="63" />
      </word>
      <word id="c06-027-00-03" tag="QL" text="very">
        <cmp x="580" y="744" width="35" height="65" />
        <cmp x="615" y="736" width="97" height="77" />
        <cmp x="709" y="736" width="34" height="107" />
      </word>
      <word id="c06-027-00-04" tag="JJ" text="free">
        <cmp x="792" y="717" width="52" height="115" />
        <cmp x="845" y="744" width="106" height="73" />
      </word>
      <word id="c06-027-00-05" tag="NN" text="place">
        <cmp x="1009" y="742" width="47" height="103" />
        <cmp x="1052" y="720" width="69" height="90" />
        <cmp x="1125" y="745" width="107" height="75" />
      </word>
      <word id="c06-027-00-06" tag="TO" text="to">
        <cmp x="1276" y="728" width="75" height="91" />
      </word>
      <word id="c06-027-00-07" tag="VB" text="write">
        <cmp x="1401" y="746" width="56" height="65" />
        <cmp x="1463" y="738" width="25" height="76" />
        <cmp x="1499" y="713" width="7" height="10" />
        <cmp x="1506" y="748" width="11" height="60" />
        <cmp x="1526" y="729" width="64" height="78" />
      </word>
      <word id="c06-027-00-08" tag="IN" text="in">
        <cmp x="1642" y="729" width="10" height="7" />
        <cmp x="1648" y="741" width="11" height="67" />
        <cmp x="1676" y="741" width="46" height="75" />
      </word>
      <word id="c06-027-00-09" tag="," text=",">
        <cmp x="1743" y="792" width="10" height="35" />
      </word>
      <word id="c06-027-00-10" tag="CC" text="and">
        <cmp x="1792" y="740" width="112" height="78" />
        <cmp x="1916" y="729" width="46" height="85" />
      </word>
      <word id="c06-027-00-11" tag="EX" text="there">
        <cmp x="2001" y="718" width="167" height="97" />
        <cmp x="2162" y="736" width="48" height="76" />
      </word>
      <word id="c06-027-00-12" tag="BEZ" text="&apos;s">
        <cmp x="2216" y="710" width="7" height="36" />
        <cmp x="2218" y="745" width="39" height="67" />
      </word>
      <lower-contour>
        <point x="356" y="845" />
        <point x="2102" y="845" />
      </lower-contour>
    </line>
    <line ass="-121" asx="0" asy="901" character-width="999" dss="-121" dsx="0" dsy="1070" fd0="12547" fd1="2364" fd2="-2000" filter-width="4" id="c06-027-01" lbs="-162" lbx="0" lby="985" segmentation="ok" slant="96000" stroke-width="6084" threshold="198" text="the advantage that no one knows what" ubs="-40" ubx="0" uby="923">
      <word id="c06-027-01-00" tag="ATI" text="the">
        <cmp x="357" y="903" width="128" height="93" />
      </word>
      <word id="c06-027-01-01" tag="NN" text="advantage">
        <cmp x="523" y="924" width="53" height="66" />
        <cmp x="574" y="912" width="52" height="84" />
        <cmp x="629" y="924" width="30" height="64" />
        <cmp x="659" y="915" width="106" height="77" />
        <cmp x="761" y="904" width="36" height="81" />
        <cmp x="792" y="919" width="47" height="80" />
        <cmp x="835" y="919" width="101" height="154" />
      </word>
      <word id="c06-027-01-02" tag="CS" text="that">
        <cmp x="987" y="907" width="75" height="94" />
        <cmp x="1067" y="909" width="95" height="86" />
      </word>
      <word id="c06-027-01-03" tag="PN21" text="no">
        <cmp x="1221" y="925" width="50" height="66" />
        <cmp x="1276" y="919" width="42" height="69" />
      </word>
      <word id="c06-027-01-04" tag="PN22" text="one">
        <cmp x="1368" y="923" width="38" height="66" />
        <cmp x="1411" y="925" width="99" height="72" />
      </word>
      <word id="c06-027-01-05" tag="VBZ" text="knows">
        <cmp x="1557" y="903" width="112" height="88" />
        <cmp x="1680" y="923" width="38" height="63" />
        <cmp x="1729" y="917" width="57" height="72" />
        <cmp x="1792" y="918" width="46" height="69" />
      </word>
      <word id="c06-027-01-06" tag="WDT" text="what">
        <cmp x="1887" y="927" width="57" height="71" />
        <cmp x="1958" y="906" width="44" height="81" />
        <cmp x="2006" y="908" width="95" height="91" />
      </word>
      <upper-contour>
        <point x="356" y="845" />
        <point x="2102" y="845" />
      </upper-contour>
      <lower-contour>
        <point x="361" y="1068" />
        <point x="867" y="1072" />
        <point x="2102" y="1072" />
      </lower-contour>
    </line>
    <line ass="94" asx="0" asy="1072" character-width="999" dss="94" dsx="0" dsy="1242" fd0="12396" fd1="2598" fd2="-1894" filter-width="4" id="c06-027-02" lbs="271" lbx="0" lby="1176" segmentation="err" slant="95000" stroke-width="5995" threshold="195" text="you&apos;re writing about anyway. &amp;quot;Not that I did" ubs="-257" ubx="0" uby="1104">
      <word id="c06-027-02-00" tag="PP2" text="you">
        <cmp x="363" y="1095" width="25" height="118" />
        <cmp x="405" y="1099" width="40" height="69" />
        <cmp x="455" y="1102" width="50" height="67" />
        <cmp x="486" y="1073" width="11" height="29" />
      </word>
      <word id="c06-027-02-01" tag="BER" text="&apos;re">
        <cmp x="517" y="1096" width="20" height="70" />
        <cmp x="545" y="1101" width="46" height="58" />
      </word>
      <word id="c06-027-02-02" tag="VBG" text="writing">
        <cmp x="651" y="1114" width="61" height="62" />
        <cmp x="718" y="1102" width="27" height="63" />
        <cmp x="744" y="1081" width="7" height="6" />
        <cmp x="754" y="1110" width="12" height="57" />
        <cmp x="776" y="1088" width="45" height="84" />
        <cmp x="794" y="1084" width="6" height="11" />
        <cmp x="830" y="1103" width="52" height="71" />
        <cmp x="882" y="1109" width="45" height="132" />
      </word>
      <word id="c06-027-02-03" tag="IN" text="about">
        <cmp x="995" y="1114" width="54" height="61" />
        <cmp x="1047" y="1093" width="45" height="77" />
        <cmp x="1095" y="1113" width="35" height="53" />
        <cmp x="1134" y="1090" width="86" height="92" />
      </word>
      <word id="c06-027-02-04" tag="RB" text="anyway">
        <cmp x="1274" y="1113" width="109" height="67" />
        <cmp x="1382" y="1115" width="36" height="106" />
        <cmp x="1437" y="1105" width="55" height="66" />
        <cmp x="1500" y="1105" width="55" height="60" />
        <cmp x="1553" y="1109" width="42" height="106" />
        <cmp x="1607" y="1171" width="10" height="7" />
      </word>
      <word id="c06-027-02-05" tag="." text=".">
        <cmp x="1656" y="1149" width="6" height="35" />
      </word>
      <word id="c06-027-02-06" sentence-start="yes" tag="*&apos;" text="&quot;">
        <cmp x="1673" y="1147" width="8" height="35" />
      </word>
      <word id="c06-027-02-07" tag="XNOT" text="Not">
        <cmp x="1697" y="1094" width="48" height="81" />
        <cmp x="1753" y="1109" width="42" height="66" />
        <cmp x="1793" y="1095" width="35" height="84" />
      </word>
      <word id="c06-027-02-08" tag="CS" text="that">
        <cmp x="1880" y="1080" width="146" height="102" />
      </word>
      <word id="c06-027-02-09" tag="PP1A" text="I">
        <cmp x="2073" y="1084" width="11" height="85" />
      </word>
      <word id="c06-027-02-10" tag="DOD" text="did">
        <cmp x="2116" y="1087" width="71" height="86" />
        <cmp x="2174" y="1086" width="7" height="7" />
        <cmp x="2187" y="1085" width="50" height="88" />
      </word>
      <upper-contour>
        <point x="361" y="1068" />
        <point x="867" y="1072" />
        <point x="2102" y="1072" />
      </upper-contour>
      <lower-contour>
        <point x="361" y="1240" />
        <point x="2238" y="1240" />
      </lower-contour>
    </line>
    <line ass="271" asx="0" asy="1262" character-width="999" dss="271" dsx="0" dsy="1402" fd0="12749" fd1="2555" fd2="-1668" filter-width="4" id="c06-027-03" lbs="281" lbx="0" lby="1354" segmentation="ok" slant="96000" stroke-width="6081" threshold="196" text="much when I was over this past two times," ubs="251" ubx="0" uby="1292">
      <word id="c06-027-03-00" tag="AP" text="much">
        <cmp x="357" y="1287" width="148" height="67" />
        <cmp x="508" y="1270" width="129" height="82" />
      </word>
      <word id="c06-027-03-01" tag="WRB" text="when">
        <cmp x="674" y="1293" width="59" height="66" />
        <cmp x="738" y="1279" width="143" height="75" />
      </word>
      <word id="c06-027-03-02" tag="PP1A" text="I">
        <cmp x="946" y="1262" width="15" height="87" />
      </word>
      <word id="c06-027-03-03" tag="BEDZ" text="was">
        <cmp x="1031" y="1283" width="152" height="73" />
      </word>
      <word id="c06-027-03-04" tag="RP" text="over">
        <cmp x="1252" y="1290" width="36" height="58" />
        <cmp x="1294" y="1281" width="32" height="68" />
        <cmp x="1329" y="1278" width="95" height="71" />
      </word>
      <word id="c06-027-03-05" tag="DT" text="this">
        <cmp x="1478" y="1266" width="100" height="79" />
        <cmp x="1554" y="1266" width="11" height="11" />
        <cmp x="1582" y="1282" width="41" height="74" />
      </word>
      <word id="c06-027-03-06" tag="JJB" text="past">
        <cmp x="1684" y="1277" width="44" height="111" />
        <cmp x="1729" y="1285" width="45" height="61" />
        <cmp x="1773" y="1276" width="47" height="65" />
        <cmp x="1819" y="1262" width="58" height="70" />
      </word>
      <word id="c06-027-03-07" tag="CD" text="two">
        <cmp x="1919" y="1253" width="75" height="93" />
        <cmp x="2003" y="1284" width="44" height="63" />
      </word>
      <word id="c06-027-03-08" tag="NNS" text="times">
        <cmp x="2084" y="1260" width="36" height="91" />
        <cmp x="2105" y="1266" width="8" height="9" />
        <cmp x="2143" y="1281" width="120" height="78" />
      </word>
      <word id="c06-027-03-09" tag="," text=",">
        <cmp x="2260" y="1348" width="13" height="44" />
      </word>
      <upper-contour>
        <point x="361" y="1240" />
        <point x="2238" y="1240" />
      </upper-contour>
      <lower-contour>
        <point x="355" y="1389" />
        <point x="2048" y="1389" />
      </lower-contour>
    </line>
    <line ass="-131" asx="0" asy="1433" character-width="999" dss="-131" dsx="0" dsy="1608" fd0="12545" fd1="2645" fd2="-1693" filter-width="4" id="c06-027-04" lbs="-86" lbx="0" lby="1526" segmentation="ok" slant="96000" stroke-width="5961" threshold="196" text="not with that great little Irish bar on" ubs="-221" ubx="0" uby="1462">
      <word id="c06-027-04-00" tag="XNOT" text="not">
        <cmp x="357" y="1452" width="54" height="70" />
        <cmp x="414" y="1457" width="40" height="68" />
        <cmp x="451" y="1440" width="38" height="81" />
      </word>
      <word id="c06-027-04-01" tag="IN" text="with">
        <cmp x="561" y="1471" width="66" height="60" />
        <cmp x="611" y="1456" width="6" height="7" />
        <cmp x="630" y="1473" width="10" height="55" />
        <cmp x="645" y="1447" width="93" height="89" />
      </word>
      <word id="c06-027-04-02" tag="DT" text="that">
        <cmp x="803" y="1449" width="157" height="83" />
      </word>
      <word id="c06-027-04-03" tag="JJ" text="great">
        <cmp x="1018" y="1472" width="49" height="139" />
        <cmp x="1074" y="1473" width="28" height="58" />
        <cmp x="1098" y="1453" width="136" height="80" />
      </word>
      <word id="c06-027-04-04" tag="JJ" text="little">
        <cmp x="1290" y="1450" width="16" height="77" />
        <cmp x="1308" y="1454" width="12" height="14" />
        <cmp x="1312" y="1475" width="9" height="52" />
        <cmp x="1345" y="1449" width="14" height="84" />
        <cmp x="1354" y="1449" width="111" height="84" />
      </word>
      <word id="c06-027-04-05" tag="JNP" text="Irish">
        <cmp x="1526" y="1449" width="17" height="85" />
        <cmp x="1546" y="1463" width="33" height="66" />
        <cmp x="1589" y="1438" width="6" height="5" />
        <cmp x="1598" y="1466" width="58" height="69" />
        <cmp x="1660" y="1449" width="72" height="78" />
      </word>
      <word id="c06-027-04-06" tag="NN" text="bar">
        <cmp x="1781" y="1452" width="148" height="82" />
      </word>
      <word id="c06-027-04-07" tag="IN" text="on">
        <cmp x="1958" y="1469" width="34" height="58" />
        <cmp x="2002" y="1465" width="45" height="62" />
      </word>
      <upper-contour>
        <point x="355" y="1389" />
        <point x="2048" y="1389" />
      </upper-contour>
      <lower-contour>
        <point x="355" y="1611" />
        <point x="2048" y="1611" />
      </lower-contour>
    </line>
    <line ass="-470" asx="0" asy="1606" character-width="999" dss="-470" dsx="0" dsy="1782" fd0="12552" fd1="2463" fd2="-2070" filter-width="4" id="c06-027-05" lbs="-513" lbx="0" lby="1698" segmentation="ok" slant="95000" stroke-width="5931" threshold="197" text="Seventh Avenue, The Pigsty, always open." ubs="-385" ubx="0" uby="1640">
      <word id="c06-027-05-00" tag="NP" text="Seventh">
        <cmp x="356" y="1617" width="100" height="96" />
        <cmp x="457" y="1643" width="144" height="76" />
        <cmp x="614" y="1628" width="105" height="83" />
      </word>
      <word id="c06-027-05-01" tag="NPL" text="Avenue">
        <cmp x="797" y="1627" width="71" height="75" />
        <cmp x="868" y="1639" width="99" height="70" />
        <cmp x="977" y="1645" width="108" height="68" />
      </word>
      <word id="c06-027-05-02" tag="," text=",">
        <cmp x="1101" y="1682" width="9" height="56" />
      </word>
      <word id="c06-027-05-03" tag="ATI" text="The">
        <cmp x="1132" y="1637" width="42" height="75" />
        <cmp x="1181" y="1625" width="97" height="86" />
      </word>
      <word id="c06-027-05-04" tag="NN" text="Pigsty">
        <cmp x="1302" y="1659" width="5" height="5" />
        <cmp x="1307" y="1617" width="57" height="98" />
        <cmp x="1363" y="1628" width="6" height="6" />
        <cmp x="1378" y="1647" width="9" height="67" />
        <cmp x="1398" y="1649" width="46" height="145" />
        <cmp x="1445" y="1631" width="88" height="88" />
        <cmp x="1541" y="1650" width="27" height="106" />
      </word>
      <word id="c06-027-05-05" tag="," text=",">
        <cmp x="1594" y="1695" width="8" height="47" />
      </word>
      <word id="c06-027-05-06" tag="RB" text="always">
        <cmp x="1631" y="1624" width="80" height="87" />
        <cmp x="1726" y="1636" width="60" height="72" />
        <cmp x="1789" y="1638" width="49" height="69" />
        <cmp x="1845" y="1642" width="38" height="106" />
        <cmp x="1874" y="1647" width="48" height="63" />
      </word>
      <word id="c06-027-05-07" tag="JJ" text="open">
        <cmp x="1975" y="1645" width="44" height="61" />
        <cmp x="2023" y="1635" width="150" height="118" />
      </word>
      <word id="c06-027-05-08" tag="." text=".">
        <cmp x="2194" y="1706" width="6" height="7" />
      </word>
      <upper-contour>
        <point x="355" y="1611" />
        <point x="2048" y="1611" />
      </upper-contour>
      <lower-contour>
        <point x="355" y="1793" />
        <point x="1425" y="1794" />
        <point x="2167" y="1794" />
      </lower-contour>
    </line>
    <line ass="-163" asx="0" asy="1793" character-width="999" dss="-163" dsx="0" dsy="1915" fd0="12572" fd1="2432" fd2="-1976" filter-width="4" id="c06-027-06" lbs="-244" lbx="0" lby="1881" segmentation="ok" slant="96000" stroke-width="6015" threshold="195" text="I was there, in even faster orbit, when that" ubs="-1" ubx="0" uby="1827">
      <word id="c06-027-06-00" sentence-start="yes" tag="PP1A" text="I">
        <cmp x="357" y="1807" width="13" height="75" />
      </word>
      <word id="c06-027-06-01" tag="BEDZ" text="was">
        <cmp x="401" y="1817" width="65" height="69" />
        <cmp x="472" y="1820" width="85" height="67" />
      </word>
      <word id="c06-027-06-02" tag="RN" text="there">
        <cmp x="598" y="1799" width="147" height="92" />
        <cmp x="744" y="1826" width="54" height="63" />
      </word>
      <word id="c06-027-06-03" tag="," text=",">
        <cmp x="815" y="1884" width="8" height="34" />
      </word>
      <word id="c06-027-06-04" tag="IN" text="in">
        <cmp x="835" y="1797" width="6" height="4" />
        <cmp x="846" y="1820" width="12" height="64" />
        <cmp x="873" y="1821" width="50" height="63" />
      </word>
      <word id="c06-027-06-05" tag="RB" text="even">
        <cmp x="969" y="1828" width="51" height="60" />
        <cmp x="1017" y="1824" width="161" height="65" />
      </word>
      <word id="c06-027-06-06" tag="JJR" text="faster">
        <cmp x="1216" y="1801" width="37" height="114" />
        <cmp x="1253" y="1827" width="81" height="65" />
        <cmp x="1344" y="1808" width="58" height="81" />
        <cmp x="1405" y="1829" width="26" height="60" />
      </word>
      <word id="c06-027-06-07" tag="NN" text="orbit">
        <cmp x="1510" y="1823" width="34" height="62" />
        <cmp x="1556" y="1825" width="33" height="65" />
        <cmp x="1599" y="1807" width="46" height="84" />
        <cmp x="1646" y="1806" width="7" height="5" />
        <cmp x="1654" y="1825" width="8" height="63" />
        <cmp x="1665" y="1804" width="33" height="81" />
      </word>
      <word id="c06-027-06-08" tag="," text=",">
        <cmp x="1724" y="1874" width="9" height="43" />
      </word>
      <word id="c06-027-06-09" tag="WRB" text="when">
        <cmp x="1769" y="1821" width="54" height="70" />
        <cmp x="1838" y="1804" width="140" height="88" />
      </word>
      <word id="c06-027-06-10" tag="DT" text="that">
        <cmp x="2017" y="1801" width="150" height="87" />
      </word>
      <upper-contour>
        <point x="355" y="1793" />
        <point x="1425" y="1794" />
        <point x="2167" y="1794" />
      </upper-contour>
      <lower-contour>
        <point x="355" y="1918" />
        <point x="2167" y="1918" />
      </lower-contour>
    </line>
    <line ass="181" asx="0" asy="1975" character-width="999" dss="181" dsx="0" dsy="2110" fd0="12681" fd1="2451" fd2="-1928" filter-width="4" id="c06-027-07" lbs="156" lbx="0" lby="2062" segmentation="err" slant="97000" stroke-width="6103" threshold="195" text="third astronaut went up - what&apos;s his name?" ubs="232" ubx="0" uby="2008">
      <word id="c06-027-07-00" tag="OD" text="third">
        <cmp x="357" y="1977" width="106" height="84" />
        <cmp x="430" y="1972" width="5" height="8" />
        <cmp x="472" y="2002" width="31" height="51" />
        <cmp x="515" y="1982" width="81" height="79" />
      </word>
      <word id="c06-027-07-01" tag="NN" text="astronaut">
        <cmp x="640" y="2000" width="81" height="62" />
        <cmp x="735" y="1978" width="57" height="83" />
        <cmp x="796" y="2006" width="47" height="57" />
        <cmp x="860" y="1978" width="183" height="90" />
      </word>
      <word id="c06-027-07-02" tag="VBD" text="went">
        <cmp x="1097" y="1999" width="57" height="64" />
        <cmp x="1160" y="1983" width="152" height="86" />
      </word>
      <word id="c06-027-07-03" tag="RP" text="up">
        <cmp x="1367" y="2005" width="106" height="103" />
      </word>
      <word id="c06-027-07-04" tag="*-" text="-">
        <cmp x="1501" y="2025" width="23" height="6" />
      </word>
      <word id="c06-027-07-05" tag="WDT" text="what">
        <cmp x="1548" y="1999" width="63" height="73" />
      </word>
      <word id="c06-027-07-06" tag="BEZ" text="&apos;s">
        <cmp x="1620" y="1978" width="130" height="85" />
        <cmp x="1750" y="1974" width="42" height="88" />
      </word>
      <word id="c06-027-07-07" tag="PP$" text="his">
        <cmp x="1835" y="1972" width="116" height="89" />
        <cmp x="1877" y="1987" width="9" height="8" />
      </word>
      <word id="c06-027-07-08" tag="NN" text="name">
        <cmp x="1996" y="1987" width="205" height="74" />
      </word>
      <word id="c06-027-07-09" tag="?" text="?">
        <cmp x="2217" y="1972" width="32" height="55" />
        <cmp x="2237" y="2072" width="8" height="8" />
      </word>
      <upper-contour>
        <point x="355" y="1918" />
        <point x="2167" y="1918" />
      </upper-contour>
    </line>
  </handwritten-part>
</form>

