<?xml version="1.0" encoding="ISO-8859-1"?>

<!DOCTYPE form SYSTEM 'http://www.iam.unibe.ch/~fki/iamdb/form-metadata.dtd'>

<form created="2002-01-17" height="3542" id="c06-138" last-modified="2002-07-17" skew="159" status="final" version="3.0_beta" width="2479" writer-id="129">
  <machine-printed-part>
    <machine-print-line text="The plain, sober manner of its style all the more tellingly points up not only the" />
    <machine-print-line text="horror of the case itself, which floundered on to the electrocution four years later" />
    <machine-print-line text="of a German-born Bronx carpenter named Bruno Richard Hauptmann, but to the" />
    <machine-print-line text="raree-show emotionalism and sensation-hunger of that era." />
  </machine-printed-part>
  <handwritten-part>
    <line ass="-1650" asx="0" asy="611" character-width="999" dss="-1650" dsx="0" dsy="853" fd0="12694" fd1="2971" fd2="-622" filter-width="4" id="c06-138-00" lbs="-2138" lbx="0" lby="747" segmentation="err" slant="90000" stroke-width="5818" threshold="181" text="The plain, sober manner of its" ubs="-674" ubx="0" uby="720">
      <word id="c06-138-00-00" sentence-start="yes" tag="ATI" text="The">
        <cmp x="379" y="665" width="31" height="5" />
        <cmp x="405" y="701" width="5" height="10" />
        <cmp x="405" y="755" width="4" height="4" />
        <cmp x="405" y="767" width="5" height="8" />
        <cmp x="406" y="718" width="5" height="12" />
        <cmp x="406" y="732" width="4" height="4" />
        <cmp x="406" y="737" width="4" height="5" />
        <cmp x="407" y="712" width="4" height="5" />
        <cmp x="411" y="665" width="18" height="4" />
        <cmp x="443" y="694" width="105" height="119" />
        <cmp x="449" y="673" width="6" height="20" />
      </word>
      <word id="c06-138-00-01" tag="JJ" text="plain">
        <cmp x="619" y="725" width="57" height="134" />
        <cmp x="682" y="669" width="12" height="122" />
        <cmp x="707" y="711" width="107" height="98" />
        <cmp x="797" y="696" width="11" height="16" />
        <cmp x="826" y="736" width="57" height="79" />
      </word>
      <word id="c06-138-00-02" tag="," text=",">
        <cmp x="1009" y="706" width="39" height="97" />
      </word>
      <word id="c06-138-00-03" tag="JJ" text="sober">
        <cmp x="1046" y="724" width="53" height="76" />
        <cmp x="1106" y="671" width="130" height="130" />
      </word>
      <word id="c06-138-00-04" tag="NN" text="manner">
        <cmp x="1339" y="719" width="100" height="94" />
        <cmp x="1448" y="727" width="68" height="79" />
        <cmp x="1523" y="733" width="76" height="72" />
        <cmp x="1605" y="721" width="141" height="90" />
      </word>
      <word id="c06-138-00-05" tag="INO" text="of">
        <cmp x="1805" y="730" width="50" height="65" />
        <cmp x="1865" y="665" width="43" height="188" />
        <cmp x="1979" y="725" width="8" height="69" />
      </word>
      <word id="c06-138-00-06" tag="PP$" text="its">
        <cmp x="1981" y="692" width="21" height="12" />
        <cmp x="2010" y="677" width="63" height="131" />
      </word>
      <lower-contour>
        <point x="386" y="812" />
        <point x="619" y="858" />
        <point x="764" y="815" />
        <point x="891" y="879" />
        <point x="971" y="854" />
        <point x="1873" y="855" />
        <point x="2064" y="855" />
      </lower-contour>
    </line>
    <line ass="-469" asx="0" asy="841" character-width="999" dss="-469" dsx="0" dsy="1053" fd0="12114" fd1="2750" fd2="-643" filter-width="3" id="c06-138-01" lbs="-318" lbx="0" lby="972" segmentation="err" slant="90000" stroke-width="5578" threshold="184" text="style all the more tellingly" ubs="-773" ubx="0" uby="884">
      <word id="c06-138-01-00" tag="NN" text="style">
        <cmp x="388" y="890" width="43" height="89" />
        <cmp x="439" y="857" width="88" height="185" />
        <cmp x="548" y="846" width="86" height="127" />
      </word>
      <word id="c06-138-01-01" tag="RB" text="all">
        <cmp x="694" y="886" width="61" height="82" />
        <cmp x="762" y="851" width="45" height="124" />
      </word>
      <word id="c06-138-01-02" tag="ATI" text="the">
        <cmp x="960" y="855" width="165" height="137" />
      </word>
      <word id="c06-138-01-03" tag="QL" text="more">
        <cmp x="1212" y="891" width="95" height="92" />
        <cmp x="1311" y="892" width="45" height="87" />
        <cmp x="1365" y="883" width="25" height="91" />
        <cmp x="1394" y="913" width="54" height="71" />
      </word>
      <word id="c06-138-01-04" tag="RB" text="tellingly">
        <cmp x="1586" y="879" width="51" height="125" />
        <cmp x="1620" y="874" width="4" height="4" />
        <cmp x="1640" y="859" width="153" height="128" />
        <cmp x="1802" y="916" width="10" height="65" />
        <cmp x="1805" y="874" width="5" height="12" />
        <cmp x="1836" y="906" width="78" height="77" />
        <cmp x="1914" y="907" width="44" height="89" />
        <cmp x="1981" y="874" width="82" height="197" />
      </word>
      <upper-contour>
        <point x="386" y="812" />
        <point x="619" y="858" />
        <point x="764" y="815" />
        <point x="891" y="879" />
        <point x="971" y="854" />
        <point x="1873" y="855" />
        <point x="2064" y="855" />
      </upper-contour>
      <lower-contour>
        <point x="386" y="1041" />
        <point x="1217" y="1005" />
        <point x="1909" y="995" />
        <point x="2042" y="1074" />
        <point x="2064" y="1074" />
      </lower-contour>
    </line>
    <line ass="113" asx="0" asy="1000" character-width="999" dss="113" dsx="0" dsy="1244" fd0="11958" fd1="2885" fd2="-565" filter-width="3" id="c06-138-02" lbs="30" lbx="0" lby="1162" segmentation="err" slant="90000" stroke-width="5654" threshold="184" text="points up not only the horror" ubs="279" ubx="0" uby="1098">
      <word id="c06-138-02-00" tag="VBZ" text="points">
        <cmp x="384" y="1077" width="57" height="167" />
        <cmp x="444" y="1086" width="80" height="90" />
        <cmp x="509" y="1060" width="9" height="12" />
        <cmp x="551" y="1093" width="65" height="77" />
        <cmp x="618" y="1049" width="61" height="121" />
      </word>
      <word id="c06-138-02-01" tag="RP" text="up">
        <cmp x="818" y="1076" width="57" height="101" />
        <cmp x="892" y="1078" width="53" height="134" />
      </word>
      <word id="c06-138-02-02" tag="XNOT" text="not">
        <cmp x="1085" y="1069" width="60" height="103" />
        <cmp x="1152" y="1083" width="34" height="80" />
        <cmp x="1206" y="1030" width="43" height="125" />
      </word>
      <word id="c06-138-02-03" tag="RB" text="only">
        <cmp x="1380" y="1067" width="50" height="102" />
        <cmp x="1443" y="1086" width="58" height="65" />
        <cmp x="1508" y="1039" width="70" height="195" />
      </word>
      <word id="c06-138-02-04" tag="ATI" text="the">
        <cmp x="1692" y="1035" width="169" height="132" />
      </word>
      <word id="c06-138-02-05" tag="NN" text="horror">
        <cmp x="1907" y="997" width="81" height="168" />
        <cmp x="1998" y="1085" width="39" height="81" />
        <cmp x="2054" y="1064" width="37" height="98" />
        <cmp x="2082" y="1081" width="46" height="86" />
        <cmp x="2121" y="1088" width="45" height="84" />
        <cmp x="2179" y="1070" width="37" height="96" />
      </word>
      <upper-contour>
        <point x="386" y="1041" />
        <point x="1217" y="1005" />
        <point x="1909" y="995" />
        <point x="2042" y="1074" />
        <point x="2064" y="1074" />
      </upper-contour>
      <lower-contour>
        <point x="382" y="1243" />
        <point x="462" y="1184" />
        <point x="893" y="1212" />
        <point x="1407" y="1209" />
        <point x="1571" y="1234" />
        <point x="1708" y="1168" />
        <point x="1922" y="1168" />
      </lower-contour>
    </line>
    <line ass="-786" asx="0" asy="1188" character-width="999" dss="-786" dsx="0" dsy="1396" fd0="12032" fd1="2712" fd2="-352" filter-width="3" id="c06-138-03" lbs="-954" lbx="0" lby="1318" segmentation="ok" slant="89000" stroke-width="5639" threshold="183" text="of the case itself, which" ubs="-449" ubx="0" uby="1252">
      <word id="c06-138-03-00" tag="INO" text="of">
        <cmp x="384" y="1246" width="51" height="87" />
        <cmp x="454" y="1208" width="38" height="195" />
      </word>
      <word id="c06-138-03-01" tag="ATI" text="the">
        <cmp x="596" y="1215" width="54" height="137" />
        <cmp x="650" y="1215" width="107" height="123" />
      </word>
      <word id="c06-138-03-02" tag="NN" text="case">
        <cmp x="882" y="1239" width="45" height="103" />
        <cmp x="932" y="1254" width="151" height="90" />
      </word>
      <word id="c06-138-03-03" tag="PPL" text="itself">
        <cmp x="1215" y="1215" width="68" height="126" />
        <cmp x="1221" y="1261" width="9" height="78" />
        <cmp x="1295" y="1210" width="118" height="135" />
        <cmp x="1434" y="1210" width="49" height="177" />
      </word>
      <word id="c06-138-03-04" tag="," text=",">
        <cmp x="1519" y="1306" width="16" height="89" />
      </word>
      <word id="c06-138-03-05" tag="WDT" text="which">
        <cmp x="1622" y="1252" width="64" height="97" />
        <cmp x="1680" y="1246" width="6" height="5" />
        <cmp x="1699" y="1211" width="84" height="139" />
        <cmp x="1772" y="1233" width="7" height="11" />
        <cmp x="1815" y="1214" width="106" height="130" />
      </word>
      <upper-contour>
        <point x="382" y="1243" />
        <point x="462" y="1184" />
        <point x="893" y="1212" />
        <point x="1407" y="1209" />
        <point x="1571" y="1234" />
        <point x="1708" y="1168" />
        <point x="1922" y="1168" />
      </upper-contour>
      <lower-contour>
        <point x="382" y="1366" />
        <point x="459" y="1402" />
        <point x="722" y="1395" />
        <point x="1922" y="1395" />
      </lower-contour>
    </line>
    <line ass="-412" asx="0" asy="1379" character-width="999" dss="-412" dsx="0" dsy="1593" fd0="12313" fd1="2520" fd2="-1477" filter-width="3" id="c06-138-04" lbs="-322" lbx="0" lby="1513" segmentation="ok" slant="90000" stroke-width="5567" threshold="183" text="floundered on to the electrocution" ubs="-592" ubx="0" uby="1436">
      <word id="c06-138-04-00" tag="VBD" text="floundered">
        <cmp x="374" y="1383" width="40" height="213" />
        <cmp x="426" y="1383" width="8" height="114" />
        <cmp x="455" y="1429" width="121" height="92" />
        <cmp x="591" y="1444" width="63" height="79" />
        <cmp x="685" y="1397" width="49" height="123" />
        <cmp x="754" y="1422" width="105" height="101" />
        <cmp x="854" y="1432" width="39" height="83" />
        <cmp x="903" y="1403" width="54" height="123" />
        <cmp x="951" y="1432" width="3" height="9" />
      </word>
      <word id="c06-138-04-01" tag="RP" text="on">
        <cmp x="1091" y="1443" width="134" height="83" />
      </word>
      <word id="c06-138-04-02" tag="IN" text="to">
        <cmp x="1291" y="1397" width="69" height="122" />
        <cmp x="1336" y="1441" width="37" height="77" />
      </word>
      <word id="c06-138-04-03" tag="ATI" text="the">
        <cmp x="1452" y="1420" width="152" height="114" />
      </word>
      <word id="c06-138-04-04" tag="NN" text="electrocution">
        <cmp x="1714" y="1401" width="114" height="125" />
        <cmp x="1844" y="1460" width="43" height="65" />
        <cmp x="1886" y="1407" width="73" height="120" />
        <cmp x="1958" y="1446" width="47" height="75" />
        <cmp x="2023" y="1445" width="34" height="85" />
        <cmp x="2063" y="1455" width="64" height="72" />
        <cmp x="2132" y="1404" width="32" height="117" />
        <cmp x="2168" y="1421" width="6" height="8" />
        <cmp x="2178" y="1461" width="131" height="65" />
      </word>
      <upper-contour>
        <point x="382" y="1366" />
        <point x="459" y="1402" />
        <point x="722" y="1395" />
        <point x="1922" y="1395" />
      </upper-contour>
      <lower-contour>
        <point x="401" y="1534" />
        <point x="2260" y="1534" />
      </lower-contour>
    </line>
    <line ass="-586" asx="0" asy="1550" character-width="999" dss="-586" dsx="0" dsy="1876" fd0="12355" fd1="2224" fd2="-1623" filter-width="3" id="c06-138-05" lbs="-556" lbx="0" lby="1687" segmentation="err" slant="89000" stroke-width="5710" threshold="181" text="four years later of a German-" ubs="-646" ubx="0" uby="1613">
      <word id="c06-138-05-00" tag="CD" text="four">
        <cmp x="403" y="1556" width="54" height="212" />
        <cmp x="459" y="1606" width="160" height="91" />
      </word>
      <word id="c06-138-05-01" tag="NNS" text="years">
        <cmp x="726" y="1608" width="99" height="277" />
        <cmp x="758" y="1859" width="9" height="18" />
        <cmp x="797" y="1617" width="153" height="87" />
        <cmp x="931" y="1616" width="44" height="83" />
      </word>
      <word id="c06-138-05-02" tag="RBR" text="later">
        <cmp x="1087" y="1569" width="59" height="137" />
        <cmp x="1155" y="1578" width="208" height="140" />
      </word>
      <word id="c06-138-05-03" tag="INO" text="of">
        <cmp x="1486" y="1631" width="43" height="68" />
        <cmp x="1553" y="1575" width="40" height="181" />
      </word>
      <word id="c06-138-05-04" tag="AT" text="a">
        <cmp x="1670" y="1619" width="61" height="93" />
      </word>
      <word id="c06-138-05-05" tag="JJ--" text="German-">
        <cmp x="1826" y="1568" width="144" height="211" />
        <cmp x="1992" y="1618" width="82" height="94" />
        <cmp x="2083" y="1634" width="56" height="77" />
        <cmp x="2138" y="1637" width="40" height="68" />
        <cmp x="2216" y="1667" width="43" height="7" />
      </word>
      <upper-contour>
        <point x="401" y="1534" />
        <point x="2260" y="1534" />
      </upper-contour>
      <lower-contour>
        <point x="401" y="1767" />
        <point x="758" y="1876" />
        <point x="767" y="1821" />
        <point x="769" y="1884" />
        <point x="836" y="1764" />
        <point x="1841" y="1780" />
        <point x="2121" y="1707" />
        <point x="2129" y="1707" />
      </lower-contour>
    </line>
    <line ass="-33" asx="0" asy="1736" character-width="999" dss="-33" dsx="0" dsy="1929" fd0="12374" fd1="2347" fd2="-1430" filter-width="3" id="c06-138-06" lbs="-73" lbx="0" lby="1877" segmentation="err" slant="90000" stroke-width="5607" threshold="183" text="born Bronx carpenter named" ubs="46" ubx="0" uby="1805">
      <word id="c06-138-06-00" tag="-JJ" text="born">
        <cmp x="384" y="1738" width="46" height="139" />
        <cmp x="441" y="1788" width="187" height="94" />
      </word>
      <word id="c06-138-06-01" tag="NP" text="Bronx">
        <cmp x="765" y="1875" width="4" height="3" />
        <cmp x="836" y="1771" width="35" height="107" />
        <cmp x="863" y="1791" width="124" height="90" />
        <cmp x="986" y="1808" width="37" height="83" />
      </word>
      <word id="c06-138-06-02" tag="NN" text="carpenter">
        <cmp x="1136" y="1789" width="45" height="92" />
        <cmp x="1197" y="1778" width="121" height="102" />
        <cmp x="1331" y="1800" width="57" height="131" />
        <cmp x="1412" y="1794" width="118" height="97" />
        <cmp x="1533" y="1765" width="109" height="113" />
      </word>
      <word id="c06-138-06-03" tag="VBN" text="named">
        <cmp x="1748" y="1788" width="163" height="94" />
        <cmp x="1921" y="1802" width="132" height="85" />
        <cmp x="2071" y="1771" width="57" height="117" />
      </word>
      <upper-contour>
        <point x="401" y="1767" />
        <point x="758" y="1876" />
        <point x="767" y="1821" />
        <point x="769" y="1884" />
        <point x="836" y="1764" />
        <point x="1841" y="1780" />
        <point x="2121" y="1707" />
        <point x="2129" y="1707" />
      </upper-contour>
      <lower-contour>
        <point x="382" y="1891" />
        <point x="1331" y="1931" />
        <point x="2129" y="1931" />
      </lower-contour>
    </line>
    <line ass="-746" asx="0" asy="1905" character-width="999" dss="-746" dsx="0" dsy="2119" fd0="12279" fd1="2685" fd2="-895" filter-width="3" id="c06-138-07" lbs="-710" lbx="0" lby="2047" segmentation="ok" slant="89000" stroke-width="5647" threshold="183" text="Bruno Richard Hauptmann, but" ubs="-817" ubx="0" uby="1969">
      <word id="c06-138-07-00" tag="NP" text="Bruno">
        <cmp x="381" y="1911" width="89" height="161" />
        <cmp x="475" y="1965" width="123" height="107" />
        <cmp x="606" y="1975" width="58" height="85" />
        <cmp x="670" y="1980" width="40" height="76" />
      </word>
      <word id="c06-138-07-01" tag="NP" text="Richard">
        <cmp x="875" y="1917" width="88" height="142" />
        <cmp x="880" y="1940" width="8" height="115" />
        <cmp x="957" y="1943" width="4" height="6" />
        <cmp x="987" y="1929" width="104" height="140" />
        <cmp x="1100" y="1964" width="123" height="102" />
        <cmp x="1227" y="1936" width="55" height="124" />
      </word>
      <word id="c06-138-07-02" tag="NP" text="Hauptmann">
        <cmp x="1387" y="1939" width="87" height="132" />
        <cmp x="1458" y="1977" width="124" height="91" />
        <cmp x="1593" y="1994" width="62" height="130" />
        <cmp x="1665" y="1943" width="71" height="122" />
        <cmp x="1729" y="1982" width="89" height="85" />
        <cmp x="1840" y="1991" width="215" height="84" />
      </word>
      <word id="c06-138-07-03" tag="," text=",">
        <cmp x="2085" y="2074" width="21" height="74" />
      </word>
      <word id="c06-138-07-04" tag="CC" text="but">
        <cmp x="2162" y="1953" width="141" height="127" />
      </word>
      <upper-contour>
        <point x="382" y="1891" />
        <point x="1331" y="1931" />
        <point x="2129" y="1931" />
      </upper-contour>
      <lower-contour>
        <point x="389" y="2071" />
        <point x="1593" y="2124" />
        <point x="2085" y="2150" />
        <point x="2125" y="2082" />
        <point x="2288" y="2082" />
      </lower-contour>
    </line>
    <line ass="-69" asx="0" asy="2109" character-width="999" dss="-69" dsx="0" dsy="2250" fd0="12442" fd1="2485" fd2="-1194" filter-width="3" id="c06-138-08" lbs="-57" lbx="0" lby="2239" segmentation="ok" slant="87000" stroke-width="5618" threshold="181" text="to the raree-show emotionalism" ubs="-94" ubx="0" uby="2174">
      <word id="c06-138-08-00" tag="IN" text="to">
        <cmp x="391" y="2110" width="84" height="142" />
      </word>
      <word id="c06-138-08-01" tag="ATI" text="the">
        <cmp x="547" y="2110" width="131" height="137" />
      </word>
      <word id="c06-138-08-02" tag="NN" text="raree-show">
        <cmp x="793" y="2140" width="40" height="100" />
        <cmp x="849" y="2132" width="113" height="112" />
        <cmp x="975" y="2156" width="86" height="89" />
        <cmp x="1100" y="2211" width="39" height="6" />
        <cmp x="1197" y="2120" width="123" height="125" />
        <cmp x="1342" y="2165" width="48" height="81" />
        <cmp x="1409" y="2153" width="72" height="88" />
        <cmp x="1412" y="2168" width="5" height="15" />
      </word>
      <word id="c06-138-08-03" tag="NN" text="emotionalism">
        <cmp x="1547" y="2147" width="84" height="100" />
        <cmp x="1639" y="2162" width="100" height="80" />
        <cmp x="1752" y="2169" width="47" height="77" />
        <cmp x="1816" y="2125" width="49" height="121" />
        <cmp x="1862" y="2139" width="7" height="10" />
        <cmp x="1891" y="2177" width="37" height="67" />
        <cmp x="1947" y="2171" width="57" height="78" />
        <cmp x="2012" y="2178" width="48" height="68" />
        <cmp x="2064" y="2116" width="108" height="126" />
        <cmp x="2177" y="2153" width="16" height="19" />
        <cmp x="2177" y="2170" width="39" height="76" />
        <cmp x="2226" y="2176" width="61" height="72" />
      </word>
      <upper-contour>
        <point x="389" y="2071" />
        <point x="1593" y="2124" />
        <point x="2085" y="2150" />
        <point x="2125" y="2082" />
        <point x="2288" y="2082" />
      </upper-contour>
      <lower-contour>
        <point x="409" y="2251" />
        <point x="2239" y="2251" />
      </lower-contour>
    </line>
    <line ass="90" asx="0" asy="2290" character-width="999" dss="90" dsx="0" dsy="2486" fd0="12387" fd1="2298" fd2="-1575" filter-width="3" id="c06-138-09" lbs="185" lbx="0" lby="2417" segmentation="ok" slant="89000" stroke-width="5689" threshold="181" text="and sensation-hunger of that" ubs="-98" ubx="0" uby="2344">
      <word id="c06-138-09-00" tag="CC" text="and">
        <cmp x="411" y="2319" width="70" height="99" />
        <cmp x="482" y="2345" width="57" height="70" />
        <cmp x="542" y="2292" width="60" height="129" />
      </word>
      <word id="c06-138-09-01" tag="NN" text="sensation-hunger">
        <cmp x="730" y="2326" width="43" height="97" />
        <cmp x="770" y="2330" width="145" height="93" />
        <cmp x="933" y="2333" width="29" height="102" />
        <cmp x="985" y="2289" width="136" height="143" />
        <cmp x="1120" y="2321" width="8" height="8" />
        <cmp x="1145" y="2338" width="98" height="79" />
        <cmp x="1308" y="2373" width="34" height="6" />
        <cmp x="1407" y="2290" width="64" height="129" />
        <cmp x="1474" y="2333" width="56" height="82" />
        <cmp x="1537" y="2346" width="56" height="73" />
        <cmp x="1606" y="2340" width="140" height="144" />
      </word>
      <word id="c06-138-09-02" tag="INO" text="of">
        <cmp x="1824" y="2351" width="43" height="71" />
        <cmp x="1888" y="2299" width="49" height="182" />
      </word>
      <word id="c06-138-09-03" tag="DT" text="that">
        <cmp x="2009" y="2294" width="90" height="132" />
        <cmp x="2118" y="2297" width="120" height="128" />
      </word>
      <upper-contour>
        <point x="409" y="2251" />
        <point x="2239" y="2251" />
      </upper-contour>
      <lower-contour>
        <point x="446" y="2420" />
        <point x="657" y="2420" />
      </lower-contour>
    </line>
    <line ass="333" asx="0" asy="2495" character-width="999" dss="333" dsx="0" dsy="2599" fd0="13225" fd1="2983" fd2="186" filter-width="4" id="c06-138-10" lbs="1014" lbx="0" lby="2598" segmentation="ok" slant="86000" stroke-width="6156" threshold="180" text="era." ubs="-1027" ubx="0" uby="2499">
      <word id="c06-138-10-00" tag="NN" text="era">
        <cmp x="448" y="2492" width="112" height="102" />
        <cmp x="573" y="2506" width="61" height="92" />
      </word>
      <word id="c06-138-10-01" tag="." text=".">
        <cmp x="647" y="2572" width="9" height="13" />
      </word>
      <upper-contour>
        <point x="446" y="2420" />
        <point x="657" y="2420" />
      </upper-contour>
    </line>
  </handwritten-part>
</form>

