<?xml version="1.0" encoding="ISO-8859-1"?>

<!DOCTYPE form SYSTEM 'http://www.iam.unibe.ch/~fki/iamdb/form-metadata.dtd'>

<form created="2002-01-17" height="3542" id="c06-091" last-modified="2002-07-17" skew="286" status="final" version="3.0_beta" width="2479" writer-id="132">
  <machine-printed-part>
    <machine-print-line text="It&apos;s hereabouts that the budge takes to the bottle, but I don&apos;t think it was through" />
    <machine-print-line text="boredom. The film is funny enough in places and has a line or two of painful home" />
    <machine-print-line text="truths thrown in. &amp;quot;I don&apos;t want to talk like an adult,&amp;quot; screams Gina, walking out on" />
    <machine-print-line text="the man who has so far failed to make an honest woman of her." />
  </machine-printed-part>
  <handwritten-part>
    <line ass="319" asx="0" asy="702" character-width="999" dss="319" dsx="0" dsy="862" fd0="14153" fd1="2568" fd2="-1566" filter-width="3" id="c06-091-00" lbs="420" lbx="0" lby="795" segmentation="ok" slant="63000" stroke-width="4998" threshold="181" text="It&apos;s hereabouts that the budge takes to the bottle, but I" ubs="119" ubx="0" uby="744">
      <word id="c06-091-00-00" sentence-start="yes" tag="PP3" text="It">
        <cmp x="344" y="726" width="39" height="62" />
        <cmp x="363" y="714" width="39" height="11" />
        <cmp x="388" y="710" width="32" height="75" />
      </word>
      <word id="c06-091-00-01" tag="BEZ" text="&apos;s">
        <cmp x="427" y="700" width="11" height="22" />
        <cmp x="410" y="738" width="50" height="55" />
      </word>
      <word id="c06-091-00-02" tag="RB" text="hereabouts">
        <cmp x="482" y="700" width="269" height="99" />
      </word>
      <word id="c06-091-00-03" tag="CS" text="that">
        <cmp x="805" y="705" width="68" height="96" />
        <cmp x="862" y="699" width="103" height="92" />
      </word>
      <word id="c06-091-00-04" tag="ATI" text="the">
        <cmp x="990" y="702" width="90" height="111" />
      </word>
      <word id="c06-091-00-05" tag="NN" text="budge">
        <cmp x="1121" y="704" width="45" height="88" />
        <cmp x="1159" y="756" width="35" height="35" />
        <cmp x="1165" y="699" width="4" height="4" />
        <cmp x="1182" y="751" width="4" height="4" />
        <cmp x="1191" y="722" width="106" height="135" />
      </word>
      <word id="c06-091-00-06" tag="VBZ" text="takes">
        <cmp x="1348" y="708" width="61" height="97" />
        <cmp x="1406" y="709" width="74" height="82" />
      </word>
      <word id="c06-091-00-07" tag="IN" text="to">
        <cmp x="1526" y="710" width="52" height="86" />
      </word>
      <word id="c06-091-00-08" tag="ATI" text="the">
        <cmp x="1629" y="708" width="63" height="79" />
      </word>
      <word id="c06-091-00-09" tag="NN" text="bottle">
        <cmp x="1718" y="699" width="190" height="104" />
      </word>
      <word id="c06-091-00-10" tag="," text=",">
        <cmp x="1891" y="785" width="40" height="55" />
      </word>
      <word id="c06-091-00-11" tag="CC" text="but">
        <cmp x="1949" y="710" width="147" height="98" />
      </word>
      <word id="c06-091-00-12" tag="PP1A" text="I">
        <cmp x="2089" y="789" width="45" height="5" />
        <cmp x="2107" y="733" width="29" height="51" />
        <cmp x="2119" y="727" width="42" height="4" />
      </word>
      <lower-contour>
        <point x="342" y="857" />
        <point x="2162" y="857" />
      </lower-contour>
    </line>
    <line ass="-298" asx="0" asy="859" character-width="999" dss="-298" dsx="0" dsy="1022" fd0="14697" fd1="2522" fd2="-1546" filter-width="3" id="c06-091-01" lbs="-112" lbx="0" lby="970" segmentation="ok" slant="56000" stroke-width="5138" threshold="182" text="don&apos;t think it was through boredom. The film is funny enough" ubs="-670" ubx="0" uby="926">
      <word id="c06-091-01-00" tag="DOX" text="don&apos;t">
        <cmp x="339" y="892" width="103" height="88" />
        <cmp x="474" y="883" width="12" height="27" />
        <cmp x="474" y="878" width="44" height="80" />
      </word>
      <word id="c06-091-01-01" tag="VB" text="think">
        <cmp x="559" y="879" width="101" height="94" />
        <cmp x="656" y="885" width="55" height="81" />
        <cmp x="666" y="881" width="6" height="5" />
      </word>
      <word id="c06-091-01-02" tag="PP3" text="it">
        <cmp x="722" y="887" width="107" height="97" />
        <cmp x="775" y="898" width="17" height="9" />
      </word>
      <word id="c06-091-01-03" tag="BEDZ" text="was">
        <cmp x="838" y="928" width="109" height="52" />
      </word>
      <word id="c06-091-01-04" tag="IN" text="through">
        <cmp x="980" y="892" width="68" height="94" />
        <cmp x="986" y="942" width="3" height="18" />
        <cmp x="1021" y="941" width="96" height="36" />
        <cmp x="1091" y="900" width="105" height="129" />
        <cmp x="1164" y="945" width="16" height="28" />
      </word>
      <word id="c06-091-01-05" tag="NN" text="boredom">
        <cmp x="1222" y="973" width="3" height="3" />
        <cmp x="1226" y="886" width="125" height="91" />
        <cmp x="1342" y="910" width="118" height="62" />
      </word>
      <word id="c06-091-01-06" tag="." text=".">
        <cmp x="1470" y="955" width="9" height="13" />
      </word>
      <word id="c06-091-01-07" sentence-start="yes" tag="ATI" text="The">
        <cmp x="1498" y="904" width="101" height="71" />
        <cmp x="1499" y="923" width="31" height="56" />
      </word>
      <word id="c06-091-01-08" tag="NN" text="film">
        <cmp x="1613" y="879" width="135" height="134" />
        <cmp x="1682" y="921" width="5" height="10" />
      </word>
      <word id="c06-091-01-09" tag="BEZ" text="is">
        <cmp x="1781" y="926" width="71" height="51" />
        <cmp x="1843" y="888" width="11" height="9" />
      </word>
      <word id="c06-091-01-10" tag="JJ" text="funny">
        <cmp x="1845" y="869" width="151" height="161" />
        <cmp x="1944" y="931" width="82" height="98" />
      </word>
      <word id="c06-091-01-11" tag="QLP" text="enough">
        <cmp x="2052" y="928" width="125" height="45" />
        <cmp x="2143" y="898" width="109" height="120" />
        <cmp x="2210" y="949" width="17" height="28" />
      </word>
      <upper-contour>
        <point x="342" y="857" />
        <point x="2162" y="857" />
      </upper-contour>
      <lower-contour>
        <point x="337" y="1033" />
        <point x="2171" y="1033" />
      </lower-contour>
    </line>
    <line ass="37" asx="0" asy="1049" character-width="999" dss="37" dsx="0" dsy="1189" fd0="14746" fd1="2422" fd2="-1601" filter-width="3" id="c06-091-02" lbs="124" lbx="0" lby="1154" segmentation="ok" slant="56000" stroke-width="5148" threshold="181" text="in places and has a line or two of painful home truths" ubs="-135" ubx="0" uby="1113">
      <word id="c06-091-02-00" tag="IN" text="in">
        <cmp x="331" y="1099" width="81" height="65" />
        <cmp x="397" y="1059" width="13" height="10" />
      </word>
      <word id="c06-091-02-01" tag="NNS" text="places">
        <cmp x="421" y="1052" width="117" height="134" />
        <cmp x="536" y="1101" width="76" height="43" />
      </word>
      <word id="c06-091-02-02" tag="CC" text="and">
        <cmp x="649" y="1107" width="75" height="49" />
        <cmp x="717" y="1079" width="60" height="74" />
      </word>
      <word id="c06-091-02-03" tag="HVZ" text="has">
        <cmp x="779" y="1072" width="107" height="83" />
      </word>
      <word id="c06-091-02-04" tag="AT" text="a">
        <cmp x="911" y="1106" width="43" height="46" />
      </word>
      <word id="c06-091-02-05" tag="NN" text="line">
        <cmp x="978" y="1066" width="67" height="92" />
        <cmp x="1036" y="1111" width="59" height="39" />
        <cmp x="1048" y="1072" width="6" height="14" />
      </word>
      <word id="c06-091-02-06" tag="CC" text="or">
        <cmp x="1121" y="1111" width="83" height="49" />
      </word>
      <word id="c06-091-02-07" tag="CD" text="two">
        <cmp x="1211" y="1072" width="56" height="87" />
        <cmp x="1248" y="1118" width="62" height="34" />
      </word>
      <word id="c06-091-02-08" tag="INO" text="of">
        <cmp x="1355" y="1058" width="104" height="125" />
      </word>
      <word id="c06-091-02-09" tag="JJ" text="painful">
        <cmp x="1444" y="1103" width="67" height="87" />
        <cmp x="1507" y="1105" width="85" height="44" />
        <cmp x="1574" y="1063" width="139" height="123" />
        <cmp x="1579" y="1069" width="8" height="11" />
      </word>
      <word id="c06-091-02-10" tag="NR" text="home">
        <cmp x="1737" y="1064" width="58" height="91" />
        <cmp x="1790" y="1108" width="118" height="43" />
      </word>
      <word id="c06-091-02-11" tag="NNS" text="truths">
        <cmp x="1963" y="1048" width="83" height="96" />
        <cmp x="1993" y="1059" width="169" height="97" />
        <cmp x="2137" y="1123" width="33" height="20" />
      </word>
      <upper-contour>
        <point x="337" y="1033" />
        <point x="2171" y="1033" />
      </upper-contour>
      <lower-contour>
        <point x="355" y="1191" />
        <point x="2171" y="1191" />
      </lower-contour>
    </line>
    <line ass="-354" asx="0" asy="1216" character-width="999" dss="-354" dsx="0" dsy="1368" fd0="14624" fd1="2682" fd2="-1511" filter-width="3" id="c06-091-03" lbs="-480" lbx="0" lby="1317" segmentation="ok" slant="57000" stroke-width="5190" threshold="180" text="thrown in. &amp;quot;I don&apos;t want to talk like an adult,&amp;quot; screams" ubs="-103" ubx="0" uby="1288">
      <word id="c06-091-03-00" tag="VBN" text="thrown">
        <cmp x="357" y="1237" width="46" height="98" />
        <cmp x="377" y="1246" width="41" height="79" />
        <cmp x="390" y="1288" width="51" height="44" />
        <cmp x="434" y="1289" width="115" height="47" />
      </word>
      <word id="c06-091-03-01" tag="RP" text="in">
        <cmp x="560" y="1294" width="70" height="43" />
        <cmp x="606" y="1251" width="10" height="12" />
      </word>
      <word id="c06-091-03-02" tag="." text=".">
        <cmp x="643" y="1315" width="7" height="14" />
      </word>
      <word id="c06-091-03-03" sentence-start="yes" tag="*&apos;" text="&quot;">
        <cmp x="698" y="1253" width="19" height="28" />
        <cmp x="715" y="1253" width="12" height="26" />
      </word>
      <word id="c06-091-03-04" tag="PP1A" text="I">
        <cmp x="699" y="1251" width="98" height="85" />
      </word>
      <word id="c06-091-03-05" tag="DOX" text="don&apos;t">
        <cmp x="777" y="1256" width="69" height="76" />
        <cmp x="818" y="1289" width="63" height="42" />
        <cmp x="908" y="1256" width="6" height="11" />
        <cmp x="900" y="1246" width="50" height="81" />
      </word>
      <word id="c06-091-03-06" tag="VB" text="want">
        <cmp x="957" y="1280" width="36" height="53" />
        <cmp x="978" y="1247" width="149" height="90" />
      </word>
      <word id="c06-091-03-07" tag="TO" text="to">
        <cmp x="1143" y="1240" width="60" height="93" />
      </word>
      <word id="c06-091-03-08" tag="VB" text="talk">
        <cmp x="1252" y="1237" width="57" height="106" />
        <cmp x="1268" y="1238" width="153" height="97" />
      </word>
      <word id="c06-091-03-09" tag="IN" text="like">
        <cmp x="1437" y="1230" width="148" height="104" />
        <cmp x="1533" y="1252" width="6" height="14" />
      </word>
      <word id="c06-091-03-10" tag="AT" text="an">
        <cmp x="1610" y="1282" width="80" height="49" />
      </word>
      <word id="c06-091-03-11" tag="NN" text="adult">
        <cmp x="1679" y="1237" width="220" height="100" />
      </word>
      <word id="c06-091-03-12" tag="," text=",">
        <cmp x="1840" y="1314" width="47" height="66" />
      </word>
      <word id="c06-091-03-13" tag="**&apos;" text="&quot;">
        <cmp x="1942" y="1230" width="23" height="31" />
        <cmp x="1951" y="1234" width="26" height="31" />
      </word>
      <word id="c06-091-03-14" tag="VBZ" text="screams">
        <cmp x="1947" y="1288" width="237" height="48" />
      </word>
      <upper-contour>
        <point x="355" y="1191" />
        <point x="2171" y="1191" />
      </upper-contour>
      <lower-contour>
        <point x="355" y="1383" />
        <point x="2185" y="1383" />
      </lower-contour>
    </line>
    <line ass="145" asx="0" asy="1407" character-width="999" dss="145" dsx="0" dsy="1607" fd0="14706" fd1="2658" fd2="-1345" filter-width="3" id="c06-091-04" lbs="473" lbx="0" lby="1518" segmentation="err" slant="56000" stroke-width="5145" threshold="181" text="Gina, walking out on the man who has so far" ubs="-512" ubx="0" uby="1464">
      <word id="c06-091-04-00" tag="NP" text="Gina">
        <cmp x="320" y="1422" width="138" height="186" />
        <cmp x="450" y="1405" width="13" height="30" />
        <cmp x="454" y="1467" width="40" height="49" />
      </word>
      <word id="c06-091-04-01" tag="," text=",">
        <cmp x="466" y="1495" width="42" height="61" />
      </word>
      <word id="c06-091-04-02" tag="VBG" text="walking">
        <cmp x="552" y="1427" width="216" height="85" />
        <cmp x="704" y="1577" width="4" height="6" />
        <cmp x="711" y="1467" width="98" height="124" />
        <cmp x="739" y="1425" width="7" height="19" />
        <cmp x="792" y="1504" width="31" height="40" />
        <cmp x="822" y="1498" width="5" height="4" />
        <cmp x="846" y="1461" width="38" height="51" />
        <cmp x="861" y="1491" width="9" height="8" />
        <cmp x="870" y="1467" width="57" height="47" />
        <cmp x="922" y="1424" width="94" height="85" />
        <cmp x="975" y="1471" width="67" height="35" />
        <cmp x="989" y="1474" width="87" height="105" />
        <cmp x="1036" y="1426" width="10" height="16" />
      </word>
      <word id="c06-091-04-03" tag="RP" text="out">
        <cmp x="1112" y="1428" width="140" height="90" />
      </word>
      <word id="c06-091-04-04" tag="IN" text="on">
        <cmp x="1269" y="1471" width="76" height="43" />
      </word>
      <word id="c06-091-04-05" tag="ATI" text="the">
        <cmp x="1376" y="1427" width="74" height="94" />
        <cmp x="1418" y="1470" width="45" height="38" />
      </word>
      <word id="c06-091-04-06" tag="NN" text="man">
        <cmp x="1484" y="1468" width="63" height="44" />
        <cmp x="1533" y="1470" width="66" height="43" />
        <cmp x="1594" y="1471" width="32" height="29" />
      </word>
      <word id="c06-091-04-07" tag="WP" text="who">
        <cmp x="1634" y="1459" width="41" height="46" />
        <cmp x="1655" y="1427" width="93" height="84" />
        <cmp x="1704" y="1493" width="4" height="3" />
        <cmp x="1706" y="1480" width="19" height="32" />
        <cmp x="1721" y="1475" width="38" height="40" />
      </word>
      <word id="c06-091-04-08" tag="HVZ" text="has">
        <cmp x="1785" y="1412" width="128" height="94" />
      </word>
      <word id="c06-091-04-09" tag="QL" text="so">
        <cmp x="1925" y="1473" width="88" height="40" />
      </word>
      <word id="c06-091-04-10" tag="RB" text="far">
        <cmp x="1994" y="1403" width="193" height="177" />
      </word>
      <upper-contour>
        <point x="355" y="1383" />
        <point x="2185" y="1383" />
      </upper-contour>
      <lower-contour>
        <point x="339" y="1593" />
        <point x="425" y="1589" />
        <point x="722" y="1590" />
        <point x="1754" y="1508" />
        <point x="1822" y="1508" />
      </lower-contour>
    </line>
    <line ass="1090" asx="0" asy="1600" character-width="999" dss="1090" dsx="0" dsy="1757" fd0="14384" fd1="2563" fd2="-1343" filter-width="3" id="c06-091-05" lbs="1274" lbx="0" lby="1712" segmentation="err" slant="53000" stroke-width="5261" threshold="178" text="failed to make an honest woman of her." ubs="720" ubx="0" uby="1669">
      <word id="c06-091-05-00" tag="VBN" text="failed">
        <cmp x="341" y="1594" width="240" height="159" />
        <cmp x="472" y="1605" width="7" height="26" />
      </word>
      <word id="c06-091-05-01" tag="TO" text="to">
        <cmp x="628" y="1600" width="67" height="101" />
        <cmp x="713" y="1589" width="15" height="3" />
      </word>
      <word id="c06-091-05-02" tag="VB" text="make">
        <cmp x="710" y="1661" width="55" height="42" />
        <cmp x="754" y="1612" width="125" height="98" />
      </word>
      <word id="c06-091-05-03" tag="AT" text="an">
        <cmp x="925" y="1646" width="97" height="52" />
      </word>
      <word id="c06-091-05-04" tag="JJ" text="honest">
        <cmp x="1042" y="1592" width="67" height="97" />
        <cmp x="1074" y="1610" width="191" height="83" />
      </word>
      <word id="c06-091-05-05" tag="NN" text="woman">
        <cmp x="1291" y="1638" width="222" height="57" />
      </word>
      <word id="c06-091-05-06" tag="INO" text="of">
        <cmp x="1556" y="1596" width="127" height="129" />
      </word>
      <word id="c06-091-05-07" tag="PP3O" text="her">
        <cmp x="1692" y="1582" width="129" height="106" />
      </word>
      <word id="c06-091-05-08" tag="." text=".">
        <cmp x="1800" y="1682" width="6" height="12" />
      </word>
      <upper-contour>
        <point x="339" y="1593" />
        <point x="425" y="1589" />
        <point x="722" y="1590" />
        <point x="1754" y="1508" />
        <point x="1822" y="1508" />
      </upper-contour>
    </line>
  </handwritten-part>
</form>

