<?xml version="1.0" encoding="ISO-8859-1"?>

<!DOCTYPE form SYSTEM 'http://www.iam.unibe.ch/~fki/iamdb/form-metadata.dtd'>

<form created="2002-01-17" height="3542" id="c06-095" last-modified="2002-07-17" skew="95" status="final" version="3.0_beta" width="2479" writer-id="131">
  <machine-printed-part>
    <machine-print-line text="&amp;quot;That&apos;s how I got into all this trouble.&amp;quot; &amp;quot;He&apos;s got to be 35,&amp;quot; says Bobby Darin, the" />
    <machine-print-line text="chief spokesman of the jeans-and-Jeep brigadiers as they&apos;re scheming to get rid of old" />
    <machine-print-line text="man, solid Rock. &amp;quot;How many hills can he take?&amp;quot; Of course Mr. Hudson can take one" />
    <machine-print-line text="more hill than the youngsters." />
  </machine-printed-part>
  <handwritten-part>
    <line ass="-688" asx="0" asy="707" character-width="999" dss="-688" dsx="0" dsy="845" fd0="13629" fd1="3253" fd2="-770" filter-width="3" id="c06-095-00" lbs="-739" lbx="0" lby="785" segmentation="ok" slant="71000" stroke-width="5419" threshold="203" text="&amp;quot;That&apos;s how I got into all this trouble.&amp;quot;" ubs="-586" ubx="0" uby="751">
      <word id="c06-095-00-00" sentence-start="yes" tag="*&apos;" text="&quot;">
        <cmp x="349" y="713" width="14" height="30" />
        <cmp x="366" y="713" width="12" height="34" />
      </word>
      <word id="c06-095-00-01" tag="DT" text="That">
        <cmp x="401" y="723" width="67" height="78" />
        <cmp x="445" y="732" width="99" height="72" />
        <cmp x="547" y="742" width="32" height="64" />
      </word>
      <word id="c06-095-00-02" tag="BEZ" text="&apos;s">
        <cmp x="594" y="738" width="17" height="33" />
        <cmp x="608" y="755" width="50" height="48" />
      </word>
      <word id="c06-095-00-03" tag="WRB" text="how">
        <cmp x="698" y="744" width="97" height="64" />
        <cmp x="799" y="762" width="65" height="49" />
      </word>
      <word id="c06-095-00-04" tag="PP1A" text="I">
        <cmp x="894" y="748" width="58" height="65" />
      </word>
      <word id="c06-095-00-05" tag="VBD" text="got">
        <cmp x="967" y="772" width="66" height="87" />
        <cmp x="1030" y="771" width="46" height="41" />
        <cmp x="1082" y="748" width="34" height="62" />
      </word>
      <word id="c06-095-00-06" tag="IN" text="into">
        <cmp x="1166" y="768" width="16" height="38" />
        <cmp x="1186" y="746" width="5" height="8" />
        <cmp x="1188" y="765" width="47" height="40" />
        <cmp x="1243" y="747" width="27" height="57" />
        <cmp x="1266" y="760" width="52" height="44" />
      </word>
      <word id="c06-095-00-07" tag="ABN" text="all">
        <cmp x="1355" y="766" width="51" height="44" />
        <cmp x="1408" y="757" width="19" height="52" />
        <cmp x="1425" y="749" width="24" height="61" />
      </word>
      <word id="c06-095-00-08" tag="DT" text="this">
        <cmp x="1483" y="752" width="38" height="57" />
        <cmp x="1514" y="753" width="50" height="57" />
        <cmp x="1566" y="772" width="15" height="36" />
        <cmp x="1588" y="747" width="5" height="10" />
        <cmp x="1592" y="762" width="41" height="47" />
      </word>
      <word id="c06-095-00-09" tag="NN" text="trouble">
        <cmp x="1680" y="756" width="76" height="60" />
        <cmp x="1752" y="770" width="47" height="45" />
        <cmp x="1802" y="770" width="53" height="42" />
        <cmp x="1855" y="756" width="53" height="56" />
        <cmp x="1908" y="749" width="53" height="70" />
      </word>
      <word id="c06-095-00-10" tag="." text=".">
        <cmp x="1978" y="806" width="8" height="8" />
      </word>
      <word id="c06-095-00-11" tag="**&apos;" text="&quot;">
        <cmp x="2015" y="748" width="13" height="30" />
        <cmp x="2031" y="748" width="13" height="30" />
      </word>
      <lower-contour>
        <point x="347" y="858" />
        <point x="2029" y="858" />
      </lower-contour>
    </line>
    <line ass="-652" asx="0" asy="908" character-width="999" dss="-652" dsx="0" dsy="1020" fd0="13354" fd1="2424" fd2="-1608" filter-width="3" id="c06-095-01" lbs="-673" lbx="0" lby="971" segmentation="ok" slant="70000" stroke-width="5522" threshold="203" text="&amp;quot;He&apos;s got to be 35,&amp;quot; says Bobby Darin," ubs="-611" ubx="0" uby="932">
      <word id="c06-095-01-00" sentence-start="yes" tag="*&apos;" text="&quot;">
        <cmp x="340" y="914" width="11" height="29" />
        <cmp x="352" y="914" width="11" height="30" />
      </word>
      <word id="c06-095-01-01" tag="PP3A" text="He">
        <cmp x="379" y="918" width="44" height="65" />
        <cmp x="422" y="939" width="47" height="48" />
      </word>
      <word id="c06-095-01-02" tag="HVZ" text="&apos;s">
        <cmp x="486" y="919" width="17" height="36" />
        <cmp x="494" y="940" width="51" height="46" />
      </word>
      <word id="c06-095-01-03" tag="VBN" text="got">
        <cmp x="579" y="927" width="138" height="97" />
      </word>
      <word id="c06-095-01-04" tag="TO" text="to">
        <cmp x="756" y="932" width="81" height="61" />
      </word>
      <word id="c06-095-01-05" tag="BE" text="be">
        <cmp x="862" y="934" width="54" height="57" />
        <cmp x="923" y="947" width="47" height="42" />
      </word>
      <word id="c06-095-01-06" tag="CD" text="35">
        <cmp x="1012" y="929" width="51" height="57" />
        <cmp x="1065" y="932" width="57" height="57" />
      </word>
      <word id="c06-095-01-07" tag="," text=",">
        <cmp x="1118" y="972" width="17" height="40" />
      </word>
      <word id="c06-095-01-08" tag="**&apos;" text="&quot;">
        <cmp x="1163" y="930" width="11" height="28" />
        <cmp x="1175" y="931" width="11" height="27" />
      </word>
      <word id="c06-095-01-09" tag="VBZ" text="says">
        <cmp x="1216" y="942" width="96" height="43" />
        <cmp x="1317" y="944" width="51" height="84" />
        <cmp x="1365" y="945" width="46" height="46" />
      </word>
      <word id="c06-095-01-10" tag="NP" text="Bobby">
        <cmp x="1454" y="927" width="114" height="65" />
        <cmp x="1575" y="934" width="51" height="55" />
        <cmp x="1625" y="931" width="58" height="53" />
        <cmp x="1685" y="947" width="58" height="94" />
      </word>
      <word id="c06-095-01-11" tag="NP" text="Darin">
        <cmp x="1769" y="929" width="122" height="61" />
        <cmp x="1892" y="950" width="32" height="37" />
        <cmp x="1927" y="955" width="17" height="36" />
        <cmp x="1946" y="954" width="52" height="46" />
        <cmp x="1947" y="934" width="6" height="8" />
      </word>
      <word id="c06-095-01-12" tag="," text=",">
        <cmp x="2008" y="982" width="20" height="43" />
      </word>
      <upper-contour>
        <point x="347" y="858" />
        <point x="2029" y="858" />
      </upper-contour>
      <lower-contour>
        <point x="358" y="1041" />
        <point x="2029" y="1041" />
      </lower-contour>
    </line>
    <line ass="33" asx="0" asy="1099" character-width="999" dss="33" dsx="0" dsy="1215" fd0="13374" fd1="2430" fd2="-1819" filter-width="3" id="c06-095-02" lbs="97" lbx="0" lby="1165" segmentation="ok" slant="71000" stroke-width="5585" threshold="203" text="the chief spokesman of the jeans-and-" ubs="-95" ubx="0" uby="1126">
      <word id="c06-095-02-00" tag="ATI" text="the">
        <cmp x="360" y="1099" width="35" height="61" />
        <cmp x="393" y="1106" width="46" height="55" />
        <cmp x="446" y="1115" width="48" height="50" />
      </word>
      <word id="c06-095-02-01" tag="JJB" text="chief">
        <cmp x="534" y="1124" width="55" height="44" />
        <cmp x="586" y="1108" width="45" height="56" />
        <cmp x="638" y="1130" width="16" height="35" />
        <cmp x="661" y="1105" width="7" height="7" />
        <cmp x="663" y="1123" width="57" height="49" />
        <cmp x="711" y="1099" width="59" height="103" />
      </word>
      <word id="c06-095-02-02" tag="NN" text="spokesman">
        <cmp x="794" y="1124" width="52" height="47" />
        <cmp x="844" y="1125" width="113" height="72" />
        <cmp x="965" y="1105" width="39" height="64" />
        <cmp x="1012" y="1125" width="53" height="44" />
        <cmp x="1062" y="1125" width="44" height="48" />
        <cmp x="1112" y="1124" width="91" height="44" />
        <cmp x="1203" y="1127" width="56" height="41" />
        <cmp x="1261" y="1129" width="48" height="41" />
      </word>
      <word id="c06-095-02-03" tag="INO" text="of">
        <cmp x="1354" y="1120" width="51" height="47" />
        <cmp x="1397" y="1099" width="53" height="92" />
      </word>
      <word id="c06-095-02-04" tag="ATI" text="the">
        <cmp x="1493" y="1107" width="33" height="68" />
        <cmp x="1530" y="1109" width="47" height="62" />
        <cmp x="1583" y="1125" width="54" height="46" />
      </word>
      <word id="c06-095-02-05" tag="JJB--" text="jeans-and-">
        <cmp x="1641" y="1138" width="52" height="79" />
        <cmp x="1690" y="1110" width="5" height="9" />
        <cmp x="1705" y="1126" width="88" height="43" />
        <cmp x="1797" y="1127" width="51" height="40" />
        <cmp x="1858" y="1120" width="36" height="49" />
        <cmp x="1912" y="1132" width="28" height="7" />
        <cmp x="1941" y="1125" width="52" height="42" />
        <cmp x="1990" y="1115" width="103" height="60" />
        <cmp x="2096" y="1142" width="36" height="6" />
      </word>
      <upper-contour>
        <point x="358" y="1041" />
        <point x="2029" y="1041" />
      </upper-contour>
      <lower-contour>
        <point x="358" y="1216" />
        <point x="2061" y="1216" />
      </lower-contour>
    </line>
    <line ass="558" asx="0" asy="1294" character-width="999" dss="558" dsx="0" dsy="1421" fd0="13406" fd1="2456" fd2="-1949" filter-width="3" id="c06-095-03" lbs="667" lbx="0" lby="1365" segmentation="ok" slant="74000" stroke-width="5540" threshold="203" text="Jeep brigadiers as they&apos;re scheming to" ubs="338" ubx="0" uby="1316">
      <word id="c06-095-03-00" tag="-JJB" text="Jeep">
        <cmp x="324" y="1351" width="3" height="8" />
        <cmp x="324" y="1290" width="57" height="99" />
        <cmp x="387" y="1301" width="49" height="45" />
        <cmp x="439" y="1303" width="48" height="43" />
        <cmp x="480" y="1304" width="67" height="72" />
      </word>
      <word id="c06-095-03-01" tag="NNS" text="brigadiers">
        <cmp x="599" y="1290" width="53" height="65" />
        <cmp x="660" y="1309" width="32" height="38" />
        <cmp x="696" y="1310" width="13" height="41" />
        <cmp x="709" y="1314" width="52" height="78" />
        <cmp x="713" y="1290" width="6" height="5" />
        <cmp x="762" y="1290" width="108" height="61" />
        <cmp x="872" y="1316" width="11" height="32" />
        <cmp x="888" y="1291" width="7" height="8" />
        <cmp x="894" y="1308" width="84" height="48" />
        <cmp x="978" y="1301" width="37" height="49" />
      </word>
      <word id="c06-095-03-02" tag="CS" text="as">
        <cmp x="1055" y="1309" width="58" height="41" />
        <cmp x="1118" y="1300" width="39" height="47" />
      </word>
      <word id="c06-095-03-03" tag="PP3AS" text="they">
        <cmp x="1195" y="1294" width="34" height="51" />
        <cmp x="1238" y="1291" width="48" height="56" />
        <cmp x="1289" y="1305" width="49" height="43" />
        <cmp x="1324" y="1304" width="57" height="90" />
      </word>
      <word id="c06-095-03-04" tag="BER" text="&apos;re">
        <cmp x="1403" y="1293" width="12" height="31" />
        <cmp x="1419" y="1303" width="40" height="48" />
        <cmp x="1456" y="1303" width="51" height="46" />
      </word>
      <word id="c06-095-03-05" tag="VBG" text="scheming">
        <cmp x="1545" y="1304" width="94" height="47" />
        <cmp x="1634" y="1298" width="50" height="50" />
        <cmp x="1647" y="1292" width="6" height="5" />
        <cmp x="1688" y="1307" width="47" height="42" />
        <cmp x="1735" y="1309" width="77" height="45" />
        <cmp x="1824" y="1310" width="15" height="41" />
        <cmp x="1842" y="1291" width="6" height="7" />
        <cmp x="1844" y="1309" width="55" height="45" />
        <cmp x="1880" y="1318" width="73" height="87" />
      </word>
      <word id="c06-095-03-06" tag="TO" text="to">
        <cmp x="1979" y="1294" width="81" height="62" />
      </word>
      <upper-contour>
        <point x="358" y="1216" />
        <point x="2061" y="1216" />
      </upper-contour>
      <lower-contour>
        <point x="334" y="1406" />
        <point x="1965" y="1406" />
      </lower-contour>
    </line>
    <line ass="193" asx="0" asy="1463" character-width="999" dss="193" dsx="0" dsy="1566" fd0="13530" fd1="2490" fd2="-1126" filter-width="3" id="c06-095-04" lbs="348" lbx="0" lby="1532" segmentation="ok" slant="71000" stroke-width="5570" threshold="203" text="get rid of old man, solid Rock. &amp;quot;How" ubs="-115" ubx="0" uby="1484">
      <word id="c06-095-04-00" tag="VB" text="get">
        <cmp x="336" y="1482" width="52" height="85" />
        <cmp x="392" y="1482" width="52" height="44" />
        <cmp x="445" y="1464" width="33" height="62" />
      </word>
      <word id="c06-095-04-01" tag="VBN" text="rid">
        <cmp x="521" y="1487" width="37" height="42" />
        <cmp x="562" y="1485" width="12" height="41" />
        <cmp x="576" y="1476" width="56" height="51" />
        <cmp x="578" y="1467" width="6" height="9" />
        <cmp x="628" y="1471" width="4" height="4" />
      </word>
      <word id="c06-095-04-02" tag="INO" text="of">
        <cmp x="674" y="1462" width="96" height="95" />
      </word>
      <word id="c06-095-04-03" tag="JJ" text="old">
        <cmp x="798" y="1485" width="51" height="40" />
        <cmp x="854" y="1466" width="71" height="58" />
      </word>
      <word id="c06-095-04-04" tag="NN" text="man">
        <cmp x="976" y="1482" width="84" height="43" />
        <cmp x="1061" y="1486" width="52" height="39" />
        <cmp x="1118" y="1481" width="48" height="45" />
      </word>
      <word id="c06-095-04-05" tag="," text=",">
        <cmp x="1172" y="1506" width="16" height="41" />
      </word>
      <word id="c06-095-04-06" tag="JJ" text="solid">
        <cmp x="1227" y="1483" width="54" height="42" />
        <cmp x="1280" y="1488" width="48" height="42" />
        <cmp x="1333" y="1475" width="19" height="60" />
        <cmp x="1360" y="1495" width="15" height="33" />
        <cmp x="1378" y="1474" width="7" height="9" />
        <cmp x="1385" y="1473" width="66" height="60" />
      </word>
      <word id="c06-095-04-07" tag="NP" text="Rock">
        <cmp x="1497" y="1466" width="53" height="72" />
        <cmp x="1540" y="1468" width="133" height="65" />
      </word>
      <word id="c06-095-04-08" tag="." text=".">
        <cmp x="1688" y="1517" width="12" height="11" />
      </word>
      <word id="c06-095-04-09" sentence-start="yes" tag="*&apos;" text="&quot;">
        <cmp x="1748" y="1459" width="15" height="32" />
        <cmp x="1762" y="1459" width="16" height="28" />
      </word>
      <word id="c06-095-04-10" tag="WRB" text="How">
        <cmp x="1787" y="1466" width="62" height="64" />
        <cmp x="1840" y="1483" width="54" height="46" />
        <cmp x="1896" y="1484" width="69" height="54" />
      </word>
      <upper-contour>
        <point x="334" y="1406" />
        <point x="1965" y="1406" />
      </upper-contour>
      <lower-contour>
        <point x="334" y="1566" />
        <point x="1965" y="1566" />
      </lower-contour>
    </line>
    <line ass="-144" asx="0" asy="1622" character-width="999" dss="-144" dsx="0" dsy="1733" fd0="13785" fd1="3083" fd2="-855" filter-width="3" id="c06-095-05" lbs="-47" lbx="0" lby="1699" segmentation="err" slant="70000" stroke-width="5275" threshold="189" text="many hills can he take?&amp;quot; Of course Mr." ubs="-338" ubx="0" uby="1656">
      <word id="c06-095-05-00" tag="AP" text="many">
        <cmp x="333" y="1654" width="132" height="45" />
        <cmp x="464" y="1657" width="49" height="41" />
        <cmp x="510" y="1657" width="54" height="79" />
      </word>
      <word id="c06-095-05-01" tag="NNS" text="hills">
        <cmp x="609" y="1645" width="49" height="57" />
        <cmp x="663" y="1667" width="13" height="36" />
        <cmp x="681" y="1643" width="7" height="7" />
        <cmp x="688" y="1645" width="23" height="55" />
        <cmp x="703" y="1642" width="24" height="59" />
        <cmp x="725" y="1654" width="45" height="46" />
      </word>
      <word id="c06-095-05-02" tag="MD" text="can">
        <cmp x="814" y="1661" width="100" height="45" />
        <cmp x="918" y="1664" width="52" height="42" />
      </word>
      <word id="c06-095-05-03" tag="PP3A" text="he">
        <cmp x="1011" y="1653" width="46" height="58" />
        <cmp x="1063" y="1665" width="47" height="45" />
      </word>
      <word id="c06-095-05-04" tag="VB" text="take">
        <cmp x="1151" y="1648" width="41" height="61" />
        <cmp x="1183" y="1663" width="59" height="40" />
        <cmp x="1243" y="1647" width="47" height="62" />
        <cmp x="1285" y="1667" width="54" height="42" />
      </word>
      <word id="c06-095-05-05" tag="?" text="?">
        <cmp x="1361" y="1693" width="16" height="14" />
        <cmp x="1363" y="1634" width="39" height="51" />
        <cmp x="1418" y="1627" width="14" height="29" />
        <cmp x="1430" y="1627" width="13" height="32" />
      </word>
      <word id="c06-095-05-06" tag="**&apos;" text="&quot;">
        <cmp x="1482" y="1644" width="61" height="58" />
      </word>
      <word id="c06-095-05-07" sentence-start="yes" tag="RB21" text="Of">
        <cmp x="1539" y="1636" width="49" height="97" />
      </word>
      <word id="c06-095-05-08" tag="RB22" text="course">
        <cmp x="1604" y="1655" width="95" height="51" />
        <cmp x="1696" y="1661" width="53" height="39" />
        <cmp x="1751" y="1660" width="36" height="41" />
        <cmp x="1779" y="1655" width="46" height="48" />
        <cmp x="1824" y="1660" width="55" height="48" />
      </word>
      <word id="c06-095-05-09" tag="NPT" text="Mr.">
        <cmp x="1923" y="1627" width="71" height="90" />
        <cmp x="1984" y="1666" width="44" height="42" />
        <cmp x="2024" y="1701" width="8" height="7" />
      </word>
      <upper-contour>
        <point x="334" y="1566" />
        <point x="1965" y="1566" />
      </upper-contour>
      <lower-contour>
        <point x="340" y="1735" />
        <point x="2033" y="1735" />
      </lower-contour>
    </line>
    <line ass="-224" asx="0" asy="1814" character-width="999" dss="-224" dsx="0" dsy="1884" fd0="13490" fd1="2965" fd2="-1023" filter-width="3" id="c06-095-06" lbs="-264" lbx="0" lby="1878" segmentation="ok" slant="71000" stroke-width="5363" threshold="189" text="Hudson can take one more hill than the" ubs="-145" ubx="0" uby="1839">
      <word id="c06-095-06-00" tag="NP" text="Hudson">
        <cmp x="342" y="1822" width="20" height="54" />
        <cmp x="359" y="1822" width="81" height="57" />
        <cmp x="439" y="1827" width="57" height="58" />
        <cmp x="492" y="1842" width="93" height="42" />
        <cmp x="582" y="1846" width="49" height="42" />
      </word>
      <word id="c06-095-06-01" tag="MD" text="can">
        <cmp x="688" y="1836" width="90" height="46" />
        <cmp x="782" y="1846" width="50" height="39" />
      </word>
      <word id="c06-095-06-02" tag="VB" text="take">
        <cmp x="872" y="1822" width="39" height="61" />
        <cmp x="912" y="1842" width="48" height="41" />
        <cmp x="963" y="1822" width="81" height="65" />
      </word>
      <word id="c06-095-06-03" tag="CD1" text="one">
        <cmp x="1096" y="1838" width="49" height="40" />
        <cmp x="1143" y="1837" width="50" height="41" />
        <cmp x="1195" y="1829" width="47" height="54" />
      </word>
      <word id="c06-095-06-04" tag="AP" text="more">
        <cmp x="1293" y="1842" width="131" height="46" />
        <cmp x="1423" y="1845" width="33" height="39" />
        <cmp x="1453" y="1838" width="46" height="49" />
      </word>
      <word id="c06-095-06-05" tag="NN" text="hill">
        <cmp x="1546" y="1828" width="54" height="59" />
        <cmp x="1605" y="1849" width="15" height="37" />
        <cmp x="1628" y="1824" width="6" height="9" />
        <cmp x="1636" y="1826" width="21" height="57" />
        <cmp x="1658" y="1823" width="22" height="65" />
      </word>
      <word id="c06-095-06-06" tag="IN" text="than">
        <cmp x="1727" y="1822" width="37" height="65" />
        <cmp x="1760" y="1827" width="105" height="63" />
        <cmp x="1866" y="1848" width="43" height="42" />
      </word>
      <word id="c06-095-06-07" tag="ATI" text="the">
        <cmp x="1939" y="1830" width="37" height="56" />
        <cmp x="1976" y="1829" width="52" height="59" />
        <cmp x="2032" y="1840" width="45" height="48" />
      </word>
      <upper-contour>
        <point x="340" y="1735" />
        <point x="2033" y="1735" />
      </upper-contour>
      <lower-contour>
        <point x="353" y="1887" />
        <point x="816" y="1887" />
      </lower-contour>
    </line>
    <line ass="551" asx="0" asy="2017" character-width="999" dss="551" dsx="0" dsy="2115" fd0="13882" fd1="3100" fd2="-1795" filter-width="3" id="c06-095-07" lbs="485" lbx="0" lby="2065" segmentation="ok" slant="75000" stroke-width="5463" threshold="203" text="youngsters." ubs="683" ubx="0" uby="2027">
      <word id="c06-095-07-00" tag="NNS" text="youngsters">
        <cmp x="355" y="2015" width="42" height="91" />
        <cmp x="397" y="2020" width="46" height="44" />
        <cmp x="445" y="2020" width="41" height="42" />
        <cmp x="492" y="2022" width="54" height="40" />
        <cmp x="533" y="2023" width="65" height="89" />
        <cmp x="602" y="2016" width="44" height="45" />
        <cmp x="652" y="2011" width="107" height="53" />
        <cmp x="754" y="2011" width="47" height="55" />
      </word>
      <word id="c06-095-07-01" tag="." text=".">
        <cmp x="810" y="2049" width="6" height="9" />
      </word>
      <upper-contour>
        <point x="353" y="1887" />
        <point x="816" y="1887" />
      </upper-contour>
    </line>
  </handwritten-part>
</form>

