<?xml version="1.0" encoding="ISO-8859-1"?>

<!DOCTYPE form SYSTEM 'http://www.iam.unibe.ch/~fki/iamdb/form-metadata.dtd'>

<form created="2002-01-17" height="3542" id="c06-087" last-modified="2002-07-24" skew="286" status="final" version="3.0_beta" width="2479" writer-id="126">
  <machine-printed-part>
    <machine-print-line text="Inevitably there comes the time when Mr. Hudson suddenly breaks with tradition and" />
    <machine-print-line text="arrives there in July, when, just as inevitably, the place is full of American teenagers" />
    <machine-print-line text="on an escorted tour. Result: Mr. Hudson and lady love Lollo find themselves playing" />
    <machine-print-line text="chaperon (Brenda de Banzie, the official one, has broken a leg) to the girls, who have" />
    <machine-print-line text="just been joined by a Jeep-load of boys." />
  </machine-printed-part>
  <handwritten-part>
    <line ass="-2777" asx="0" asy="710" character-width="999" dss="-2777" dsx="0" dsy="769" fd0="10064" fd1="644" fd2="-2934" filter-width="4" id="c06-087-00" lbs="-5057" lbx="0" lby="754" segmentation="ok" slant="92999" stroke-width="6233" threshold="167" text="#" ubs="1781" ubx="0" uby="749">
      <word id="c06-087-00-00" sentence-start="yes" tag="&amp;GA" text="#">
        <cmp x="312" y="736" width="104" height="54" />
        <cmp x="343" y="729" width="73" height="24" />
      </word>
      <lower-contour>
        <point x="339" y="789" />
        <point x="419" y="789" />
      </lower-contour>
    </line>
    <line ass="169" asx="0" asy="890" character-width="999" dss="169" dsx="0" dsy="1011" fd0="13082" fd1="2315" fd2="-1489" filter-width="4" id="c06-087-01" lbs="182" lbx="0" lby="965" segmentation="err" slant="90000" stroke-width="5828" threshold="175" text="Inevitably there comes the time when Mr. Hudson suddenly breaks" ubs="141" ubx="0" uby="928">
      <word id="c06-087-01-00" tag="RB" text="Inevitably">
        <cmp x="341" y="909" width="7" height="59" />
        <cmp x="354" y="932" width="29" height="35" />
        <cmp x="384" y="929" width="30" height="37" />
        <cmp x="411" y="930" width="23" height="35" />
        <cmp x="437" y="894" width="13" height="22" />
        <cmp x="442" y="906" width="34" height="61" />
        <cmp x="476" y="900" width="58" height="63" />
        <cmp x="482" y="934" width="5" height="4" />
        <cmp x="535" y="907" width="10" height="54" />
        <cmp x="546" y="929" width="35" height="73" />
      </word>
      <word id="c06-087-01-01" tag="EX" text="there">
        <cmp x="616" y="895" width="161" height="73" />
      </word>
      <word id="c06-087-01-02" tag="VBZ" text="comes">
        <cmp x="800" y="928" width="57" height="34" />
        <cmp x="859" y="924" width="76" height="35" />
        <cmp x="934" y="922" width="28" height="46" />
      </word>
      <word id="c06-087-01-03" tag="ATI" text="the">
        <cmp x="981" y="902" width="35" height="64" />
      </word>
      <word id="c06-087-01-04" tag="NN" text="time">
        <cmp x="1021" y="904" width="69" height="64" />
      </word>
      <word id="c06-087-01-05" tag="WRB" text="when">
        <cmp x="1114" y="923" width="43" height="46" />
        <cmp x="1156" y="901" width="48" height="63" />
        <cmp x="1204" y="923" width="49" height="37" />
      </word>
      <word id="c06-087-01-06" tag="NPT" text="Mr.">
        <cmp x="1291" y="905" width="37" height="55" />
        <cmp x="1330" y="922" width="31" height="40" />
        <cmp x="1365" y="948" width="8" height="17" />
      </word>
      <word id="c06-087-01-07" tag="NP" text="Hudson">
        <cmp x="1411" y="909" width="32" height="53" />
        <cmp x="1445" y="908" width="114" height="54" />
        <cmp x="1563" y="920" width="37" height="37" />
      </word>
      <word id="c06-087-01-08" tag="RB" text="suddenly">
        <cmp x="1643" y="900" width="174" height="66" />
        <cmp x="1820" y="897" width="10" height="61" />
        <cmp x="1831" y="927" width="39" height="79" />
      </word>
      <word id="c06-087-01-09" tag="VBZ" text="breaks">
        <cmp x="1908" y="895" width="118" height="66" />
        <cmp x="2024" y="886" width="6" height="10" />
        <cmp x="2029" y="895" width="57" height="66" />
      </word>
      <upper-contour>
        <point x="339" y="789" />
        <point x="419" y="789" />
      </upper-contour>
      <lower-contour>
        <point x="339" y="1009" />
        <point x="2025" y="1009" />
      </lower-contour>
    </line>
    <line ass="-125" asx="0" asy="1048" character-width="999" dss="-125" dsx="0" dsy="1183" fd0="13311" fd1="2764" fd2="-997" filter-width="4" id="c06-087-02" lbs="-196" lbx="0" lby="1129" segmentation="ok" slant="90000" stroke-width="5719" threshold="174" text="with tradition and arrives there in July, when, just as" ubs="16" ubx="0" uby="1101">
      <word id="c06-087-02-00" tag="IN" text="with">
        <cmp x="332" y="1104" width="46" height="43" />
        <cmp x="368" y="1082" width="10" height="10" />
        <cmp x="378" y="1077" width="34" height="68" />
        <cmp x="399" y="1068" width="58" height="74" />
      </word>
      <word id="c06-087-02-01" tag="NN" text="tradition">
        <cmp x="482" y="1076" width="30" height="69" />
        <cmp x="513" y="1087" width="96" height="59" />
        <cmp x="593" y="1084" width="16" height="12" />
        <cmp x="610" y="1082" width="52" height="57" />
        <cmp x="645" y="1082" width="11" height="22" />
        <cmp x="664" y="1106" width="68" height="38" />
      </word>
      <word id="c06-087-02-02" tag="CC" text="and">
        <cmp x="771" y="1080" width="104" height="61" />
      </word>
      <word id="c06-087-02-03" tag="VBZ" text="arrives">
        <cmp x="921" y="1104" width="36" height="39" />
        <cmp x="960" y="1109" width="4" height="5" />
        <cmp x="961" y="1116" width="9" height="20" />
        <cmp x="964" y="1106" width="6" height="5" />
        <cmp x="972" y="1099" width="62" height="47" />
        <cmp x="1014" y="1070" width="17" height="21" />
        <cmp x="1041" y="1102" width="24" height="36" />
        <cmp x="1066" y="1096" width="54" height="46" />
        <cmp x="1102" y="1126" width="7" height="8" />
      </word>
      <word id="c06-087-02-04" tag="RN" text="there">
        <cmp x="1160" y="1064" width="98" height="80" />
        <cmp x="1248" y="1100" width="11" height="9" />
        <cmp x="1260" y="1099" width="48" height="36" />
      </word>
      <word id="c06-087-02-05" tag="IN" text="in">
        <cmp x="1330" y="1074" width="9" height="15" />
        <cmp x="1334" y="1103" width="9" height="31" />
        <cmp x="1349" y="1096" width="38" height="32" />
      </word>
      <word id="c06-087-02-06" tag="NR" text="July">
        <cmp x="1412" y="1067" width="39" height="67" />
        <cmp x="1455" y="1097" width="8" height="4" />
        <cmp x="1456" y="1102" width="30" height="31" />
        <cmp x="1480" y="1056" width="15" height="70" />
        <cmp x="1498" y="1099" width="35" height="83" />
      </word>
      <word id="c06-087-02-07" tag="," text=",">
        <cmp x="1553" y="1130" width="13" height="44" />
      </word>
      <word id="c06-087-02-08" tag="WRB" text="when">
        <cmp x="1594" y="1091" width="40" height="45" />
        <cmp x="1635" y="1064" width="94" height="77" />
      </word>
      <word id="c06-087-02-09" tag="," text=",">
        <cmp x="1737" y="1134" width="13" height="54" />
      </word>
      <word id="c06-087-02-10" tag="RB" text="just">
        <cmp x="1794" y="1060" width="17" height="29" />
        <cmp x="1802" y="1104" width="12" height="70" />
        <cmp x="1825" y="1053" width="87" height="91" />
      </word>
      <word id="c06-087-02-11" tag="QL" text="as">
        <cmp x="1955" y="1090" width="69" height="49" />
      </word>
      <upper-contour>
        <point x="339" y="1009" />
        <point x="2025" y="1009" />
      </upper-contour>
      <lower-contour>
        <point x="330" y="1190" />
        <point x="1979" y="1190" />
      </lower-contour>
    </line>
    <line ass="400" asx="0" asy="1246" character-width="999" dss="400" dsx="0" dsy="1376" fd0="13331" fd1="2475" fd2="-1261" filter-width="3" id="c06-087-03" lbs="442" lbx="0" lby="1326" segmentation="ok" slant="90000" stroke-width="5644" threshold="178" text="inevitably, the place is full of American teenagers on an" ubs="316" ubx="0" uby="1286">
      <word id="c06-087-03-00" tag="RB" text="inevitably">
        <cmp x="322" y="1264" width="8" height="12" />
        <cmp x="327" y="1283" width="11" height="36" />
        <cmp x="346" y="1279" width="89" height="47" />
        <cmp x="432" y="1255" width="14" height="15" />
        <cmp x="438" y="1290" width="14" height="29" />
        <cmp x="461" y="1256" width="84" height="68" />
        <cmp x="546" y="1251" width="15" height="63" />
        <cmp x="566" y="1291" width="34" height="69" />
      </word>
      <word id="c06-087-03-01" tag="," text=",">
        <cmp x="620" y="1307" width="12" height="43" />
      </word>
      <word id="c06-087-03-02" tag="ATI" text="the">
        <cmp x="667" y="1264" width="24" height="61" />
        <cmp x="691" y="1261" width="67" height="63" />
      </word>
      <word id="c06-087-03-03" tag="NN" text="place">
        <cmp x="795" y="1291" width="30" height="62" />
        <cmp x="826" y="1275" width="8" height="49" />
        <cmp x="836" y="1289" width="33" height="36" />
        <cmp x="869" y="1288" width="53" height="35" />
      </word>
      <word id="c06-087-03-04" tag="BEZ" text="is">
        <cmp x="952" y="1265" width="11" height="9" />
        <cmp x="961" y="1288" width="9" height="31" />
        <cmp x="972" y="1284" width="32" height="42" />
      </word>
      <word id="c06-087-03-05" tag="JJ" text="full">
        <cmp x="1032" y="1247" width="56" height="75" />
        <cmp x="1095" y="1256" width="13" height="49" />
        <cmp x="1107" y="1260" width="9" height="54" />
      </word>
      <word id="c06-087-03-06" tag="INO" text="of">
        <cmp x="1172" y="1238" width="67" height="102" />
        <cmp x="1233" y="1257" width="3" height="4" />
      </word>
      <word id="c06-087-03-07" tag="JNP" text="American">
        <cmp x="1254" y="1258" width="38" height="74" />
        <cmp x="1295" y="1308" width="7" height="11" />
        <cmp x="1298" y="1280" width="92" height="44" />
        <cmp x="1375" y="1260" width="6" height="8" />
        <cmp x="1393" y="1274" width="101" height="46" />
      </word>
      <word id="c06-087-03-08" tag="NNS" text="teenagers">
        <cmp x="1511" y="1251" width="35" height="60" />
        <cmp x="1542" y="1274" width="103" height="38" />
        <cmp x="1646" y="1275" width="133" height="91" />
      </word>
      <word id="c06-087-03-09" tag="IN" text="on">
        <cmp x="1813" y="1279" width="30" height="38" />
        <cmp x="1849" y="1275" width="38" height="39" />
      </word>
      <word id="c06-087-03-10" tag="AT" text="an">
        <cmp x="1910" y="1275" width="68" height="45" />
      </word>
      <upper-contour>
        <point x="330" y="1190" />
        <point x="1979" y="1190" />
      </upper-contour>
      <lower-contour>
        <point x="331" y="1368" />
        <point x="1979" y="1368" />
      </lower-contour>
    </line>
    <line ass="77" asx="0" asy="1417" character-width="999" dss="77" dsx="0" dsy="1530" fd0="12853" fd1="3187" fd2="-923" filter-width="4" id="c06-087-04" lbs="22" lbx="0" lby="1497" segmentation="ok" slant="90000" stroke-width="6038" threshold="173" text="escorted tour. Result: Mr. Hudson and lady love Lollo find" ubs="188" ubx="0" uby="1465">
      <word id="c06-087-04-00" tag="JJ" text="escorted">
        <cmp x="333" y="1455" width="118" height="42" />
        <cmp x="455" y="1459" width="16" height="34" />
        <cmp x="484" y="1421" width="88" height="76" />
      </word>
      <word id="c06-087-04-01" tag="NN" text="tour">
        <cmp x="601" y="1441" width="117" height="57" />
        <cmp x="706" y="1455" width="24" height="15" />
      </word>
      <word id="c06-087-04-02" tag="." text=".">
        <cmp x="748" y="1488" width="11" height="14" />
      </word>
      <word id="c06-087-04-03" sentence-start="yes" tag="NN" text="Result">
        <cmp x="797" y="1438" width="62" height="67" />
        <cmp x="857" y="1466" width="26" height="41" />
        <cmp x="886" y="1439" width="61" height="74" />
      </word>
      <word id="c06-087-04-04" tag=":" text=":">
        <cmp x="965" y="1465" width="11" height="10" />
        <cmp x="970" y="1487" width="7" height="9" />
      </word>
      <word id="c06-087-04-05" sentence-start="yes" tag="NPT" text="Mr.">
        <cmp x="1002" y="1444" width="41" height="55" />
        <cmp x="1047" y="1461" width="30" height="36" />
        <cmp x="1078" y="1491" width="9" height="14" />
      </word>
      <word id="c06-087-04-06" tag="NP" text="Hudson">
        <cmp x="1120" y="1446" width="156" height="60" />
        <cmp x="1283" y="1463" width="38" height="34" />
      </word>
      <word id="c06-087-04-07" tag="CC" text="and">
        <cmp x="1361" y="1439" width="110" height="62" />
      </word>
      <word id="c06-087-04-08" tag="NN" text="lady">
        <cmp x="1515" y="1429" width="12" height="60" />
        <cmp x="1533" y="1431" width="61" height="68" />
        <cmp x="1594" y="1466" width="15" height="16" />
        <cmp x="1599" y="1464" width="30" height="65" />
      </word>
      <word id="c06-087-04-09" tag="NN" text="love">
        <cmp x="1669" y="1430" width="10" height="64" />
        <cmp x="1679" y="1452" width="102" height="41" />
        <cmp x="1709" y="1457" width="4" height="4" />
      </word>
      <word id="c06-087-04-10" tag="NP" text="Lollo">
        <cmp x="1814" y="1429" width="91" height="63" />
        <cmp x="1907" y="1422" width="46" height="74" />
      </word>
      <word id="c06-087-04-11" tag="VB" text="find">
        <cmp x="2011" y="1416" width="37" height="93" />
        <cmp x="2045" y="1446" width="6" height="12" />
        <cmp x="2053" y="1429" width="62" height="69" />
      </word>
      <upper-contour>
        <point x="331" y="1368" />
        <point x="1979" y="1368" />
      </upper-contour>
      <lower-contour>
        <point x="331" y="1530" />
        <point x="2116" y="1530" />
      </lower-contour>
    </line>
    <line ass="439" asx="0" asy="1606" character-width="999" dss="439" dsx="0" dsy="1742" fd0="13254" fd1="2362" fd2="-1713" filter-width="4" id="c06-087-05" lbs="341" lbx="0" lby="1688" segmentation="ok" slant="90000" stroke-width="5894" threshold="173" text="themselves playing chaperon (Brenda de Banzie, the official" ubs="634" ubx="0" uby="1654">
      <word id="c06-087-05-00" tag="PPLS" text="themselves">
        <cmp x="321" y="1608" width="31" height="76" />
        <cmp x="350" y="1613" width="65" height="73" />
        <cmp x="412" y="1648" width="50" height="33" />
        <cmp x="466" y="1640" width="60" height="46" />
        <cmp x="531" y="1621" width="10" height="60" />
        <cmp x="542" y="1645" width="24" height="39" />
        <cmp x="568" y="1643" width="55" height="36" />
        <cmp x="608" y="1636" width="5" height="5" />
      </word>
      <word id="c06-087-05-01" tag="VBG" text="playing">
        <cmp x="651" y="1637" width="33" height="75" />
        <cmp x="686" y="1623" width="8" height="60" />
        <cmp x="696" y="1644" width="72" height="69" />
        <cmp x="774" y="1619" width="9" height="10" />
        <cmp x="780" y="1652" width="8" height="29" />
        <cmp x="796" y="1638" width="72" height="99" />
        <cmp x="837" y="1694" width="8" height="10" />
      </word>
      <word id="c06-087-05-02" tag="NN" text="chaperon">
        <cmp x="899" y="1643" width="36" height="40" />
        <cmp x="931" y="1625" width="39" height="60" />
        <cmp x="971" y="1648" width="165" height="73" />
        <cmp x="1133" y="1646" width="45" height="37" />
      </word>
      <word id="c06-087-05-03" tag="(" text="(">
        <cmp x="1217" y="1606" width="19" height="90" />
      </word>
      <word id="c06-087-05-04" tag="NP" text="Brenda">
        <cmp x="1243" y="1626" width="36" height="56" />
        <cmp x="1279" y="1646" width="43" height="38" />
        <cmp x="1323" y="1617" width="105" height="66" />
        <cmp x="1400" y="1647" width="13" height="12" />
      </word>
      <word id="c06-087-05-05" tag="&amp;FW" text="de">
        <cmp x="1454" y="1619" width="84" height="60" />
      </word>
      <word id="c06-087-05-06" tag="NP" text="Banzie">
        <cmp x="1563" y="1607" width="109" height="65" />
        <cmp x="1672" y="1622" width="51" height="51" />
        <cmp x="1724" y="1637" width="42" height="43" />
      </word>
      <word id="c06-087-05-07" tag="," text=",">
        <cmp x="1775" y="1672" width="11" height="46" />
      </word>
      <word id="c06-087-05-08" tag="ATI" text="the">
        <cmp x="1794" y="1599" width="28" height="80" />
        <cmp x="1824" y="1597" width="68" height="74" />
      </word>
      <word id="c06-087-05-09" tag="JJ" text="official">
        <cmp x="1907" y="1591" width="98" height="107" />
        <cmp x="1998" y="1607" width="6" height="15" />
        <cmp x="2006" y="1637" width="21" height="36" />
        <cmp x="2029" y="1629" width="23" height="41" />
        <cmp x="2043" y="1607" width="7" height="9" />
        <cmp x="2059" y="1602" width="64" height="84" />
      </word>
      <upper-contour>
        <point x="331" y="1530" />
        <point x="2116" y="1530" />
      </upper-contour>
      <lower-contour>
        <point x="319" y="1736" />
        <point x="2055" y="1736" />
      </lower-contour>
    </line>
    <line ass="431" asx="0" asy="1791" character-width="999" dss="431" dsx="0" dsy="1910" fd0="13063" fd1="2551" fd2="-862" filter-width="4" id="c06-087-06" lbs="561" lbx="0" lby="1868" segmentation="err" slant="90000" stroke-width="6026" threshold="173" text="one, has broken a leg) to the girls, who have just" ubs="171" ubx="0" uby="1825">
      <word id="c06-087-06-00" tag="CD1" text="one">
        <cmp x="321" y="1824" width="36" height="37" />
        <cmp x="362" y="1822" width="61" height="41" />
      </word>
      <word id="c06-087-06-01" tag="," text=",">
        <cmp x="442" y="1854" width="7" height="42" />
      </word>
      <word id="c06-087-06-02" tag="HVZ" text="has">
        <cmp x="490" y="1796" width="33" height="63" />
        <cmp x="524" y="1819" width="58" height="48" />
        <cmp x="590" y="1813" width="56" height="57" />
        <cmp x="618" y="1808" width="30" height="34" />
      </word>
      <word id="c06-087-06-03" tag="VBN" text="broken">
        <cmp x="677" y="1799" width="46" height="60" />
        <cmp x="725" y="1822" width="54" height="39" />
        <cmp x="779" y="1799" width="91" height="59" />
      </word>
      <word id="c06-087-06-04" tag="AT" text="a">
        <cmp x="915" y="1819" width="39" height="39" />
      </word>
      <word id="c06-087-06-05" tag="NN" text="leg">
        <cmp x="995" y="1804" width="85" height="100" />
        <cmp x="996" y="1797" width="6" height="7" />
      </word>
      <word id="c06-087-06-06" tag=")" text=")">
        <cmp x="1098" y="1783" width="18" height="85" />
      </word>
      <word id="c06-087-06-07" tag="IN" text="to">
        <cmp x="1170" y="1793" width="68" height="74" />
      </word>
      <word id="c06-087-06-08" tag="ATI" text="the">
        <cmp x="1256" y="1800" width="109" height="64" />
      </word>
      <word id="c06-087-06-09" tag="NNS" text="girls">
        <cmp x="1392" y="1827" width="38" height="74" />
        <cmp x="1434" y="1840" width="9" height="15" />
        <cmp x="1436" y="1799" width="4" height="15" />
        <cmp x="1437" y="1830" width="6" height="9" />
        <cmp x="1453" y="1832" width="11" height="30" />
        <cmp x="1456" y="1817" width="21" height="16" />
        <cmp x="1474" y="1791" width="52" height="78" />
      </word>
      <word id="c06-087-06-10" tag="," text=",">
        <cmp x="1546" y="1848" width="9" height="43" />
      </word>
      <word id="c06-087-06-11" tag="WP" text="who">
        <cmp x="1574" y="1822" width="43" height="32" />
        <cmp x="1622" y="1792" width="75" height="63" />
      </word>
      <word id="c06-087-06-12" tag="HV" text="have">
        <cmp x="1748" y="1788" width="75" height="61" />
        <cmp x="1817" y="1813" width="7" height="9" />
        <cmp x="1823" y="1812" width="66" height="38" />
      </word>
      <word id="c06-087-06-13" tag="RB" text="just">
        <cmp x="1941" y="1780" width="12" height="16" />
        <cmp x="1943" y="1806" width="78" height="69" />
        <cmp x="2023" y="1781" width="28" height="71" />
      </word>
      <upper-contour>
        <point x="319" y="1736" />
        <point x="2055" y="1736" />
      </upper-contour>
      <lower-contour>
        <point x="332" y="1905" />
        <point x="1716" y="1905" />
      </lower-contour>
    </line>
    <line ass="-10" asx="0" asy="1939" character-width="999" dss="-10" dsx="0" dsy="2077" fd0="12795" fd1="3125" fd2="-743" filter-width="4" id="c06-087-07" lbs="166" lbx="0" lby="2044" segmentation="err" slant="90000" stroke-width="6108" threshold="174" text="been joined by a Jeep-load of boys." ubs="-364" ubx="0" uby="1999">
      <word id="c06-087-07-00" tag="BEN" text="been">
        <cmp x="334" y="1976" width="133" height="68" />
      </word>
      <word id="c06-087-07-01" tag="VBN" text="joined">
        <cmp x="504" y="1971" width="17" height="19" />
        <cmp x="520" y="2007" width="46" height="66" />
        <cmp x="561" y="2006" width="16" height="34" />
        <cmp x="565" y="1975" width="6" height="12" />
        <cmp x="580" y="1974" width="106" height="76" />
      </word>
      <word id="c06-087-07-02" tag="IN" text="by">
        <cmp x="743" y="1978" width="41" height="62" />
      </word>
      <word id="c06-087-07-03" tag="AT" text="a">
        <cmp x="784" y="2005" width="49" height="75" />
      </word>
      <word id="c06-087-07-04" tag="NN" text="Jeep-load">
        <cmp x="872" y="2007" width="52" height="40" />
        <cmp x="1020" y="1973" width="26" height="87" />
        <cmp x="1044" y="2000" width="120" height="74" />
        <cmp x="1160" y="2007" width="43" height="11" />
        <cmp x="1215" y="1964" width="129" height="75" />
      </word>
      <word id="c06-087-07-05" tag="INO" text="of">
        <cmp x="1398" y="1940" width="73" height="137" />
      </word>
      <word id="c06-087-07-06" tag="NNS" text="boys">
        <cmp x="1528" y="1981" width="105" height="59" />
        <cmp x="1531" y="1974" width="6" height="5" />
        <cmp x="1610" y="1993" width="81" height="83" />
      </word>
      <word id="c06-087-07-07" tag="." text=".">
        <cmp x="1701" y="2022" width="14" height="12" />
      </word>
      <upper-contour>
        <point x="332" y="1905" />
        <point x="1716" y="1905" />
      </upper-contour>
    </line>
  </handwritten-part>
</form>

