<?xml version="1.0" encoding="ISO-8859-1"?>

<!DOCTYPE form SYSTEM 'http://www.iam.unibe.ch/~fki/iamdb/form-metadata.dtd'>

<form created="2002-01-16" height="3542" id="d01-123" last-modified="2002-07-17" skew="-30" status="final" version="3.0_beta" width="2479" writer-id="181">
  <machine-printed-part>
    <machine-print-line text="The verso of the roll was blank, and one cannot think of an author, Mark for example," />
    <machine-print-line text="sending out his Gospel lacking the ending, while one whole side of his roll was unused." />
    <machine-print-line text="The codex form was not so accommodating. Even in the case of the single-sheet quire," />
    <machine-print-line text="an extra sheet glued on might have to be gummed on over the binding, or the whole" />
    <machine-print-line text="codex rebound." />
  </machine-printed-part>
  <handwritten-part>
    <line ass="283" asx="0" asy="704" character-width="999" dss="283" dsx="0" dsy="801" fd0="14192" fd1="2259" fd2="-1122" filter-width="3" id="d01-123-00" lbs="305" lbx="0" lby="781" segmentation="ok" slant="77000" stroke-width="5463" threshold="191" text="The verso of the roll was blank, and one" ubs="238" ubx="0" uby="743">
      <word id="d01-123-00-00" sentence-start="yes" tag="ATI" text="The">
        <cmp x="443" y="710" width="43" height="6" />
        <cmp x="455" y="730" width="13" height="50" />
        <cmp x="466" y="706" width="100" height="78" />
      </word>
      <word id="d01-123-00-01" tag="NN" text="verso">
        <cmp x="612" y="739" width="148" height="43" />
        <cmp x="767" y="747" width="41" height="35" />
      </word>
      <word id="d01-123-00-02" tag="INO" text="of">
        <cmp x="869" y="699" width="84" height="99" />
      </word>
      <word id="d01-123-00-03" tag="ATI" text="the">
        <cmp x="988" y="704" width="93" height="71" />
      </word>
      <word id="d01-123-00-04" tag="NN" text="roll">
        <cmp x="1147" y="707" width="140" height="71" />
      </word>
      <word id="d01-123-00-05" tag="BEDZ" text="was">
        <cmp x="1332" y="734" width="61" height="42" />
        <cmp x="1392" y="737" width="76" height="43" />
      </word>
      <word id="d01-123-00-06" tag="JJ" text="blank">
        <cmp x="1511" y="697" width="96" height="82" />
        <cmp x="1597" y="699" width="127" height="75" />
      </word>
      <word id="d01-123-00-07" tag="," text=",">
        <cmp x="1735" y="764" width="10" height="26" />
      </word>
      <word id="d01-123-00-08" tag="CC" text="and">
        <cmp x="1803" y="733" width="94" height="45" />
        <cmp x="1905" y="736" width="31" height="36" />
        <cmp x="1941" y="698" width="17" height="66" />
      </word>
      <word id="d01-123-00-09" tag="CD1" text="one">
        <cmp x="2005" y="735" width="105" height="39" />
      </word>
      <lower-contour>
        <point x="441" y="798" />
        <point x="2111" y="798" />
      </lower-contour>
    </line>
    <line ass="-224" asx="0" asy="869" character-width="999" dss="-224" dsx="0" dsy="985" fd0="14133" fd1="2255" fd2="-1387" filter-width="3" id="d01-123-01" lbs="-123" lbx="0" lby="953" segmentation="ok" slant="77000" stroke-width="5356" threshold="189" text="cannot think of an author, Mark for example," ubs="-424" ubx="0" uby="912">
      <word id="d01-123-01-00" tag="MDX" text="cannot">
        <cmp x="437" y="914" width="31" height="41" />
        <cmp x="463" y="912" width="126" height="46" />
        <cmp x="594" y="920" width="38" height="37" />
        <cmp x="641" y="888" width="20" height="67" />
      </word>
      <word id="d01-123-01-01" tag="VB" text="think">
        <cmp x="697" y="881" width="81" height="74" />
        <cmp x="712" y="892" width="4" height="5" />
        <cmp x="782" y="894" width="3" height="4" />
        <cmp x="789" y="875" width="74" height="78" />
      </word>
      <word id="d01-123-01-02" tag="INO" text="of">
        <cmp x="924" y="875" width="78" height="105" />
      </word>
      <word id="d01-123-01-03" tag="AT" text="an">
        <cmp x="1052" y="909" width="96" height="43" />
      </word>
      <word id="d01-123-01-04" tag="NN" text="author">
        <cmp x="1191" y="907" width="95" height="47" />
        <cmp x="1293" y="875" width="54" height="77" />
        <cmp x="1344" y="915" width="83" height="37" />
      </word>
      <word id="d01-123-01-05" tag="," text=",">
        <cmp x="1416" y="945" width="13" height="30" />
      </word>
      <word id="d01-123-01-06" tag="NP" text="Mark">
        <cmp x="1489" y="888" width="64" height="78" />
        <cmp x="1539" y="877" width="112" height="85" />
      </word>
      <word id="d01-123-01-07" tag="IN" text="for">
        <cmp x="1685" y="878" width="97" height="100" />
      </word>
      <word id="d01-123-01-08" tag="NN" text="example">
        <cmp x="1817" y="908" width="49" height="43" />
        <cmp x="1862" y="913" width="41" height="43" />
        <cmp x="1917" y="885" width="201" height="109" />
      </word>
      <word id="d01-123-01-09" tag="," text=",">
        <cmp x="2134" y="946" width="14" height="38" />
      </word>
      <upper-contour>
        <point x="441" y="798" />
        <point x="2111" y="798" />
      </upper-contour>
      <lower-contour>
        <point x="442" y="994" />
        <point x="2093" y="994" />
      </lower-contour>
    </line>
    <line ass="309" asx="0" asy="1045" character-width="999" dss="309" dsx="0" dsy="1193" fd0="14028" fd1="2685" fd2="-1377" filter-width="3" id="d01-123-02" lbs="330" lbx="0" lby="1132" segmentation="ok" slant="79000" stroke-width="5330" threshold="189" text="sending out his Gospel lacking the ending," ubs="266" ubx="0" uby="1099">
      <word id="d01-123-02-00" tag="VBG" text="sending">
        <cmp x="444" y="1082" width="112" height="57" />
        <cmp x="560" y="1098" width="34" height="37" />
        <cmp x="595" y="1056" width="32" height="85" />
        <cmp x="631" y="1071" width="6" height="14" />
        <cmp x="642" y="1099" width="42" height="38" />
        <cmp x="685" y="1103" width="34" height="86" />
      </word>
      <word id="d01-123-02-01" tag="RP" text="out">
        <cmp x="782" y="1095" width="87" height="35" />
        <cmp x="878" y="1047" width="23" height="94" />
      </word>
      <word id="d01-123-02-02" tag="PP$" text="his">
        <cmp x="946" y="1131" width="6" height="4" />
        <cmp x="950" y="1049" width="112" height="85" />
        <cmp x="1032" y="1077" width="6" height="5" />
      </word>
      <word id="d01-123-02-03" tag="NN" text="Gospel">
        <cmp x="1108" y="1061" width="54" height="125" />
        <cmp x="1163" y="1088" width="35" height="34" />
        <cmp x="1197" y="1094" width="26" height="36" />
        <cmp x="1214" y="1088" width="44" height="75" />
        <cmp x="1254" y="1050" width="82" height="79" />
        <cmp x="1326" y="1049" width="7" height="6" />
      </word>
      <word id="d01-123-02-04" tag="VBG" text="lacking">
        <cmp x="1392" y="1056" width="51" height="86" />
        <cmp x="1430" y="1093" width="44" height="41" />
        <cmp x="1483" y="1095" width="34" height="38" />
        <cmp x="1519" y="1037" width="54" height="96" />
        <cmp x="1582" y="1069" width="4" height="10" />
        <cmp x="1586" y="1091" width="35" height="36" />
        <cmp x="1620" y="1096" width="37" height="86" />
      </word>
      <word id="d01-123-02-05" tag="ATI" text="the">
        <cmp x="1718" y="1045" width="75" height="88" />
      </word>
      <word id="d01-123-02-06" tag="NN" text="ending">
        <cmp x="1835" y="1086" width="84" height="43" />
        <cmp x="1927" y="1089" width="28" height="41" />
        <cmp x="1955" y="1056" width="21" height="74" />
        <cmp x="1973" y="1095" width="13" height="31" />
        <cmp x="1991" y="1070" width="4" height="5" />
        <cmp x="1994" y="1089" width="37" height="40" />
        <cmp x="2021" y="1098" width="42" height="85" />
      </word>
      <word id="d01-123-02-07" tag="," text=",">
        <cmp x="2081" y="1115" width="11" height="33" />
      </word>
      <upper-contour>
        <point x="442" y="994" />
        <point x="2093" y="994" />
      </upper-contour>
      <lower-contour>
        <point x="442" y="1189" />
        <point x="2093" y="1189" />
      </lower-contour>
    </line>
    <line ass="117" asx="0" asy="1222" character-width="999" dss="117" dsx="0" dsy="1347" fd0="14568" fd1="2256" fd2="-1360" filter-width="3" id="d01-123-03" lbs="195" lbx="0" lby="1316" segmentation="ok" slant="78000" stroke-width="5517" threshold="190" text="while one whole side of his roll was unused." ubs="-38" ubx="0" uby="1276">
      <word id="d01-123-03-00" tag="CS" text="while">
        <cmp x="430" y="1222" width="196" height="95" />
        <cmp x="573" y="1238" width="8" height="12" />
      </word>
      <word id="d01-123-03-01" tag="CD1" text="one">
        <cmp x="676" y="1274" width="98" height="39" />
      </word>
      <word id="d01-123-03-02" tag="JJ" text="whole">
        <cmp x="822" y="1222" width="125" height="93" />
        <cmp x="944" y="1231" width="77" height="81" />
      </word>
      <word id="d01-123-03-03" tag="NN" text="side">
        <cmp x="1082" y="1273" width="60" height="40" />
        <cmp x="1146" y="1243" width="72" height="75" />
        <cmp x="1156" y="1247" width="5" height="10" />
        <cmp x="1196" y="1236" width="6" height="6" />
      </word>
      <word id="d01-123-03-04" tag="INO" text="of">
        <cmp x="1283" y="1229" width="87" height="117" />
      </word>
      <word id="d01-123-03-05" tag="PP$" text="his">
        <cmp x="1407" y="1231" width="116" height="81" />
        <cmp x="1497" y="1253" width="3" height="3" />
      </word>
      <word id="d01-123-03-06" tag="NN" text="roll">
        <cmp x="1563" y="1279" width="54" height="40" />
        <cmp x="1619" y="1235" width="107" height="76" />
      </word>
      <word id="d01-123-03-07" tag="BEDZ" text="was">
        <cmp x="1753" y="1272" width="74" height="49" />
        <cmp x="1842" y="1273" width="65" height="47" />
      </word>
      <word id="d01-123-03-08" tag="JJ" text="unused">
        <cmp x="1936" y="1264" width="255" height="55" />
        <cmp x="2190" y="1266" width="33" height="42" />
        <cmp x="2228" y="1225" width="29" height="79" />
      </word>
      <word id="d01-123-03-09" tag="." text=".">
        <cmp x="2263" y="1303" width="8" height="10" />
      </word>
      <upper-contour>
        <point x="442" y="1189" />
        <point x="2093" y="1189" />
      </upper-contour>
      <lower-contour>
        <point x="436" y="1346" />
        <point x="2272" y="1346" />
      </lower-contour>
    </line>
    <line ass="-269" asx="0" asy="1400" character-width="999" dss="-269" dsx="0" dsy="1532" fd0="13390" fd1="2603" fd2="-1312" filter-width="4" id="d01-123-04" lbs="-232" lbx="0" lby="1484" segmentation="ok" slant="75000" stroke-width="6800" threshold="161" text="The codex form was not so accommodating. Even" ubs="-345" ubx="0" uby="1444">
      <word id="d01-123-04-00" sentence-start="yes" tag="ATI" text="The">
        <cmp x="438" y="1411" width="53" height="7" />
        <cmp x="456" y="1435" width="14" height="47" />
        <cmp x="460" y="1419" width="90" height="72" />
        <cmp x="467" y="1427" width="5" height="5" />
        <cmp x="508" y="1411" width="8" height="4" />
      </word>
      <word id="d01-123-04-01" tag="NN" text="codex">
        <cmp x="610" y="1450" width="38" height="43" />
        <cmp x="651" y="1456" width="38" height="39" />
        <cmp x="698" y="1456" width="29" height="36" />
        <cmp x="731" y="1425" width="85" height="72" />
      </word>
      <word id="d01-123-04-02" tag="NN" text="form">
        <cmp x="862" y="1405" width="52" height="107" />
        <cmp x="908" y="1446" width="128" height="49" />
      </word>
      <word id="d01-123-04-03" tag="BEDZ" text="was">
        <cmp x="1089" y="1441" width="62" height="51" />
        <cmp x="1152" y="1443" width="63" height="48" />
      </word>
      <word id="d01-123-04-04" tag="XNOT" text="not">
        <cmp x="1264" y="1455" width="89" height="38" />
        <cmp x="1359" y="1420" width="27" height="72" />
      </word>
      <word id="d01-123-04-05" tag="QL" text="so">
        <cmp x="1424" y="1453" width="37" height="46" />
        <cmp x="1460" y="1458" width="37" height="39" />
      </word>
      <word id="d01-123-04-06" tag="JJ" text="accommodating">
        <cmp x="1530" y="1449" width="52" height="43" />
        <cmp x="1585" y="1451" width="33" height="43" />
        <cmp x="1617" y="1455" width="31" height="41" />
        <cmp x="1651" y="1455" width="166" height="42" />
        <cmp x="1824" y="1453" width="38" height="38" />
        <cmp x="1860" y="1410" width="60" height="81" />
        <cmp x="1913" y="1453" width="49" height="37" />
        <cmp x="1962" y="1418" width="40" height="65" />
        <cmp x="2005" y="1422" width="6" height="8" />
        <cmp x="2007" y="1445" width="39" height="38" />
        <cmp x="2044" y="1453" width="42" height="89" />
      </word>
      <word id="d01-123-04-07" tag="." text=".">
        <cmp x="2093" y="1487" width="7" height="8" />
      </word>
      <word id="d01-123-04-08" sentence-start="yes" tag="RB" text="Even">
        <cmp x="2133" y="1417" width="157" height="73" />
      </word>
      <upper-contour>
        <point x="436" y="1346" />
        <point x="2272" y="1346" />
      </upper-contour>
      <lower-contour>
        <point x="436" y="1542" />
        <point x="2215" y="1542" />
      </lower-contour>
    </line>
    <line ass="417" asx="0" asy="1600" character-width="999" dss="417" dsx="0" dsy="1728" fd0="12581" fd1="2239" fd2="-1008" filter-width="5" id="d01-123-05" lbs="464" lbx="0" lby="1682" segmentation="ok" slant="74000" stroke-width="7499" threshold="156" text="in the case of the single-sheet quire, an extra" ubs="322" ubx="0" uby="1641">
      <word id="d01-123-05-00" tag="IN" text="in">
        <cmp x="436" y="1640" width="81" height="43" />
        <cmp x="480" y="1611" width="7" height="7" />
      </word>
      <word id="d01-123-05-01" tag="ATI" text="the">
        <cmp x="568" y="1595" width="89" height="79" />
      </word>
      <word id="d01-123-05-02" tag="NN" text="case">
        <cmp x="719" y="1630" width="135" height="50" />
      </word>
      <word id="d01-123-05-03" tag="INO" text="of">
        <cmp x="914" y="1595" width="86" height="107" />
      </word>
      <word id="d01-123-05-04" tag="ATI" text="the">
        <cmp x="1030" y="1598" width="106" height="80" />
      </word>
      <word id="d01-123-05-05" tag="JJB" text="single-sheet">
        <cmp x="1198" y="1634" width="68" height="45" />
        <cmp x="1270" y="1613" width="6" height="7" />
        <cmp x="1273" y="1634" width="39" height="41" />
        <cmp x="1311" y="1610" width="72" height="110" />
        <cmp x="1402" y="1641" width="27" height="12" />
        <cmp x="1448" y="1594" width="139" height="87" />
        <cmp x="1594" y="1594" width="32" height="78" />
      </word>
      <word id="d01-123-05-06" tag="NN" text="quire">
        <cmp x="1670" y="1628" width="98" height="75" />
        <cmp x="1769" y="1631" width="51" height="41" />
        <cmp x="1770" y="1613" width="5" height="7" />
      </word>
      <word id="d01-123-05-07" tag="," text=",">
        <cmp x="1828" y="1653" width="18" height="41" />
      </word>
      <word id="d01-123-05-08" tag="AT" text="an">
        <cmp x="1889" y="1624" width="99" height="46" />
      </word>
      <word id="d01-123-05-09" tag="JJ" text="extra">
        <cmp x="2018" y="1623" width="104" height="47" />
        <cmp x="2117" y="1587" width="97" height="83" />
      </word>
      <upper-contour>
        <point x="436" y="1542" />
        <point x="2215" y="1542" />
      </upper-contour>
      <lower-contour>
        <point x="445" y="1720" />
        <point x="2215" y="1720" />
      </lower-contour>
    </line>
    <line ass="310" asx="0" asy="1771" character-width="999" dss="310" dsx="0" dsy="1906" fd0="12552" fd1="2017" fd2="-1100" filter-width="5" id="d01-123-06" lbs="339" lbx="0" lby="1854" segmentation="ok" slant="72000" stroke-width="7725" threshold="157" text="sheet glued on might have to be gummed on" ubs="252" ubx="0" uby="1815">
      <word id="d01-123-06-00" tag="NN" text="sheet">
        <cmp x="447" y="1768" width="124" height="86" />
        <cmp x="568" y="1770" width="24" height="77" />
      </word>
      <word id="d01-123-06-01" tag="VBN" text="glued">
        <cmp x="630" y="1780" width="159" height="108" />
      </word>
      <word id="d01-123-06-02" tag="RP" text="on">
        <cmp x="843" y="1822" width="41" height="40" />
        <cmp x="889" y="1817" width="48" height="40" />
      </word>
      <word id="d01-123-06-03" tag="MD" text="might">
        <cmp x="992" y="1819" width="129" height="42" />
        <cmp x="1118" y="1769" width="94" height="128" />
        <cmp x="1125" y="1797" width="6" height="7" />
        <cmp x="1213" y="1773" width="26" height="69" />
      </word>
      <word id="d01-123-06-04" tag="HV" text="have">
        <cmp x="1289" y="1772" width="63" height="81" />
        <cmp x="1358" y="1809" width="113" height="41" />
      </word>
      <word id="d01-123-06-05" tag="TO" text="to">
        <cmp x="1537" y="1771" width="82" height="75" />
      </word>
      <word id="d01-123-06-06" tag="BE" text="be">
        <cmp x="1670" y="1769" width="77" height="80" />
      </word>
      <word id="d01-123-06-07" tag="VBN" text="gummed">
        <cmp x="1796" y="1805" width="248" height="93" />
        <cmp x="2043" y="1767" width="57" height="69" />
      </word>
      <word id="d01-123-06-08" tag="RP" text="on">
        <cmp x="2122" y="1802" width="98" height="49" />
      </word>
      <upper-contour>
        <point x="445" y="1720" />
        <point x="2215" y="1720" />
      </upper-contour>
      <lower-contour>
        <point x="454" y="1898" />
        <point x="2221" y="1898" />
      </lower-contour>
    </line>
    <line ass="410" asx="0" asy="1956" character-width="999" dss="410" dsx="0" dsy="2091" fd0="12748" fd1="2287" fd2="-1267" filter-width="5" id="d01-123-07" lbs="426" lbx="0" lby="2032" segmentation="ok" slant="66999" stroke-width="7420" threshold="158" text="over the binding, or the whole codex rebound." ubs="376" ubx="0" uby="1994">
      <word id="d01-123-07-00" tag="IN" text="over">
        <cmp x="456" y="1987" width="151" height="46" />
      </word>
      <word id="d01-123-07-01" tag="ATI" text="the">
        <cmp x="672" y="1951" width="81" height="77" />
      </word>
      <word id="d01-123-07-02" tag="NN" text="binding">
        <cmp x="796" y="1959" width="79" height="80" />
        <cmp x="873" y="1970" width="6" height="7" />
        <cmp x="883" y="1992" width="33" height="38" />
        <cmp x="923" y="1958" width="61" height="70" />
        <cmp x="987" y="1970" width="6" height="12" />
        <cmp x="994" y="1994" width="36" height="38" />
        <cmp x="1016" y="2006" width="39" height="78" />
      </word>
      <word id="d01-123-07-03" tag="," text=",">
        <cmp x="1065" y="2021" width="13" height="30" />
      </word>
      <word id="d01-123-07-04" tag="CC" text="or">
        <cmp x="1133" y="1990" width="82" height="42" />
      </word>
      <word id="d01-123-07-05" tag="ATI" text="the">
        <cmp x="1266" y="1959" width="78" height="75" />
      </word>
      <word id="d01-123-07-06" tag="JJ" text="whole">
        <cmp x="1393" y="1946" width="113" height="91" />
        <cmp x="1509" y="1946" width="81" height="76" />
      </word>
      <word id="d01-123-07-07" tag="NN" text="codex">
        <cmp x="1642" y="1976" width="64" height="45" />
        <cmp x="1710" y="1947" width="123" height="74" />
      </word>
      <word id="d01-123-07-08" tag="VBN" text="rebound">
        <cmp x="1893" y="1948" width="124" height="83" />
        <cmp x="2018" y="1986" width="174" height="39" />
        <cmp x="2193" y="1945" width="29" height="63" />
      </word>
      <word id="d01-123-07-09" tag="." text=".">
        <cmp x="2214" y="2016" width="7" height="8" />
      </word>
      <upper-contour>
        <point x="454" y="1898" />
        <point x="2221" y="1898" />
      </upper-contour>
    </line>
  </handwritten-part>
</form>

