<?xml version="1.0" encoding="ISO-8859-1"?>

<!DOCTYPE form SYSTEM 'http://www.iam.unibe.ch/~fki/iamdb/form-metadata.dtd'>

<form created="2002-01-16" height="3542" id="d01-118" last-modified="2002-07-17" skew="63" status="final" version="3.0_beta" width="2479" writer-id="181">
  <machine-printed-part>
    <machine-print-line text="Against these advantages the codex was fragile and might be bulky. It is sometimes" />
    <machine-print-line text="possible to tell whether or not a particular text was written on a roll or a codex. Rolls" />
    <machine-print-line text="were prepared for writing, but any papyrus left unused at the end could be cut off." />
    <machine-print-line text="If the text was longer than the roll, a sheet could easily be glued on." />
  </machine-printed-part>
  <handwritten-part>
    <line ass="-75" asx="0" asy="695" character-width="999" dss="-75" dsx="0" dsy="828" fd0="13162" fd1="2133" fd2="-1766" filter-width="5" id="d01-118-00" lbs="-31" lbx="0" lby="777" segmentation="ok" slant="68000" stroke-width="7428" threshold="156" text="Against these advantages the codex was fragile and" ubs="-163" ubx="0" uby="735">
      <word id="d01-118-00-00" sentence-start="yes" tag="IN" text="Against">
        <cmp x="413" y="711" width="60" height="62" />
        <cmp x="475" y="736" width="34" height="77" />
        <cmp x="510" y="740" width="132" height="45" />
        <cmp x="570" y="721" width="6" height="7" />
        <cmp x="651" y="714" width="19" height="69" />
      </word>
      <word id="d01-118-00-01" tag="DTS" text="these">
        <cmp x="741" y="698" width="161" height="84" />
      </word>
      <word id="d01-118-00-02" tag="NNS" text="advantages">
        <cmp x="970" y="739" width="49" height="40" />
        <cmp x="1018" y="701" width="145" height="77" />
        <cmp x="1177" y="711" width="57" height="67" />
        <cmp x="1226" y="740" width="94" height="91" />
      </word>
      <word id="d01-118-00-03" tag="ATI" text="the">
        <cmp x="1372" y="698" width="107" height="81" />
      </word>
      <word id="d01-118-00-04" tag="NN" text="codex">
        <cmp x="1522" y="739" width="39" height="43" />
        <cmp x="1555" y="704" width="161" height="80" />
      </word>
      <word id="d01-118-00-05" tag="BEDZ" text="was">
        <cmp x="1740" y="732" width="75" height="51" />
        <cmp x="1811" y="738" width="62" height="41" />
      </word>
      <word id="d01-118-00-06" tag="JJ" text="fragile">
        <cmp x="1915" y="698" width="68" height="106" />
        <cmp x="1981" y="742" width="35" height="35" />
        <cmp x="1997" y="703" width="133" height="127" />
        <cmp x="2074" y="725" width="6" height="6" />
      </word>
      <word id="d01-118-00-07" tag="CC" text="and">
        <cmp x="2176" y="737" width="124" height="45" />
        <cmp x="2300" y="704" width="33" height="73" />
      </word>
      <lower-contour>
        <point x="411" y="831" />
        <point x="2257" y="831" />
      </lower-contour>
    </line>
    <line ass="532" asx="0" asy="880" character-width="999" dss="532" dsx="0" dsy="1027" fd0="12847" fd1="2011" fd2="-1632" filter-width="5" id="d01-118-01" lbs="745" lbx="0" lby="975" segmentation="ok" slant="71000" stroke-width="7665" threshold="157" text="might be bulky. It is sometimes possible to tell" ubs="106" ubx="0" uby="918">
      <word id="d01-118-01-00" tag="MD" text="might">
        <cmp x="400" y="882" width="193" height="123" />
        <cmp x="514" y="898" width="7" height="9" />
        <cmp x="596" y="886" width="25" height="74" />
      </word>
      <word id="d01-118-01-01" tag="BE" text="be">
        <cmp x="699" y="882" width="75" height="84" />
      </word>
      <word id="d01-118-01-02" tag="JJ" text="bulky">
        <cmp x="845" y="871" width="218" height="148" />
      </word>
      <word id="d01-118-01-03" tag="." text=".">
        <cmp x="1082" y="957" width="7" height="8" />
      </word>
      <word id="d01-118-01-04" sentence-start="yes" tag="PP3" text="It">
        <cmp x="1150" y="883" width="48" height="75" />
        <cmp x="1191" y="891" width="24" height="68" />
      </word>
      <word id="d01-118-01-05" tag="BEZ" text="is">
        <cmp x="1237" y="919" width="71" height="47" />
        <cmp x="1282" y="895" width="7" height="7" />
      </word>
      <word id="d01-118-01-06" tag="RB" text="sometimes">
        <cmp x="1358" y="880" width="207" height="85" />
        <cmp x="1564" y="916" width="118" height="48" />
        <cmp x="1568" y="891" width="5" height="8" />
      </word>
      <word id="d01-118-01-07" tag="JJ" text="possible">
        <cmp x="1708" y="917" width="67" height="77" />
        <cmp x="1761" y="878" width="245" height="88" />
        <cmp x="1916" y="896" width="5" height="7" />
      </word>
      <word id="d01-118-01-08" tag="TO" text="to">
        <cmp x="2042" y="871" width="59" height="80" />
        <cmp x="2089" y="910" width="36" height="33" />
      </word>
      <word id="d01-118-01-09" tag="VB" text="tell">
        <cmp x="2153" y="882" width="103" height="73" />
      </word>
      <upper-contour>
        <point x="411" y="831" />
        <point x="2257" y="831" />
      </upper-contour>
      <lower-contour>
        <point x="401" y="1019" />
        <point x="2223" y="1019" />
      </lower-contour>
    </line>
    <line ass="149" asx="0" asy="1057" character-width="999" dss="149" dsx="0" dsy="1186" fd0="12024" fd1="2012" fd2="-1324" filter-width="5" id="d01-118-02" lbs="187" lbx="0" lby="1142" segmentation="ok" slant="70000" stroke-width="7656" threshold="156" text="whether or not a particular text was written on" ubs="74" ubx="0" uby="1103">
      <word id="d01-118-02-00" tag="CS" text="whether">
        <cmp x="403" y="1056" width="254" height="93" />
      </word>
      <word id="d01-118-02-01" tag="CC" text="or">
        <cmp x="717" y="1097" width="86" height="42" />
      </word>
      <word id="d01-118-02-02" tag="XNOT" text="not">
        <cmp x="835" y="1097" width="102" height="44" />
        <cmp x="940" y="1060" width="27" height="82" />
      </word>
      <word id="d01-118-02-03" tag="AT" text="a">
        <cmp x="1020" y="1099" width="48" height="42" />
      </word>
      <word id="d01-118-02-04" tag="JJ" text="particular">
        <cmp x="1124" y="1103" width="61" height="82" />
        <cmp x="1185" y="1103" width="86" height="37" />
        <cmp x="1266" y="1069" width="46" height="73" />
        <cmp x="1308" y="1081" width="6" height="10" />
        <cmp x="1315" y="1056" width="177" height="87" />
      </word>
      <word id="d01-118-02-05" tag="NN" text="text">
        <cmp x="1536" y="1064" width="135" height="78" />
      </word>
      <word id="d01-118-02-06" tag="BEDZ" text="was">
        <cmp x="1703" y="1098" width="63" height="45" />
        <cmp x="1765" y="1102" width="72" height="42" />
      </word>
      <word id="d01-118-02-07" tag="VBN" text="written">
        <cmp x="1869" y="1098" width="123" height="42" />
        <cmp x="1993" y="1063" width="122" height="79" />
        <cmp x="1994" y="1073" width="6" height="7" />
      </word>
      <word id="d01-118-02-08" tag="IN" text="on">
        <cmp x="2144" y="1094" width="77" height="47" />
      </word>
      <upper-contour>
        <point x="401" y="1019" />
        <point x="2223" y="1019" />
      </upper-contour>
      <lower-contour>
        <point x="415" y="1186" />
        <point x="2059" y="1186" />
      </lower-contour>
    </line>
    <line ass="116" asx="0" asy="1242" character-width="999" dss="116" dsx="0" dsy="1361" fd0="12119" fd1="1895" fd2="-1154" filter-width="5" id="d01-118-03" lbs="246" lbx="0" lby="1318" segmentation="ok" slant="68000" stroke-width="7702" threshold="157" text="a roll or a codex. Rolls were prepared for" ubs="-143" ubx="0" uby="1273">
      <word id="d01-118-03-00" tag="AT" text="a">
        <cmp x="417" y="1273" width="46" height="44" />
      </word>
      <word id="d01-118-03-01" tag="NN" text="roll">
        <cmp x="511" y="1240" width="148" height="77" />
      </word>
      <word id="d01-118-03-02" tag="CC" text="or">
        <cmp x="692" y="1281" width="73" height="40" />
      </word>
      <word id="d01-118-03-03" tag="AT" text="a">
        <cmp x="817" y="1274" width="51" height="39" />
      </word>
      <word id="d01-118-03-04" tag="NN" text="codex">
        <cmp x="898" y="1277" width="38" height="43" />
        <cmp x="933" y="1240" width="152" height="78" />
      </word>
      <word id="d01-118-03-05" tag="." text=".">
        <cmp x="1090" y="1307" width="9" height="9" />
      </word>
      <word id="d01-118-03-06" sentence-start="yes" tag="NNS" text="Rolls">
        <cmp x="1154" y="1240" width="60" height="74" />
        <cmp x="1212" y="1240" width="117" height="75" />
      </word>
      <word id="d01-118-03-07" tag="BED" text="were">
        <cmp x="1376" y="1273" width="147" height="45" />
      </word>
      <word id="d01-118-03-08" tag="VBN" text="prepared">
        <cmp x="1578" y="1276" width="66" height="82" />
        <cmp x="1646" y="1271" width="53" height="44" />
        <cmp x="1682" y="1273" width="144" height="79" />
        <cmp x="1828" y="1247" width="50" height="70" />
      </word>
      <word id="d01-118-03-09" tag="IN" text="for">
        <cmp x="1937" y="1240" width="121" height="106" />
      </word>
      <upper-contour>
        <point x="415" y="1186" />
        <point x="2059" y="1186" />
      </upper-contour>
      <lower-contour>
        <point x="415" y="1359" />
        <point x="2059" y="1359" />
      </lower-contour>
    </line>
    <line ass="-15" asx="0" asy="1404" character-width="999" dss="-15" dsx="0" dsy="1555" fd0="11725" fd1="1952" fd2="-1120" filter-width="5" id="d01-118-04" lbs="32" lbx="0" lby="1497" segmentation="ok" slant="71000" stroke-width="7775" threshold="154" text="writing, but any papyrus left unused at the" ubs="-111" ubx="0" uby="1453">
      <word id="d01-118-04-00" tag="NN" text="writing">
        <cmp x="397" y="1449" width="132" height="47" />
        <cmp x="525" y="1432" width="6" height="6" />
        <cmp x="534" y="1408" width="45" height="84" />
        <cmp x="576" y="1422" width="7" height="13" />
        <cmp x="584" y="1451" width="38" height="39" />
        <cmp x="614" y="1459" width="40" height="86" />
      </word>
      <word id="d01-118-04-01" tag="," text=",">
        <cmp x="680" y="1481" width="13" height="30" />
      </word>
      <word id="d01-118-04-02" tag="CC" text="but">
        <cmp x="750" y="1409" width="48" height="81" />
        <cmp x="803" y="1449" width="52" height="38" />
        <cmp x="865" y="1414" width="21" height="67" />
      </word>
      <word id="d01-118-04-03" tag="DTI" text="any">
        <cmp x="927" y="1455" width="140" height="96" />
      </word>
      <word id="d01-118-04-04" tag="NN" text="papyrus">
        <cmp x="1150" y="1457" width="57" height="70" />
        <cmp x="1214" y="1457" width="243" height="100" />
      </word>
      <word id="d01-118-04-05" tag="VBN" text="left">
        <cmp x="1525" y="1419" width="132" height="109" />
      </word>
      <word id="d01-118-04-06" tag="JJ" text="unused">
        <cmp x="1702" y="1421" width="260" height="78" />
      </word>
      <word id="d01-118-04-07" tag="IN" text="at">
        <cmp x="2001" y="1450" width="56" height="39" />
        <cmp x="2061" y="1406" width="32" height="75" />
      </word>
      <word id="d01-118-04-08" tag="ATI" text="the">
        <cmp x="2117" y="1406" width="82" height="82" />
      </word>
      <upper-contour>
        <point x="415" y="1359" />
        <point x="2059" y="1359" />
      </upper-contour>
      <lower-contour>
        <point x="409" y="1557" />
        <point x="2201" y="1557" />
      </lower-contour>
    </line>
    <line ass="39" asx="0" asy="1588" character-width="999" dss="39" dsx="0" dsy="1713" fd0="12895" fd1="2173" fd2="-1287" filter-width="5" id="d01-118-05" lbs="160" lbx="0" lby="1671" segmentation="ok" slant="71000" stroke-width="7465" threshold="154" text="end could be cut off. If the text was longer than" ubs="-202" ubx="0" uby="1630">
      <word id="d01-118-05-00" tag="NN" text="end">
        <cmp x="411" y="1596" width="149" height="82" />
      </word>
      <word id="d01-118-05-01" tag="MD" text="could">
        <cmp x="606" y="1589" width="196" height="84" />
      </word>
      <word id="d01-118-05-02" tag="BE" text="be">
        <cmp x="829" y="1599" width="91" height="80" />
      </word>
      <word id="d01-118-05-03" tag="VBN" text="cut">
        <cmp x="964" y="1631" width="37" height="41" />
        <cmp x="999" y="1634" width="52" height="36" />
        <cmp x="1053" y="1589" width="32" height="78" />
      </word>
      <word id="d01-118-05-04" tag="RP" text="off">
        <cmp x="1130" y="1597" width="106" height="109" />
      </word>
      <word id="d01-118-05-05" tag="." text=".">
        <cmp x="1221" y="1668" width="6" height="7" />
      </word>
      <word id="d01-118-05-06" sentence-start="yes" tag="CS" text="If">
        <cmp x="1297" y="1599" width="86" height="103" />
      </word>
      <word id="d01-118-05-07" tag="ATI" text="the">
        <cmp x="1401" y="1599" width="82" height="75" />
      </word>
      <word id="d01-118-05-08" tag="NN" text="text">
        <cmp x="1527" y="1600" width="108" height="70" />
        <cmp x="1625" y="1588" width="36" height="91" />
      </word>
      <word id="d01-118-05-09" tag="BEDZ" text="was">
        <cmp x="1687" y="1630" width="67" height="51" />
        <cmp x="1758" y="1633" width="62" height="47" />
      </word>
      <word id="d01-118-05-10" tag="JJR" text="longer">
        <cmp x="1863" y="1592" width="119" height="82" />
        <cmp x="1973" y="1638" width="106" height="75" />
      </word>
      <word id="d01-118-05-11" tag="IN" text="than">
        <cmp x="2107" y="1596" width="173" height="78" />
      </word>
      <upper-contour>
        <point x="409" y="1557" />
        <point x="2201" y="1557" />
      </upper-contour>
      <lower-contour>
        <point x="429" y="1713" />
        <point x="2062" y="1713" />
      </lower-contour>
    </line>
    <line ass="-1" asx="0" asy="1763" character-width="999" dss="-1" dsx="0" dsy="1908" fd0="12815" fd1="2174" fd2="-1049" filter-width="5" id="d01-118-06" lbs="153" lbx="0" lby="1851" segmentation="ok" slant="65000" stroke-width="7574" threshold="157" text="the roll, a sheet could easily be glued on." ubs="-311" ubx="0" uby="1801">
      <word id="d01-118-06-00" tag="ATI" text="the">
        <cmp x="431" y="1779" width="78" height="74" />
      </word>
      <word id="d01-118-06-01" tag="NN" text="roll">
        <cmp x="556" y="1790" width="144" height="67" />
      </word>
      <word id="d01-118-06-02" tag="," text=",">
        <cmp x="718" y="1851" width="11" height="24" />
      </word>
      <word id="d01-118-06-03" tag="AT" text="a">
        <cmp x="794" y="1809" width="46" height="41" />
      </word>
      <word id="d01-118-06-04" tag="NN" text="sheet">
        <cmp x="904" y="1764" width="161" height="93" />
      </word>
      <word id="d01-118-06-05" tag="MD" text="could">
        <cmp x="1116" y="1817" width="36" height="41" />
        <cmp x="1154" y="1769" width="171" height="85" />
      </word>
      <word id="d01-118-06-06" tag="RB" text="easily">
        <cmp x="1369" y="1772" width="207" height="136" />
        <cmp x="1504" y="1792" width="7" height="10" />
      </word>
      <word id="d01-118-06-07" tag="BE" text="be">
        <cmp x="1620" y="1774" width="75" height="75" />
      </word>
      <word id="d01-118-06-08" tag="VBN" text="glued">
        <cmp x="1727" y="1776" width="150" height="134" />
        <cmp x="1881" y="1815" width="28" height="34" />
        <cmp x="1910" y="1780" width="23" height="66" />
      </word>
      <word id="d01-118-06-09" tag="RP" text="on">
        <cmp x="1951" y="1819" width="88" height="37" />
      </word>
      <word id="d01-118-06-10" tag="." text=".">
        <cmp x="2056" y="1850" width="6" height="6" />
      </word>
      <upper-contour>
        <point x="429" y="1713" />
        <point x="2062" y="1713" />
      </upper-contour>
    </line>
  </handwritten-part>
</form>

