<?xml version="1.0" encoding="ISO-8859-1"?>

<!DOCTYPE form SYSTEM 'http://www.iam.unibe.ch/~fki/iamdb/form-metadata.dtd'>

<form created="2002-01-16" height="3542" id="d01-049" last-modified="2002-07-17" skew="159" status="final" version="3.0_beta" width="2479" writer-id="177">
  <machine-printed-part>
    <machine-print-line text="The one real weakness of the Commentator&apos;s case is that, in common with all his" />
    <machine-print-line text="colleagues, he has not, until now, been able to exhibit exactly how this enlargement" />
    <machine-print-line text="was effected nor has he been able to explain the textual movements by showing that" />
    <machine-print-line text="such changes are part of a simple and coherent plan. To understand how this is" />
    <machine-print-line text="possible it is necessary to examine the text of the Gospel." />
  </machine-printed-part>
  <handwritten-part>
    <line ass="-337" asx="0" asy="877" character-width="999" dss="-337" dsx="0" dsy="995" fd0="13642" fd1="2576" fd2="-880" filter-width="4" id="d01-049-00" lbs="-304" lbx="0" lby="961" segmentation="err" slant="73000" stroke-width="6580" threshold="172" text="The one real weakness of the Commentator&apos;s" ubs="-403" ubx="0" uby="923">
      <word id="d01-049-00-00" sentence-start="yes" tag="ATI" text="The">
        <cmp x="355" y="901" width="117" height="70" />
      </word>
      <word id="d01-049-00-01" tag="CD1" text="one">
        <cmp x="505" y="925" width="49" height="38" />
        <cmp x="555" y="926" width="29" height="39" />
        <cmp x="584" y="926" width="42" height="35" />
      </word>
      <word id="d01-049-00-02" tag="JJ" text="real">
        <cmp x="666" y="923" width="100" height="41" />
        <cmp x="778" y="893" width="35" height="69" />
      </word>
      <word id="d01-049-00-03" tag="NN" text="weakness">
        <cmp x="863" y="928" width="87" height="41" />
        <cmp x="952" y="929" width="35" height="38" />
        <cmp x="995" y="891" width="38" height="79" />
        <cmp x="1029" y="931" width="60" height="39" />
        <cmp x="1086" y="930" width="69" height="44" />
      </word>
      <word id="d01-049-00-04" tag="INO" text="of">
        <cmp x="1197" y="939" width="34" height="33" />
        <cmp x="1232" y="900" width="40" height="103" />
      </word>
      <word id="d01-049-00-05" tag="ATI" text="the">
        <cmp x="1313" y="897" width="35" height="79" />
        <cmp x="1342" y="892" width="67" height="84" />
      </word>
      <word id="d01-049-00-06" tag="NN$" text="Commentator&apos;s">
        <cmp x="1453" y="892" width="65" height="74" />
        <cmp x="1520" y="931" width="49" height="33" />
        <cmp x="1568" y="934" width="47" height="32" />
        <cmp x="1617" y="928" width="81" height="39" />
        <cmp x="1699" y="898" width="49" height="73" />
        <cmp x="1747" y="894" width="58" height="77" />
        <cmp x="1812" y="940" width="54" height="29" />
        <cmp x="1899" y="932" width="49" height="46" />
        <cmp x="1907" y="891" width="18" height="32" />
      </word>
      <lower-contour>
        <point x="353" y="1003" />
        <point x="1949" y="1003" />
      </lower-contour>
    </line>
    <line ass="-131" asx="0" asy="1071" character-width="999" dss="-131" dsx="0" dsy="1182" fd0="14199" fd1="3043" fd2="-995" filter-width="4" id="d01-049-01" lbs="-156" lbx="0" lby="1152" segmentation="ok" slant="72000" stroke-width="6370" threshold="172" text="case is that, in common with all his colleagues," ubs="-82" ubx="0" uby="1116">
      <word id="d01-049-01-00" tag="NN" text="case">
        <cmp x="353" y="1109" width="82" height="44" />
        <cmp x="385" y="1122" width="4" height="4" />
        <cmp x="431" y="1110" width="38" height="51" />
        <cmp x="470" y="1119" width="41" height="37" />
      </word>
      <word id="d01-049-01-01" tag="BEZ" text="is">
        <cmp x="543" y="1123" width="11" height="34" />
        <cmp x="550" y="1089" width="9" height="13" />
        <cmp x="553" y="1113" width="33" height="44" />
      </word>
      <word id="d01-049-01-02" tag="DT" text="that">
        <cmp x="618" y="1082" width="59" height="73" />
        <cmp x="680" y="1119" width="38" height="39" />
        <cmp x="730" y="1075" width="31" height="80" />
      </word>
      <word id="d01-049-01-03" tag="," text=",">
        <cmp x="770" y="1147" width="22" height="38" />
      </word>
      <word id="d01-049-01-04" tag="RB21" text="in">
        <cmp x="839" y="1122" width="11" height="31" />
        <cmp x="849" y="1091" width="7" height="12" />
        <cmp x="853" y="1122" width="28" height="33" />
      </word>
      <word id="d01-049-01-05" tag="RB22" text="common">
        <cmp x="929" y="1113" width="70" height="39" />
        <cmp x="997" y="1122" width="46" height="33" />
        <cmp x="1042" y="1117" width="49" height="40" />
        <cmp x="1090" y="1118" width="30" height="34" />
        <cmp x="1114" y="1119" width="35" height="38" />
      </word>
      <word id="d01-049-01-06" tag="IN" text="with">
        <cmp x="1193" y="1123" width="58" height="34" />
        <cmp x="1257" y="1123" width="11" height="31" />
        <cmp x="1265" y="1092" width="6" height="15" />
        <cmp x="1273" y="1093" width="26" height="64" />
        <cmp x="1295" y="1075" width="32" height="81" />
      </word>
      <word id="d01-049-01-07" tag="ABN" text="all">
        <cmp x="1377" y="1116" width="39" height="41" />
        <cmp x="1421" y="1087" width="22" height="68" />
        <cmp x="1441" y="1083" width="37" height="68" />
      </word>
      <word id="d01-049-01-08" tag="PP$" text="his">
        <cmp x="1527" y="1088" width="45" height="66" />
        <cmp x="1576" y="1115" width="31" height="37" />
        <cmp x="1577" y="1087" width="8" height="17" />
      </word>
      <word id="d01-049-01-09" tag="NNS" text="colleagues">
        <cmp x="1642" y="1086" width="87" height="65" />
        <cmp x="1718" y="1083" width="41" height="69" />
        <cmp x="1761" y="1109" width="41" height="45" />
        <cmp x="1798" y="1110" width="43" height="73" />
        <cmp x="1839" y="1111" width="37" height="44" />
        <cmp x="1877" y="1117" width="30" height="36" />
        <cmp x="1903" y="1113" width="48" height="46" />
      </word>
      <word id="d01-049-01-10" tag="," text=",">
        <cmp x="1962" y="1126" width="30" height="50" />
      </word>
      <upper-contour>
        <point x="353" y="1003" />
        <point x="1949" y="1003" />
      </upper-contour>
      <lower-contour>
        <point x="355" y="1184" />
        <point x="1993" y="1184" />
      </lower-contour>
    </line>
    <line ass="245" asx="0" asy="1253" character-width="999" dss="245" dsx="0" dsy="1365" fd0="14164" fd1="2961" fd2="-1076" filter-width="4" id="d01-049-02" lbs="226" lbx="0" lby="1337" segmentation="ok" slant="71000" stroke-width="6497" threshold="172" text="he has not, until now, been able to exhibit exactly" ubs="283" ubx="0" uby="1299">
      <word id="d01-049-02-00" tag="PP3A" text="he">
        <cmp x="357" y="1267" width="19" height="67" />
        <cmp x="386" y="1294" width="35" height="39" />
      </word>
      <word id="d01-049-02-01" tag="HVZ" text="has">
        <cmp x="463" y="1263" width="33" height="74" />
        <cmp x="496" y="1294" width="41" height="36" />
        <cmp x="531" y="1296" width="31" height="38" />
      </word>
      <word id="d01-049-02-02" tag="XNOT" text="not">
        <cmp x="610" y="1298" width="33" height="43" />
        <cmp x="640" y="1301" width="38" height="36" />
        <cmp x="680" y="1265" width="25" height="75" />
      </word>
      <word id="d01-049-02-03" tag="," text=",">
        <cmp x="715" y="1314" width="21" height="44" />
      </word>
      <word id="d01-049-02-04" tag="IN" text="until">
        <cmp x="782" y="1297" width="43" height="39" />
        <cmp x="827" y="1299" width="33" height="35" />
        <cmp x="859" y="1262" width="33" height="71" />
        <cmp x="892" y="1269" width="32" height="72" />
        <cmp x="896" y="1266" width="8" height="21" />
      </word>
      <word id="d01-049-02-05" tag="RN" text="now">
        <cmp x="956" y="1300" width="32" height="40" />
        <cmp x="993" y="1298" width="29" height="36" />
        <cmp x="1021" y="1291" width="60" height="46" />
      </word>
      <word id="d01-049-02-06" tag="," text=",">
        <cmp x="1090" y="1320" width="18" height="34" />
      </word>
      <word id="d01-049-02-07" tag="BEN" text="been">
        <cmp x="1147" y="1255" width="119" height="75" />
      </word>
      <word id="d01-049-02-08" tag="JJ" text="able">
        <cmp x="1294" y="1288" width="45" height="41" />
        <cmp x="1343" y="1252" width="82" height="78" />
      </word>
      <word id="d01-049-02-09" tag="TO" text="to">
        <cmp x="1462" y="1257" width="48" height="73" />
      </word>
      <word id="d01-049-02-10" tag="VB" text="exhibit">
        <cmp x="1538" y="1282" width="67" height="51" />
        <cmp x="1607" y="1248" width="37" height="79" />
        <cmp x="1650" y="1297" width="19" height="34" />
        <cmp x="1670" y="1252" width="7" height="19" />
        <cmp x="1680" y="1252" width="32" height="81" />
        <cmp x="1716" y="1295" width="13" height="34" />
        <cmp x="1736" y="1260" width="13" height="30" />
        <cmp x="1737" y="1259" width="30" height="68" />
      </word>
      <word id="d01-049-02-11" tag="RB" text="exactly">
        <cmp x="1793" y="1284" width="32" height="49" />
        <cmp x="1824" y="1289" width="33" height="45" />
        <cmp x="1859" y="1290" width="42" height="40" />
        <cmp x="1905" y="1259" width="76" height="74" />
        <cmp x="1978" y="1263" width="24" height="73" />
        <cmp x="2002" y="1298" width="51" height="60" />
      </word>
      <upper-contour>
        <point x="355" y="1184" />
        <point x="1993" y="1184" />
      </upper-contour>
      <lower-contour>
        <point x="355" y="1357" />
        <point x="1981" y="1357" />
      </lower-contour>
    </line>
    <line ass="389" asx="0" asy="1431" character-width="999" dss="389" dsx="0" dsy="1550" fd0="13725" fd1="2819" fd2="-1029" filter-width="4" id="d01-049-03" lbs="440" lbx="0" lby="1518" segmentation="ok" slant="68999" stroke-width="6646" threshold="172" text="how this enlargement was effected nor has he" ubs="287" ubx="0" uby="1480">
      <word id="d01-049-03-00" tag="WRB" text="how">
        <cmp x="347" y="1449" width="32" height="64" />
        <cmp x="387" y="1477" width="29" height="35" />
        <cmp x="423" y="1475" width="61" height="42" />
      </word>
      <word id="d01-049-03-01" tag="DT" text="this">
        <cmp x="519" y="1449" width="19" height="66" />
        <cmp x="546" y="1442" width="24" height="70" />
        <cmp x="582" y="1481" width="14" height="33" />
        <cmp x="593" y="1449" width="8" height="18" />
        <cmp x="602" y="1474" width="24" height="40" />
      </word>
      <word id="d01-049-03-02" tag="NN" text="enlargement">
        <cmp x="671" y="1472" width="68" height="47" />
        <cmp x="751" y="1445" width="51" height="75" />
        <cmp x="802" y="1479" width="96" height="68" />
        <cmp x="907" y="1476" width="113" height="42" />
        <cmp x="1022" y="1439" width="31" height="73" />
      </word>
      <word id="d01-049-03-03" tag="BEDZ" text="was">
        <cmp x="1090" y="1467" width="117" height="43" />
      </word>
      <word id="d01-049-03-04" tag="VBN" text="effected">
        <cmp x="1250" y="1468" width="39" height="43" />
        <cmp x="1277" y="1422" width="202" height="119" />
      </word>
      <word id="d01-049-03-05" tag="CC" text="nor">
        <cmp x="1515" y="1473" width="38" height="40" />
        <cmp x="1560" y="1472" width="31" height="38" />
        <cmp x="1595" y="1475" width="37" height="29" />
      </word>
      <word id="d01-049-03-06" tag="HVZ" text="has">
        <cmp x="1680" y="1442" width="37" height="64" />
        <cmp x="1715" y="1471" width="45" height="35" />
        <cmp x="1759" y="1465" width="40" height="45" />
      </word>
      <word id="d01-049-03-07" tag="PP3A" text="he">
        <cmp x="1861" y="1429" width="36" height="76" />
        <cmp x="1901" y="1462" width="79" height="39" />
      </word>
      <upper-contour>
        <point x="355" y="1357" />
        <point x="1981" y="1357" />
      </upper-contour>
      <lower-contour>
        <point x="345" y="1546" />
        <point x="1971" y="1546" />
      </lower-contour>
    </line>
    <line ass="191" asx="0" asy="1614" character-width="999" dss="191" dsx="0" dsy="1727" fd0="13807" fd1="2613" fd2="-1122" filter-width="4" id="d01-049-04" lbs="227" lbx="0" lby="1695" segmentation="ok" slant="76000" stroke-width="6755" threshold="172" text="been able to explain the textual movements by" ubs="121" ubx="0" uby="1654">
      <word id="d01-049-04-00" tag="BEN" text="been">
        <cmp x="342" y="1621" width="125" height="71" />
      </word>
      <word id="d01-049-04-01" tag="JJ" text="able">
        <cmp x="508" y="1659" width="45" height="36" />
        <cmp x="558" y="1617" width="83" height="78" />
      </word>
      <word id="d01-049-04-02" tag="TO" text="to">
        <cmp x="692" y="1615" width="57" height="77" />
      </word>
      <word id="d01-049-04-03" tag="VB" text="explain">
        <cmp x="776" y="1644" width="40" height="48" />
        <cmp x="818" y="1650" width="38" height="54" />
        <cmp x="853" y="1644" width="41" height="72" />
        <cmp x="895" y="1617" width="57" height="76" />
        <cmp x="961" y="1659" width="17" height="35" />
        <cmp x="979" y="1659" width="29" height="44" />
        <cmp x="980" y="1618" width="5" height="11" />
      </word>
      <word id="d01-049-04-04" tag="ATI" text="the">
        <cmp x="1058" y="1621" width="29" height="73" />
        <cmp x="1084" y="1620" width="64" height="73" />
      </word>
      <word id="d01-049-04-05" tag="JJ" text="textual">
        <cmp x="1196" y="1611" width="49" height="80" />
        <cmp x="1246" y="1641" width="39" height="50" />
        <cmp x="1295" y="1611" width="83" height="84" />
        <cmp x="1384" y="1614" width="36" height="87" />
      </word>
      <word id="d01-049-04-06" tag="NNS" text="movements">
        <cmp x="1462" y="1651" width="55" height="43" />
        <cmp x="1517" y="1654" width="34" height="37" />
        <cmp x="1560" y="1655" width="35" height="42" />
        <cmp x="1587" y="1652" width="41" height="35" />
        <cmp x="1633" y="1656" width="47" height="34" />
        <cmp x="1678" y="1655" width="71" height="32" />
        <cmp x="1753" y="1613" width="33" height="74" />
        <cmp x="1772" y="1647" width="38" height="41" />
      </word>
      <word id="d01-049-04-07" tag="IN" text="by">
        <cmp x="1861" y="1620" width="39" height="68" />
        <cmp x="1892" y="1646" width="78" height="77" />
      </word>
      <upper-contour>
        <point x="345" y="1546" />
        <point x="1971" y="1546" />
      </upper-contour>
      <lower-contour>
        <point x="340" y="1725" />
        <point x="1904" y="1725" />
      </lower-contour>
    </line>
    <line ass="245" asx="0" asy="1785" character-width="999" dss="245" dsx="0" dsy="1914" fd0="13843" fd1="2956" fd2="-846" filter-width="4" id="d01-049-05" lbs="314" lbx="0" lby="1873" segmentation="ok" slant="73000" stroke-width="6826" threshold="182" text="showing that such changes are part of a" ubs="106" ubx="0" uby="1833">
      <word id="d01-049-05-00" tag="NN" text="showing">
        <cmp x="337" y="1824" width="29" height="49" />
        <cmp x="374" y="1795" width="68" height="77" />
        <cmp x="453" y="1836" width="54" height="37" />
        <cmp x="515" y="1838" width="9" height="36" />
        <cmp x="520" y="1803" width="7" height="18" />
        <cmp x="534" y="1839" width="35" height="35" />
        <cmp x="564" y="1833" width="46" height="66" />
      </word>
      <word id="d01-049-05-01" tag="CS" text="that">
        <cmp x="693" y="1798" width="33" height="72" />
        <cmp x="723" y="1784" width="57" height="86" />
        <cmp x="785" y="1786" width="33" height="82" />
      </word>
      <word id="d01-049-05-02" tag="ABL" text="such">
        <cmp x="878" y="1817" width="38" height="53" />
        <cmp x="916" y="1826" width="40" height="41" />
        <cmp x="955" y="1820" width="31" height="50" />
        <cmp x="992" y="1791" width="29" height="83" />
      </word>
      <word id="d01-049-05-03" tag="NNS" text="changes">
        <cmp x="1071" y="1818" width="48" height="53" />
        <cmp x="1119" y="1782" width="33" height="87" />
        <cmp x="1144" y="1830" width="44" height="40" />
        <cmp x="1187" y="1832" width="31" height="41" />
        <cmp x="1199" y="1832" width="58" height="75" />
        <cmp x="1250" y="1821" width="70" height="48" />
      </word>
      <word id="d01-049-05-04" tag="BER" text="are">
        <cmp x="1377" y="1827" width="48" height="40" />
        <cmp x="1425" y="1828" width="68" height="40" />
      </word>
      <word id="d01-049-05-05" tag="NN" text="part">
        <cmp x="1522" y="1824" width="53" height="86" />
        <cmp x="1567" y="1829" width="42" height="37" />
        <cmp x="1612" y="1820" width="64" height="45" />
        <cmp x="1662" y="1787" width="44" height="78" />
      </word>
      <word id="d01-049-05-06" tag="INO" text="of">
        <cmp x="1746" y="1826" width="38" height="34" />
        <cmp x="1778" y="1784" width="44" height="104" />
      </word>
      <word id="d01-049-05-07" tag="AT" text="a">
        <cmp x="1861" y="1822" width="42" height="47" />
      </word>
      <upper-contour>
        <point x="340" y="1725" />
        <point x="1904" y="1725" />
      </upper-contour>
      <lower-contour>
        <point x="335" y="1911" />
        <point x="1904" y="1911" />
      </lower-contour>
    </line>
    <line ass="487" asx="0" asy="1978" character-width="999" dss="487" dsx="0" dsy="2091" fd0="13631" fd1="2592" fd2="-1055" filter-width="4" id="d01-049-06" lbs="450" lbx="0" lby="2055" segmentation="ok" slant="68000" stroke-width="6948" threshold="182" text="simple and coherent plan. To understand how" ubs="561" ubx="0" uby="2021">
      <word id="d01-049-06-00" tag="JJ" text="simple">
        <cmp x="337" y="2005" width="36" height="47" />
        <cmp x="373" y="2021" width="12" height="29" />
        <cmp x="387" y="1981" width="9" height="15" />
        <cmp x="387" y="2019" width="50" height="30" />
        <cmp x="422" y="2008" width="46" height="78" />
        <cmp x="467" y="1980" width="53" height="69" />
      </word>
      <word id="d01-049-06-01" tag="CC" text="and">
        <cmp x="572" y="2016" width="44" height="39" />
        <cmp x="619" y="2017" width="37" height="34" />
        <cmp x="658" y="1973" width="59" height="82" />
      </word>
      <word id="d01-049-06-02" tag="JJ" text="coherent">
        <cmp x="759" y="2009" width="69" height="43" />
        <cmp x="828" y="1974" width="34" height="86" />
        <cmp x="873" y="2009" width="163" height="44" />
        <cmp x="1043" y="1975" width="33" height="73" />
      </word>
      <word id="d01-049-06-03" tag="NN" text="plan">
        <cmp x="1111" y="2006" width="44" height="76" />
        <cmp x="1154" y="1977" width="58" height="72" />
        <cmp x="1215" y="2006" width="39" height="43" />
      </word>
      <word id="d01-049-06-04" tag="." text=".">
        <cmp x="1283" y="2037" width="11" height="14" />
      </word>
      <word id="d01-049-06-05" sentence-start="yes" tag="TO" text="To">
        <cmp x="1362" y="1970" width="58" height="73" />
        <cmp x="1399" y="2005" width="38" height="42" />
      </word>
      <word id="d01-049-06-06" tag="VB" text="understand">
        <cmp x="1490" y="2004" width="47" height="40" />
        <cmp x="1538" y="2007" width="34" height="35" />
        <cmp x="1574" y="1971" width="58" height="68" />
        <cmp x="1619" y="1999" width="72" height="40" />
        <cmp x="1687" y="1996" width="42" height="49" />
        <cmp x="1717" y="1970" width="61" height="77" />
        <cmp x="1775" y="2008" width="32" height="39" />
        <cmp x="1811" y="1963" width="72" height="82" />
      </word>
      <word id="d01-049-06-07" tag="WRB" text="how">
        <cmp x="1929" y="1964" width="43" height="76" />
        <cmp x="1975" y="2004" width="36" height="34" />
        <cmp x="2012" y="2000" width="67" height="40" />
      </word>
      <upper-contour>
        <point x="335" y="1911" />
        <point x="1904" y="1911" />
      </upper-contour>
      <lower-contour>
        <point x="347" y="2085" />
        <point x="2066" y="2085" />
      </lower-contour>
    </line>
    <line ass="132" asx="0" asy="2149" character-width="999" dss="132" dsx="0" dsy="2264" fd0="13948" fd1="3071" fd2="-735" filter-width="4" id="d01-049-07" lbs="190" lbx="0" lby="2228" segmentation="ok" slant="79000" stroke-width="6552" threshold="172" text="this is possible it is necessary to examine the" ubs="15" ubx="0" uby="2185">
      <word id="d01-049-07-00" tag="DT" text="this">
        <cmp x="349" y="2168" width="16" height="69" />
        <cmp x="373" y="2158" width="51" height="69" />
        <cmp x="420" y="2167" width="8" height="21" />
        <cmp x="428" y="2183" width="26" height="44" />
      </word>
      <word id="d01-049-07-01" tag="BEZ" text="is">
        <cmp x="512" y="2191" width="8" height="34" />
        <cmp x="516" y="2166" width="8" height="14" />
        <cmp x="529" y="2188" width="29" height="39" />
      </word>
      <word id="d01-049-07-02" tag="JJ" text="possible">
        <cmp x="591" y="2186" width="44" height="77" />
        <cmp x="638" y="2192" width="29" height="33" />
        <cmp x="672" y="2184" width="33" height="43" />
        <cmp x="695" y="2183" width="41" height="47" />
        <cmp x="739" y="2188" width="12" height="34" />
        <cmp x="745" y="2158" width="8" height="20" />
        <cmp x="767" y="2153" width="26" height="73" />
        <cmp x="801" y="2148" width="61" height="78" />
      </word>
      <word id="d01-049-07-03" tag="PP3" text="it">
        <cmp x="915" y="2191" width="11" height="34" />
        <cmp x="921" y="2159" width="10" height="18" />
        <cmp x="938" y="2160" width="37" height="68" />
      </word>
      <word id="d01-049-07-04" tag="BEZ" text="is">
        <cmp x="997" y="2191" width="14" height="38" />
        <cmp x="1006" y="2157" width="11" height="23" />
        <cmp x="1016" y="2182" width="38" height="46" />
      </word>
      <word id="d01-049-07-05" tag="JJ" text="necessary">
        <cmp x="1090" y="2190" width="64" height="43" />
        <cmp x="1167" y="2186" width="56" height="41" />
        <cmp x="1228" y="2180" width="68" height="43" />
        <cmp x="1285" y="2177" width="44" height="40" />
        <cmp x="1333" y="2185" width="36" height="29" />
        <cmp x="1351" y="2181" width="71" height="77" />
      </word>
      <word id="d01-049-07-06" tag="TO" text="to">
        <cmp x="1467" y="2153" width="59" height="72" />
      </word>
      <word id="d01-049-07-07" tag="VB" text="examine">
        <cmp x="1573" y="2178" width="37" height="45" />
        <cmp x="1618" y="2179" width="46" height="43" />
        <cmp x="1660" y="2186" width="53" height="35" />
        <cmp x="1714" y="2190" width="60" height="33" />
        <cmp x="1777" y="2193" width="20" height="32" />
        <cmp x="1795" y="2177" width="95" height="50" />
        <cmp x="1797" y="2161" width="8" height="18" />
      </word>
      <word id="d01-049-07-08" tag="ATI" text="the">
        <cmp x="1933" y="2157" width="30" height="66" />
        <cmp x="1966" y="2149" width="98" height="81" />
      </word>
      <upper-contour>
        <point x="347" y="2085" />
        <point x="2066" y="2085" />
      </upper-contour>
      <lower-contour>
        <point x="359" y="2262" />
        <point x="1046" y="2262" />
      </lower-contour>
    </line>
    <line ass="437" asx="0" asy="2325" character-width="999" dss="437" dsx="0" dsy="2439" fd0="13335" fd1="2896" fd2="-656" filter-width="4" id="d01-049-08" lbs="454" lbx="0" lby="2405" segmentation="ok" slant="78000" stroke-width="6545" threshold="172" text="text of the Gospel." ubs="404" ubx="0" uby="2361">
      <word id="d01-049-08-00" tag="NN" text="text">
        <cmp x="361" y="2338" width="56" height="70" />
        <cmp x="414" y="2362" width="34" height="46" />
        <cmp x="450" y="2326" width="40" height="80" />
      </word>
      <word id="d01-049-08-01" tag="INO" text="of">
        <cmp x="534" y="2362" width="38" height="39" />
        <cmp x="572" y="2322" width="34" height="108" />
      </word>
      <word id="d01-049-08-02" tag="ATI" text="the">
        <cmp x="646" y="2330" width="24" height="69" />
        <cmp x="668" y="2323" width="71" height="75" />
      </word>
      <word id="d01-049-08-03" tag="NN" text="Gospel">
        <cmp x="769" y="2325" width="51" height="75" />
        <cmp x="829" y="2357" width="35" height="40" />
        <cmp x="861" y="2353" width="31" height="46" />
        <cmp x="883" y="2352" width="78" height="81" />
        <cmp x="964" y="2319" width="36" height="84" />
      </word>
      <word id="d01-049-08-04" tag="." text=".">
        <cmp x="1035" y="2391" width="10" height="9" />
      </word>
      <upper-contour>
        <point x="359" y="2262" />
        <point x="1046" y="2262" />
      </upper-contour>
    </line>
  </handwritten-part>
</form>

