<?xml version="1.0" encoding="ISO-8859-1"?>

<!DOCTYPE form SYSTEM 'http://www.iam.unibe.ch/~fki/iamdb/form-metadata.dtd'>

<form created="2002-01-16" height="3542" id="d01-080" last-modified="2002-07-17" skew="159" status="final" version="3.0_beta" width="2479" writer-id="179">
  <machine-printed-part>
    <machine-print-line text="The bar was the commonest marking, but others were also used. Dots sometimes" />
    <machine-print-line text="served in place of the bar, and there are cases where spacing is used as it is now used" />
    <machine-print-line text="to mark a paragraph ending. Frequently paragraphos markings were omitted. C. H." />
    <machine-print-line text="Roberts is of the opinion that in the original of the Fourth Gospel some markings" />
    <machine-print-line text="would be used, although which, it is impossible to say." />
  </machine-printed-part>
  <handwritten-part>
    <line ass="66" asx="0" asy="894" character-width="999" dss="66" dsx="0" dsy="1002" fd0="13103" fd1="2504" fd2="-1978" filter-width="4" id="d01-080-00" lbs="-7" lbx="0" lby="961" segmentation="ok" slant="107000" stroke-width="6350" threshold="154" text="The bar was the commonest marking, but others" ubs="215" ubx="0" uby="916">
      <word id="d01-080-00-00" sentence-start="yes" tag="ATI" text="The">
        <cmp x="322" y="900" width="117" height="65" />
      </word>
      <word id="d01-080-00-01" tag="NN" text="bar">
        <cmp x="455" y="895" width="112" height="70" />
      </word>
      <word id="d01-080-00-02" tag="BEDZ" text="was">
        <cmp x="607" y="916" width="128" height="56" />
      </word>
      <word id="d01-080-00-03" tag="ATI" text="the">
        <cmp x="773" y="900" width="105" height="65" />
      </word>
      <word id="d01-080-00-04" tag="JJT" text="commonest">
        <cmp x="916" y="921" width="30" height="50" />
        <cmp x="946" y="920" width="40" height="52" />
        <cmp x="995" y="913" width="54" height="51" />
        <cmp x="1052" y="911" width="54" height="45" />
        <cmp x="1107" y="902" width="108" height="61" />
        <cmp x="1221" y="901" width="73" height="64" />
      </word>
      <word id="d01-080-00-05" tag="NN" text="marking">
        <cmp x="1323" y="908" width="62" height="54" />
        <cmp x="1383" y="903" width="130" height="58" />
        <cmp x="1496" y="909" width="7" height="9" />
        <cmp x="1515" y="917" width="30" height="42" />
        <cmp x="1528" y="920" width="53" height="82" />
      </word>
      <word id="d01-080-00-06" tag="," text=",">
        <cmp x="1590" y="950" width="8" height="33" />
      </word>
      <word id="d01-080-00-07" tag="CC" text="but">
        <cmp x="1610" y="893" width="128" height="73" />
      </word>
      <word id="d01-080-00-08" tag="APS" text="others">
        <cmp x="1754" y="896" width="164" height="68" />
        <cmp x="1924" y="907" width="33" height="54" />
      </word>
      <lower-contour>
        <point x="328" y="1003" />
        <point x="1959" y="1003" />
      </lower-contour>
    </line>
    <line ass="106" asx="0" asy="1073" character-width="999" dss="106" dsx="0" dsy="1168" fd0="13157" fd1="2357" fd2="-2116" filter-width="4" id="d01-080-01" lbs="21" lbx="0" lby="1143" segmentation="ok" slant="105000" stroke-width="6269" threshold="153" text="were also used. Dots sometimes served in place of the" ubs="276" ubx="0" uby="1101">
      <word id="d01-080-01-00" tag="BED" text="were">
        <cmp x="330" y="1089" width="140" height="56" />
      </word>
      <word id="d01-080-01-01" tag="RB" text="also">
        <cmp x="518" y="1085" width="133" height="69" />
      </word>
      <word id="d01-080-01-02" tag="VBN" text="used">
        <cmp x="674" y="1095" width="106" height="51" />
        <cmp x="776" y="1083" width="48" height="66" />
      </word>
      <word id="d01-080-01-03" tag="." text=".">
        <cmp x="848" y="1137" width="5" height="6" />
      </word>
      <word id="d01-080-01-04" sentence-start="yes" tag="NNS" text="Dots">
        <cmp x="874" y="1077" width="154" height="73" />
      </word>
      <word id="d01-080-01-05" tag="RB" text="sometimes">
        <cmp x="1063" y="1088" width="87" height="60" />
        <cmp x="1150" y="1089" width="83" height="53" />
        <cmp x="1233" y="1075" width="40" height="72" />
        <cmp x="1262" y="1088" width="6" height="9" />
        <cmp x="1278" y="1090" width="110" height="55" />
      </word>
      <word id="d01-080-01-06" tag="VBD" text="served">
        <cmp x="1405" y="1086" width="96" height="62" />
        <cmp x="1507" y="1098" width="55" height="44" />
        <cmp x="1565" y="1078" width="37" height="65" />
      </word>
      <word id="d01-080-01-07" tag="IN" text="in">
        <cmp x="1637" y="1081" width="14" height="6" />
        <cmp x="1640" y="1087" width="54" height="53" />
      </word>
      <word id="d01-080-01-08" tag="NN" text="place">
        <cmp x="1737" y="1087" width="31" height="78" />
        <cmp x="1763" y="1072" width="24" height="63" />
        <cmp x="1790" y="1089" width="111" height="54" />
      </word>
      <word id="d01-080-01-09" tag="INO" text="of">
        <cmp x="1934" y="1070" width="64" height="84" />
      </word>
      <word id="d01-080-01-10" tag="ATI" text="the">
        <cmp x="2008" y="1087" width="103" height="58" />
      </word>
      <upper-contour>
        <point x="328" y="1003" />
        <point x="1959" y="1003" />
      </upper-contour>
      <lower-contour>
        <point x="328" y="1166" />
        <point x="2094" y="1166" />
      </lower-contour>
    </line>
    <line ass="375" asx="0" asy="1254" character-width="999" dss="375" dsx="0" dsy="1375" fd0="13286" fd1="2434" fd2="-1657" filter-width="4" id="d01-080-02" lbs="441" lbx="0" lby="1327" segmentation="ok" slant="105000" stroke-width="6109" threshold="156" text="bar, and there are cases where spacing is used as" ubs="243" ubx="0" uby="1279">
      <word id="d01-080-02-00" tag="NN" text="bar">
        <cmp x="321" y="1251" width="106" height="72" />
      </word>
      <word id="d01-080-02-01" tag="," text=",">
        <cmp x="440" y="1308" width="13" height="38" />
      </word>
      <word id="d01-080-02-02" tag="CC" text="and">
        <cmp x="484" y="1270" width="93" height="61" />
        <cmp x="576" y="1268" width="44" height="59" />
      </word>
      <word id="d01-080-02-03" tag="EX" text="there">
        <cmp x="660" y="1256" width="155" height="68" />
      </word>
      <word id="d01-080-02-04" tag="BER" text="are">
        <cmp x="852" y="1265" width="112" height="54" />
      </word>
      <word id="d01-080-02-05" tag="NNS" text="cases">
        <cmp x="1003" y="1269" width="76" height="55" />
        <cmp x="1073" y="1266" width="84" height="54" />
        <cmp x="1149" y="1277" width="34" height="44" />
      </word>
      <word id="d01-080-02-06" tag="WRB" text="where">
        <cmp x="1227" y="1268" width="51" height="54" />
        <cmp x="1269" y="1257" width="127" height="64" />
      </word>
      <word id="d01-080-02-07" tag="NN" text="spacing">
        <cmp x="1434" y="1267" width="91" height="71" />
        <cmp x="1536" y="1268" width="52" height="52" />
        <cmp x="1592" y="1269" width="92" height="51" />
        <cmp x="1635" y="1262" width="9" height="12" />
        <cmp x="1664" y="1281" width="44" height="84" />
      </word>
      <word id="d01-080-02-08" tag="BEZ" text="is">
        <cmp x="1730" y="1264" width="70" height="59" />
        <cmp x="1746" y="1267" width="12" height="6" />
      </word>
      <word id="d01-080-02-09" tag="VBN" text="used">
        <cmp x="1823" y="1267" width="102" height="51" />
        <cmp x="1928" y="1251" width="47" height="66" />
      </word>
      <word id="d01-080-02-10" tag="CS" text="as">
        <cmp x="2020" y="1258" width="41" height="64" />
        <cmp x="2064" y="1265" width="29" height="57" />
      </word>
      <upper-contour>
        <point x="328" y="1166" />
        <point x="2094" y="1166" />
      </upper-contour>
      <lower-contour>
        <point x="319" y="1366" />
        <point x="2094" y="1366" />
      </lower-contour>
    </line>
    <line ass="66" asx="0" asy="1431" character-width="999" dss="66" dsx="0" dsy="1568" fd0="13081" fd1="2478" fd2="-1686" filter-width="4" id="d01-080-03" lbs="-109" lbx="0" lby="1499" segmentation="ok" slant="104000" stroke-width="6022" threshold="153" text="it is now used to mark a paragraph ending. Frequently" ubs="416" ubx="0" uby="1463">
      <word id="d01-080-03-00" tag="PP3" text="it">
        <cmp x="320" y="1439" width="54" height="72" />
      </word>
      <word id="d01-080-03-01" tag="BEZ" text="is">
        <cmp x="424" y="1471" width="32" height="40" />
        <cmp x="437" y="1459" width="11" height="10" />
        <cmp x="457" y="1458" width="34" height="54" />
      </word>
      <word id="d01-080-03-02" tag="RN" text="now">
        <cmp x="536" y="1457" width="118" height="55" />
      </word>
      <word id="d01-080-03-03" tag="VBN" text="used">
        <cmp x="715" y="1450" width="97" height="55" />
        <cmp x="814" y="1437" width="54" height="61" />
      </word>
      <word id="d01-080-03-04" tag="TO" text="to">
        <cmp x="897" y="1438" width="71" height="63" />
      </word>
      <word id="d01-080-03-05" tag="VB" text="mark">
        <cmp x="994" y="1447" width="55" height="46" />
        <cmp x="1046" y="1447" width="64" height="49" />
        <cmp x="1109" y="1439" width="45" height="54" />
      </word>
      <word id="d01-080-03-06" tag="AT" text="a">
        <cmp x="1200" y="1438" width="46" height="57" />
      </word>
      <word id="d01-080-03-07" tag="NN" text="paragraph">
        <cmp x="1278" y="1443" width="93" height="73" />
        <cmp x="1366" y="1453" width="48" height="45" />
        <cmp x="1415" y="1429" width="186" height="104" />
      </word>
      <word id="d01-080-03-08" tag="NN" text="ending">
        <cmp x="1628" y="1442" width="144" height="66" />
        <cmp x="1760" y="1452" width="7" height="6" />
        <cmp x="1774" y="1456" width="82" height="84" />
      </word>
      <word id="d01-080-03-09" tag="." text=".">
        <cmp x="1865" y="1487" width="6" height="5" />
      </word>
      <word id="d01-080-03-10" sentence-start="yes" tag="RB" text="Frequently">
        <cmp x="1876" y="1439" width="42" height="8" />
        <cmp x="1889" y="1444" width="85" height="53" />
        <cmp x="1978" y="1447" width="34" height="119" />
        <cmp x="2008" y="1446" width="82" height="44" />
        <cmp x="2091" y="1429" width="78" height="128" />
      </word>
      <upper-contour>
        <point x="319" y="1366" />
        <point x="2094" y="1366" />
      </upper-contour>
      <lower-contour>
        <point x="326" y="1568" />
        <point x="2110" y="1568" />
      </lower-contour>
    </line>
    <line ass="455" asx="0" asy="1618" character-width="999" dss="455" dsx="0" dsy="1736" fd0="13213" fd1="2508" fd2="-1993" filter-width="4" id="d01-080-04" lbs="666" lbx="0" lby="1691" segmentation="ok" slant="108000" stroke-width="6015" threshold="152" text="paragraphos markings were omitted. C. H. Roberts is of" ubs="33" ubx="0" uby="1635">
      <word id="d01-080-04-00" tag="&amp;FW" text="paragraphos">
        <cmp x="328" y="1635" width="97" height="78" />
        <cmp x="416" y="1639" width="49" height="43" />
        <cmp x="465" y="1636" width="42" height="97" />
        <cmp x="501" y="1631" width="29" height="48" />
        <cmp x="527" y="1621" width="188" height="79" />
      </word>
      <word id="d01-080-04-01" tag="NNS" text="markings">
        <cmp x="745" y="1631" width="106" height="51" />
        <cmp x="851" y="1622" width="123" height="56" />
        <cmp x="905" y="1619" width="6" height="7" />
        <cmp x="959" y="1639" width="44" height="75" />
        <cmp x="1007" y="1629" width="31" height="55" />
      </word>
      <word id="d01-080-04-02" tag="BED" text="were">
        <cmp x="1071" y="1628" width="141" height="56" />
      </word>
      <word id="d01-080-04-03" tag="VBN" text="omitted">
        <cmp x="1254" y="1625" width="40" height="65" />
        <cmp x="1297" y="1628" width="79" height="54" />
        <cmp x="1349" y="1612" width="5" height="4" />
        <cmp x="1365" y="1607" width="129" height="73" />
      </word>
      <word id="d01-080-04-04" tag="." text=".">
        <cmp x="1504" y="1655" width="6" height="6" />
      </word>
      <word id="d01-080-04-05" sentence-start="yes" tag="NP" text="C.">
        <cmp x="1530" y="1619" width="47" height="62" />
        <cmp x="1583" y="1663" width="5" height="5" />
      </word>
      <word id="d01-080-04-06" tag="NP" text="H.">
        <cmp x="1584" y="1621" width="59" height="59" />
        <cmp x="1655" y="1664" width="5" height="5" />
      </word>
      <word id="d01-080-04-07" tag="NP" text="Roberts">
        <cmp x="1688" y="1607" width="85" height="77" />
        <cmp x="1767" y="1614" width="147" height="65" />
      </word>
      <word id="d01-080-04-08" tag="BEZ" text="is">
        <cmp x="1948" y="1630" width="63" height="53" />
        <cmp x="1967" y="1628" width="7" height="7" />
      </word>
      <word id="d01-080-04-09" tag="INO" text="of">
        <cmp x="2039" y="1608" width="70" height="80" />
      </word>
      <upper-contour>
        <point x="326" y="1568" />
        <point x="2110" y="1568" />
      </upper-contour>
      <lower-contour>
        <point x="326" y="1732" />
        <point x="2110" y="1732" />
      </lower-contour>
    </line>
    <line ass="37" asx="0" asy="1781" character-width="999" dss="37" dsx="0" dsy="1898" fd0="13187" fd1="2641" fd2="-1787" filter-width="4" id="d01-080-05" lbs="44" lbx="0" lby="1856" segmentation="ok" slant="106000" stroke-width="6008" threshold="155" text="the opinion that in the original of the Fourth Gospel" ubs="23" ubx="0" uby="1808">
      <word id="d01-080-05-00" tag="ATI" text="the">
        <cmp x="323" y="1798" width="111" height="65" />
      </word>
      <word id="d01-080-05-01" tag="NN" text="opinion">
        <cmp x="480" y="1800" width="86" height="81" />
        <cmp x="568" y="1799" width="7" height="7" />
        <cmp x="572" y="1815" width="7" height="44" />
        <cmp x="585" y="1809" width="59" height="52" />
        <cmp x="624" y="1806" width="7" height="7" />
        <cmp x="644" y="1807" width="78" height="61" />
      </word>
      <word id="d01-080-05-02" tag="CS" text="that">
        <cmp x="754" y="1786" width="67" height="71" />
        <cmp x="823" y="1791" width="61" height="64" />
      </word>
      <word id="d01-080-05-03" tag="IN" text="in">
        <cmp x="932" y="1808" width="10" height="6" />
        <cmp x="932" y="1814" width="53" height="46" />
      </word>
      <word id="d01-080-05-04" tag="ATI" text="the">
        <cmp x="1017" y="1803" width="94" height="58" />
      </word>
      <word id="d01-080-05-05" tag="NN" text="original">
        <cmp x="1152" y="1798" width="83" height="57" />
        <cmp x="1222" y="1791" width="7" height="6" />
        <cmp x="1243" y="1808" width="57" height="91" />
        <cmp x="1285" y="1796" width="7" height="7" />
        <cmp x="1300" y="1810" width="34" height="51" />
        <cmp x="1332" y="1787" width="64" height="65" />
      </word>
      <word id="d01-080-05-06" tag="INO" text="of">
        <cmp x="1440" y="1781" width="62" height="83" />
      </word>
      <word id="d01-080-05-07" tag="ATI" text="the">
        <cmp x="1513" y="1790" width="111" height="68" />
      </word>
      <word id="d01-080-05-08" tag="OD" text="Fourth">
        <cmp x="1642" y="1796" width="50" height="10" />
        <cmp x="1656" y="1805" width="41" height="56" />
        <cmp x="1696" y="1802" width="47" height="66" />
        <cmp x="1743" y="1810" width="54" height="47" />
        <cmp x="1800" y="1792" width="74" height="67" />
      </word>
      <word id="d01-080-05-09" tag="NN" text="Gospel">
        <cmp x="1912" y="1790" width="219" height="96" />
      </word>
      <upper-contour>
        <point x="326" y="1732" />
        <point x="2110" y="1732" />
      </upper-contour>
      <lower-contour>
        <point x="321" y="1899" />
        <point x="2132" y="1899" />
      </lower-contour>
    </line>
    <line ass="9" asx="0" asy="1970" character-width="999" dss="9" dsx="0" dsy="2085" fd0="13327" fd1="2666" fd2="-1579" filter-width="4" id="d01-080-06" lbs="-28" lbx="0" lby="2033" segmentation="ok" slant="106000" stroke-width="5908" threshold="155" text="some markings would be used, although which, it is" ubs="85" ubx="0" uby="1992">
      <word id="d01-080-06-00" tag="DTI" text="some">
        <cmp x="317" y="1992" width="81" height="59" />
        <cmp x="330" y="1983" width="31" height="29" />
        <cmp x="396" y="1995" width="85" height="47" />
      </word>
      <word id="d01-080-06-01" tag="NNS" text="markings">
        <cmp x="526" y="1991" width="114" height="51" />
        <cmp x="639" y="1973" width="69" height="61" />
        <cmp x="691" y="1977" width="8" height="8" />
        <cmp x="712" y="1990" width="40" height="45" />
        <cmp x="739" y="1981" width="82" height="105" />
      </word>
      <word id="d01-080-06-02" tag="MD" text="would">
        <cmp x="852" y="1976" width="48" height="50" />
        <cmp x="910" y="1972" width="91" height="63" />
        <cmp x="1001" y="1971" width="37" height="66" />
      </word>
      <word id="d01-080-06-03" tag="BE" text="be">
        <cmp x="1098" y="1983" width="73" height="59" />
      </word>
      <word id="d01-080-06-04" tag="VBN" text="used">
        <cmp x="1221" y="1992" width="53" height="54" />
        <cmp x="1272" y="1988" width="68" height="56" />
        <cmp x="1337" y="1973" width="52" height="67" />
      </word>
      <word id="d01-080-06-05" tag="," text=",">
        <cmp x="1405" y="2026" width="9" height="42" />
      </word>
      <word id="d01-080-06-06" tag="CS" text="although">
        <cmp x="1528" y="1982" width="84" height="63" />
        <cmp x="1596" y="1973" width="81" height="106" />
      </word>
      <word id="d01-080-06-07" tag="WDT" text="which">
        <cmp x="1771" y="1991" width="47" height="47" />
        <cmp x="1813" y="1976" width="46" height="60" />
        <cmp x="1858" y="1982" width="84" height="56" />
        <cmp x="1862" y="1986" width="5" height="6" />
      </word>
      <word id="d01-080-06-08" tag="," text=",">
        <cmp x="1942" y="2017" width="14" height="49" />
      </word>
      <word id="d01-080-06-09" tag="PP3" text="it">
        <cmp x="2003" y="1970" width="73" height="70" />
        <cmp x="2022" y="1977" width="6" height="7" />
      </word>
      <word id="d01-080-06-10" tag="BEZ" text="is">
        <cmp x="2096" y="1988" width="64" height="51" />
        <cmp x="2119" y="1977" width="6" height="10" />
      </word>
      <upper-contour>
        <point x="321" y="1899" />
        <point x="2132" y="1899" />
      </upper-contour>
      <lower-contour>
        <point x="331" y="2085" />
        <point x="944" y="2085" />
      </lower-contour>
    </line>
    <line ass="-233" asx="0" asy="2147" character-width="999" dss="-233" dsx="0" dsy="2285" fd0="13139" fd1="2621" fd2="-1854" filter-width="4" id="d01-080-07" lbs="1159" lbx="0" lby="2223" segmentation="ok" slant="108000" stroke-width="5962" threshold="151" text="impossible to say." ubs="-3019" ubx="0" uby="2147">
      <word id="d01-080-07-00" tag="JJ" text="impossible">
        <cmp x="333" y="2173" width="78" height="46" />
        <cmp x="412" y="2165" width="159" height="85" />
        <cmp x="553" y="2157" width="8" height="8" />
        <cmp x="576" y="2160" width="41" height="58" />
        <cmp x="614" y="2161" width="55" height="60" />
      </word>
      <word id="d01-080-07-01" tag="TO" text="to">
        <cmp x="700" y="2161" width="82" height="66" />
      </word>
      <word id="d01-080-07-02" tag="VB" text="say">
        <cmp x="804" y="2160" width="114" height="130" />
      </word>
      <word id="d01-080-07-03" tag="." text=".">
        <cmp x="937" y="2209" width="6" height="7" />
      </word>
      <upper-contour>
        <point x="331" y="2085" />
        <point x="944" y="2085" />
      </upper-contour>
    </line>
  </handwritten-part>
</form>

