<?xml version="1.0" encoding="ISO-8859-1"?>

<!DOCTYPE form SYSTEM 'http://www.iam.unibe.ch/~fki/iamdb/form-metadata.dtd'>

<form created="2002-01-16" height="3542" id="d01-056" last-modified="2002-07-17" skew="127" status="final" version="3.0_beta" width="2479" writer-id="178">
  <machine-printed-part>
    <machine-print-line text="The most convenient one for the authors has been the text of A. Souter. In this" />
    <machine-print-line text="version of the text the Fourth Gospel is printed as just over 1,000 different nouns," />
    <machine-print-line text="verbs, and other parts of speech occurring 15,695 times in their different grammatical" />
    <machine-print-line text="forms. There are other texts which could have been used, and (as shown in Table 1)" />
    <machine-print-line text="it is not a matter of the greatest importance which text is used." />
  </machine-printed-part>
  <handwritten-part>
    <line ass="440" asx="0" asy="713" character-width="999" dss="440" dsx="0" dsy="805" fd0="13522" fd1="3184" fd2="-614" filter-width="3" id="d01-056-00" lbs="429" lbx="0" lby="785" segmentation="ok" slant="90000" stroke-width="4901" threshold="188" text="The most convenient one for the authors" ubs="461" ubx="0" uby="751">
      <word id="d01-056-00-00" sentence-start="yes" tag="ATI" text="The">
        <cmp x="390" y="718" width="21" height="5" />
        <cmp x="408" y="727" width="9" height="57" />
        <cmp x="436" y="721" width="74" height="57" />
      </word>
      <word id="d01-056-00-01" tag="QL" text="most">
        <cmp x="557" y="738" width="48" height="41" />
        <cmp x="616" y="750" width="37" height="29" />
        <cmp x="656" y="742" width="29" height="36" />
        <cmp x="685" y="719" width="38" height="60" />
      </word>
      <word id="d01-056-00-02" tag="JJ" text="convenient">
        <cmp x="794" y="735" width="28" height="50" />
        <cmp x="820" y="742" width="36" height="37" />
        <cmp x="861" y="743" width="28" height="35" />
        <cmp x="907" y="735" width="29" height="42" />
        <cmp x="946" y="727" width="78" height="50" />
        <cmp x="1033" y="757" width="10" height="20" />
        <cmp x="1040" y="715" width="3" height="18" />
        <cmp x="1060" y="741" width="69" height="42" />
        <cmp x="1142" y="722" width="32" height="54" />
      </word>
      <word id="d01-056-00-03" tag="CD1" text="one">
        <cmp x="1238" y="745" width="51" height="40" />
        <cmp x="1306" y="747" width="89" height="31" />
      </word>
      <word id="d01-056-00-04" tag="IN" text="for">
        <cmp x="1445" y="712" width="86" height="83" />
        <cmp x="1506" y="748" width="3" height="3" />
        <cmp x="1547" y="738" width="14" height="37" />
      </word>
      <word id="d01-056-00-05" tag="ATI" text="the">
        <cmp x="1613" y="716" width="143" height="62" />
      </word>
      <word id="d01-056-00-06" tag="NNS" text="authors">
        <cmp x="1809" y="730" width="71" height="40" />
        <cmp x="1890" y="699" width="82" height="72" />
        <cmp x="1990" y="730" width="44" height="35" />
        <cmp x="2040" y="732" width="15" height="40" />
        <cmp x="2075" y="733" width="33" height="35" />
      </word>
      <lower-contour>
        <point x="413" y="795" />
        <point x="2102" y="795" />
      </lower-contour>
    </line>
    <line ass="445" asx="0" asy="888" character-width="999" dss="445" dsx="0" dsy="977" fd0="13188" fd1="3066" fd2="-55" filter-width="3" id="d01-056-01" lbs="463" lbx="0" lby="961" segmentation="ok" slant="90000" stroke-width="4761" threshold="187" text="has been the text of A. Souter. In this" ubs="410" ubx="0" uby="922">
      <word id="d01-056-01-00" tag="HVZ" text="has">
        <cmp x="415" y="888" width="34" height="74" />
        <cmp x="458" y="914" width="25" height="42" />
        <cmp x="500" y="923" width="36" height="32" />
      </word>
      <word id="d01-056-01-01" tag="BEN" text="been">
        <cmp x="602" y="887" width="37" height="69" />
        <cmp x="648" y="912" width="132" height="53" />
      </word>
      <word id="d01-056-01-02" tag="ATI" text="the">
        <cmp x="838" y="900" width="131" height="60" />
      </word>
      <word id="d01-056-01-03" tag="NN" text="text">
        <cmp x="1021" y="883" width="59" height="68" />
        <cmp x="1095" y="908" width="38" height="50" />
        <cmp x="1136" y="893" width="26" height="52" />
      </word>
      <word id="d01-056-01-04" tag="INO" text="of">
        <cmp x="1220" y="915" width="31" height="28" />
        <cmp x="1256" y="880" width="40" height="84" />
      </word>
      <word id="d01-056-01-05" tag="NP" text="A.">
        <cmp x="1375" y="893" width="19" height="74" />
        <cmp x="1385" y="893" width="27" height="59" />
        <cmp x="1440" y="949" width="6" height="11" />
      </word>
      <word id="d01-056-01-06" tag="NP" text="Souter">
        <cmp x="1490" y="893" width="36" height="55" />
        <cmp x="1527" y="911" width="38" height="38" />
        <cmp x="1575" y="919" width="35" height="29" />
        <cmp x="1614" y="881" width="100" height="71" />
      </word>
      <word id="d01-056-01-07" tag="." text=".">
        <cmp x="1747" y="939" width="9" height="14" />
      </word>
      <word id="d01-056-01-08" sentence-start="yes" tag="IN" text="In">
        <cmp x="1838" y="880" width="15" height="64" />
        <cmp x="1855" y="915" width="27" height="32" />
      </word>
      <word id="d01-056-01-09" tag="DT" text="this">
        <cmp x="1940" y="885" width="83" height="56" />
        <cmp x="2030" y="921" width="8" height="29" />
        <cmp x="2045" y="880" width="8" height="26" />
        <cmp x="2066" y="908" width="35" height="43" />
      </word>
      <upper-contour>
        <point x="413" y="795" />
        <point x="2102" y="795" />
      </upper-contour>
      <lower-contour>
        <point x="413" y="967" />
        <point x="2102" y="967" />
      </lower-contour>
    </line>
    <line ass="134" asx="0" asy="1049" character-width="999" dss="134" dsx="0" dsy="1178" fd0="13195" fd1="3206" fd2="-228" filter-width="3" id="d01-056-02" lbs="150" lbx="0" lby="1129" segmentation="ok" slant="91000" stroke-width="4791" threshold="188" text="version of the text the Fourth Gospel is" ubs="103" ubx="0" uby="1089">
      <word id="d01-056-02-00" tag="NN" text="version">
        <cmp x="408" y="1083" width="23" height="46" />
        <cmp x="449" y="1084" width="45" height="42" />
        <cmp x="499" y="1090" width="36" height="39" />
        <cmp x="544" y="1112" width="6" height="20" />
        <cmp x="553" y="1064" width="4" height="24" />
        <cmp x="561" y="1096" width="40" height="35" />
        <cmp x="615" y="1094" width="32" height="37" />
      </word>
      <word id="d01-056-02-01" tag="INO" text="of">
        <cmp x="700" y="1091" width="37" height="33" />
        <cmp x="757" y="1049" width="42" height="104" />
      </word>
      <word id="d01-056-02-02" tag="ATI" text="the">
        <cmp x="841" y="1056" width="142" height="67" />
      </word>
      <word id="d01-056-02-03" tag="NN" text="text">
        <cmp x="1041" y="1066" width="96" height="61" />
        <cmp x="1146" y="1083" width="46" height="42" />
        <cmp x="1204" y="1058" width="25" height="68" />
      </word>
      <word id="d01-056-02-04" tag="ATI" text="the">
        <cmp x="1299" y="1059" width="127" height="68" />
      </word>
      <word id="d01-056-02-05" tag="OD" text="Fourth">
        <cmp x="1492" y="1071" width="78" height="59" />
        <cmp x="1583" y="1090" width="9" height="37" />
        <cmp x="1600" y="1069" width="96" height="59" />
      </word>
      <word id="d01-056-02-06" tag="NN" text="Gospel">
        <cmp x="1760" y="1067" width="92" height="70" />
        <cmp x="1788" y="1071" width="3" height="4" />
        <cmp x="1861" y="1095" width="26" height="26" />
        <cmp x="1894" y="1091" width="41" height="83" />
        <cmp x="1941" y="1087" width="28" height="39" />
        <cmp x="1989" y="1070" width="36" height="48" />
      </word>
      <word id="d01-056-02-07" tag="BEZ" text="is">
        <cmp x="2088" y="1087" width="14" height="41" />
        <cmp x="2105" y="1064" width="4" height="13" />
        <cmp x="2116" y="1087" width="37" height="41" />
      </word>
      <upper-contour>
        <point x="413" y="967" />
        <point x="2102" y="967" />
      </upper-contour>
      <lower-contour>
        <point x="412" y="1175" />
        <point x="2154" y="1175" />
      </lower-contour>
    </line>
    <line ass="210" asx="0" asy="1239" character-width="999" dss="210" dsx="0" dsy="1357" fd0="13081" fd1="2993" fd2="-287" filter-width="3" id="d01-056-03" lbs="192" lbx="0" lby="1317" segmentation="ok" slant="90000" stroke-width="4853" threshold="189" text="printed as just over 1,000 different nouns," ubs="245" ubx="0" uby="1286">
      <word id="d01-056-03-00" tag="VBN" text="printed">
        <cmp x="414" y="1276" width="27" height="69" />
        <cmp x="452" y="1276" width="25" height="33" />
        <cmp x="472" y="1251" width="6" height="11" />
        <cmp x="490" y="1285" width="20" height="27" />
        <cmp x="522" y="1247" width="90" height="71" />
      </word>
      <word id="d01-056-03-01" tag="IN" text="as">
        <cmp x="687" y="1275" width="36" height="46" />
        <cmp x="731" y="1280" width="35" height="39" />
      </word>
      <word id="d01-056-03-02" tag="RB" text="just">
        <cmp x="826" y="1278" width="43" height="76" />
        <cmp x="865" y="1237" width="12" height="10" />
        <cmp x="876" y="1289" width="42" height="29" />
        <cmp x="912" y="1280" width="32" height="34" />
        <cmp x="964" y="1257" width="38" height="62" />
      </word>
      <word id="d01-056-03-03" tag="RB" text="over">
        <cmp x="1078" y="1282" width="43" height="35" />
        <cmp x="1136" y="1280" width="24" height="32" />
        <cmp x="1174" y="1266" width="61" height="49" />
      </word>
      <word id="d01-056-03-04" tag="CD" text="1,000">
        <cmp x="1319" y="1260" width="12" height="57" />
        <cmp x="1346" y="1314" width="7" height="21" />
        <cmp x="1379" y="1272" width="121" height="38" />
      </word>
      <word id="d01-056-03-05" tag="JJ" text="different">
        <cmp x="1550" y="1260" width="46" height="57" />
        <cmp x="1610" y="1286" width="8" height="25" />
        <cmp x="1621" y="1240" width="7" height="24" />
        <cmp x="1625" y="1251" width="210" height="80" />
        <cmp x="1845" y="1256" width="29" height="50" />
      </word>
      <word id="d01-056-03-06" tag="NNS" text="nouns">
        <cmp x="1929" y="1270" width="32" height="44" />
        <cmp x="1973" y="1265" width="26" height="40" />
        <cmp x="2003" y="1277" width="42" height="27" />
        <cmp x="2046" y="1271" width="31" height="28" />
        <cmp x="2085" y="1275" width="41" height="38" />
      </word>
      <word id="d01-056-03-07" tag="," text=",">
        <cmp x="2154" y="1291" width="12" height="38" />
      </word>
      <upper-contour>
        <point x="412" y="1175" />
        <point x="2154" y="1175" />
      </upper-contour>
      <lower-contour>
        <point x="412" y="1354" />
        <point x="2016" y="1354" />
      </lower-contour>
    </line>
    <line ass="-89" asx="0" asy="1420" character-width="999" dss="-89" dsx="0" dsy="1542" fd0="13427" fd1="3018" fd2="-720" filter-width="3" id="d01-056-04" lbs="105" lbx="0" lby="1494" segmentation="ok" slant="90000" stroke-width="4913" threshold="186" text="verbs, and other parts of speech occurring" ubs="-480" ubx="0" uby="1450">
      <word id="d01-056-04-00" tag="NNS" text="verbs">
        <cmp x="407" y="1449" width="20" height="37" />
        <cmp x="430" y="1436" width="39" height="46" />
        <cmp x="475" y="1423" width="43" height="62" />
        <cmp x="524" y="1454" width="23" height="27" />
      </word>
      <word id="d01-056-04-01" tag="," text=",">
        <cmp x="566" y="1478" width="13" height="46" />
      </word>
      <word id="d01-056-04-02" tag="CC" text="and">
        <cmp x="620" y="1448" width="27" height="36" />
        <cmp x="657" y="1456" width="21" height="39" />
        <cmp x="683" y="1448" width="42" height="42" />
      </word>
      <word id="d01-056-04-03" tag="AP" text="other">
        <cmp x="762" y="1452" width="44" height="41" />
        <cmp x="810" y="1434" width="172" height="66" />
      </word>
      <word id="d01-056-04-04" tag="NNS" text="parts">
        <cmp x="1032" y="1458" width="69" height="80" />
        <cmp x="1111" y="1454" width="13" height="43" />
        <cmp x="1143" y="1432" width="38" height="60" />
        <cmp x="1176" y="1457" width="37" height="35" />
      </word>
      <word id="d01-056-04-05" tag="INO" text="of">
        <cmp x="1262" y="1465" width="41" height="34" />
        <cmp x="1315" y="1444" width="27" height="73" />
      </word>
      <word id="d01-056-04-06" tag="NN" text="speech">
        <cmp x="1404" y="1457" width="34" height="52" />
        <cmp x="1450" y="1465" width="35" height="80" />
        <cmp x="1461" y="1504" width="5" height="4" />
        <cmp x="1500" y="1451" width="78" height="46" />
        <cmp x="1576" y="1439" width="95" height="54" />
      </word>
      <word id="d01-056-04-07" tag="VBG" text="occurring">
        <cmp x="1739" y="1442" width="34" height="44" />
        <cmp x="1783" y="1445" width="56" height="43" />
        <cmp x="1848" y="1462" width="42" height="26" />
        <cmp x="1891" y="1462" width="20" height="28" />
        <cmp x="1916" y="1466" width="9" height="24" />
        <cmp x="1928" y="1424" width="9" height="15" />
        <cmp x="1943" y="1465" width="24" height="32" />
        <cmp x="1976" y="1466" width="22" height="25" />
        <cmp x="1985" y="1538" width="8" height="3" />
        <cmp x="1994" y="1479" width="21" height="61" />
      </word>
      <upper-contour>
        <point x="412" y="1354" />
        <point x="2016" y="1354" />
      </upper-contour>
      <lower-contour>
        <point x="405" y="1545" />
        <point x="2016" y="1545" />
      </lower-contour>
    </line>
    <line ass="124" asx="0" asy="1599" character-width="999" dss="124" dsx="0" dsy="1701" fd0="13532" fd1="2633" fd2="-1049" filter-width="3" id="d01-056-05" lbs="246" lbx="0" lby="1676" segmentation="err" slant="90000" stroke-width="4758" threshold="181" text="15,695 times in their different grammatical" ubs="-118" ubx="0" uby="1635">
      <word id="d01-056-05-00" tag="CD" text="15,695">
        <cmp x="398" y="1611" width="10" height="60" />
        <cmp x="428" y="1605" width="36" height="56" />
        <cmp x="482" y="1652" width="14" height="38" />
        <cmp x="508" y="1613" width="35" height="63" />
        <cmp x="559" y="1615" width="41" height="60" />
        <cmp x="616" y="1621" width="24" height="42" />
        <cmp x="651" y="1621" width="20" height="5" />
      </word>
      <word id="d01-056-05-01" tag="NNS" text="times">
        <cmp x="699" y="1612" width="49" height="69" />
        <cmp x="754" y="1606" width="4" height="15" />
        <cmp x="767" y="1629" width="107" height="56" />
        <cmp x="881" y="1639" width="34" height="35" />
      </word>
      <word id="d01-056-05-02" tag="IN" text="in">
        <cmp x="975" y="1641" width="9" height="36" />
        <cmp x="987" y="1611" width="6" height="10" />
        <cmp x="1011" y="1665" width="3" height="4" />
        <cmp x="1014" y="1639" width="26" height="35" />
      </word>
      <word id="d01-056-05-03" tag="PP$" text="their">
        <cmp x="1072" y="1609" width="156" height="76" />
        <cmp x="1231" y="1624" width="5" height="15" />
        <cmp x="1252" y="1648" width="24" height="34" />
      </word>
      <word id="d01-056-05-04" tag="JJ" text="different">
        <cmp x="1331" y="1609" width="48" height="63" />
        <cmp x="1392" y="1636" width="10" height="32" />
        <cmp x="1404" y="1597" width="5" height="16" />
        <cmp x="1416" y="1609" width="49" height="70" />
        <cmp x="1460" y="1602" width="117" height="75" />
        <cmp x="1587" y="1626" width="63" height="43" />
        <cmp x="1669" y="1604" width="31" height="57" />
      </word>
      <word id="d01-056-05-05" tag="JJ" text="grammatical">
        <cmp x="1747" y="1647" width="7" height="7" />
        <cmp x="1753" y="1657" width="11" height="6" />
        <cmp x="1768" y="1641" width="36" height="57" />
        <cmp x="1820" y="1637" width="7" height="37" />
        <cmp x="1829" y="1638" width="5" height="4" />
        <cmp x="1834" y="1638" width="30" height="37" />
        <cmp x="1871" y="1629" width="45" height="30" />
        <cmp x="1916" y="1669" width="6" height="3" />
        <cmp x="1930" y="1623" width="86" height="59" />
        <cmp x="1935" y="1657" width="13" height="3" />
        <cmp x="2026" y="1610" width="41" height="59" />
        <cmp x="2067" y="1618" width="8" height="20" />
        <cmp x="2084" y="1643" width="25" height="32" />
        <cmp x="2114" y="1649" width="33" height="33" />
        <cmp x="2166" y="1630" width="24" height="49" />
      </word>
      <upper-contour>
        <point x="405" y="1545" />
        <point x="2016" y="1545" />
      </upper-contour>
      <lower-contour>
        <point x="396" y="1699" />
        <point x="2007" y="1699" />
      </lower-contour>
    </line>
    <line ass="543" asx="0" asy="1786" character-width="999" dss="543" dsx="0" dsy="1884" fd0="13317" fd1="3032" fd2="-420" filter-width="3" id="d01-056-06" lbs="580" lbx="0" lby="1874" segmentation="ok" slant="90000" stroke-width="4843" threshold="184" text="forms. There are other texts which could" ubs="470" ubx="0" uby="1838">
      <word id="d01-056-06-00" tag="NNS" text="forms">
        <cmp x="387" y="1783" width="78" height="99" />
        <cmp x="473" y="1826" width="16" height="36" />
        <cmp x="497" y="1824" width="47" height="41" />
        <cmp x="550" y="1835" width="30" height="35" />
        <cmp x="575" y="1833" width="8" height="7" />
      </word>
      <word id="d01-056-06-01" tag="." text=".">
        <cmp x="609" y="1855" width="5" height="15" />
      </word>
      <word id="d01-056-06-02" sentence-start="yes" tag="EX" text="There">
        <cmp x="642" y="1808" width="37" height="61" />
        <cmp x="688" y="1813" width="154" height="64" />
      </word>
      <word id="d01-056-06-03" tag="BER" text="are">
        <cmp x="892" y="1832" width="32" height="33" />
        <cmp x="926" y="1820" width="55" height="48" />
      </word>
      <word id="d01-056-06-04" tag="AP" text="other">
        <cmp x="1025" y="1828" width="39" height="35" />
        <cmp x="1038" y="1837" width="3" height="4" />
        <cmp x="1072" y="1800" width="161" height="70" />
      </word>
      <word id="d01-056-06-05" tag="NNS" text="texts">
        <cmp x="1285" y="1802" width="69" height="58" />
        <cmp x="1363" y="1800" width="69" height="66" />
        <cmp x="1438" y="1829" width="32" height="34" />
      </word>
      <word id="d01-056-06-06" tag="WDT" text="which">
        <cmp x="1539" y="1825" width="45" height="44" />
        <cmp x="1598" y="1800" width="29" height="56" />
        <cmp x="1636" y="1834" width="11" height="25" />
        <cmp x="1647" y="1798" width="6" height="14" />
        <cmp x="1654" y="1809" width="86" height="50" />
      </word>
      <word id="d01-056-06-07" tag="MD" text="could">
        <cmp x="1800" y="1818" width="26" height="45" />
        <cmp x="1836" y="1823" width="30" height="31" />
        <cmp x="1883" y="1828" width="37" height="25" />
        <cmp x="1928" y="1802" width="19" height="59" />
        <cmp x="1963" y="1811" width="43" height="41" />
      </word>
      <upper-contour>
        <point x="396" y="1699" />
        <point x="2007" y="1699" />
      </upper-contour>
      <lower-contour>
        <point x="389" y="1881" />
        <point x="2007" y="1881" />
      </lower-contour>
    </line>
    <line ass="707" asx="0" asy="1981" character-width="999" dss="707" dsx="0" dsy="2089" fd0="13754" fd1="3246" fd2="234" filter-width="3" id="d01-056-07" lbs="692" lbx="0" lby="2057" segmentation="ok" slant="90000" stroke-width="4981" threshold="188" text="have been used, and (as shown in Table 1)" ubs="737" ubx="0" uby="2025">
      <word id="d01-056-07-00" tag="HV" text="have">
        <cmp x="391" y="1994" width="32" height="63" />
        <cmp x="430" y="2015" width="27" height="41" />
        <cmp x="465" y="2029" width="17" height="16" />
        <cmp x="507" y="2009" width="29" height="35" />
      </word>
      <word id="d01-056-07-01" tag="BEN" text="been">
        <cmp x="589" y="1993" width="147" height="63" />
      </word>
      <word id="d01-056-07-02" tag="VBN" text="used">
        <cmp x="802" y="2009" width="106" height="46" />
        <cmp x="908" y="2040" width="3" height="3" />
        <cmp x="914" y="2006" width="46" height="50" />
      </word>
      <word id="d01-056-07-03" tag="," text=",">
        <cmp x="1003" y="2040" width="17" height="38" />
      </word>
      <word id="d01-056-07-04" tag="CC" text="and">
        <cmp x="1061" y="2008" width="32" height="29" />
        <cmp x="1102" y="2020" width="22" height="26" />
        <cmp x="1131" y="2003" width="51" height="37" />
      </word>
      <word id="d01-056-07-05" tag="(" text="(">
        <cmp x="1246" y="1979" width="31" height="73" />
      </word>
      <word id="d01-056-07-06" tag="CS" text="as">
        <cmp x="1311" y="1993" width="32" height="38" />
        <cmp x="1353" y="2003" width="26" height="35" />
      </word>
      <word id="d01-056-07-07" tag="VBN" text="shown">
        <cmp x="1433" y="2001" width="41" height="46" />
        <cmp x="1489" y="1963" width="41" height="77" />
        <cmp x="1534" y="2001" width="38" height="37" />
        <cmp x="1582" y="2002" width="64" height="32" />
        <cmp x="1650" y="2015" width="46" height="22" />
      </word>
      <word id="d01-056-07-08" tag="IN" text="in">
        <cmp x="1753" y="2008" width="12" height="34" />
        <cmp x="1774" y="1972" width="6" height="11" />
        <cmp x="1793" y="2017" width="20" height="31" />
      </word>
      <word id="d01-056-07-09" tag="NN" text="Table">
        <cmp x="1880" y="1963" width="39" height="64" />
        <cmp x="1917" y="1999" width="38" height="34" />
        <cmp x="1970" y="1979" width="36" height="56" />
        <cmp x="2026" y="1993" width="58" height="43" />
      </word>
      <word id="d01-056-07-10" tag="CD1" text="1">
        <cmp x="2121" y="1978" width="14" height="55" />
        <cmp x="2136" y="1976" width="4" height="4" />
      </word>
      <word id="d01-056-07-11" tag=")" text=")">
        <cmp x="2169" y="1961" width="21" height="100" />
      </word>
      <upper-contour>
        <point x="389" y="1881" />
        <point x="2007" y="1881" />
      </upper-contour>
      <lower-contour>
        <point x="391" y="2078" />
        <point x="2179" y="2078" />
      </lower-contour>
    </line>
    <line ass="400" asx="0" asy="2151" character-width="999" dss="400" dsx="0" dsy="2272" fd0="13576" fd1="3120" fd2="-5" filter-width="3" id="d01-056-08" lbs="414" lbx="0" lby="2227" segmentation="ok" slant="74000" stroke-width="4901" threshold="188" text="it is not a matter of the greatest importance" ubs="373" ubx="0" uby="2196">
      <word id="d01-056-08-00" tag="PP3" text="it">
        <cmp x="393" y="2183" width="11" height="35" />
        <cmp x="402" y="2148" width="12" height="17" />
        <cmp x="425" y="2156" width="33" height="74" />
      </word>
      <word id="d01-056-08-01" tag="BEZ" text="is">
        <cmp x="484" y="2200" width="11" height="30" />
        <cmp x="505" y="2168" width="5" height="14" />
        <cmp x="513" y="2198" width="31" height="26" />
      </word>
      <word id="d01-056-08-02" tag="XNOT" text="not">
        <cmp x="601" y="2192" width="29" height="35" />
        <cmp x="635" y="2191" width="41" height="33" />
        <cmp x="679" y="2164" width="32" height="59" />
      </word>
      <word id="d01-056-08-03" tag="AT" text="a">
        <cmp x="770" y="2192" width="36" height="35" />
      </word>
      <word id="d01-056-08-04" tag="NN" text="matter">
        <cmp x="846" y="2187" width="49" height="37" />
        <cmp x="905" y="2193" width="29" height="38" />
        <cmp x="951" y="2164" width="118" height="70" />
        <cmp x="1070" y="2204" width="3" height="3" />
      </word>
      <word id="d01-056-08-05" tag="INO" text="of">
        <cmp x="1140" y="2189" width="40" height="31" />
        <cmp x="1186" y="2156" width="40" height="72" />
      </word>
      <word id="d01-056-08-06" tag="ATI" text="the">
        <cmp x="1257" y="2163" width="102" height="55" />
      </word>
      <word id="d01-056-08-07" tag="JJT" text="greatest">
        <cmp x="1427" y="2186" width="45" height="77" />
        <cmp x="1496" y="2174" width="70" height="40" />
        <cmp x="1566" y="2187" width="30" height="25" />
        <cmp x="1609" y="2162" width="60" height="48" />
        <cmp x="1671" y="2190" width="40" height="36" />
        <cmp x="1719" y="2159" width="42" height="60" />
      </word>
      <word id="d01-056-08-08" tag="NN" text="importance">
        <cmp x="1844" y="2180" width="13" height="30" />
        <cmp x="1856" y="2148" width="11" height="7" />
        <cmp x="1868" y="2175" width="34" height="34" />
        <cmp x="1907" y="2184" width="37" height="63" />
        <cmp x="1955" y="2189" width="36" height="23" />
        <cmp x="2006" y="2178" width="19" height="32" />
        <cmp x="2039" y="2149" width="59" height="65" />
        <cmp x="2097" y="2196" width="23" height="24" />
        <cmp x="2129" y="2190" width="50" height="53" />
      </word>
      <upper-contour>
        <point x="391" y="2078" />
        <point x="2179" y="2078" />
      </upper-contour>
      <lower-contour>
        <point x="392" y="2234" />
        <point x="1168" y="2234" />
      </lower-contour>
    </line>
    <line ass="524" asx="0" asy="2330" character-width="999" dss="524" dsx="0" dsy="2409" fd0="13919" fd1="3613" fd2="153" filter-width="3" id="d01-056-09" lbs="400" lbx="0" lby="2401" segmentation="ok" slant="86000" stroke-width="4930" threshold="183" text="which text is used." ubs="772" ubx="0" uby="2372">
      <word id="d01-056-09-00" tag="WDT" text="which">
        <cmp x="394" y="2367" width="49" height="36" />
        <cmp x="446" y="2344" width="37" height="60" />
        <cmp x="494" y="2375" width="8" height="22" />
        <cmp x="503" y="2340" width="4" height="16" />
        <cmp x="518" y="2356" width="90" height="49" />
      </word>
      <word id="d01-056-09-01" tag="NN" text="text">
        <cmp x="673" y="2339" width="51" height="53" />
        <cmp x="742" y="2355" width="39" height="42" />
        <cmp x="780" y="2345" width="22" height="50" />
      </word>
      <word id="d01-056-09-02" tag="BEZ" text="is">
        <cmp x="866" y="2359" width="15" height="35" />
        <cmp x="890" y="2323" width="6" height="14" />
        <cmp x="894" y="2360" width="34" height="39" />
      </word>
      <word id="d01-056-09-03" tag="VBN" text="used">
        <cmp x="977" y="2362" width="43" height="31" />
        <cmp x="1023" y="2358" width="60" height="37" />
        <cmp x="1090" y="2350" width="49" height="47" />
      </word>
      <word id="d01-056-09-04" tag="." text=".">
        <cmp x="1163" y="2393" width="5" height="6" />
      </word>
      <upper-contour>
        <point x="392" y="2234" />
        <point x="1168" y="2234" />
      </upper-contour>
    </line>
  </handwritten-part>
</form>

