<?xml version="1.0" encoding="ISO-8859-1"?>

<!DOCTYPE form SYSTEM 'http://www.iam.unibe.ch/~fki/iamdb/form-metadata.dtd'>

<form created="2002-01-16" height="3542" id="d04-037" last-modified="2002-07-17" skew="0" status="final" version="3.0_beta" width="2479" writer-id="187">
  <machine-printed-part>
    <machine-print-line text="Then the whole earth will be His Altar. &amp;quot;And it shall come to pass, if 1ye shall" />
    <machine-print-line text="1hearken diligently unto my commandments, which I command you this day, to love" />
    <machine-print-line text="the Lord your God, and to serve Him with all your heart and with all your soul.&amp;quot;" />
    <machine-print-line text="This may seem very good, but there is something deficient." />
  </machine-printed-part>
  <handwritten-part>
    <line ass="472" asx="0" asy="723" character-width="999" dss="472" dsx="0" dsy="857" fd0="13310" fd1="2686" fd2="-1419" filter-width="3" id="d04-037-00" lbs="476" lbx="0" lby="815" segmentation="err" slant="75000" stroke-width="5147" threshold="182" text="Then the whole earth will be His Altar. &amp;quot;And it" ubs="462" ubx="0" uby="774">
      <word id="d04-037-00-00" sentence-start="yes" tag="RN" text="Then">
        <cmp x="378" y="719" width="55" height="31" />
        <cmp x="387" y="727" width="31" height="74" />
        <cmp x="430" y="733" width="19" height="73" />
        <cmp x="458" y="771" width="19" height="37" />
        <cmp x="481" y="774" width="27" height="64" />
      </word>
      <word id="d04-037-00-01" tag="ATI" text="the">
        <cmp x="582" y="742" width="28" height="73" />
        <cmp x="604" y="736" width="23" height="76" />
        <cmp x="634" y="770" width="24" height="39" />
      </word>
      <word id="d04-037-00-02" tag="JJ" text="whole">
        <cmp x="701" y="766" width="45" height="47" />
        <cmp x="744" y="730" width="27" height="82" />
        <cmp x="774" y="771" width="25" height="37" />
        <cmp x="801" y="730" width="30" height="74" />
        <cmp x="824" y="759" width="27" height="40" />
      </word>
      <word id="d04-037-00-03" tag="NN" text="earth">
        <cmp x="928" y="766" width="29" height="41" />
        <cmp x="954" y="770" width="42" height="39" />
        <cmp x="998" y="770" width="28" height="39" />
        <cmp x="1018" y="720" width="28" height="97" />
        <cmp x="1044" y="733" width="28" height="76" />
      </word>
      <word id="d04-037-00-04" tag="MD" text="will">
        <cmp x="1158" y="764" width="47" height="41" />
        <cmp x="1209" y="771" width="9" height="30" />
        <cmp x="1220" y="737" width="5" height="13" />
        <cmp x="1238" y="725" width="33" height="72" />
        <cmp x="1267" y="726" width="31" height="71" />
      </word>
      <word id="d04-037-00-05" tag="BE" text="be">
        <cmp x="1342" y="736" width="31" height="65" />
        <cmp x="1379" y="762" width="27" height="41" />
      </word>
      <word id="d04-037-00-06" tag="PP$" text="His">
        <cmp x="1438" y="722" width="33" height="84" />
        <cmp x="1464" y="713" width="36" height="85" />
        <cmp x="1487" y="773" width="15" height="34" />
        <cmp x="1500" y="749" width="8" height="21" />
        <cmp x="1509" y="765" width="27" height="37" />
      </word>
      <word id="d04-037-00-07" tag="NN" text="Altar">
        <cmp x="1574" y="722" width="72" height="85" />
        <cmp x="1638" y="726" width="40" height="73" />
        <cmp x="1673" y="720" width="36" height="75" />
        <cmp x="1699" y="758" width="38" height="38" />
        <cmp x="1746" y="761" width="32" height="37" />
      </word>
      <word id="d04-037-00-08" tag="." text=".">
        <cmp x="1772" y="793" width="8" height="9" />
      </word>
      <word id="d04-037-00-09" sentence-start="yes" tag="*&apos;" text="&quot;">
        <cmp x="1815" y="733" width="5" height="10" />
      </word>
      <word id="d04-037-00-10" tag="CC" text="And">
        <cmp x="1814" y="713" width="69" height="98" />
        <cmp x="1827" y="724" width="14" height="23" />
        <cmp x="1872" y="766" width="39" height="76" />
        <cmp x="1908" y="718" width="49" height="95" />
      </word>
      <word id="d04-037-00-11" tag="PP3" text="it">
        <cmp x="2007" y="774" width="11" height="27" />
        <cmp x="2018" y="738" width="6" height="24" />
        <cmp x="2035" y="725" width="27" height="80" />
      </word>
      <lower-contour>
        <point x="376" y="838" />
        <point x="1858" y="838" />
      </lower-contour>
    </line>
    <line ass="-212" asx="0" asy="880" character-width="999" dss="-212" dsx="0" dsy="1025" fd0="12964" fd1="2507" fd2="-1395" filter-width="3" id="d04-037-01" lbs="-199" lbx="0" lby="985" segmentation="err" slant="78000" stroke-width="5213" threshold="182" text="shall come to pass, if 1ye shall 1hearken" ubs="-240" ubx="0" uby="942">
      <word id="d04-037-01-00" tag="MD" text="shall">
        <cmp x="320" y="882" width="65" height="115" />
        <cmp x="389" y="941" width="34" height="48" />
        <cmp x="429" y="909" width="35" height="81" />
        <cmp x="460" y="911" width="30" height="83" />
      </word>
      <word id="d04-037-01-01" tag="VB" text="come">
        <cmp x="578" y="950" width="25" height="37" />
        <cmp x="603" y="943" width="80" height="86" />
        <cmp x="694" y="949" width="29" height="48" />
      </word>
      <word id="d04-037-01-02" tag="TO" text="to">
        <cmp x="794" y="901" width="27" height="79" />
        <cmp x="818" y="943" width="28" height="40" />
      </word>
      <word id="d04-037-01-03" tag="VB" text="pass">
        <cmp x="898" y="948" width="31" height="80" />
        <cmp x="933" y="951" width="37" height="39" />
        <cmp x="972" y="954" width="25" height="35" />
        <cmp x="1002" y="950" width="28" height="43" />
        <cmp x="1020" y="996" width="12" height="18" />
      </word>
      <word id="d04-037-01-04" tag="," text=",">
        <cmp x="1076" y="929" width="9" height="59" />
      </word>
      <word id="d04-037-01-05" tag="CS" text="if">
        <cmp x="1094" y="903" width="40" height="81" />
      </word>
      <word id="d04-037-01-06" tag="PP2" text="1ye">
        <cmp x="1205" y="922" width="32" height="68" />
        <cmp x="1231" y="949" width="32" height="68" />
        <cmp x="1268" y="950" width="21" height="40" />
      </word>
      <word id="d04-037-01-07" tag="MD" text="shall">
        <cmp x="1370" y="900" width="56" height="93" />
        <cmp x="1433" y="950" width="39" height="40" />
        <cmp x="1481" y="920" width="32" height="67" />
        <cmp x="1509" y="914" width="32" height="71" />
      </word>
      <word id="d04-037-01-08" tag="VB" text="1hearken">
        <cmp x="1588" y="923" width="33" height="61" />
        <cmp x="1626" y="923" width="26" height="71" />
        <cmp x="1664" y="953" width="58" height="40" />
        <cmp x="1726" y="954" width="33" height="41" />
        <cmp x="1760" y="917" width="38" height="70" />
        <cmp x="1793" y="948" width="27" height="43" />
        <cmp x="1822" y="950" width="35" height="65" />
      </word>
      <upper-contour>
        <point x="376" y="838" />
        <point x="1858" y="838" />
      </upper-contour>
      <lower-contour>
        <point x="336" y="1029" />
        <point x="1858" y="1029" />
      </lower-contour>
    </line>
    <line ass="-123" asx="0" asy="1065" character-width="999" dss="-123" dsx="0" dsy="1246" fd0="13186" fd1="2193" fd2="-1916" filter-width="3" id="d04-037-02" lbs="-161" lbx="0" lby="1174" segmentation="ok" slant="80000" stroke-width="5153" threshold="183" text="diligently unto my commandments, which I command" ubs="-48" ubx="0" uby="1128">
      <word id="d04-037-02-00" tag="RB" text="diligently">
        <cmp x="338" y="1067" width="32" height="99" />
        <cmp x="381" y="1104" width="9" height="58" />
        <cmp x="406" y="1078" width="37" height="85" />
        <cmp x="441" y="1121" width="44" height="91" />
        <cmp x="488" y="1121" width="24" height="49" />
        <cmp x="513" y="1127" width="31" height="102" />
        <cmp x="562" y="1093" width="20" height="76" />
        <cmp x="582" y="1092" width="29" height="78" />
        <cmp x="588" y="1139" width="40" height="109" />
      </word>
      <word id="d04-037-02-01" tag="IN" text="unto">
        <cmp x="722" y="1127" width="29" height="44" />
        <cmp x="724" y="1139" width="3" height="3" />
        <cmp x="758" y="1124" width="30" height="84" />
        <cmp x="805" y="1081" width="23" height="92" />
        <cmp x="824" y="1128" width="27" height="43" />
      </word>
      <word id="d04-037-02-02" tag="PP$" text="my">
        <cmp x="909" y="1129" width="56" height="75" />
        <cmp x="955" y="1131" width="46" height="108" />
      </word>
      <word id="d04-037-02-03" tag="NNS" text="commandments">
        <cmp x="1057" y="1136" width="19" height="31" />
        <cmp x="1071" y="1126" width="14" height="11" />
        <cmp x="1077" y="1131" width="36" height="36" />
        <cmp x="1117" y="1130" width="46" height="83" />
        <cmp x="1169" y="1130" width="112" height="91" />
        <cmp x="1292" y="1074" width="78" height="134" />
        <cmp x="1381" y="1082" width="82" height="125" />
        <cmp x="1462" y="1130" width="27" height="37" />
      </word>
      <word id="d04-037-02-04" tag="," text=",">
        <cmp x="1471" y="1167" width="18" height="19" />
      </word>
      <word id="d04-037-02-05" tag="WDT" text="which">
        <cmp x="1518" y="1117" width="51" height="59" />
        <cmp x="1574" y="1097" width="25" height="66" />
        <cmp x="1610" y="1132" width="9" height="30" />
        <cmp x="1617" y="1107" width="6" height="21" />
        <cmp x="1625" y="1121" width="25" height="41" />
        <cmp x="1657" y="1080" width="27" height="84" />
      </word>
      <word id="d04-037-02-06" tag="PP1A" text="I">
        <cmp x="1737" y="1112" width="28" height="59" />
        <cmp x="1750" y="1103" width="27" height="5" />
      </word>
      <word id="d04-037-02-07" tag="VB" text="command">
        <cmp x="1813" y="1130" width="30" height="38" />
        <cmp x="1839" y="1131" width="37" height="37" />
        <cmp x="1873" y="1127" width="95" height="75" />
        <cmp x="1966" y="1126" width="78" height="79" />
        <cmp x="2039" y="1081" width="53" height="90" />
      </word>
      <upper-contour>
        <point x="336" y="1029" />
        <point x="1858" y="1029" />
      </upper-contour>
      <lower-contour>
        <point x="343" y="1248" />
        <point x="2018" y="1248" />
      </lower-contour>
    </line>
    <line ass="278" asx="0" asy="1256" character-width="999" dss="278" dsx="0" dsy="1412" fd0="12903" fd1="2471" fd2="-1053" filter-width="3" id="d04-037-03" lbs="306" lbx="0" lby="1356" segmentation="ok" slant="79000" stroke-width="5265" threshold="183" text="you this day, to love the Lord your God, and to" ubs="224" ubx="0" uby="1310">
      <word id="d04-037-03-00" tag="PP2" text="you">
        <cmp x="345" y="1286" width="23" height="107" />
        <cmp x="366" y="1308" width="55" height="48" />
      </word>
      <word id="d04-037-03-01" tag="DT" text="this">
        <cmp x="496" y="1273" width="36" height="78" />
        <cmp x="522" y="1275" width="18" height="81" />
        <cmp x="530" y="1317" width="17" height="33" />
        <cmp x="557" y="1301" width="11" height="47" />
        <cmp x="574" y="1308" width="27" height="43" />
      </word>
      <word id="d04-037-03-02" tag="NN" text="day">
        <cmp x="669" y="1253" width="30" height="102" />
        <cmp x="711" y="1306" width="68" height="104" />
      </word>
      <word id="d04-037-03-03" tag="," text=",">
        <cmp x="788" y="1350" width="13" height="30" />
      </word>
      <word id="d04-037-03-04" tag="TO" text="to">
        <cmp x="861" y="1270" width="26" height="75" />
        <cmp x="885" y="1313" width="28" height="40" />
      </word>
      <word id="d04-037-03-05" tag="VB" text="love">
        <cmp x="944" y="1275" width="28" height="75" />
        <cmp x="963" y="1315" width="31" height="36" />
        <cmp x="995" y="1309" width="44" height="40" />
      </word>
      <word id="d04-037-03-06" tag="ATI" text="the">
        <cmp x="1107" y="1272" width="26" height="68" />
        <cmp x="1127" y="1274" width="26" height="74" />
        <cmp x="1160" y="1297" width="26" height="52" />
      </word>
      <word id="d04-037-03-07" tag="NPT" text="Lord">
        <cmp x="1240" y="1280" width="60" height="72" />
        <cmp x="1302" y="1314" width="28" height="38" />
        <cmp x="1329" y="1253" width="31" height="95" />
      </word>
      <word id="d04-037-03-08" tag="PP$" text="your">
        <cmp x="1406" y="1300" width="43" height="92" />
        <cmp x="1448" y="1309" width="63" height="40" />
        <cmp x="1515" y="1312" width="32" height="39" />
      </word>
      <word id="d04-037-03-09" tag="NP" text="God">
        <cmp x="1586" y="1272" width="47" height="76" />
        <cmp x="1628" y="1311" width="33" height="35" />
        <cmp x="1635" y="1271" width="7" height="5" />
        <cmp x="1664" y="1253" width="42" height="90" />
      </word>
      <word id="d04-037-03-10" tag="," text=",">
        <cmp x="1711" y="1341" width="16" height="25" />
      </word>
      <word id="d04-037-03-11" tag="CC" text="and">
        <cmp x="1752" y="1308" width="90" height="74" />
        <cmp x="1851" y="1257" width="41" height="89" />
      </word>
      <word id="d04-037-03-12" tag="TO" text="to">
        <cmp x="1950" y="1259" width="38" height="77" />
        <cmp x="1979" y="1302" width="38" height="38" />
      </word>
      <upper-contour>
        <point x="343" y="1248" />
        <point x="2018" y="1248" />
      </upper-contour>
      <lower-contour>
        <point x="343" y="1410" />
        <point x="2018" y="1410" />
      </lower-contour>
    </line>
    <line ass="172" asx="0" asy="1435" character-width="999" dss="172" dsx="0" dsy="1584" fd0="13324" fd1="2340" fd2="-1439" filter-width="3" id="d04-037-04" lbs="258" lbx="0" lby="1530" segmentation="ok" slant="70000" stroke-width="5277" threshold="183" text="serve Him with all your heart and with all" ubs="1" ubx="0" uby="1485">
      <word id="d04-037-04-00" tag="VB" text="serve">
        <cmp x="332" y="1484" width="28" height="45" />
        <cmp x="368" y="1476" width="28" height="44" />
        <cmp x="409" y="1481" width="40" height="41" />
        <cmp x="453" y="1478" width="23" height="46" />
      </word>
      <word id="d04-037-04-01" tag="PP3O" text="Him">
        <cmp x="553" y="1435" width="49" height="87" />
        <cmp x="613" y="1468" width="12" height="58" />
        <cmp x="624" y="1487" width="55" height="79" />
      </word>
      <word id="d04-037-04-02" tag="IN" text="with">
        <cmp x="787" y="1487" width="45" height="44" />
        <cmp x="835" y="1490" width="10" height="39" />
        <cmp x="843" y="1443" width="7" height="23" />
        <cmp x="861" y="1439" width="45" height="90" />
      </word>
      <word id="d04-037-04-03" tag="ABN" text="all">
        <cmp x="967" y="1485" width="32" height="44" />
        <cmp x="997" y="1447" width="32" height="82" />
        <cmp x="1008" y="1438" width="49" height="93" />
      </word>
      <word id="d04-037-04-04" tag="PP$" text="your">
        <cmp x="1080" y="1472" width="52" height="110" />
        <cmp x="1130" y="1487" width="28" height="38" />
        <cmp x="1158" y="1491" width="30" height="36" />
        <cmp x="1192" y="1493" width="31" height="37" />
      </word>
      <word id="d04-037-04-05" tag="NN" text="heart">
        <cmp x="1281" y="1438" width="25" height="79" />
        <cmp x="1310" y="1479" width="72" height="44" />
        <cmp x="1386" y="1489" width="28" height="36" />
        <cmp x="1418" y="1455" width="26" height="75" />
      </word>
      <word id="d04-037-04-06" tag="CC" text="and">
        <cmp x="1509" y="1487" width="90" height="79" />
        <cmp x="1601" y="1443" width="50" height="83" />
      </word>
      <word id="d04-037-04-07" tag="IN" text="with">
        <cmp x="1705" y="1485" width="52" height="44" />
        <cmp x="1753" y="1490" width="16" height="37" />
        <cmp x="1773" y="1456" width="7" height="21" />
        <cmp x="1778" y="1444" width="62" height="87" />
      </word>
      <word id="d04-037-04-08" tag="ABN" text="all">
        <cmp x="1898" y="1486" width="42" height="41" />
        <cmp x="1941" y="1443" width="50" height="77" />
        <cmp x="1968" y="1445" width="54" height="73" />
      </word>
      <upper-contour>
        <point x="343" y="1410" />
        <point x="2018" y="1410" />
      </upper-contour>
      <lower-contour>
        <point x="341" y="1582" />
        <point x="2023" y="1582" />
      </lower-contour>
    </line>
    <line ass="-575" asx="0" asy="1591" character-width="999" dss="-575" dsx="0" dsy="1779" fd0="13454" fd1="2381" fd2="-1401" filter-width="3" id="d04-037-05" lbs="-726" lbx="0" lby="1692" segmentation="err" slant="74000" stroke-width="5163" threshold="184" text="your soul.&amp;quot; This may seem very good, but there" ubs="-274" ubx="0" uby="1664">
      <word id="d04-037-05-00" tag="PP$" text="your">
        <cmp x="343" y="1637" width="33" height="103" />
        <cmp x="380" y="1656" width="27" height="42" />
        <cmp x="388" y="1674" width="3" height="4" />
        <cmp x="412" y="1651" width="28" height="39" />
        <cmp x="450" y="1659" width="31" height="42" />
      </word>
      <word id="d04-037-05-01" tag="NN" text="soul">
        <cmp x="554" y="1658" width="58" height="49" />
        <cmp x="618" y="1664" width="30" height="36" />
        <cmp x="650" y="1632" width="36" height="77" />
      </word>
      <word id="d04-037-05-02" tag="." text=".">
        <cmp x="690" y="1692" width="7" height="11" />
        <cmp x="714" y="1625" width="8" height="18" />
        <cmp x="729" y="1619" width="5" height="26" />
      </word>
      <word id="d04-037-05-03" tag="**&apos;" text="&quot;">
        <cmp x="802" y="1620" width="40" height="53" />
      </word>
      <word id="d04-037-05-04" sentence-start="yes" tag="DT" text="This">
        <cmp x="807" y="1632" width="31" height="75" />
        <cmp x="848" y="1620" width="25" height="87" />
        <cmp x="879" y="1666" width="10" height="37" />
        <cmp x="884" y="1641" width="9" height="24" />
        <cmp x="890" y="1664" width="29" height="38" />
      </word>
      <word id="d04-037-05-05" tag="MD" text="may">
        <cmp x="936" y="1763" width="6" height="25" />
        <cmp x="975" y="1664" width="37" height="41" />
        <cmp x="1002" y="1666" width="29" height="84" />
        <cmp x="1032" y="1667" width="63" height="124" />
      </word>
      <word id="d04-037-05-06" tag="VB" text="seem">
        <cmp x="1162" y="1671" width="25" height="39" />
        <cmp x="1166" y="1780" width="5" height="8" />
        <cmp x="1183" y="1662" width="12" height="7" />
        <cmp x="1199" y="1659" width="96" height="105" />
      </word>
      <word id="d04-037-05-07" tag="QL" text="very">
        <cmp x="1381" y="1663" width="25" height="46" />
        <cmp x="1400" y="1666" width="81" height="117" />
      </word>
      <word id="d04-037-05-08" tag="JJ" text="good">
        <cmp x="1533" y="1658" width="112" height="106" />
        <cmp x="1545" y="1672" width="8" height="8" />
        <cmp x="1555" y="1672" width="6" height="9" />
        <cmp x="1647" y="1611" width="48" height="92" />
      </word>
      <word id="d04-037-05-09" tag="," text=",">
        <cmp x="1682" y="1690" width="17" height="30" />
      </word>
      <word id="d04-037-05-10" tag="CC" text="but">
        <cmp x="1741" y="1632" width="32" height="77" />
        <cmp x="1772" y="1667" width="42" height="42" />
        <cmp x="1828" y="1611" width="34" height="92" />
        <cmp x="1849" y="1631" width="3" height="5" />
      </word>
      <word id="d04-037-05-11" tag="EX" text="there">
        <cmp x="1911" y="1614" width="41" height="84" />
        <cmp x="1942" y="1619" width="29" height="80" />
        <cmp x="1976" y="1653" width="29" height="47" />
        <cmp x="2002" y="1662" width="55" height="40" />
      </word>
      <upper-contour>
        <point x="341" y="1582" />
        <point x="2023" y="1582" />
      </upper-contour>
      <lower-contour>
        <point x="363" y="1787" />
        <point x="1051" y="1791" />
        <point x="1165" y="1787" />
        <point x="1206" y="1787" />
      </lower-contour>
    </line>
    <line ass="117" asx="0" asy="1790" character-width="999" dss="117" dsx="0" dsy="1954" fd0="12720" fd1="2642" fd2="-1730" filter-width="3" id="d04-037-06" lbs="76" lbx="0" lby="1891" segmentation="ok" slant="81000" stroke-width="5075" threshold="184" text="is something deficient." ubs="200" ubx="0" uby="1840">
      <word id="d04-037-06-00" tag="BEZ" text="is">
        <cmp x="365" y="1819" width="11" height="67" />
        <cmp x="385" y="1842" width="24" height="46" />
      </word>
      <word id="d04-037-06-01" tag="PN" text="something">
        <cmp x="497" y="1853" width="29" height="45" />
        <cmp x="536" y="1845" width="31" height="42" />
        <cmp x="573" y="1842" width="42" height="104" />
        <cmp x="622" y="1841" width="24" height="53" />
        <cmp x="656" y="1791" width="55" height="103" />
        <cmp x="722" y="1818" width="16" height="72" />
        <cmp x="742" y="1849" width="35" height="60" />
        <cmp x="770" y="1856" width="39" height="97" />
      </word>
      <word id="d04-037-06-02" tag="JJ" text="deficient">
        <cmp x="900" y="1790" width="40" height="102" />
        <cmp x="946" y="1839" width="24" height="45" />
        <cmp x="993" y="1796" width="36" height="91" />
        <cmp x="1036" y="1841" width="28" height="49" />
        <cmp x="1060" y="1843" width="15" height="49" />
        <cmp x="1077" y="1805" width="10" height="33" />
        <cmp x="1080" y="1840" width="52" height="97" />
        <cmp x="1144" y="1790" width="28" height="104" />
      </word>
      <word id="d04-037-06-03" tag="." text=".">
        <cmp x="1195" y="1875" width="10" height="11" />
      </word>
      <upper-contour>
        <point x="363" y="1787" />
        <point x="1051" y="1791" />
        <point x="1165" y="1787" />
        <point x="1206" y="1787" />
      </upper-contour>
    </line>
  </handwritten-part>
</form>

