<?xml version="1.0" encoding="ISO-8859-1"?>

<!DOCTYPE form SYSTEM 'http://www.iam.unibe.ch/~fki/iamdb/form-metadata.dtd'>

<form created="2002-01-16" height="3542" id="d04-008" last-modified="2002-07-17" skew="-30" status="final" version="3.0_beta" width="2479" writer-id="184">
  <machine-printed-part>
    <machine-print-line text="The Talmud describes that the Shamir lives in a sanctuary, and only some rare birds" />
    <machine-print-line text="know the existence of it. These birds are, the Cherubim and the Seraphim. We are" />
    <machine-print-line text="also told that the Shamir is the stylus used by Moses, and this stylus is described as" />
    <machine-print-line text="a very precious diamond-stone and very adamant." />
  </machine-printed-part>
  <handwritten-part>
    <line ass="293" asx="0" asy="756" character-width="999" dss="293" dsx="0" dsy="839" fd0="14108" fd1="3258" fd2="-519" filter-width="3" id="d04-008-00" lbs="337" lbx="0" lby="826" segmentation="ok" slant="107000" stroke-width="4687" threshold="196" text="The Talmud describes that the Shamir lives in" ubs="206" ubx="0" uby="802">
      <word id="d04-008-00-00" sentence-start="yes" tag="ATI" text="The">
        <cmp x="330" y="759" width="56" height="9" />
        <cmp x="356" y="767" width="22" height="69" />
        <cmp x="393" y="759" width="47" height="69" />
        <cmp x="442" y="791" width="38" height="34" />
      </word>
      <word id="d04-008-00-01" tag="NP" text="Talmud">
        <cmp x="517" y="760" width="39" height="6" />
        <cmp x="534" y="767" width="25" height="60" />
        <cmp x="569" y="799" width="40" height="22" />
        <cmp x="606" y="758" width="23" height="73" />
        <cmp x="630" y="798" width="57" height="30" />
        <cmp x="697" y="802" width="35" height="26" />
        <cmp x="737" y="753" width="35" height="71" />
      </word>
      <word id="d04-008-00-02" tag="VBZ" text="describes">
        <cmp x="833" y="753" width="48" height="70" />
        <cmp x="889" y="794" width="28" height="29" />
        <cmp x="924" y="793" width="20" height="25" />
        <cmp x="945" y="797" width="32" height="24" />
        <cmp x="978" y="799" width="25" height="24" />
        <cmp x="999" y="783" width="6" height="10" />
        <cmp x="1011" y="804" width="9" height="21" />
        <cmp x="1032" y="775" width="38" height="43" />
        <cmp x="1075" y="795" width="40" height="27" />
        <cmp x="1113" y="791" width="21" height="36" />
      </word>
      <word id="d04-008-00-03" tag="CS" text="that">
        <cmp x="1187" y="767" width="30" height="58" />
        <cmp x="1218" y="764" width="37" height="61" />
        <cmp x="1258" y="768" width="61" height="59" />
      </word>
      <word id="d04-008-00-04" tag="ATI" text="the">
        <cmp x="1375" y="766" width="27" height="66" />
        <cmp x="1407" y="774" width="38" height="58" />
        <cmp x="1449" y="802" width="36" height="27" />
      </word>
      <word id="d04-008-00-05" tag="NP" text="Shamir">
        <cmp x="1530" y="778" width="35" height="46" />
        <cmp x="1548" y="777" width="9" height="6" />
        <cmp x="1573" y="780" width="36" height="42" />
        <cmp x="1615" y="799" width="88" height="25" />
        <cmp x="1701" y="791" width="5" height="7" />
        <cmp x="1712" y="806" width="9" height="25" />
        <cmp x="1732" y="799" width="22" height="31" />
      </word>
      <word id="d04-008-00-06" tag="VBZ" text="lives">
        <cmp x="1797" y="759" width="20" height="62" />
        <cmp x="1814" y="775" width="6" height="5" />
        <cmp x="1823" y="796" width="10" height="28" />
        <cmp x="1842" y="795" width="26" height="28" />
        <cmp x="1861" y="792" width="5" height="9" />
        <cmp x="1871" y="792" width="51" height="27" />
      </word>
      <word id="d04-008-00-07" tag="IN" text="in">
        <cmp x="1979" y="778" width="10" height="11" />
        <cmp x="1990" y="803" width="11" height="25" />
        <cmp x="2009" y="795" width="49" height="34" />
      </word>
      <lower-contour>
        <point x="335" y="836" />
        <point x="2059" y="836" />
      </lower-contour>
    </line>
    <line ass="-100" asx="0" asy="942" character-width="999" dss="-100" dsx="0" dsy="1036" fd0="14147" fd1="3015" fd2="-449" filter-width="3" id="d04-008-01" lbs="-55" lbx="0" lby="1004" segmentation="ok" slant="110000" stroke-width="4700" threshold="201" text="a sanctuary, and only some rare birds know" ubs="-190" ubx="0" uby="980">
      <word id="d04-008-01-00" tag="AT" text="a">
        <cmp x="337" y="977" width="50" height="35" />
      </word>
      <word id="d04-008-01-01" tag="NN" text="sanctuary">
        <cmp x="428" y="981" width="24" height="25" />
        <cmp x="461" y="979" width="35" height="26" />
        <cmp x="503" y="977" width="30" height="30" />
        <cmp x="540" y="983" width="30" height="26" />
        <cmp x="564" y="952" width="26" height="54" />
        <cmp x="598" y="978" width="109" height="29" />
        <cmp x="712" y="978" width="45" height="57" />
      </word>
      <word id="d04-008-01-02" tag="," text=",">
        <cmp x="789" y="1006" width="8" height="21" />
      </word>
      <word id="d04-008-01-03" tag="CC" text="and">
        <cmp x="831" y="979" width="53" height="31" />
        <cmp x="878" y="979" width="38" height="29" />
        <cmp x="923" y="947" width="55" height="62" />
      </word>
      <word id="d04-008-01-04" tag="RB" text="only">
        <cmp x="1036" y="981" width="34" height="22" />
        <cmp x="1068" y="979" width="37" height="24" />
        <cmp x="1108" y="951" width="20" height="52" />
        <cmp x="1141" y="980" width="44" height="59" />
      </word>
      <word id="d04-008-01-05" tag="DTI" text="some">
        <cmp x="1250" y="971" width="27" height="33" />
        <cmp x="1284" y="979" width="31" height="22" />
        <cmp x="1316" y="981" width="51" height="20" />
        <cmp x="1364" y="994" width="4" height="12" />
        <cmp x="1383" y="979" width="55" height="28" />
      </word>
      <word id="d04-008-01-06" tag="JJ" text="rare">
        <cmp x="1482" y="984" width="28" height="20" />
        <cmp x="1523" y="984" width="52" height="25" />
        <cmp x="1581" y="966" width="41" height="49" />
        <cmp x="1626" y="985" width="40" height="22" />
      </word>
      <word id="d04-008-01-07" tag="NNS" text="birds">
        <cmp x="1707" y="960" width="39" height="48" />
        <cmp x="1751" y="985" width="13" height="25" />
        <cmp x="1770" y="984" width="29" height="29" />
        <cmp x="1804" y="952" width="41" height="56" />
        <cmp x="1852" y="981" width="24" height="33" />
      </word>
      <word id="d04-008-01-08" tag="VB" text="know">
        <cmp x="1930" y="947" width="34" height="54" />
        <cmp x="1965" y="983" width="22" height="31" />
        <cmp x="1993" y="986" width="69" height="28" />
      </word>
      <upper-contour>
        <point x="335" y="836" />
        <point x="2059" y="836" />
      </upper-contour>
      <lower-contour>
        <point x="335" y="1039" />
        <point x="2063" y="1039" />
      </lower-contour>
    </line>
    <line ass="33" asx="0" asy="1118" character-width="999" dss="33" dsx="0" dsy="1199" fd0="14278" fd1="3444" fd2="-577" filter-width="3" id="d04-008-02" lbs="-68" lbx="0" lby="1179" segmentation="ok" slant="104000" stroke-width="4605" threshold="197" text="the existence of it. These birds are, the Cherubim" ubs="237" ubx="0" uby="1164">
      <word id="d04-008-02-00" tag="ATI" text="the">
        <cmp x="328" y="1134" width="26" height="56" />
        <cmp x="347" y="1132" width="43" height="57" />
        <cmp x="404" y="1159" width="44" height="31" />
      </word>
      <word id="d04-008-02-01" tag="NN" text="existence">
        <cmp x="487" y="1162" width="48" height="25" />
        <cmp x="506" y="1162" width="6" height="3" />
        <cmp x="513" y="1165" width="3" height="7" />
        <cmp x="528" y="1167" width="30" height="26" />
        <cmp x="557" y="1154" width="9" height="7" />
        <cmp x="574" y="1172" width="12" height="23" />
        <cmp x="600" y="1166" width="17" height="26" />
        <cmp x="601" y="1162" width="3" height="3" />
        <cmp x="627" y="1142" width="27" height="52" />
        <cmp x="664" y="1162" width="34" height="29" />
        <cmp x="700" y="1165" width="36" height="25" />
        <cmp x="744" y="1171" width="22" height="16" />
        <cmp x="772" y="1158" width="38" height="26" />
        <cmp x="798" y="1159" width="7" height="5" />
      </word>
      <word id="d04-008-02-02" tag="INO" text="of">
        <cmp x="886" y="1154" width="39" height="27" />
        <cmp x="925" y="1137" width="35" height="50" />
      </word>
      <word id="d04-008-02-03" tag="PP3" text="it">
        <cmp x="1005" y="1140" width="7" height="6" />
        <cmp x="1008" y="1171" width="11" height="13" />
        <cmp x="1029" y="1136" width="33" height="48" />
      </word>
      <word id="d04-008-02-04" tag="." text=".">
        <cmp x="1090" y="1181" width="5" height="4" />
      </word>
      <word id="d04-008-02-05" sentence-start="yes" tag="DTS" text="These">
        <cmp x="1126" y="1132" width="63" height="47" />
        <cmp x="1182" y="1134" width="41" height="43" />
        <cmp x="1230" y="1153" width="39" height="28" />
        <cmp x="1266" y="1158" width="17" height="23" />
        <cmp x="1295" y="1149" width="38" height="31" />
      </word>
      <word id="d04-008-02-06" tag="NNS" text="birds">
        <cmp x="1385" y="1126" width="32" height="57" />
        <cmp x="1416" y="1137" width="4" height="5" />
        <cmp x="1424" y="1158" width="9" height="22" />
        <cmp x="1443" y="1154" width="20" height="31" />
        <cmp x="1475" y="1119" width="42" height="61" />
        <cmp x="1520" y="1150" width="18" height="33" />
      </word>
      <word id="d04-008-02-07" tag="BER" text="are">
        <cmp x="1585" y="1155" width="47" height="29" />
        <cmp x="1635" y="1156" width="29" height="28" />
        <cmp x="1667" y="1154" width="30" height="27" />
      </word>
      <word id="d04-008-02-08" tag="," text=",">
        <cmp x="1701" y="1181" width="16" height="18" />
      </word>
      <word id="d04-008-02-09" tag="ATI" text="the">
        <cmp x="1731" y="1119" width="33" height="60" />
        <cmp x="1762" y="1119" width="19" height="67" />
        <cmp x="1786" y="1152" width="39" height="33" />
      </word>
      <word id="d04-008-02-10" tag="NPS" text="Cherubim">
        <cmp x="1847" y="1126" width="57" height="65" />
        <cmp x="1917" y="1165" width="25" height="29" />
        <cmp x="1947" y="1159" width="29" height="28" />
        <cmp x="1984" y="1157" width="32" height="33" />
        <cmp x="2014" y="1121" width="34" height="64" />
        <cmp x="2047" y="1142" width="8" height="8" />
        <cmp x="2059" y="1162" width="8" height="25" />
        <cmp x="2065" y="1160" width="42" height="27" />
      </word>
      <upper-contour>
        <point x="335" y="1039" />
        <point x="2063" y="1039" />
      </upper-contour>
      <lower-contour>
        <point x="332" y="1199" />
        <point x="2108" y="1199" />
      </lower-contour>
    </line>
    <line ass="48" asx="0" asy="1292" character-width="999" dss="48" dsx="0" dsy="1387" fd0="13729" fd1="2788" fd2="-1087" filter-width="3" id="d04-008-03" lbs="6" lbx="0" lby="1363" segmentation="ok" slant="101000" stroke-width="4725" threshold="199" text="and the Seraphim. We are also told that the Shamir" ubs="133" ubx="0" uby="1339">
      <word id="d04-008-03-00" tag="CC" text="and">
        <cmp x="334" y="1329" width="37" height="35" />
        <cmp x="370" y="1334" width="30" height="32" />
        <cmp x="410" y="1293" width="38" height="74" />
      </word>
      <word id="d04-008-03-01" tag="ATI" text="the">
        <cmp x="518" y="1304" width="25" height="61" />
        <cmp x="544" y="1309" width="28" height="56" />
        <cmp x="575" y="1333" width="35" height="34" />
      </word>
      <word id="d04-008-03-02" tag="NPS" text="Seraphim">
        <cmp x="651" y="1307" width="25" height="55" />
        <cmp x="683" y="1332" width="35" height="29" />
        <cmp x="721" y="1334" width="27" height="25" />
        <cmp x="750" y="1331" width="32" height="28" />
        <cmp x="793" y="1337" width="29" height="51" />
        <cmp x="825" y="1316" width="34" height="57" />
        <cmp x="866" y="1345" width="7" height="23" />
        <cmp x="873" y="1336" width="49" height="27" />
      </word>
      <word id="d04-008-03-03" tag="." text=".">
        <cmp x="938" y="1356" width="5" height="4" />
      </word>
      <word id="d04-008-03-04" sentence-start="yes" tag="PP1AS" text="We">
        <cmp x="967" y="1314" width="44" height="52" />
        <cmp x="1013" y="1335" width="39" height="32" />
      </word>
      <word id="d04-008-03-05" tag="BER" text="are">
        <cmp x="1102" y="1335" width="43" height="33" />
        <cmp x="1148" y="1338" width="29" height="26" />
        <cmp x="1181" y="1338" width="37" height="33" />
      </word>
      <word id="d04-008-03-06" tag="RB" text="also">
        <cmp x="1280" y="1303" width="57" height="64" />
        <cmp x="1337" y="1335" width="27" height="34" />
        <cmp x="1370" y="1334" width="36" height="29" />
      </word>
      <word id="d04-008-03-07" tag="VBN" text="told">
        <cmp x="1460" y="1307" width="27" height="65" />
        <cmp x="1490" y="1344" width="34" height="29" />
        <cmp x="1524" y="1307" width="22" height="64" />
        <cmp x="1550" y="1301" width="37" height="65" />
      </word>
      <word id="d04-008-03-08" tag="CS" text="that">
        <cmp x="1655" y="1297" width="28" height="68" />
        <cmp x="1688" y="1295" width="36" height="65" />
        <cmp x="1731" y="1332" width="54" height="27" />
        <cmp x="1769" y="1295" width="38" height="65" />
      </word>
      <word id="d04-008-03-09" tag="ATI" text="the">
        <cmp x="1840" y="1293" width="33" height="61" />
        <cmp x="1866" y="1293" width="31" height="64" />
        <cmp x="1900" y="1326" width="50" height="38" />
      </word>
      <word id="d04-008-03-10" tag="NP" text="Shamir">
        <cmp x="1975" y="1302" width="29" height="65" />
        <cmp x="2009" y="1293" width="25" height="75" />
        <cmp x="2040" y="1331" width="32" height="36" />
        <cmp x="2068" y="1330" width="31" height="38" />
        <cmp x="2100" y="1342" width="28" height="26" />
      </word>
      <upper-contour>
        <point x="332" y="1199" />
        <point x="2108" y="1199" />
      </upper-contour>
      <lower-contour>
        <point x="338" y="1387" />
        <point x="2118" y="1387" />
      </lower-contour>
    </line>
    <line ass="636" asx="0" asy="1480" character-width="999" dss="636" dsx="0" dsy="1604" fd0="13757" fd1="2905" fd2="-954" filter-width="3" id="d04-008-04" lbs="779" lbx="0" lby="1559" segmentation="ok" slant="103000" stroke-width="4806" threshold="199" text="is the stylus used by Moses, and this stylus is described" ubs="351" ubx="0" uby="1518">
      <word id="d04-008-04-00" tag="BEZ" text="is">
        <cmp x="340" y="1500" width="3" height="9" />
        <cmp x="340" y="1517" width="7" height="34" />
        <cmp x="349" y="1514" width="24" height="36" />
      </word>
      <word id="d04-008-04-01" tag="ATI" text="the">
        <cmp x="404" y="1483" width="30" height="70" />
        <cmp x="433" y="1482" width="32" height="70" />
        <cmp x="472" y="1509" width="40" height="37" />
      </word>
      <word id="d04-008-04-02" tag="NN" text="stylus">
        <cmp x="572" y="1511" width="28" height="35" />
        <cmp x="610" y="1486" width="29" height="63" />
        <cmp x="633" y="1524" width="35" height="60" />
        <cmp x="663" y="1473" width="21" height="73" />
        <cmp x="689" y="1518" width="33" height="26" />
        <cmp x="723" y="1511" width="29" height="41" />
      </word>
      <word id="d04-008-04-03" tag="VBN" text="used">
        <cmp x="816" y="1517" width="35" height="35" />
        <cmp x="847" y="1520" width="18" height="27" />
        <cmp x="864" y="1514" width="36" height="37" />
        <cmp x="903" y="1477" width="40" height="72" />
      </word>
      <word id="d04-008-04-04" tag="IN" text="by">
        <cmp x="985" y="1483" width="28" height="58" />
        <cmp x="1022" y="1517" width="33" height="76" />
      </word>
      <word id="d04-008-04-05" tag="NP" text="Moses">
        <cmp x="1116" y="1483" width="45" height="61" />
        <cmp x="1165" y="1517" width="27" height="26" />
        <cmp x="1190" y="1509" width="19" height="41" />
        <cmp x="1209" y="1510" width="37" height="39" />
        <cmp x="1246" y="1514" width="20" height="37" />
      </word>
      <word id="d04-008-04-06" tag="," text=",">
        <cmp x="1292" y="1560" width="9" height="12" />
      </word>
      <word id="d04-008-04-07" tag="CC" text="and">
        <cmp x="1316" y="1516" width="39" height="35" />
        <cmp x="1351" y="1517" width="33" height="28" />
        <cmp x="1390" y="1471" width="49" height="75" />
      </word>
      <word id="d04-008-04-08" tag="DT" text="this">
        <cmp x="1479" y="1468" width="34" height="75" />
        <cmp x="1513" y="1472" width="27" height="69" />
        <cmp x="1539" y="1491" width="7" height="11" />
        <cmp x="1548" y="1515" width="7" height="27" />
        <cmp x="1556" y="1504" width="17" height="41" />
      </word>
      <word id="d04-008-04-09" tag="NN" text="stylus">
        <cmp x="1623" y="1508" width="25" height="37" />
        <cmp x="1653" y="1479" width="29" height="64" />
        <cmp x="1678" y="1518" width="37" height="60" />
        <cmp x="1727" y="1474" width="9" height="64" />
        <cmp x="1744" y="1513" width="31" height="26" />
        <cmp x="1770" y="1511" width="22" height="30" />
      </word>
      <word id="d04-008-04-10" tag="BEZ" text="is">
        <cmp x="1822" y="1482" width="7" height="11" />
        <cmp x="1830" y="1511" width="6" height="28" />
        <cmp x="1842" y="1502" width="22" height="43" />
      </word>
      <word id="d04-008-04-11" tag="VBN" text="described">
        <cmp x="1893" y="1468" width="39" height="75" />
        <cmp x="1931" y="1506" width="27" height="37" />
        <cmp x="1958" y="1508" width="17" height="36" />
        <cmp x="1982" y="1514" width="39" height="29" />
        <cmp x="2014" y="1490" width="6" height="17" />
        <cmp x="2025" y="1518" width="7" height="25" />
        <cmp x="2044" y="1493" width="25" height="49" />
        <cmp x="2069" y="1472" width="48" height="67" />
      </word>
      <upper-contour>
        <point x="338" y="1387" />
        <point x="2118" y="1387" />
      </upper-contour>
      <lower-contour>
        <point x="338" y="1593" />
        <point x="2118" y="1593" />
      </lower-contour>
    </line>
    <line ass="395" asx="0" asy="1657" character-width="999" dss="395" dsx="0" dsy="1770" fd0="13537" fd1="3003" fd2="-931" filter-width="3" id="d04-008-05" lbs="376" lbx="0" lby="1728" segmentation="ok" slant="96000" stroke-width="5012" threshold="198" text="as a very precious diamond-stone and very adamant." ubs="432" ubx="0" uby="1704">
      <word id="d04-008-05-00" tag="IN" text="as">
        <cmp x="324" y="1696" width="52" height="29" />
        <cmp x="369" y="1688" width="23" height="41" />
      </word>
      <word id="d04-008-05-01" tag="AT" text="a">
        <cmp x="452" y="1696" width="42" height="32" />
      </word>
      <word id="d04-008-05-02" tag="QL" text="very">
        <cmp x="537" y="1692" width="30" height="32" />
        <cmp x="576" y="1686" width="98" height="81" />
      </word>
      <word id="d04-008-05-03" tag="JJ" text="precious">
        <cmp x="778" y="1691" width="28" height="61" />
        <cmp x="812" y="1690" width="28" height="33" />
        <cmp x="843" y="1689" width="73" height="36" />
        <cmp x="904" y="1670" width="9" height="13" />
        <cmp x="920" y="1702" width="9" height="22" />
        <cmp x="937" y="1693" width="32" height="28" />
        <cmp x="969" y="1698" width="38" height="33" />
        <cmp x="1004" y="1688" width="14" height="36" />
      </word>
      <word id="d04-008-05-04" tag="NN" text="diamond-stone">
        <cmp x="1127" y="1651" width="42" height="71" />
        <cmp x="1135" y="1703" width="4" height="4" />
        <cmp x="1174" y="1684" width="3" height="3" />
        <cmp x="1178" y="1688" width="5" height="3" />
        <cmp x="1181" y="1694" width="9" height="24" />
        <cmp x="1206" y="1693" width="42" height="29" />
        <cmp x="1244" y="1696" width="49" height="32" />
        <cmp x="1302" y="1694" width="55" height="29" />
        <cmp x="1359" y="1651" width="39" height="72" />
        <cmp x="1427" y="1706" width="34" height="7" />
        <cmp x="1468" y="1684" width="24" height="45" />
        <cmp x="1505" y="1669" width="31" height="56" />
        <cmp x="1538" y="1696" width="35" height="31" />
        <cmp x="1570" y="1697" width="38" height="29" />
        <cmp x="1610" y="1690" width="44" height="36" />
      </word>
      <word id="d04-008-05-05" tag="CC" text="and">
        <cmp x="1705" y="1692" width="41" height="36" />
        <cmp x="1746" y="1685" width="29" height="35" />
        <cmp x="1784" y="1646" width="33" height="75" />
      </word>
      <word id="d04-008-05-06" tag="QL" text="very">
        <cmp x="1857" y="1678" width="83" height="39" />
        <cmp x="1914" y="1678" width="49" height="77" />
      </word>
      <word id="d04-008-05-07" tag="JJ" text="adamant">
        <cmp x="1983" y="1646" width="80" height="74" />
        <cmp x="2064" y="1663" width="143" height="62" />
      </word>
      <word id="d04-008-05-08" tag="." text=".">
        <cmp x="2204" y="1713" width="4" height="4" />
      </word>
      <upper-contour>
        <point x="338" y="1593" />
        <point x="2118" y="1593" />
      </upper-contour>
    </line>
  </handwritten-part>
</form>

