<?xml version="1.0" encoding="ISO-8859-1"?>

<!DOCTYPE form SYSTEM 'http://www.iam.unibe.ch/~fki/iamdb/form-metadata.dtd'>

<form created="2002-01-16" height="3542" id="d04-071" last-modified="2002-07-24" skew="-63" status="final" version="3.0_beta" width="2479" writer-id="192">
  <machine-printed-part>
    <machine-print-line text="And we will nail the Divine Law on the door posts of the house and upon the gates." />
    <machine-print-line text="&quot;That your days may be multiplied and the days of your children in the land, which" />
    <machine-print-line text="the Lord swear unto your father to give them, as days of HEAVEN ON EARTH&quot;" />
    <machine-print-line text="That means the Kingdom of Messianic Righteousness (Talmud Sanh. 99A)." />
  </machine-printed-part>
  <handwritten-part>
    <line ass="-88" asx="0" asy="688" character-width="999" dss="-88" dsx="0" dsy="794" fd0="12664" fd1="2632" fd2="-1220" filter-width="3" id="d04-071-00" lbs="-142" lbx="0" lby="781" segmentation="ok" slant="80000" stroke-width="5285" threshold="187" text="And we will nail the Divine Law on the" ubs="19" ubx="0" uby="749">
      <word id="d04-071-00-00" sentence-start="yes" tag="CC" text="And">
        <cmp x="405" y="690" width="41" height="103" />
        <cmp x="455" y="746" width="16" height="24" />
        <cmp x="465" y="756" width="15" height="19" />
        <cmp x="480" y="694" width="47" height="97" />
      </word>
      <word id="d04-071-00-01" tag="PP1AS" text="we">
        <cmp x="628" y="736" width="71" height="47" />
        <cmp x="629" y="739" width="7" height="7" />
      </word>
      <word id="d04-071-00-02" tag="MD" text="will">
        <cmp x="769" y="748" width="48" height="42" />
        <cmp x="818" y="726" width="12" height="7" />
        <cmp x="823" y="757" width="6" height="24" />
        <cmp x="834" y="697" width="27" height="88" />
        <cmp x="863" y="696" width="24" height="81" />
      </word>
      <word id="d04-071-00-03" tag="VB" text="nail">
        <cmp x="948" y="748" width="50" height="39" />
        <cmp x="997" y="741" width="64" height="46" />
        <cmp x="1048" y="714" width="12" height="9" />
        <cmp x="1076" y="696" width="26" height="94" />
      </word>
      <word id="d04-071-00-04" tag="ATI" text="the">
        <cmp x="1169" y="709" width="105" height="81" />
      </word>
      <word id="d04-071-00-05" tag="JJ" text="Divine">
        <cmp x="1321" y="718" width="66" height="71" />
        <cmp x="1405" y="758" width="10" height="39" />
        <cmp x="1410" y="737" width="12" height="8" />
        <cmp x="1428" y="759" width="28" height="37" />
        <cmp x="1465" y="732" width="7" height="6" />
        <cmp x="1465" y="760" width="10" height="32" />
        <cmp x="1491" y="748" width="47" height="38" />
        <cmp x="1541" y="749" width="38" height="37" />
      </word>
      <word id="d04-071-00-06" tag="NN" text="Law">
        <cmp x="1636" y="702" width="20" height="94" />
        <cmp x="1646" y="747" width="72" height="48" />
        <cmp x="1721" y="748" width="40" height="40" />
      </word>
      <word id="d04-071-00-07" tag="IN" text="on">
        <cmp x="1845" y="743" width="54" height="38" />
        <cmp x="1897" y="748" width="37" height="38" />
      </word>
      <word id="d04-071-00-08" tag="ATI" text="the">
        <cmp x="1994" y="707" width="42" height="72" />
        <cmp x="2037" y="713" width="63" height="71" />
      </word>
      <lower-contour>
        <point x="403" y="797" />
        <point x="2101" y="797" />
      </lower-contour>
    </line>
    <line ass="53" asx="0" asy="859" character-width="999" dss="53" dsx="0" dsy="1028" fd0="12251" fd1="2138" fd2="-1569" filter-width="3" id="d04-071-01" lbs="246" lbx="0" lby="964" segmentation="ok" slant="84000" stroke-width="5266" threshold="187" text="door posts of the house and upon the gates." ubs="-332" ubx="0" uby="911">
      <word id="d04-071-01-00" tag="NN" text="door">
        <cmp x="351" y="859" width="136" height="103" />
      </word>
      <word id="d04-071-01-01" tag="NNS" text="posts">
        <cmp x="578" y="922" width="48" height="76" />
        <cmp x="629" y="923" width="34" height="37" />
        <cmp x="664" y="925" width="39" height="39" />
        <cmp x="704" y="883" width="42" height="80" />
        <cmp x="739" y="918" width="33" height="52" />
      </word>
      <word id="d04-071-01-02" tag="INO" text="of">
        <cmp x="835" y="928" width="40" height="44" />
        <cmp x="876" y="869" width="66" height="104" />
      </word>
      <word id="d04-071-01-03" tag="ATI" text="the">
        <cmp x="947" y="872" width="36" height="90" />
        <cmp x="957" y="954" width="4" height="3" />
        <cmp x="990" y="894" width="57" height="71" />
      </word>
      <word id="d04-071-01-04" tag="NN" text="house">
        <cmp x="1162" y="887" width="25" height="74" />
        <cmp x="1183" y="912" width="57" height="43" />
        <cmp x="1242" y="918" width="63" height="47" />
        <cmp x="1302" y="915" width="35" height="44" />
      </word>
      <word id="d04-071-01-05" tag="CC" text="and">
        <cmp x="1414" y="919" width="36" height="40" />
        <cmp x="1451" y="921" width="40" height="34" />
        <cmp x="1496" y="874" width="33" height="86" />
      </word>
      <word id="d04-071-01-06" tag="IN" text="upon">
        <cmp x="1617" y="918" width="84" height="88" />
        <cmp x="1700" y="917" width="75" height="51" />
      </word>
      <word id="d04-071-01-07" tag="ATI" text="the">
        <cmp x="1831" y="875" width="39" height="85" />
        <cmp x="1873" y="888" width="71" height="75" />
      </word>
      <word id="d04-071-01-08" tag="NNS" text="gates">
        <cmp x="2006" y="866" width="111" height="162" />
        <cmp x="2115" y="908" width="57" height="49" />
      </word>
      <word id="d04-071-01-09" tag="." text=".">
        <cmp x="2187" y="945" width="8" height="6" />
        <cmp x="2188" y="940" width="6" height="5" />
      </word>
      <upper-contour>
        <point x="403" y="797" />
        <point x="2101" y="797" />
      </upper-contour>
      <lower-contour>
        <point x="349" y="1028" />
        <point x="2097" y="1028" />
      </lower-contour>
    </line>
    <line ass="-247" asx="0" asy="1032" character-width="999" dss="-247" dsx="0" dsy="1181" fd0="12500" fd1="2453" fd2="-1551" filter-width="3" id="d04-071-02" lbs="-99" lbx="0" lby="1138" segmentation="ok" slant="84000" stroke-width="5184" threshold="189" text="&quot;That your days may be multiplied and the" ubs="-545" ubx="0" uby="1075">
      <word id="d04-071-02-00" sentence-start="yes" tag="*&apos;" text="&quot;">
        <cmp x="337" y="1042" width="8" height="32" />
        <cmp x="353" y="1045" width="12" height="31" />
      </word>
      <word id="d04-071-02-01" tag="CS" text="That">
        <cmp x="380" y="1042" width="51" height="50" />
        <cmp x="402" y="1047" width="14" height="80" />
        <cmp x="440" y="1046" width="91" height="87" />
      </word>
      <word id="d04-071-02-02" tag="PP$" text="your">
        <cmp x="594" y="1083" width="132" height="94" />
      </word>
      <word id="d04-071-02-03" tag="NNS" text="days">
        <cmp x="784" y="1061" width="128" height="125" />
        <cmp x="913" y="1102" width="40" height="46" />
      </word>
      <word id="d04-071-02-04" tag="MD" text="may">
        <cmp x="1019" y="1102" width="57" height="46" />
        <cmp x="1084" y="1099" width="95" height="71" />
      </word>
      <word id="d04-071-02-05" tag="BE" text="be">
        <cmp x="1228" y="1065" width="77" height="78" />
      </word>
      <word id="d04-071-02-06" tag="VBN" text="multiplied">
        <cmp x="1356" y="1092" width="61" height="52" />
        <cmp x="1425" y="1101" width="41" height="43" />
        <cmp x="1474" y="1065" width="29" height="77" />
        <cmp x="1505" y="1074" width="37" height="70" />
        <cmp x="1545" y="1106" width="7" height="33" />
        <cmp x="1559" y="1082" width="11" height="7" />
        <cmp x="1575" y="1104" width="48" height="73" />
        <cmp x="1624" y="1059" width="49" height="79" />
        <cmp x="1673" y="1072" width="5" height="5" />
        <cmp x="1687" y="1082" width="28" height="52" />
        <cmp x="1724" y="1055" width="32" height="83" />
      </word>
      <word id="d04-071-02-07" tag="CC" text="and">
        <cmp x="1815" y="1084" width="35" height="47" />
        <cmp x="1853" y="1088" width="34" height="45" />
        <cmp x="1887" y="1048" width="41" height="84" />
      </word>
      <word id="d04-071-02-08" tag="ATI" text="the">
        <cmp x="2003" y="1042" width="42" height="90" />
        <cmp x="2044" y="1046" width="53" height="91" />
      </word>
      <upper-contour>
        <point x="349" y="1028" />
        <point x="2097" y="1028" />
      </upper-contour>
      <lower-contour>
        <point x="347" y="1186" />
        <point x="2097" y="1186" />
      </lower-contour>
    </line>
    <line ass="316" asx="0" asy="1225" character-width="999" dss="316" dsx="0" dsy="1383" fd0="12616" fd1="2442" fd2="-1343" filter-width="3" id="d04-071-03" lbs="396" lbx="0" lby="1330" segmentation="ok" slant="84000" stroke-width="5277" threshold="191" text="days of your children in the land, which" ubs="154" ubx="0" uby="1277">
      <word id="d04-071-03-00" tag="NNS" text="days">
        <cmp x="349" y="1224" width="114" height="158" />
        <cmp x="463" y="1275" width="34" height="48" />
      </word>
      <word id="d04-071-03-01" tag="INO" text="of">
        <cmp x="577" y="1282" width="34" height="45" />
        <cmp x="613" y="1224" width="37" height="95" />
      </word>
      <word id="d04-071-03-02" tag="PP$" text="your">
        <cmp x="712" y="1273" width="49" height="82" />
        <cmp x="764" y="1260" width="93" height="58" />
      </word>
      <word id="d04-071-03-03" tag="NNS" text="children">
        <cmp x="976" y="1274" width="44" height="45" />
        <cmp x="1025" y="1241" width="16" height="86" />
        <cmp x="1039" y="1276" width="45" height="41" />
        <cmp x="1074" y="1245" width="14" height="7" />
        <cmp x="1086" y="1229" width="65" height="95" />
        <cmp x="1145" y="1234" width="4" height="6" />
        <cmp x="1158" y="1273" width="66" height="45" />
        <cmp x="1220" y="1264" width="40" height="53" />
      </word>
      <word id="d04-071-03-04" tag="IN" text="in">
        <cmp x="1366" y="1292" width="9" height="39" />
        <cmp x="1375" y="1263" width="9" height="5" />
        <cmp x="1384" y="1287" width="26" height="37" />
        <cmp x="1407" y="1283" width="25" height="35" />
      </word>
      <word id="d04-071-03-05" tag="ATI" text="the">
        <cmp x="1519" y="1234" width="35" height="85" />
        <cmp x="1557" y="1235" width="14" height="88" />
        <cmp x="1572" y="1266" width="37" height="47" />
      </word>
      <word id="d04-071-03-06" tag="NN" text="land">
        <cmp x="1685" y="1224" width="41" height="95" />
        <cmp x="1733" y="1269" width="94" height="58" />
        <cmp x="1831" y="1231" width="31" height="98" />
      </word>
      <word id="d04-071-03-07" tag="," text=",">
        <cmp x="1878" y="1310" width="17" height="36" />
      </word>
      <word id="d04-071-03-08" tag="WDT" text="which">
        <cmp x="1910" y="1274" width="60" height="56" />
        <cmp x="1979" y="1239" width="55" height="74" />
        <cmp x="2034" y="1234" width="12" height="6" />
        <cmp x="2046" y="1271" width="38" height="41" />
        <cmp x="2094" y="1225" width="15" height="82" />
        <cmp x="2110" y="1259" width="22" height="50" />
      </word>
      <upper-contour>
        <point x="347" y="1186" />
        <point x="2097" y="1186" />
      </upper-contour>
      <lower-contour>
        <point x="349" y="1382" />
        <point x="1147" y="1346" />
        <point x="2132" y="1346" />
      </lower-contour>
    </line>
    <line ass="-347" asx="0" asy="1369" character-width="999" dss="-347" dsx="0" dsy="1534" fd0="12335" fd1="2198" fd2="-1532" filter-width="3" id="d04-071-04" lbs="-351" lbx="0" lby="1489" segmentation="ok" slant="85000" stroke-width="5184" threshold="188" text="the Lord swear unto your father to give them," ubs="-338" ubx="0" uby="1442">
      <word id="d04-071-04-00" tag="ATI" text="the">
        <cmp x="351" y="1409" width="33" height="85" />
        <cmp x="389" y="1423" width="56" height="64" />
      </word>
      <word id="d04-071-04-01" tag="NPT" text="Lord">
        <cmp x="530" y="1418" width="43" height="76" />
        <cmp x="570" y="1447" width="72" height="44" />
        <cmp x="636" y="1407" width="33" height="93" />
      </word>
      <word id="d04-071-04-02" tag="VBD" text="swear">
        <cmp x="739" y="1448" width="47" height="51" />
        <cmp x="788" y="1447" width="42" height="46" />
        <cmp x="835" y="1443" width="131" height="54" />
      </word>
      <word id="d04-071-04-03" tag="IN" text="unto">
        <cmp x="1039" y="1449" width="43" height="53" />
        <cmp x="1072" y="1376" width="114" height="124" />
      </word>
      <word id="d04-071-04-04" tag="PP$" text="your">
        <cmp x="1236" y="1450" width="40" height="92" />
        <cmp x="1278" y="1455" width="106" height="49" />
      </word>
      <word id="d04-071-04-05" tag="NN" text="father">
        <cmp x="1432" y="1410" width="99" height="89" />
        <cmp x="1532" y="1420" width="95" height="77" />
      </word>
      <word id="d04-071-04-06" tag="TO" text="to">
        <cmp x="1682" y="1404" width="39" height="99" />
        <cmp x="1723" y="1449" width="33" height="44" />
      </word>
      <word id="d04-071-04-07" tag="VB" text="give">
        <cmp x="1849" y="1452" width="50" height="95" />
        <cmp x="1900" y="1464" width="9" height="38" />
        <cmp x="1905" y="1440" width="13" height="7" />
        <cmp x="1911" y="1459" width="71" height="48" />
      </word>
      <word id="d04-071-04-08" tag="PP3OS" text="them">
        <cmp x="2026" y="1426" width="53" height="76" />
        <cmp x="2080" y="1450" width="29" height="47" />
        <cmp x="2109" y="1454" width="45" height="52" />
      </word>
      <word id="d04-071-04-09" tag="," text=",">
        <cmp x="2154" y="1503" width="19" height="35" />
      </word>
      <upper-contour>
        <point x="349" y="1382" />
        <point x="1147" y="1346" />
        <point x="2132" y="1346" />
      </upper-contour>
      <lower-contour>
        <point x="349" y="1547" />
        <point x="2045" y="1547" />
      </lower-contour>
    </line>
    <line ass="501" asx="0" asy="1592" character-width="999" dss="501" dsx="0" dsy="1719" fd0="12253" fd1="2272" fd2="-1405" filter-width="3" id="d04-071-05" lbs="405" lbx="0" lby="1685" segmentation="ok" slant="82000" stroke-width="5207" threshold="186" text="as days of HEAVEN ON EARTH&quot; That" ubs="694" ubx="0" uby="1635">
      <word id="d04-071-05-00" tag="IN" text="as">
        <cmp x="344" y="1636" width="74" height="57" />
      </word>
      <word id="d04-071-05-01" tag="NNS" text="days">
        <cmp x="516" y="1587" width="128" height="121" />
        <cmp x="649" y="1622" width="39" height="58" />
      </word>
      <word id="d04-071-05-02" tag="INO" text="of">
        <cmp x="768" y="1586" width="89" height="96" />
      </word>
      <word id="d04-071-05-03" tag="NN" text="HEAVEN">
        <cmp x="962" y="1592" width="37" height="80" />
        <cmp x="1008" y="1599" width="47" height="84" />
        <cmp x="1060" y="1591" width="40" height="77" />
        <cmp x="1113" y="1604" width="83" height="67" />
        <cmp x="1196" y="1584" width="47" height="82" />
      </word>
      <word id="d04-071-05-04" tag="IN" text="ON">
        <cmp x="1335" y="1610" width="39" height="68" />
        <cmp x="1377" y="1618" width="21" height="54" />
        <cmp x="1395" y="1608" width="27" height="61" />
      </word>
      <word id="d04-071-05-05" tag="NN" text="EARTH">
        <cmp x="1492" y="1609" width="53" height="74" />
        <cmp x="1549" y="1607" width="50" height="75" />
        <cmp x="1612" y="1621" width="54" height="75" />
        <cmp x="1672" y="1626" width="57" height="50" />
        <cmp x="1749" y="1604" width="40" height="64" />
      </word>
      <word id="d04-071-05-06" tag="**&apos;" text="&quot;">
        <cmp x="1804" y="1649" width="23" height="47" />
        <cmp x="1819" y="1661" width="19" height="43" />
      </word>
      <word id="d04-071-05-07" sentence-start="yes" tag="DT" text="That">
        <cmp x="1865" y="1588" width="70" height="79" />
        <cmp x="1947" y="1584" width="98" height="95" />
      </word>
      <upper-contour>
        <point x="349" y="1547" />
        <point x="2045" y="1547" />
      </upper-contour>
      <lower-contour>
        <point x="342" y="1708" />
        <point x="2045" y="1708" />
      </lower-contour>
    </line>
    <line ass="13" asx="0" asy="1769" character-width="999" dss="13" dsx="0" dsy="1922" fd0="12849" fd1="2526" fd2="-1775" filter-width="3" id="d04-071-06" lbs="38" lbx="0" lby="1858" segmentation="err" slant="86000" stroke-width="5185" threshold="188" text="means the Kingdom of Messianic Righteousness" ubs="-37" ubx="0" uby="1813">
      <word id="d04-071-06-00" tag="VBZ" text="means">
        <cmp x="343" y="1803" width="62" height="56" />
        <cmp x="402" y="1802" width="123" height="50" />
        <cmp x="513" y="1798" width="37" height="63" />
      </word>
      <word id="d04-071-06-01" tag="ATI" text="the">
        <cmp x="619" y="1777" width="41" height="79" />
        <cmp x="666" y="1783" width="65" height="81" />
      </word>
      <word id="d04-071-06-02" tag="NN" text="Kingdom">
        <cmp x="815" y="1772" width="45" height="92" />
        <cmp x="870" y="1821" width="7" height="38" />
        <cmp x="877" y="1798" width="9" height="6" />
        <cmp x="897" y="1818" width="59" height="45" />
        <cmp x="954" y="1804" width="26" height="102" />
        <cmp x="1000" y="1774" width="69" height="83" />
        <cmp x="1071" y="1809" width="54" height="56" />
      </word>
      <word id="d04-071-06-03" tag="INO" text="of">
        <cmp x="1211" y="1770" width="81" height="92" />
      </word>
      <word id="d04-071-06-04" tag="JJ" text="Messianic">
        <cmp x="1379" y="1783" width="68" height="110" />
        <cmp x="1443" y="1816" width="37" height="49" />
        <cmp x="1484" y="1821" width="35" height="44" />
        <cmp x="1516" y="1817" width="45" height="48" />
        <cmp x="1570" y="1830" width="10" height="34" />
        <cmp x="1578" y="1806" width="13" height="8" />
        <cmp x="1597" y="1817" width="40" height="53" />
        <cmp x="1635" y="1826" width="57" height="35" />
        <cmp x="1696" y="1826" width="7" height="35" />
        <cmp x="1699" y="1805" width="8" height="5" />
        <cmp x="1707" y="1816" width="32" height="46" />
      </word>
      <word id="d04-071-06-05" tag="NN" text="Righteousness">
        <cmp x="1798" y="1770" width="50" height="91" />
        <cmp x="1856" y="1817" width="7" height="37" />
        <cmp x="1864" y="1801" width="4" height="4" />
        <cmp x="1870" y="1814" width="28" height="108" />
        <cmp x="1906" y="1770" width="61" height="86" />
        <cmp x="1972" y="1800" width="69" height="54" />
        <cmp x="2042" y="1813" width="10" height="41" />
        <cmp x="2049" y="1809" width="34" height="45" />
        <cmp x="2074" y="1809" width="156" height="60" />
        <cmp x="2236" y="1865" width="9" height="7" />
      </word>
      <upper-contour>
        <point x="342" y="1708" />
        <point x="2045" y="1708" />
      </upper-contour>
      <lower-contour>
        <point x="343" y="1906" />
        <point x="1262" y="1906" />
      </lower-contour>
    </line>
    <line ass="-78" asx="0" asy="1920" character-width="999" dss="-78" dsx="0" dsy="2050" fd0="12679" fd1="2404" fd2="-1192" filter-width="3" id="d04-071-07" lbs="41" lbx="0" lby="2035" segmentation="ok" slant="90000" stroke-width="5028" threshold="190" text="(Talmud Sanh. 99A)." ubs="-318" ubx="0" uby="1988">
      <word id="d04-071-07-00" tag="(" text="(">
        <cmp x="345" y="1921" width="58" height="132" />
      </word>
      <word id="d04-071-07-01" tag="NP" text="Talmud">
        <cmp x="407" y="1926" width="65" height="64" />
        <cmp x="436" y="1947" width="11" height="88" />
        <cmp x="458" y="1985" width="45" height="50" />
        <cmp x="512" y="1935" width="47" height="100" />
        <cmp x="550" y="1989" width="59" height="46" />
        <cmp x="616" y="1990" width="43" height="43" />
        <cmp x="660" y="1940" width="46" height="91" />
      </word>
      <word id="d04-071-07-02" tag="NP" text="Sanh.">
        <cmp x="782" y="1961" width="54" height="79" />
        <cmp x="833" y="1995" width="46" height="48" />
        <cmp x="878" y="2002" width="12" height="17" />
        <cmp x="888" y="1999" width="36" height="42" />
        <cmp x="932" y="1961" width="49" height="82" />
        <cmp x="937" y="1955" width="4" height="5" />
        <cmp x="996" y="2028" width="7" height="14" />
      </word>
      <word id="d04-071-07-03" tag="CD" text="99A">
        <cmp x="1055" y="1953" width="37" height="83" />
        <cmp x="1090" y="1945" width="36" height="93" />
        <cmp x="1168" y="1962" width="42" height="69" />
      </word>
      <word id="d04-071-07-04" tag=")" text=")">
        <cmp x="1226" y="1931" width="35" height="111" />
      </word>
      <word id="d04-071-07-05" tag="." text="." />
      <upper-contour>
        <point x="343" y="1906" />
        <point x="1262" y="1906" />
      </upper-contour>
    </line>
  </handwritten-part>
</form>

