<?xml version="1.0" encoding="ISO-8859-1"?>

<!DOCTYPE form SYSTEM 'http://www.iam.unibe.ch/~fki/iamdb/form-metadata.dtd'>

<form created="2002-01-16" height="3542" id="d04-012" last-modified="2002-07-17" skew="-63" status="final" version="3.0_beta" width="2479" writer-id="185">
  <machine-printed-part>
    <machine-print-line text="The word Shamir was used as a personal name (Git. 68a). The Hebrew word" />
    <machine-print-line text="&amp;quot;SHAMIR&amp;quot; means guarded or preserved. Therefore, the real man, who regards him-" />
    <machine-print-line text="self as insignificant, as the prayer says: &amp;quot;What am I? A worm&amp;quot;, he is the Shamir and" />
    <machine-print-line text="such a man fulfils the Shmah, loves the Lord God with all his heart, and with all his" />
    <machine-print-line text="soul and with all his might and studies the word of God." />
  </machine-printed-part>
  <handwritten-part>
    <line ass="-491" asx="0" asy="732" character-width="999" dss="-491" dsx="0" dsy="834" fd0="13094" fd1="3193" fd2="85" filter-width="3" id="d04-012-00" lbs="-443" lbx="0" lby="821" segmentation="ok" slant="90000" stroke-width="4673" threshold="184" text="The word Shamir was used as a" ubs="-586" ubx="0" uby="793">
      <word id="d04-012-00-00" sentence-start="yes" tag="ATI" text="The">
        <cmp x="348" y="773" width="44" height="50" />
        <cmp x="400" y="764" width="10" height="56" />
        <cmp x="409" y="791" width="17" height="30" />
        <cmp x="436" y="798" width="22" height="26" />
      </word>
      <word id="d04-012-00-01" tag="NN" text="word">
        <cmp x="568" y="806" width="41" height="28" />
        <cmp x="617" y="812" width="28" height="28" />
        <cmp x="653" y="804" width="26" height="27" />
        <cmp x="706" y="741" width="24" height="82" />
      </word>
      <word id="d04-012-00-02" tag="NP" text="Shamir">
        <cmp x="886" y="765" width="38" height="48" />
        <cmp x="941" y="741" width="31" height="79" />
        <cmp x="976" y="798" width="32" height="25" />
        <cmp x="1010" y="805" width="38" height="21" />
        <cmp x="1061" y="806" width="8" height="21" />
        <cmp x="1064" y="787" width="4" height="8" />
        <cmp x="1101" y="805" width="30" height="30" />
      </word>
      <word id="d04-012-00-03" tag="BEDZ" text="was">
        <cmp x="1256" y="807" width="54" height="30" />
        <cmp x="1320" y="810" width="43" height="22" />
        <cmp x="1354" y="797" width="24" height="36" />
      </word>
      <word id="d04-012-00-04" tag="VBN" text="used">
        <cmp x="1507" y="806" width="39" height="31" />
        <cmp x="1556" y="806" width="18" height="30" />
        <cmp x="1587" y="770" width="56" height="65" />
      </word>
      <word id="d04-012-00-05" tag="IN" text="as">
        <cmp x="1728" y="803" width="40" height="29" />
        <cmp x="1776" y="800" width="22" height="37" />
      </word>
      <word id="d04-012-00-06" tag="AT" text="a">
        <cmp x="1892" y="807" width="54" height="27" />
      </word>
      <lower-contour>
        <point x="370" y="840" />
        <point x="1947" y="840" />
      </lower-contour>
    </line>
    <line ass="319" asx="0" asy="916" character-width="999" dss="319" dsx="0" dsy="1043" fd0="13284" fd1="3349" fd2="459" filter-width="3" id="d04-012-01" lbs="170" lbx="0" lby="1008" segmentation="ok" slant="94000" stroke-width="4699" threshold="184" text="personal name (Git. 68a). The Hebrew" ubs="616" ubx="0" uby="988">
      <word id="d04-012-01-00" tag="JJ" text="personal">
        <cmp x="372" y="979" width="32" height="62" />
        <cmp x="425" y="978" width="32" height="28" />
        <cmp x="477" y="979" width="25" height="24" />
        <cmp x="512" y="976" width="25" height="37" />
        <cmp x="561" y="984" width="31" height="26" />
        <cmp x="603" y="993" width="29" height="17" />
        <cmp x="660" y="993" width="24" height="14" />
        <cmp x="699" y="952" width="26" height="56" />
      </word>
      <word id="d04-012-01-01" tag="NN" text="name">
        <cmp x="851" y="982" width="9" height="18" />
        <cmp x="862" y="980" width="22" height="21" />
        <cmp x="897" y="983" width="41" height="26" />
        <cmp x="949" y="987" width="36" height="21" />
        <cmp x="1000" y="979" width="35" height="34" />
      </word>
      <word id="d04-012-01-02" tag="(" text="(">
        <cmp x="1102" y="921" width="38" height="81" />
      </word>
      <word id="d04-012-01-03" tag="NP" text="Git.">
        <cmp x="1187" y="943" width="42" height="62" />
        <cmp x="1252" y="958" width="5" height="8" />
        <cmp x="1255" y="980" width="6" height="18" />
        <cmp x="1295" y="939" width="18" height="65" />
        <cmp x="1339" y="996" width="4" height="8" />
      </word>
      <word id="d04-012-01-04" tag="CD" text="68a">
        <cmp x="1421" y="953" width="30" height="50" />
        <cmp x="1462" y="958" width="33" height="50" />
        <cmp x="1503" y="984" width="41" height="26" />
      </word>
      <word id="d04-012-01-05" tag=")" text=")">
        <cmp x="1609" y="909" width="24" height="96" />
      </word>
      <word id="d04-012-01-06" tag="." text=".">
        <cmp x="1650" y="998" width="4" height="6" />
      </word>
      <word id="d04-012-01-07" sentence-start="yes" tag="ATI" text="The">
        <cmp x="1695" y="941" width="48" height="6" />
        <cmp x="1723" y="947" width="5" height="40" />
        <cmp x="1757" y="922" width="31" height="74" />
        <cmp x="1804" y="966" width="29" height="33" />
      </word>
      <word id="d04-012-01-08" tag="JNP" text="Hebrew">
        <cmp x="1906" y="933" width="6" height="61" />
        <cmp x="1920" y="930" width="18" height="71" />
        <cmp x="1949" y="965" width="26" height="38" />
        <cmp x="1979" y="936" width="27" height="65" />
        <cmp x="2014" y="979" width="50" height="32" />
        <cmp x="2064" y="976" width="34" height="38" />
      </word>
      <upper-contour>
        <point x="370" y="840" />
        <point x="1947" y="840" />
      </upper-contour>
      <lower-contour>
        <point x="375" y="1041" />
        <point x="2098" y="1041" />
      </lower-contour>
    </line>
    <line ass="-299" asx="0" asy="1079" character-width="999" dss="-299" dsx="0" dsy="1255" fd0="13355" fd1="3143" fd2="-501" filter-width="3" id="d04-012-02" lbs="-251" lbx="0" lby="1182" segmentation="ok" slant="92999" stroke-width="4725" threshold="187" text="word &amp;quot;SHAMIR&amp;quot; means guarded or preser-" ubs="-395" ubx="0" uby="1148">
      <word id="d04-012-02-00" tag="NN" text="word">
        <cmp x="377" y="1159" width="51" height="39" />
        <cmp x="436" y="1162" width="32" height="29" />
        <cmp x="479" y="1155" width="34" height="32" />
        <cmp x="525" y="1102" width="37" height="86" />
      </word>
      <word id="d04-012-02-01" tag="*&apos;" text="&quot;">
        <cmp x="631" y="1085" width="5" height="16" />
        <cmp x="640" y="1084" width="5" height="16" />
      </word>
      <word id="d04-012-02-02" tag="&amp;FW" text="SHAMIR">
        <cmp x="663" y="1098" width="44" height="64" />
        <cmp x="718" y="1108" width="30" height="68" />
        <cmp x="769" y="1121" width="32" height="61" />
        <cmp x="823" y="1131" width="36" height="53" />
        <cmp x="874" y="1134" width="9" height="47" />
        <cmp x="900" y="1131" width="33" height="53" />
      </word>
      <word id="d04-012-02-03" tag="**&apos;" text="&quot;">
        <cmp x="950" y="1121" width="4" height="16" />
        <cmp x="959" y="1120" width="4" height="19" />
      </word>
      <word id="d04-012-02-04" tag="VBZ" text="means">
        <cmp x="1066" y="1157" width="46" height="26" />
        <cmp x="1127" y="1154" width="35" height="34" />
        <cmp x="1170" y="1160" width="34" height="26" />
        <cmp x="1218" y="1164" width="29" height="27" />
        <cmp x="1252" y="1160" width="25" height="34" />
      </word>
      <word id="d04-012-02-05" tag="VBN" text="guarded">
        <cmp x="1391" y="1163" width="49" height="100" />
        <cmp x="1443" y="1162" width="29" height="33" />
        <cmp x="1485" y="1170" width="29" height="18" />
        <cmp x="1530" y="1171" width="31" height="24" />
        <cmp x="1576" y="1109" width="29" height="82" />
        <cmp x="1623" y="1110" width="61" height="79" />
      </word>
      <word id="d04-012-02-06" tag="CC" text="or">
        <cmp x="1761" y="1159" width="31" height="30" />
        <cmp x="1802" y="1159" width="32" height="25" />
      </word>
      <word id="d04-012-02-07" tag="VBN-" text="preser-">
        <cmp x="1888" y="1157" width="29" height="74" />
        <cmp x="1924" y="1166" width="26" height="26" />
        <cmp x="1956" y="1159" width="38" height="32" />
        <cmp x="1995" y="1158" width="24" height="32" />
        <cmp x="2024" y="1158" width="37" height="35" />
        <cmp x="2063" y="1158" width="23" height="27" />
        <cmp x="2097" y="1170" width="11" height="4" />
      </word>
      <upper-contour>
        <point x="375" y="1041" />
        <point x="2098" y="1041" />
      </upper-contour>
      <lower-contour>
        <point x="375" y="1263" />
        <point x="1893" y="1263" />
      </lower-contour>
    </line>
    <line ass="-278" asx="0" asy="1278" character-width="999" dss="-278" dsx="0" dsy="1404" fd0="12967" fd1="3238" fd2="383" filter-width="3" id="d04-012-03" lbs="-209" lbx="0" lby="1363" segmentation="ok" slant="95000" stroke-width="4650" threshold="186" text="ved. Therefore, the real man, who" ubs="-417" ubx="0" uby="1331">
      <word id="d04-012-03-00" tag="-VBN" text="ved">
        <cmp x="369" y="1327" width="22" height="30" />
        <cmp x="399" y="1329" width="55" height="40" />
        <cmp x="448" y="1295" width="15" height="59" />
      </word>
      <word id="d04-012-03-01" tag="." text=".">
        <cmp x="509" y="1363" width="4" height="3" />
      </word>
      <word id="d04-012-03-02" sentence-start="yes" tag="RB" text="Therefore">
        <cmp x="550" y="1304" width="41" height="56" />
        <cmp x="612" y="1288" width="30" height="78" />
        <cmp x="648" y="1338" width="31" height="36" />
        <cmp x="691" y="1341" width="30" height="33" />
        <cmp x="730" y="1342" width="36" height="33" />
        <cmp x="785" y="1288" width="30" height="80" />
        <cmp x="824" y="1340" width="26" height="26" />
        <cmp x="860" y="1345" width="32" height="26" />
        <cmp x="897" y="1339" width="31" height="32" />
      </word>
      <word id="d04-012-03-03" tag="," text=",">
        <cmp x="937" y="1375" width="7" height="34" />
      </word>
      <word id="d04-012-03-04" tag="ATI" text="the">
        <cmp x="1079" y="1294" width="31" height="71" />
        <cmp x="1117" y="1288" width="12" height="71" />
        <cmp x="1131" y="1330" width="12" height="6" />
        <cmp x="1143" y="1335" width="3" height="19" />
        <cmp x="1163" y="1332" width="48" height="36" />
      </word>
      <word id="d04-012-03-05" tag="JJ" text="real">
        <cmp x="1291" y="1348" width="23" height="21" />
        <cmp x="1316" y="1351" width="57" height="29" />
        <cmp x="1392" y="1316" width="24" height="56" />
      </word>
      <word id="d04-012-03-06" tag="NN" text="man">
        <cmp x="1535" y="1350" width="41" height="24" />
        <cmp x="1601" y="1350" width="36" height="21" />
        <cmp x="1650" y="1351" width="25" height="19" />
      </word>
      <word id="d04-012-03-07" tag="," text=",">
        <cmp x="1699" y="1379" width="8" height="26" />
      </word>
      <word id="d04-012-03-08" tag="WP" text="who">
        <cmp x="1761" y="1329" width="41" height="28" />
        <cmp x="1826" y="1288" width="29" height="82" />
        <cmp x="1861" y="1338" width="31" height="33" />
      </word>
      <upper-contour>
        <point x="375" y="1263" />
        <point x="1893" y="1263" />
      </upper-contour>
      <lower-contour>
        <point x="377" y="1409" />
        <point x="1893" y="1409" />
      </lower-contour>
    </line>
    <line ass="-448" asx="0" asy="1456" character-width="999" dss="-448" dsx="0" dsy="1624" fd0="13358" fd1="3071" fd2="-444" filter-width="3" id="d04-012-04" lbs="-418" lbx="0" lby="1540" segmentation="ok" slant="91000" stroke-width="4513" threshold="183" text="regards himself as insignificant, as the" ubs="-509" ubx="0" uby="1510">
      <word id="d04-012-04-00" tag="VBZ" text="regards">
        <cmp x="379" y="1518" width="32" height="35" />
        <cmp x="412" y="1520" width="32" height="34" />
        <cmp x="454" y="1520" width="60" height="109" />
        <cmp x="508" y="1514" width="28" height="23" />
        <cmp x="544" y="1519" width="29" height="25" />
        <cmp x="580" y="1469" width="27" height="78" />
        <cmp x="616" y="1515" width="28" height="35" />
      </word>
      <word id="d04-012-04-01" tag="PPL" text="himself">
        <cmp x="750" y="1475" width="27" height="65" />
        <cmp x="793" y="1499" width="3" height="6" />
        <cmp x="794" y="1524" width="5" height="18" />
        <cmp x="814" y="1521" width="39" height="23" />
        <cmp x="866" y="1510" width="32" height="45" />
        <cmp x="901" y="1517" width="37" height="33" />
        <cmp x="958" y="1483" width="22" height="62" />
        <cmp x="996" y="1465" width="25" height="81" />
      </word>
      <word id="d04-012-04-02" tag="CS" text="as">
        <cmp x="1140" y="1523" width="25" height="24" />
        <cmp x="1181" y="1516" width="26" height="33" />
      </word>
      <word id="d04-012-04-03" tag="JJ" text="insignificant">
        <cmp x="1301" y="1494" width="3" height="5" />
        <cmp x="1302" y="1520" width="6" height="26" />
        <cmp x="1326" y="1528" width="25" height="21" />
        <cmp x="1364" y="1517" width="24" height="32" />
        <cmp x="1397" y="1529" width="6" height="20" />
        <cmp x="1400" y="1509" width="3" height="4" />
        <cmp x="1422" y="1526" width="33" height="80" />
        <cmp x="1466" y="1532" width="22" height="20" />
        <cmp x="1499" y="1535" width="6" height="16" />
        <cmp x="1500" y="1505" width="4" height="8" />
        <cmp x="1527" y="1476" width="23" height="79" />
        <cmp x="1568" y="1536" width="4" height="17" />
        <cmp x="1580" y="1527" width="26" height="29" />
        <cmp x="1615" y="1533" width="29" height="16" />
        <cmp x="1647" y="1538" width="25" height="15" />
        <cmp x="1691" y="1485" width="20" height="73" />
      </word>
      <word id="d04-012-04-04" tag="," text=",">
        <cmp x="1732" y="1568" width="9" height="23" />
      </word>
      <word id="d04-012-04-05" tag="CS" text="as">
        <cmp x="1823" y="1526" width="26" height="24" />
        <cmp x="1864" y="1523" width="23" height="33" />
      </word>
      <word id="d04-012-04-06" tag="ATI" text="the">
        <cmp x="1951" y="1487" width="25" height="73" />
        <cmp x="1997" y="1480" width="30" height="76" />
        <cmp x="2038" y="1525" width="41" height="35" />
      </word>
      <upper-contour>
        <point x="377" y="1409" />
        <point x="1893" y="1409" />
      </upper-contour>
      <lower-contour>
        <point x="377" y="1630" />
        <point x="1063" y="1606" />
        <point x="2080" y="1606" />
      </lower-contour>
    </line>
    <line ass="632" asx="0" asy="1626" character-width="999" dss="632" dsx="0" dsy="1789" fd0="13319" fd1="3338" fd2="688" filter-width="3" id="d04-012-05" lbs="594" lbx="0" lby="1738" segmentation="ok" slant="92999" stroke-width="4540" threshold="183" text="prayer says: &amp;quot;What am I? A worm&amp;quot;, he" ubs="709" ubx="0" uby="1713">
      <word id="d04-012-05-00" tag="NN" text="prayer">
        <cmp x="377" y="1690" width="31" height="64" />
        <cmp x="433" y="1699" width="33" height="30" />
        <cmp x="462" y="1703" width="41" height="32" />
        <cmp x="519" y="1711" width="24" height="25" />
        <cmp x="521" y="1701" width="35" height="68" />
        <cmp x="575" y="1707" width="86" height="38" />
      </word>
      <word id="d04-012-05-01" tag="VBZ" text="says">
        <cmp x="764" y="1675" width="37" height="50" />
        <cmp x="815" y="1693" width="31" height="24" />
        <cmp x="855" y="1690" width="36" height="90" />
        <cmp x="901" y="1693" width="23" height="35" />
      </word>
      <word id="d04-012-05-02" tag=":" text=":">
        <cmp x="980" y="1693" width="4" height="7" />
      </word>
      <word id="d04-012-05-03" tag="*&apos;" text="&quot;">
        <cmp x="1063" y="1617" width="5" height="31" />
        <cmp x="1074" y="1616" width="7" height="24" />
      </word>
      <word id="d04-012-05-04" tag="WDT" text="What">
        <cmp x="1090" y="1657" width="57" height="63" />
        <cmp x="1163" y="1640" width="32" height="84" />
        <cmp x="1208" y="1701" width="34" height="25" />
        <cmp x="1253" y="1656" width="21" height="73" />
      </word>
      <word id="d04-012-05-05" tag="BEM" text="am">
        <cmp x="1347" y="1709" width="28" height="18" />
        <cmp x="1364" y="1703" width="6" height="7" />
        <cmp x="1384" y="1710" width="42" height="19" />
      </word>
      <word id="d04-012-05-06" tag="PP1A" text="I">
        <cmp x="1484" y="1662" width="38" height="65" />
      </word>
      <word id="d04-012-05-07" tag="?" text="?">
        <cmp x="1565" y="1636" width="29" height="65" />
        <cmp x="1584" y="1728" width="3" height="3" />
      </word>
      <word id="d04-012-05-08" tag="AT" text="A">
        <cmp x="1678" y="1681" width="7" height="37" />
        <cmp x="1680" y="1661" width="28" height="69" />
      </word>
      <word id="d04-012-05-09" tag="NN" text="worm">
        <cmp x="1763" y="1698" width="40" height="34" />
        <cmp x="1807" y="1701" width="22" height="30" />
        <cmp x="1852" y="1705" width="25" height="31" />
        <cmp x="1888" y="1715" width="31" height="18" />
      </word>
      <word id="d04-012-05-10" tag="**&apos;" text="&quot;">
        <cmp x="1941" y="1677" width="5" height="23" />
        <cmp x="1948" y="1671" width="4" height="25" />
      </word>
      <word id="d04-012-05-11" tag="," text=",">
        <cmp x="1965" y="1737" width="9" height="23" />
      </word>
      <word id="d04-012-05-12" tag="PP3A" text="he">
        <cmp x="2036" y="1653" width="28" height="68" />
        <cmp x="2082" y="1691" width="29" height="31" />
      </word>
      <upper-contour>
        <point x="377" y="1630" />
        <point x="1063" y="1606" />
        <point x="2080" y="1606" />
      </upper-contour>
      <lower-contour>
        <point x="375" y="1780" />
        <point x="2008" y="1780" />
      </lower-contour>
    </line>
    <line ass="-52" asx="0" asy="1813" character-width="999" dss="-52" dsx="0" dsy="1907" fd0="13201" fd1="3523" fd2="178" filter-width="3" id="d04-012-06" lbs="-51" lbx="0" lby="1899" segmentation="ok" slant="96000" stroke-width="4427" threshold="189" text="is the Shamir and such a man fulfils" ubs="-53" ubx="0" uby="1874">
      <word id="d04-012-06-00" tag="BEZ" text="is">
        <cmp x="368" y="1880" width="9" height="21" />
        <cmp x="383" y="1876" width="29" height="32" />
      </word>
      <word id="d04-012-06-01" tag="ATI" text="the">
        <cmp x="458" y="1834" width="27" height="60" />
        <cmp x="482" y="1828" width="34" height="67" />
        <cmp x="517" y="1867" width="41" height="33" />
      </word>
      <word id="d04-012-06-02" tag="NP" text="Shamir">
        <cmp x="690" y="1843" width="39" height="56" />
        <cmp x="741" y="1829" width="30" height="79" />
        <cmp x="773" y="1881" width="33" height="22" />
        <cmp x="813" y="1878" width="48" height="25" />
        <cmp x="871" y="1854" width="4" height="7" />
        <cmp x="874" y="1883" width="7" height="19" />
        <cmp x="886" y="1882" width="25" height="21" />
      </word>
      <word id="d04-012-06-03" tag="CC" text="and">
        <cmp x="1013" y="1872" width="33" height="21" />
        <cmp x="1050" y="1876" width="25" height="19" />
        <cmp x="1089" y="1819" width="27" height="84" />
      </word>
      <word id="d04-012-06-04" tag="ABL" text="such">
        <cmp x="1222" y="1851" width="35" height="50" />
        <cmp x="1266" y="1873" width="29" height="26" />
        <cmp x="1302" y="1873" width="23" height="28" />
        <cmp x="1341" y="1828" width="25" height="69" />
      </word>
      <word id="d04-012-06-05" tag="AT" text="a">
        <cmp x="1443" y="1875" width="35" height="21" />
      </word>
      <word id="d04-012-06-06" tag="NN" text="man">
        <cmp x="1526" y="1877" width="40" height="18" />
        <cmp x="1577" y="1875" width="34" height="19" />
        <cmp x="1615" y="1879" width="26" height="17" />
      </word>
      <word id="d04-012-06-07" tag="VBZ" text="fulfils">
        <cmp x="1784" y="1816" width="25" height="85" />
        <cmp x="1812" y="1872" width="24" height="25" />
        <cmp x="1857" y="1836" width="17" height="68" />
        <cmp x="1910" y="1824" width="30" height="84" />
        <cmp x="1960" y="1838" width="16" height="68" />
        <cmp x="1988" y="1872" width="20" height="36" />
      </word>
      <upper-contour>
        <point x="375" y="1780" />
        <point x="2008" y="1780" />
      </upper-contour>
      <lower-contour>
        <point x="366" y="1908" />
        <point x="2008" y="1908" />
      </lower-contour>
    </line>
    <line ass="-153" asx="0" asy="1990" character-width="999" dss="-153" dsx="0" dsy="2107" fd0="12794" fd1="3183" fd2="260" filter-width="3" id="d04-012-07" lbs="-247" lbx="0" lby="2074" segmentation="ok" slant="90000" stroke-width="4570" threshold="186" text="the Shmah, loves the Lord God with" ubs="33" ubx="0" uby="2042">
      <word id="d04-012-07-00" tag="ATI" text="the">
        <cmp x="367" y="2002" width="28" height="66" />
        <cmp x="404" y="1999" width="34" height="74" />
        <cmp x="442" y="2041" width="34" height="33" />
      </word>
      <word id="d04-012-07-01" tag="NP" text="Shmah">
        <cmp x="562" y="2028" width="38" height="46" />
        <cmp x="610" y="2007" width="34" height="71" />
        <cmp x="669" y="2056" width="42" height="28" />
        <cmp x="721" y="2058" width="35" height="27" />
        <cmp x="778" y="2012" width="31" height="75" />
      </word>
      <word id="d04-012-07-02" tag="," text=",">
        <cmp x="853" y="2088" width="5" height="22" />
      </word>
      <word id="d04-012-07-03" tag="VBZ" text="loves">
        <cmp x="954" y="2017" width="23" height="57" />
        <cmp x="981" y="2055" width="26" height="28" />
        <cmp x="1015" y="2059" width="23" height="23" />
        <cmp x="1049" y="2052" width="60" height="33" />
      </word>
      <word id="d04-012-07-04" tag="ATI" text="the">
        <cmp x="1205" y="2004" width="26" height="74" />
        <cmp x="1242" y="1995" width="22" height="83" />
        <cmp x="1274" y="2051" width="37" height="25" />
      </word>
      <word id="d04-012-07-05" tag="NPT" text="Lord">
        <cmp x="1430" y="2001" width="34" height="75" />
        <cmp x="1473" y="2052" width="28" height="28" />
        <cmp x="1524" y="2058" width="18" height="21" />
        <cmp x="1571" y="2002" width="32" height="78" />
      </word>
      <word id="d04-012-07-06" tag="NP" text="God">
        <cmp x="1723" y="2017" width="45" height="63" />
        <cmp x="1780" y="2052" width="24" height="31" />
        <cmp x="1823" y="1996" width="27" height="87" />
      </word>
      <word id="d04-012-07-07" tag="IN" text="with">
        <cmp x="1941" y="2063" width="40" height="29" />
        <cmp x="1996" y="2067" width="5" height="20" />
        <cmp x="2027" y="1996" width="74" height="88" />
      </word>
      <upper-contour>
        <point x="366" y="1908" />
        <point x="2008" y="1908" />
      </upper-contour>
      <lower-contour>
        <point x="365" y="2110" />
        <point x="2102" y="2110" />
      </lower-contour>
    </line>
    <line ass="-9" asx="0" asy="2175" character-width="999" dss="-9" dsx="0" dsy="2264" fd0="13043" fd1="3355" fd2="633" filter-width="3" id="d04-012-08" lbs="83" lbx="0" lby="2260" segmentation="err" slant="95000" stroke-width="4672" threshold="185" text="all his heart, and with all his soul and" ubs="-193" ubx="0" uby="2229">
      <word id="d04-012-08-00" tag="ABN" text="all">
        <cmp x="354" y="2229" width="38" height="27" />
        <cmp x="418" y="2196" width="24" height="61" />
        <cmp x="448" y="2199" width="23" height="59" />
      </word>
      <word id="d04-012-08-01" tag="PP$" text="his">
        <cmp x="584" y="2186" width="34" height="73" />
        <cmp x="622" y="2248" width="5" height="13" />
        <cmp x="655" y="2235" width="23" height="27" />
      </word>
      <word id="d04-012-08-02" tag="NN" text="heart">
        <cmp x="760" y="2181" width="31" height="75" />
        <cmp x="806" y="2228" width="67" height="33" />
        <cmp x="887" y="2233" width="28" height="23" />
        <cmp x="927" y="2195" width="18" height="59" />
      </word>
      <word id="d04-012-08-03" tag="," text=",">
        <cmp x="935" y="2255" width="4" height="7" />
      </word>
      <word id="d04-012-08-04" tag="CC" text="and">
        <cmp x="1080" y="2234" width="27" height="25" />
        <cmp x="1121" y="2243" width="25" height="17" />
        <cmp x="1168" y="2177" width="29" height="82" />
      </word>
      <word id="d04-012-08-05" tag="IN" text="with">
        <cmp x="1288" y="2237" width="32" height="28" />
        <cmp x="1330" y="2217" width="3" height="6" />
        <cmp x="1331" y="2244" width="6" height="19" />
        <cmp x="1360" y="2184" width="51" height="75" />
      </word>
      <word id="d04-012-08-06" tag="ABN" text="all">
        <cmp x="1488" y="2232" width="43" height="31" />
        <cmp x="1548" y="2201" width="13" height="53" />
        <cmp x="1566" y="2202" width="15" height="53" />
      </word>
      <word id="d04-012-08-07" tag="PP$" text="his">
        <cmp x="1677" y="2196" width="23" height="67" />
        <cmp x="1712" y="2247" width="4" height="15" />
        <cmp x="1726" y="2237" width="19" height="26" />
      </word>
      <word id="d04-012-08-08" tag="NN" text="soul">
        <cmp x="1834" y="2216" width="32" height="42" />
        <cmp x="1843" y="2246" width="9" height="7" />
        <cmp x="1869" y="2237" width="21" height="23" />
        <cmp x="1898" y="2241" width="20" height="21" />
        <cmp x="1942" y="2204" width="20" height="52" />
        <cmp x="1973" y="2240" width="6" height="3" />
      </word>
      <word id="d04-012-08-09" tag="CC" text="and">
        <cmp x="2026" y="2231" width="31" height="21" />
        <cmp x="2068" y="2190" width="42" height="68" />
      </word>
      <upper-contour>
        <point x="365" y="2110" />
        <point x="2102" y="2110" />
      </upper-contour>
      <lower-contour>
        <point x="352" y="2265" />
        <point x="2010" y="2265" />
      </lower-contour>
    </line>
    <line ass="-240" asx="0" asy="2271" character-width="999" dss="-240" dsx="0" dsy="2502" fd0="12970" fd1="3318" fd2="232" filter-width="3" id="d04-012-09" lbs="-255" lbx="0" lby="2432" segmentation="err" slant="96000" stroke-width="4647" threshold="186" text="with all his might and studies the" ubs="-209" ubx="0" uby="2408">
      <word id="d04-012-09-00" tag="IN" text="with">
        <cmp x="339" y="2415" width="42" height="30" />
        <cmp x="386" y="2391" width="3" height="7" />
        <cmp x="390" y="2424" width="6" height="17" />
        <cmp x="417" y="2357" width="39" height="76" />
        <cmp x="459" y="2407" width="19" height="27" />
      </word>
      <word id="d04-012-09-01" tag="ABN" text="all">
        <cmp x="562" y="2406" width="38" height="26" />
        <cmp x="606" y="2373" width="22" height="59" />
        <cmp x="630" y="2375" width="21" height="57" />
      </word>
      <word id="d04-012-09-02" tag="PP$" text="his">
        <cmp x="782" y="2356" width="28" height="78" />
        <cmp x="814" y="2419" width="5" height="14" />
        <cmp x="841" y="2413" width="21" height="30" />
      </word>
      <word id="d04-012-09-03" tag="NN" text="might">
        <cmp x="955" y="2419" width="38" height="20" />
        <cmp x="995" y="2277" width="10" height="18" />
        <cmp x="1011" y="2426" width="4" height="10" />
        <cmp x="1037" y="2415" width="48" height="92" />
        <cmp x="1085" y="2415" width="6" height="11" />
        <cmp x="1093" y="2402" width="4" height="9" />
        <cmp x="1096" y="2363" width="32" height="76" />
        <cmp x="1136" y="2365" width="21" height="73" />
      </word>
      <word id="d04-012-09-04" tag="CC" text="and">
        <cmp x="1315" y="2411" width="32" height="23" />
        <cmp x="1379" y="2418" width="5" height="20" />
        <cmp x="1389" y="2418" width="12" height="18" />
        <cmp x="1413" y="2359" width="33" height="79" />
      </word>
      <word id="d04-012-09-05" tag="VBZ" text="studies">
        <cmp x="1569" y="2396" width="29" height="44" />
        <cmp x="1611" y="2371" width="26" height="67" />
        <cmp x="1640" y="2417" width="26" height="26" />
        <cmp x="1677" y="2362" width="27" height="79" />
        <cmp x="1722" y="2424" width="6" height="18" />
        <cmp x="1754" y="2408" width="45" height="32" />
      </word>
      <word id="d04-012-09-06" tag="ATI" text="the">
        <cmp x="1900" y="2381" width="28" height="63" />
        <cmp x="1929" y="2365" width="26" height="77" />
        <cmp x="1979" y="2422" width="31" height="24" />
      </word>
      <upper-contour>
        <point x="352" y="2265" />
        <point x="2010" y="2265" />
      </upper-contour>
      <lower-contour>
        <point x="364" y="2445" />
        <point x="969" y="2445" />
      </lower-contour>
    </line>
    <line ass="1576" asx="0" asy="2539" character-width="999" dss="1576" dsx="0" dsy="2641" fd0="12903" fd1="3801" fd2="448" filter-width="3" id="d04-012-10" lbs="1520" lbx="0" lby="2634" segmentation="err" slant="94000" stroke-width="4751" threshold="180" text="word of God." ubs="1689" ubx="0" uby="2605">
      <word id="d04-012-10-00" tag="NN" text="word">
        <cmp x="366" y="2592" width="44" height="30" />
        <cmp x="418" y="2594" width="29" height="28" />
        <cmp x="468" y="2596" width="25" height="27" />
        <cmp x="513" y="2537" width="33" height="83" />
      </word>
      <word id="d04-012-10-01" tag="INO" text="of">
        <cmp x="642" y="2592" width="30" height="32" />
        <cmp x="703" y="2521" width="26" height="92" />
      </word>
      <word id="d04-012-10-02" tag="NP" text="God">
        <cmp x="841" y="2537" width="45" height="73" />
        <cmp x="890" y="2583" width="28" height="27" />
      </word>
      <word id="d04-012-10-03" tag="." text=".">
        <cmp x="932" y="2528" width="36" height="81" />
      </word>
      <upper-contour>
        <point x="364" y="2445" />
        <point x="969" y="2445" />
      </upper-contour>
    </line>
  </handwritten-part>
</form>

