<?xml version="1.0" encoding="ISO-8859-1"?>

<!DOCTYPE form SYSTEM 'http://www.iam.unibe.ch/~fki/iamdb/form-metadata.dtd'>

<form created="2002-01-16" height="3542" id="d04-125" last-modified="2002-07-17" skew="-63" status="final" version="3.0_beta" width="2479" writer-id="198">
  <machine-printed-part>
    <machine-print-line text="And we answer, that the Lord our God gave us &amp;quot;four freedoms&amp;quot; without which Society" />
    <machine-print-line text="cannot make progress. And we drink &amp;quot;four cups&amp;quot; to thank the Lord our God for the" />
    <machine-print-line text="&amp;quot;four freedoms&amp;quot; which are Divine. There are four ways of redemption: (1) I will bring" />
    <machine-print-line text="you out from under the burdens of Egypt. (2) I will rid you of their bondage." />
  </machine-printed-part>
  <handwritten-part>
    <line ass="-285" asx="0" asy="713" character-width="999" dss="-285" dsx="0" dsy="821" fd0="12912" fd1="3359" fd2="-608" filter-width="4" id="d04-125-00" lbs="-332" lbx="0" lby="783" segmentation="ok" slant="94000" stroke-width="5991" threshold="167" text="And we answer, that the Lord our God gave us &amp;quot;four freedoms&amp;quot;" ubs="-193" ubx="0" uby="753">
      <word id="d04-125-00-00" sentence-start="yes" tag="CC" text="And">
        <cmp x="359" y="724" width="27" height="55" />
        <cmp x="386" y="727" width="47" height="56" />
      </word>
      <word id="d04-125-00-01" tag="PP1AS" text="we">
        <cmp x="490" y="754" width="39" height="33" />
        <cmp x="531" y="755" width="25" height="32" />
      </word>
      <word id="d04-125-00-02" tag="VB" text="answer">
        <cmp x="615" y="758" width="29" height="29" />
        <cmp x="644" y="758" width="26" height="30" />
        <cmp x="669" y="749" width="114" height="38" />
      </word>
      <word id="d04-125-00-03" tag="," text=",">
        <cmp x="795" y="776" width="6" height="22" />
      </word>
      <word id="d04-125-00-04" tag="CS" text="that">
        <cmp x="845" y="732" width="23" height="64" />
        <cmp x="869" y="724" width="74" height="67" />
      </word>
      <word id="d04-125-00-05" tag="ATI" text="the">
        <cmp x="987" y="724" width="56" height="68" />
        <cmp x="1053" y="747" width="28" height="34" />
      </word>
      <word id="d04-125-00-06" tag="NPT" text="Lord">
        <cmp x="1127" y="730" width="34" height="67" />
        <cmp x="1162" y="766" width="24" height="28" />
        <cmp x="1198" y="765" width="25" height="31" />
        <cmp x="1221" y="727" width="28" height="75" />
      </word>
      <word id="d04-125-00-07" tag="PP$" text="our">
        <cmp x="1285" y="767" width="43" height="27" />
        <cmp x="1334" y="753" width="21" height="38" />
      </word>
      <word id="d04-125-00-08" tag="NP" text="God">
        <cmp x="1401" y="724" width="83" height="66" />
      </word>
      <word id="d04-125-00-09" tag="VBD" text="gave">
        <cmp x="1552" y="763" width="82" height="67" />
        <cmp x="1641" y="755" width="26" height="34" />
      </word>
      <word id="d04-125-00-10" tag="PP1OS" text="us">
        <cmp x="1702" y="759" width="23" height="30" />
        <cmp x="1730" y="757" width="22" height="33" />
      </word>
      <word id="d04-125-00-11" tag="*&apos;" text="&quot;">
        <cmp x="1761" y="729" width="11" height="13" />
        <cmp x="1770" y="724" width="12" height="17" />
      </word>
      <word id="d04-125-00-12" tag="CD" text="four">
        <cmp x="1792" y="724" width="66" height="73" />
        <cmp x="1855" y="755" width="25" height="33" />
      </word>
      <word id="d04-125-00-13" tag="NNS" text="freedoms">
        <cmp x="1922" y="724" width="26" height="74" />
        <cmp x="1955" y="760" width="40" height="36" />
        <cmp x="1998" y="762" width="23" height="32" />
        <cmp x="2024" y="733" width="56" height="64" />
        <cmp x="2086" y="760" width="35" height="32" />
        <cmp x="2123" y="756" width="24" height="31" />
      </word>
      <word id="d04-125-00-14" tag="**&apos;" text="&quot;">
        <cmp x="2150" y="724" width="10" height="26" />
        <cmp x="2164" y="724" width="7" height="22" />
      </word>
      <lower-contour>
        <point x="357" y="830" />
        <point x="2109" y="830" />
      </lower-contour>
    </line>
    <line ass="-312" asx="0" asy="884" character-width="999" dss="-312" dsx="0" dsy="1009" fd0="13612" fd1="2878" fd2="-1244" filter-width="4" id="d04-125-01" lbs="-374" lbx="0" lby="956" segmentation="ok" slant="97000" stroke-width="5994" threshold="167" text="without which Society cannot make progress. And we drink" ubs="-188" ubx="0" uby="932">
      <word id="d04-125-01-00" tag="IN" text="without">
        <cmp x="318" y="932" width="39" height="31" />
        <cmp x="365" y="913" width="5" height="13" />
        <cmp x="367" y="941" width="9" height="20" />
        <cmp x="387" y="909" width="18" height="55" />
        <cmp x="405" y="915" width="31" height="54" />
        <cmp x="447" y="938" width="61" height="32" />
        <cmp x="514" y="917" width="24" height="48" />
      </word>
      <word id="d04-125-01-01" tag="WDT" text="which">
        <cmp x="594" y="932" width="44" height="35" />
        <cmp x="640" y="909" width="29" height="59" />
        <cmp x="670" y="916" width="7" height="11" />
        <cmp x="675" y="938" width="10" height="27" />
        <cmp x="688" y="936" width="27" height="28" />
        <cmp x="715" y="898" width="33" height="74" />
      </word>
      <word id="d04-125-01-02" tag="NN" text="Society">
        <cmp x="803" y="922" width="33" height="40" />
        <cmp x="839" y="928" width="56" height="30" />
        <cmp x="895" y="905" width="4" height="8" />
        <cmp x="895" y="934" width="8" height="23" />
        <cmp x="906" y="907" width="46" height="56" />
        <cmp x="953" y="938" width="42" height="77" />
      </word>
      <word id="d04-125-01-03" tag="MDX" text="cannot">
        <cmp x="1018" y="933" width="62" height="29" />
        <cmp x="1084" y="939" width="28" height="27" />
        <cmp x="1118" y="937" width="55" height="30" />
        <cmp x="1176" y="917" width="23" height="53" />
      </word>
      <word id="d04-125-01-04" tag="VB" text="make">
        <cmp x="1244" y="930" width="72" height="36" />
        <cmp x="1320" y="933" width="59" height="40" />
      </word>
      <word id="d04-125-01-05" tag="NN" text="progress">
        <cmp x="1437" y="938" width="20" height="57" />
        <cmp x="1466" y="932" width="42" height="37" />
        <cmp x="1512" y="940" width="60" height="73" />
        <cmp x="1545" y="932" width="23" height="36" />
        <cmp x="1567" y="938" width="28" height="30" />
        <cmp x="1603" y="936" width="54" height="34" />
      </word>
      <word id="d04-125-01-06" tag="." text=".">
        <cmp x="1675" y="961" width="7" height="6" />
      </word>
      <word id="d04-125-01-07" sentence-start="yes" tag="CC" text="And">
        <cmp x="1711" y="913" width="28" height="52" />
        <cmp x="1742" y="930" width="30" height="35" />
        <cmp x="1774" y="899" width="25" height="63" />
      </word>
      <word id="d04-125-01-08" tag="PP1AS" text="we">
        <cmp x="1851" y="931" width="63" height="36" />
      </word>
      <word id="d04-125-01-09" tag="VB" text="drink">
        <cmp x="1978" y="896" width="22" height="71" />
        <cmp x="2004" y="930" width="22" height="37" />
        <cmp x="2031" y="905" width="7" height="18" />
        <cmp x="2033" y="939" width="7" height="26" />
        <cmp x="2046" y="936" width="25" height="33" />
        <cmp x="2078" y="936" width="30" height="36" />
      </word>
      <upper-contour>
        <point x="357" y="830" />
        <point x="2109" y="830" />
      </upper-contour>
      <lower-contour>
        <point x="329" y="1015" />
        <point x="2109" y="1015" />
      </lower-contour>
    </line>
    <line ass="-407" asx="0" asy="1056" character-width="999" dss="-407" dsx="0" dsy="1170" fd0="13877" fd1="3732" fd2="-116" filter-width="4" id="d04-125-02" lbs="-575" lbx="0" lby="1132" segmentation="ok" slant="99000" stroke-width="6013" threshold="170" text="&amp;quot;four cups&amp;quot; to thank the Lord our God for the &amp;quot;four" ubs="-73" ubx="0" uby="1114">
      <word id="d04-125-02-00" tag="*&apos;" text="&quot;">
        <cmp x="331" y="1103" width="19" height="16" />
        <cmp x="347" y="1103" width="16" height="16" />
      </word>
      <word id="d04-125-02-01" tag="CD" text="four">
        <cmp x="386" y="1093" width="19" height="68" />
        <cmp x="423" y="1114" width="70" height="29" />
      </word>
      <word id="d04-125-02-02" tag="NNS" text="cups">
        <cmp x="557" y="1113" width="82" height="63" />
        <cmp x="637" y="1115" width="23" height="31" />
      </word>
      <word id="d04-125-02-03" tag="**&apos;" text="&quot;">
        <cmp x="663" y="1101" width="15" height="17" />
        <cmp x="675" y="1095" width="13" height="23" />
      </word>
      <word id="d04-125-02-04" tag="TO" text="to">
        <cmp x="763" y="1093" width="32" height="49" />
        <cmp x="801" y="1123" width="26" height="23" />
      </word>
      <word id="d04-125-02-05" tag="VB" text="thank">
        <cmp x="904" y="1095" width="29" height="51" />
        <cmp x="926" y="1099" width="76" height="55" />
        <cmp x="997" y="1123" width="34" height="26" />
        <cmp x="1031" y="1117" width="25" height="38" />
      </word>
      <word id="d04-125-02-06" tag="ATI" text="the">
        <cmp x="1111" y="1098" width="27" height="45" />
        <cmp x="1130" y="1100" width="41" height="50" />
        <cmp x="1177" y="1118" width="37" height="31" />
      </word>
      <word id="d04-125-02-07" tag="NPT" text="Lord">
        <cmp x="1273" y="1098" width="54" height="50" />
        <cmp x="1330" y="1114" width="22" height="32" />
        <cmp x="1359" y="1079" width="25" height="69" />
      </word>
      <word id="d04-125-02-08" tag="PP$" text="our">
        <cmp x="1459" y="1120" width="64" height="28" />
        <cmp x="1528" y="1116" width="29" height="38" />
      </word>
      <word id="d04-125-02-09" tag="NP" text="God">
        <cmp x="1619" y="1101" width="32" height="51" />
        <cmp x="1652" y="1088" width="51" height="66" />
      </word>
      <word id="d04-125-02-10" tag="IN" text="for">
        <cmp x="1749" y="1092" width="24" height="83" />
        <cmp x="1769" y="1126" width="32" height="27" />
        <cmp x="1802" y="1118" width="27" height="33" />
      </word>
      <word id="d04-125-02-11" tag="ATI" text="the">
        <cmp x="1863" y="1091" width="20" height="60" />
        <cmp x="1881" y="1089" width="57" height="61" />
      </word>
      <word id="d04-125-02-12" tag="*&apos;" text="&quot;">
        <cmp x="1989" y="1104" width="13" height="19" />
        <cmp x="2001" y="1099" width="11" height="22" />
      </word>
      <word id="d04-125-02-13" tag="CD" text="four">
        <cmp x="2029" y="1072" width="19" height="80" />
        <cmp x="2053" y="1108" width="27" height="35" />
        <cmp x="2083" y="1112" width="24" height="24" />
        <cmp x="2099" y="1108" width="9" height="19" />
        <cmp x="2112" y="1109" width="24" height="39" />
      </word>
      <upper-contour>
        <point x="329" y="1015" />
        <point x="2109" y="1015" />
      </upper-contour>
      <lower-contour>
        <point x="354" y="1176" />
        <point x="2113" y="1176" />
      </lower-contour>
    </line>
    <line ass="-245" asx="0" asy="1258" character-width="999" dss="-245" dsx="0" dsy="1346" fd0="14766" fd1="3022" fd2="-736" filter-width="4" id="d04-125-03" lbs="-325" lbx="0" lby="1321" segmentation="ok" slant="116000" stroke-width="5871" threshold="169" text="freedoms&amp;quot; which are Divine. There are four ways of" ubs="-84" ubx="0" uby="1299">
      <word id="d04-125-03-00" tag="NNS" text="freedoms">
        <cmp x="356" y="1271" width="23" height="63" />
        <cmp x="381" y="1300" width="25" height="30" />
        <cmp x="405" y="1300" width="29" height="29" />
        <cmp x="434" y="1298" width="30" height="29" />
        <cmp x="467" y="1264" width="63" height="64" />
        <cmp x="531" y="1303" width="52" height="26" />
        <cmp x="585" y="1296" width="29" height="31" />
      </word>
      <word id="d04-125-03-01" tag="**&apos;" text="&quot;">
        <cmp x="608" y="1270" width="17" height="24" />
        <cmp x="623" y="1263" width="18" height="31" />
      </word>
      <word id="d04-125-03-02" tag="WDT" text="which">
        <cmp x="702" y="1299" width="45" height="29" />
        <cmp x="742" y="1268" width="48" height="52" />
        <cmp x="784" y="1274" width="9" height="11" />
        <cmp x="792" y="1298" width="14" height="21" />
        <cmp x="814" y="1293" width="30" height="26" />
        <cmp x="839" y="1263" width="45" height="64" />
      </word>
      <word id="d04-125-03-03" tag="BER" text="are">
        <cmp x="940" y="1302" width="40" height="26" />
        <cmp x="979" y="1296" width="28" height="37" />
        <cmp x="1008" y="1300" width="30" height="36" />
      </word>
      <word id="d04-125-03-04" tag="JJ" text="Divine">
        <cmp x="1100" y="1284" width="53" height="47" />
        <cmp x="1138" y="1283" width="9" height="10" />
        <cmp x="1152" y="1312" width="17" height="20" />
        <cmp x="1164" y="1305" width="36" height="26" />
        <cmp x="1194" y="1283" width="6" height="8" />
        <cmp x="1202" y="1308" width="17" height="20" />
        <cmp x="1223" y="1301" width="39" height="29" />
        <cmp x="1260" y="1298" width="33" height="38" />
      </word>
      <word id="d04-125-03-05" tag="." text=".">
        <cmp x="1305" y="1322" width="7" height="6" />
      </word>
      <word id="d04-125-03-06" sentence-start="yes" tag="EX" text="There">
        <cmp x="1323" y="1287" width="8" height="5" />
        <cmp x="1332" y="1288" width="39" height="34" />
        <cmp x="1361" y="1279" width="122" height="52" />
      </word>
      <word id="d04-125-03-07" tag="BER" text="are">
        <cmp x="1522" y="1301" width="37" height="26" />
        <cmp x="1553" y="1293" width="26" height="34" />
        <cmp x="1582" y="1297" width="33" height="31" />
      </word>
      <word id="d04-125-03-08" tag="CD" text="four">
        <cmp x="1662" y="1279" width="33" height="57" />
        <cmp x="1696" y="1306" width="57" height="25" />
        <cmp x="1753" y="1302" width="30" height="28" />
      </word>
      <word id="d04-125-03-09" tag="NNS" text="ways">
        <cmp x="1839" y="1297" width="43" height="27" />
        <cmp x="1888" y="1299" width="37" height="24" />
        <cmp x="1923" y="1296" width="44" height="59" />
        <cmp x="1953" y="1305" width="31" height="30" />
      </word>
      <word id="d04-125-03-10" tag="INO" text="of">
        <cmp x="2040" y="1302" width="32" height="24" />
        <cmp x="2082" y="1271" width="30" height="68" />
      </word>
      <upper-contour>
        <point x="354" y="1176" />
        <point x="2113" y="1176" />
      </upper-contour>
      <lower-contour>
        <point x="354" y="1356" />
        <point x="2113" y="1356" />
      </lower-contour>
    </line>
    <line ass="-317" asx="0" asy="1432" character-width="999" dss="-317" dsx="0" dsy="1549" fd0="13829" fd1="2784" fd2="-518" filter-width="4" id="d04-125-04" lbs="-307" lbx="0" lby="1500" segmentation="ok" slant="108000" stroke-width="5860" threshold="168" text="redemption: (1) I will bring you out from under the" ubs="-337" ubx="0" uby="1471">
      <word id="d04-125-04-00" tag="NN" text="redemption">
        <cmp x="347" y="1470" width="20" height="32" />
        <cmp x="380" y="1476" width="34" height="31" />
        <cmp x="413" y="1438" width="66" height="65" />
        <cmp x="484" y="1477" width="55" height="28" />
        <cmp x="540" y="1479" width="46" height="53" />
        <cmp x="553" y="1457" width="39" height="48" />
        <cmp x="576" y="1452" width="13" height="12" />
        <cmp x="593" y="1484" width="22" height="21" />
        <cmp x="610" y="1476" width="31" height="25" />
        <cmp x="643" y="1475" width="49" height="31" />
      </word>
      <word id="d04-125-04-01" tag=":" text=":">
        <cmp x="720" y="1472" width="12" height="9" />
        <cmp x="729" y="1486" width="8" height="11" />
      </word>
      <word id="d04-125-04-02" sentence-start="yes" tag="(" text="(">
        <cmp x="789" y="1448" width="21" height="56" />
      </word>
      <word id="d04-125-04-03" tag="CD1" text="1">
        <cmp x="834" y="1467" width="24" height="30" />
      </word>
      <word id="d04-125-04-04" tag=")" text=")">
        <cmp x="854" y="1438" width="23" height="65" />
      </word>
      <word id="d04-125-04-05" tag="PP1A" text="I">
        <cmp x="934" y="1446" width="21" height="61" />
      </word>
      <word id="d04-125-04-06" tag="MD" text="will">
        <cmp x="1042" y="1479" width="35" height="31" />
        <cmp x="1087" y="1487" width="10" height="23" />
        <cmp x="1090" y="1463" width="4" height="11" />
        <cmp x="1105" y="1453" width="43" height="59" />
      </word>
      <word id="d04-125-04-07" tag="VB" text="bring">
        <cmp x="1196" y="1446" width="42" height="65" />
        <cmp x="1244" y="1480" width="17" height="29" />
        <cmp x="1269" y="1450" width="7" height="14" />
        <cmp x="1269" y="1485" width="9" height="25" />
        <cmp x="1284" y="1480" width="31" height="33" />
        <cmp x="1318" y="1481" width="44" height="76" />
      </word>
      <word id="d04-125-04-08" tag="PP2" text="you">
        <cmp x="1407" y="1482" width="57" height="73" />
        <cmp x="1444" y="1482" width="72" height="33" />
      </word>
      <word id="d04-125-04-09" tag="RP" text="out">
        <cmp x="1560" y="1480" width="65" height="31" />
        <cmp x="1633" y="1460" width="22" height="60" />
      </word>
      <word id="d04-125-04-10" tag="IN" text="from">
        <cmp x="1693" y="1457" width="33" height="69" />
        <cmp x="1728" y="1488" width="19" height="21" />
        <cmp x="1753" y="1485" width="24" height="26" />
        <cmp x="1782" y="1482" width="47" height="25" />
        <cmp x="1813" y="1481" width="6" height="10" />
      </word>
      <word id="d04-125-04-11" tag="IN" text="under">
        <cmp x="1890" y="1464" width="37" height="35" />
        <cmp x="1932" y="1477" width="11" height="16" />
        <cmp x="1939" y="1470" width="27" height="33" />
        <cmp x="1959" y="1442" width="37" height="62" />
        <cmp x="1986" y="1469" width="58" height="47" />
      </word>
      <word id="d04-125-04-12" tag="ATI" text="the">
        <cmp x="2086" y="1456" width="29" height="62" />
        <cmp x="2099" y="1455" width="40" height="57" />
        <cmp x="2136" y="1480" width="31" height="35" />
      </word>
      <upper-contour>
        <point x="354" y="1356" />
        <point x="2113" y="1356" />
      </upper-contour>
      <lower-contour>
        <point x="358" y="1557" />
        <point x="2168" y="1557" />
      </lower-contour>
    </line>
    <line ass="-120" asx="0" asy="1609" character-width="999" dss="-120" dsx="0" dsy="1740" fd0="13455" fd1="2846" fd2="-630" filter-width="4" id="d04-125-05" lbs="-115" lbx="0" lby="1687" segmentation="err" slant="103000" stroke-width="6156" threshold="164" text="burdens of Egypt. (2) I will rid you of their bondage." ubs="-130" ubx="0" uby="1654">
      <word id="d04-125-05-00" tag="NNS" text="burdens">
        <cmp x="360" y="1622" width="35" height="60" />
        <cmp x="400" y="1654" width="33" height="28" />
        <cmp x="432" y="1655" width="22" height="28" />
        <cmp x="465" y="1625" width="29" height="60" />
        <cmp x="491" y="1653" width="40" height="37" />
        <cmp x="526" y="1661" width="35" height="25" />
        <cmp x="565" y="1652" width="31" height="33" />
      </word>
      <word id="d04-125-05-01" tag="INO" text="of">
        <cmp x="662" y="1667" width="29" height="19" />
        <cmp x="695" y="1639" width="32" height="63" />
      </word>
      <word id="d04-125-05-02" tag="NP" text="Egypt">
        <cmp x="799" y="1637" width="27" height="38" />
        <cmp x="834" y="1638" width="124" height="73" />
      </word>
      <word id="d04-125-05-03" tag="." text=".">
        <cmp x="996" y="1675" width="14" height="10" />
      </word>
      <word id="d04-125-05-04" sentence-start="yes" tag="(" text="(">
        <cmp x="1054" y="1618" width="17" height="56" />
      </word>
      <word id="d04-125-05-05" tag="CD" text="2">
        <cmp x="1086" y="1641" width="30" height="36" />
        <cmp x="1107" y="1620" width="29" height="62" />
      </word>
      <word id="d04-125-05-06" tag=")" text=")">
        <cmp x="1186" y="1623" width="18" height="62" />
      </word>
      <word id="d04-125-05-07" tag="PP1A" text="I">
        <cmp x="1276" y="1655" width="39" height="34" />
      </word>
      <word id="d04-125-05-08" tag="MD" text="will">
        <cmp x="1324" y="1666" width="13" height="28" />
        <cmp x="1325" y="1635" width="9" height="14" />
        <cmp x="1346" y="1629" width="41" height="71" />
      </word>
      <word id="d04-125-05-09" tag="VB" text="rid">
        <cmp x="1426" y="1654" width="23" height="35" />
        <cmp x="1452" y="1632" width="6" height="13" />
        <cmp x="1453" y="1646" width="4" height="4" />
        <cmp x="1455" y="1665" width="11" height="25" />
        <cmp x="1471" y="1623" width="27" height="70" />
      </word>
      <word id="d04-125-05-10" tag="PP2" text="you">
        <cmp x="1538" y="1651" width="53" height="78" />
        <cmp x="1583" y="1668" width="57" height="26" />
        <cmp x="1626" y="1673" width="9" height="5" />
      </word>
      <word id="d04-125-05-11" tag="INO" text="of">
        <cmp x="1679" y="1665" width="20" height="21" />
        <cmp x="1694" y="1674" width="6" height="10" />
        <cmp x="1715" y="1621" width="23" height="82" />
      </word>
      <word id="d04-125-05-12" tag="PP$" text="their">
        <cmp x="1778" y="1622" width="21" height="64" />
        <cmp x="1795" y="1614" width="42" height="74" />
        <cmp x="1835" y="1648" width="47" height="46" />
        <cmp x="1863" y="1626" width="5" height="7" />
        <cmp x="1877" y="1655" width="28" height="34" />
      </word>
      <word id="d04-125-05-13" tag="NN" text="bondage">
        <cmp x="1952" y="1620" width="59" height="70" />
        <cmp x="2014" y="1652" width="30" height="36" />
        <cmp x="2048" y="1617" width="20" height="72" />
        <cmp x="2077" y="1659" width="22" height="29" />
        <cmp x="2103" y="1653" width="34" height="92" />
        <cmp x="2127" y="1649" width="28" height="42" />
      </word>
      <word id="d04-125-05-14" tag="." text=".">
        <cmp x="2165" y="1684" width="11" height="9" />
      </word>
      <upper-contour>
        <point x="358" y="1557" />
        <point x="2168" y="1557" />
      </upper-contour>
    </line>
  </handwritten-part>
</form>

