<?xml version="1.0" encoding="ISO-8859-1"?>

<!DOCTYPE form SYSTEM 'http://www.iam.unibe.ch/~fki/iamdb/form-metadata.dtd'>

<form created="2002-01-16" height="3542" id="d04-021" last-modified="2002-07-17" skew="-30" status="final" version="3.0_beta" width="2479" writer-id="186">
  <machine-printed-part>
    <machine-print-line text="The action of the Shamir writes books and their books are readable. This Shamir" />
    <machine-print-line text="is indeed a rare diamond that incises the hardest rock, the hardest facts. And these" />
    <machine-print-line text="creatures existed from the beginning. It is &amp;quot;the stone, which the builders refused," />
    <machine-print-line text="but it is to become the head-stone of the corner&amp;quot;. (Ps. 118, 22.) And the stone shall" />
    <machine-print-line text="tell!" />
  </machine-printed-part>
  <handwritten-part>
    <line ass="34" asx="0" asy="763" character-width="999" dss="34" dsx="0" dsy="831" fd0="13160" fd1="3135" fd2="-385" filter-width="3" id="d04-021-00" lbs="31" lbx="0" lby="826" segmentation="ok" slant="90000" stroke-width="5246" threshold="182" text="The action of the Shamir writes books and their" ubs="40" ubx="0" uby="801">
      <word id="d04-021-00-00" sentence-start="yes" tag="ATI" text="The">
        <cmp x="344" y="766" width="6" height="25" />
        <cmp x="347" y="764" width="37" height="62" />
        <cmp x="387" y="767" width="25" height="60" />
        <cmp x="420" y="799" width="28" height="26" />
      </word>
      <word id="d04-021-00-01" tag="NN" text="action">
        <cmp x="514" y="803" width="37" height="27" />
        <cmp x="558" y="801" width="29" height="28" />
        <cmp x="588" y="789" width="25" height="37" />
        <cmp x="614" y="788" width="5" height="6" />
        <cmp x="617" y="804" width="9" height="19" />
        <cmp x="639" y="806" width="29" height="19" />
        <cmp x="669" y="803" width="52" height="21" />
      </word>
      <word id="d04-021-00-02" tag="INO" text="of">
        <cmp x="786" y="804" width="29" height="26" />
        <cmp x="818" y="772" width="30" height="56" />
      </word>
      <word id="d04-021-00-03" tag="ATI" text="the">
        <cmp x="911" y="792" width="31" height="35" />
        <cmp x="945" y="789" width="63" height="40" />
      </word>
      <word id="d04-021-00-04" tag="NP" text="Shamir">
        <cmp x="1070" y="781" width="33" height="41" />
        <cmp x="1115" y="775" width="27" height="47" />
        <cmp x="1143" y="799" width="26" height="27" />
        <cmp x="1178" y="802" width="39" height="26" />
        <cmp x="1220" y="805" width="9" height="21" />
        <cmp x="1224" y="796" width="4" height="5" />
        <cmp x="1241" y="798" width="19" height="30" />
      </word>
      <word id="d04-021-00-05" tag="VBZ" text="writes">
        <cmp x="1350" y="795" width="48" height="29" />
        <cmp x="1404" y="794" width="12" height="29" />
        <cmp x="1432" y="802" width="7" height="22" />
        <cmp x="1453" y="781" width="51" height="46" />
        <cmp x="1502" y="798" width="20" height="30" />
      </word>
      <word id="d04-021-00-06" tag="NNS" text="books">
        <cmp x="1588" y="769" width="86" height="62" />
        <cmp x="1683" y="788" width="56" height="43" />
      </word>
      <word id="d04-021-00-07" tag="CC" text="and">
        <cmp x="1819" y="772" width="102" height="60" />
      </word>
      <word id="d04-021-00-08" tag="PP$" text="their">
        <cmp x="2000" y="778" width="30" height="46" />
        <cmp x="2036" y="782" width="54" height="43" />
        <cmp x="2081" y="786" width="5" height="5" />
        <cmp x="2095" y="799" width="21" height="30" />
      </word>
      <lower-contour>
        <point x="342" y="832" />
        <point x="2052" y="832" />
      </lower-contour>
    </line>
    <line ass="77" asx="0" asy="945" character-width="999" dss="77" dsx="0" dsy="1015" fd0="13471" fd1="3165" fd2="-777" filter-width="3" id="d04-021-01" lbs="81" lbx="0" lby="1010" segmentation="ok" slant="90000" stroke-width="5315" threshold="182" text="books are readable. This Shamir is indeed a rare" ubs="70" ubx="0" uby="981">
      <word id="d04-021-01-00" tag="NNS" text="books">
        <cmp x="322" y="946" width="28" height="61" />
        <cmp x="354" y="980" width="59" height="31" />
        <cmp x="428" y="952" width="30" height="56" />
        <cmp x="455" y="978" width="26" height="31" />
      </word>
      <word id="d04-021-01-01" tag="BER" text="are">
        <cmp x="541" y="980" width="32" height="30" />
        <cmp x="576" y="980" width="17" height="29" />
        <cmp x="595" y="980" width="23" height="34" />
      </word>
      <word id="d04-021-01-02" tag="JJ" text="readable">
        <cmp x="714" y="976" width="14" height="28" />
        <cmp x="734" y="977" width="24" height="36" />
        <cmp x="760" y="983" width="31" height="28" />
        <cmp x="800" y="959" width="29" height="53" />
        <cmp x="841" y="983" width="30" height="30" />
        <cmp x="877" y="962" width="25" height="49" />
        <cmp x="907" y="968" width="56" height="39" />
      </word>
      <word id="d04-021-01-03" tag="." text=".">
        <cmp x="987" y="1003" width="6" height="5" />
      </word>
      <word id="d04-021-01-04" sentence-start="yes" tag="DT" text="This">
        <cmp x="1017" y="949" width="77" height="65" />
        <cmp x="1097" y="980" width="6" height="26" />
        <cmp x="1101" y="965" width="4" height="8" />
        <cmp x="1116" y="977" width="24" height="31" />
      </word>
      <word id="d04-021-01-05" tag="NP" text="Shamir">
        <cmp x="1205" y="954" width="36" height="55" />
        <cmp x="1248" y="953" width="32" height="59" />
        <cmp x="1284" y="981" width="25" height="27" />
        <cmp x="1314" y="984" width="33" height="26" />
        <cmp x="1353" y="981" width="7" height="27" />
        <cmp x="1355" y="968" width="4" height="5" />
        <cmp x="1368" y="982" width="15" height="26" />
      </word>
      <word id="d04-021-01-06" tag="BEZ" text="is">
        <cmp x="1450" y="970" width="5" height="5" />
        <cmp x="1450" y="980" width="9" height="27" />
        <cmp x="1467" y="985" width="39" height="25" />
      </word>
      <word id="d04-021-01-07" tag="RB" text="indeed">
        <cmp x="1571" y="969" width="4" height="6" />
        <cmp x="1573" y="987" width="5" height="26" />
        <cmp x="1588" y="985" width="36" height="27" />
        <cmp x="1632" y="959" width="23" height="50" />
        <cmp x="1663" y="982" width="21" height="29" />
        <cmp x="1690" y="984" width="27" height="28" />
        <cmp x="1723" y="953" width="26" height="60" />
      </word>
      <word id="d04-021-01-08" tag="AT" text="a">
        <cmp x="1828" y="977" width="41" height="28" />
      </word>
      <word id="d04-021-01-09" tag="JJ" text="rare">
        <cmp x="1940" y="973" width="16" height="31" />
        <cmp x="1961" y="980" width="29" height="24" />
        <cmp x="1990" y="957" width="35" height="49" />
        <cmp x="2021" y="976" width="30" height="27" />
      </word>
      <upper-contour>
        <point x="342" y="832" />
        <point x="2052" y="832" />
      </upper-contour>
      <lower-contour>
        <point x="325" y="1014" />
        <point x="2052" y="1014" />
      </lower-contour>
    </line>
    <line ass="59" asx="0" asy="1130" character-width="999" dss="59" dsx="0" dsy="1215" fd0="13475" fd1="3330" fd2="-544" filter-width="3" id="d04-021-02" lbs="76" lbx="0" lby="1189" segmentation="ok" slant="90000" stroke-width="5149" threshold="185" text="diamond that incises the hardest rock, the hardest" ubs="25" ubx="0" uby="1160">
      <word id="d04-021-02-00" tag="NN" text="diamond">
        <cmp x="327" y="1140" width="24" height="54" />
        <cmp x="367" y="1148" width="7" height="10" />
        <cmp x="367" y="1164" width="6" height="28" />
        <cmp x="386" y="1165" width="29" height="24" />
        <cmp x="418" y="1162" width="36" height="29" />
        <cmp x="462" y="1163" width="20" height="26" />
        <cmp x="491" y="1161" width="39" height="25" />
        <cmp x="544" y="1134" width="21" height="52" />
      </word>
      <word id="d04-021-02-01" tag="WP" text="that">
        <cmp x="666" y="1139" width="29" height="51" />
        <cmp x="700" y="1144" width="25" height="39" />
        <cmp x="726" y="1159" width="30" height="28" />
        <cmp x="764" y="1134" width="21" height="53" />
      </word>
      <word id="d04-021-02-02" tag="VBZ" text="incises">
        <cmp x="876" y="1142" width="5" height="10" />
        <cmp x="878" y="1157" width="8" height="31" />
        <cmp x="896" y="1168" width="3" height="6" />
        <cmp x="898" y="1159" width="41" height="31" />
        <cmp x="943" y="1159" width="31" height="33" />
        <cmp x="976" y="1148" width="5" height="6" />
        <cmp x="978" y="1164" width="9" height="26" />
        <cmp x="1003" y="1158" width="26" height="28" />
        <cmp x="1036" y="1158" width="27" height="29" />
        <cmp x="1069" y="1157" width="22" height="28" />
      </word>
      <word id="d04-021-02-03" tag="ATI" text="the">
        <cmp x="1173" y="1129" width="29" height="54" />
        <cmp x="1215" y="1146" width="59" height="40" />
      </word>
      <word id="d04-021-02-04" tag="JJT" text="hardest">
        <cmp x="1350" y="1133" width="25" height="60" />
        <cmp x="1386" y="1166" width="27" height="28" />
        <cmp x="1416" y="1165" width="21" height="27" />
        <cmp x="1444" y="1146" width="32" height="49" />
        <cmp x="1484" y="1160" width="23" height="29" />
        <cmp x="1514" y="1165" width="25" height="24" />
        <cmp x="1545" y="1141" width="30" height="46" />
      </word>
      <word id="d04-021-02-05" tag="NN" text="rock">
        <cmp x="1674" y="1150" width="19" height="36" />
        <cmp x="1694" y="1159" width="32" height="26" />
        <cmp x="1727" y="1158" width="32" height="29" />
        <cmp x="1766" y="1145" width="27" height="43" />
      </word>
      <word id="d04-021-02-06" tag="," text=",">
        <cmp x="1795" y="1188" width="16" height="26" />
      </word>
      <word id="d04-021-02-07" tag="ATI" text="the">
        <cmp x="1844" y="1139" width="33" height="48" />
        <cmp x="1878" y="1144" width="59" height="46" />
      </word>
      <word id="d04-021-02-08" tag="JJT" text="hardest">
        <cmp x="1986" y="1129" width="26" height="58" />
        <cmp x="2023" y="1162" width="27" height="25" />
        <cmp x="2054" y="1162" width="15" height="25" />
        <cmp x="2072" y="1133" width="27" height="55" />
        <cmp x="2107" y="1158" width="19" height="28" />
        <cmp x="2128" y="1159" width="18" height="27" />
        <cmp x="2145" y="1137" width="25" height="46" />
      </word>
      <upper-contour>
        <point x="325" y="1014" />
        <point x="2052" y="1014" />
      </upper-contour>
      <lower-contour>
        <point x="325" y="1214" />
        <point x="1995" y="1214" />
      </lower-contour>
    </line>
    <line ass="54" asx="0" asy="1301" character-width="999" dss="54" dsx="0" dsy="1373" fd0="13489" fd1="3086" fd2="-560" filter-width="3" id="d04-021-03" lbs="25" lbx="0" lby="1365" segmentation="ok" slant="90000" stroke-width="5200" threshold="184" text="facts. And these creatures existed from the" ubs="112" ubx="0" uby="1340">
      <word id="d04-021-03-00" tag="NNS" text="facts">
        <cmp x="321" y="1302" width="51" height="63" />
        <cmp x="348" y="1302" width="5" height="3" />
        <cmp x="369" y="1339" width="15" height="20" />
        <cmp x="387" y="1336" width="28" height="30" />
        <cmp x="419" y="1323" width="19" height="40" />
        <cmp x="446" y="1334" width="26" height="29" />
      </word>
      <word id="d04-021-03-01" tag="." text=".">
        <cmp x="479" y="1353" width="9" height="9" />
      </word>
      <word id="d04-021-03-02" sentence-start="yes" tag="CC" text="And">
        <cmp x="538" y="1309" width="32" height="57" />
        <cmp x="547" y="1311" width="3" height="3" />
        <cmp x="580" y="1340" width="42" height="23" />
        <cmp x="629" y="1316" width="29" height="56" />
      </word>
      <word id="d04-021-03-03" tag="DTS" text="these">
        <cmp x="729" y="1325" width="34" height="46" />
        <cmp x="766" y="1323" width="58" height="52" />
        <cmp x="821" y="1341" width="54" height="31" />
      </word>
      <word id="d04-021-03-04" tag="NNS" text="creatures">
        <cmp x="973" y="1337" width="26" height="31" />
        <cmp x="1003" y="1336" width="18" height="31" />
        <cmp x="1029" y="1339" width="32" height="29" />
        <cmp x="1062" y="1345" width="30" height="22" />
        <cmp x="1107" y="1320" width="28" height="43" />
        <cmp x="1136" y="1341" width="28" height="22" />
        <cmp x="1167" y="1334" width="15" height="29" />
        <cmp x="1191" y="1333" width="31" height="30" />
        <cmp x="1226" y="1330" width="23" height="30" />
      </word>
      <word id="d04-021-03-05" tag="VBD" text="existed">
        <cmp x="1334" y="1337" width="37" height="27" />
        <cmp x="1384" y="1342" width="27" height="23" />
        <cmp x="1426" y="1331" width="4" height="5" />
        <cmp x="1426" y="1345" width="10" height="22" />
        <cmp x="1445" y="1339" width="26" height="28" />
        <cmp x="1474" y="1324" width="27" height="41" />
        <cmp x="1505" y="1337" width="38" height="28" />
        <cmp x="1548" y="1312" width="25" height="52" />
      </word>
      <word id="d04-021-03-06" tag="IN" text="from">
        <cmp x="1651" y="1310" width="41" height="53" />
        <cmp x="1690" y="1335" width="20" height="29" />
        <cmp x="1711" y="1341" width="26" height="25" />
        <cmp x="1741" y="1338" width="52" height="29" />
      </word>
      <word id="d04-021-03-07" tag="ATI" text="the">
        <cmp x="1901" y="1306" width="29" height="58" />
        <cmp x="1939" y="1318" width="55" height="48" />
      </word>
      <upper-contour>
        <point x="325" y="1214" />
        <point x="1995" y="1214" />
      </upper-contour>
      <lower-contour>
        <point x="336" y="1375" />
        <point x="1995" y="1375" />
      </lower-contour>
    </line>
    <line ass="-90" asx="0" asy="1476" character-width="999" dss="-90" dsx="0" dsy="1593" fd0="13292" fd1="3349" fd2="-311" filter-width="3" id="d04-021-04" lbs="-122" lbx="0" lby="1543" segmentation="ok" slant="90000" stroke-width="5156" threshold="188" text="beginning. It is &amp;quot;the stone, which the builders" ubs="-26" ubx="0" uby="1518">
      <word id="d04-021-04-00" tag="NN" text="beginning">
        <cmp x="338" y="1484" width="25" height="62" />
        <cmp x="377" y="1514" width="21" height="36" />
        <cmp x="391" y="1521" width="47" height="60" />
        <cmp x="448" y="1513" width="8" height="37" />
        <cmp x="451" y="1505" width="6" height="6" />
        <cmp x="467" y="1522" width="82" height="31" />
        <cmp x="556" y="1509" width="3" height="6" />
        <cmp x="556" y="1525" width="11" height="25" />
        <cmp x="566" y="1524" width="45" height="25" />
        <cmp x="610" y="1527" width="46" height="67" />
      </word>
      <word id="d04-021-04-01" tag="." text=".">
        <cmp x="687" y="1540" width="6" height="7" />
      </word>
      <word id="d04-021-04-02" sentence-start="yes" tag="PP3" text="It">
        <cmp x="741" y="1479" width="8" height="72" />
        <cmp x="766" y="1513" width="25" height="36" />
      </word>
      <word id="d04-021-04-03" tag="BEZ" text="is">
        <cmp x="853" y="1508" width="4" height="7" />
        <cmp x="856" y="1525" width="8" height="24" />
        <cmp x="872" y="1522" width="25" height="29" />
      </word>
      <word id="d04-021-04-04" tag="*&apos;" text="&quot;">
        <cmp x="962" y="1503" width="14" height="20" />
        <cmp x="976" y="1504" width="13" height="16" />
      </word>
      <word id="d04-021-04-05" tag="ATI" text="the">
        <cmp x="1002" y="1499" width="34" height="47" />
        <cmp x="1039" y="1503" width="70" height="46" />
      </word>
      <word id="d04-021-04-06" tag="NN" text="stone">
        <cmp x="1171" y="1508" width="27" height="32" />
        <cmp x="1207" y="1495" width="50" height="47" />
        <cmp x="1262" y="1520" width="37" height="25" />
        <cmp x="1300" y="1520" width="29" height="30" />
      </word>
      <word id="d04-021-04-07" tag="," text=",">
        <cmp x="1330" y="1544" width="20" height="25" />
      </word>
      <word id="d04-021-04-08" tag="WDT" text="which">
        <cmp x="1396" y="1521" width="55" height="29" />
        <cmp x="1456" y="1501" width="25" height="56" />
        <cmp x="1491" y="1532" width="6" height="22" />
        <cmp x="1515" y="1526" width="31" height="25" />
        <cmp x="1548" y="1508" width="31" height="44" />
      </word>
      <word id="d04-021-04-09" tag="ATI" text="the">
        <cmp x="1631" y="1499" width="38" height="49" />
        <cmp x="1669" y="1503" width="60" height="45" />
      </word>
      <word id="d04-021-04-10" tag="NNS" text="builders">
        <cmp x="1801" y="1492" width="33" height="59" />
        <cmp x="1841" y="1517" width="32" height="28" />
        <cmp x="1886" y="1520" width="6" height="22" />
        <cmp x="1889" y="1505" width="4" height="8" />
        <cmp x="1910" y="1502" width="33" height="46" />
        <cmp x="1952" y="1492" width="31" height="54" />
        <cmp x="1991" y="1512" width="45" height="33" />
        <cmp x="2048" y="1515" width="22" height="31" />
      </word>
      <upper-contour>
        <point x="336" y="1375" />
        <point x="1995" y="1375" />
      </upper-contour>
      <lower-contour>
        <point x="336" y="1594" />
        <point x="2071" y="1594" />
      </lower-contour>
    </line>
    <line ass="-20" asx="0" asy="1662" character-width="999" dss="-20" dsx="0" dsy="1741" fd0="13220" fd1="3343" fd2="12" filter-width="3" id="d04-021-05" lbs="22" lbx="0" lby="1725" segmentation="ok" slant="90000" stroke-width="5188" threshold="182" text="refused, but it is to become the head-stone" ubs="-105" ubx="0" uby="1693">
      <word id="d04-021-05-00" tag="VBD" text="refused">
        <cmp x="327" y="1688" width="19" height="37" />
        <cmp x="352" y="1693" width="33" height="29" />
        <cmp x="396" y="1664" width="29" height="57" />
        <cmp x="429" y="1695" width="28" height="27" />
        <cmp x="467" y="1694" width="21" height="35" />
        <cmp x="498" y="1695" width="27" height="33" />
        <cmp x="541" y="1674" width="39" height="52" />
      </word>
      <word id="d04-021-05-01" tag="," text=",">
        <cmp x="610" y="1716" width="14" height="26" />
      </word>
      <word id="d04-021-05-02" tag="CC" text="but">
        <cmp x="664" y="1664" width="37" height="60" />
        <cmp x="708" y="1697" width="26" height="26" />
        <cmp x="749" y="1677" width="24" height="48" />
      </word>
      <word id="d04-021-05-03" tag="PP3" text="it">
        <cmp x="851" y="1694" width="8" height="28" />
        <cmp x="854" y="1678" width="4" height="7" />
        <cmp x="873" y="1682" width="24" height="46" />
      </word>
      <word id="d04-021-05-04" tag="BEZ" text="is">
        <cmp x="960" y="1681" width="4" height="8" />
        <cmp x="961" y="1700" width="6" height="26" />
        <cmp x="983" y="1696" width="30" height="32" />
      </word>
      <word id="d04-021-05-05" tag="TO" text="to">
        <cmp x="1099" y="1675" width="25" height="57" />
        <cmp x="1136" y="1702" width="28" height="21" />
      </word>
      <word id="d04-021-05-06" tag="VB" text="become">
        <cmp x="1256" y="1670" width="29" height="57" />
        <cmp x="1290" y="1692" width="32" height="33" />
        <cmp x="1332" y="1698" width="28" height="31" />
        <cmp x="1360" y="1703" width="27" height="25" />
        <cmp x="1394" y="1698" width="87" height="29" />
      </word>
      <word id="d04-021-05-07" tag="ATI" text="the">
        <cmp x="1563" y="1673" width="33" height="53" />
        <cmp x="1606" y="1680" width="13" height="39" />
        <cmp x="1620" y="1701" width="42" height="26" />
      </word>
      <word id="d04-021-05-08" tag="NN" text="head-stone">
        <cmp x="1740" y="1672" width="26" height="54" />
        <cmp x="1772" y="1695" width="31" height="32" />
        <cmp x="1809" y="1700" width="29" height="25" />
        <cmp x="1846" y="1672" width="31" height="54" />
        <cmp x="1891" y="1704" width="31" height="5" />
        <cmp x="1950" y="1689" width="29" height="32" />
        <cmp x="1989" y="1674" width="30" height="49" />
        <cmp x="2021" y="1698" width="26" height="25" />
        <cmp x="2050" y="1698" width="5" height="5" />
        <cmp x="2056" y="1697" width="4" height="4" />
        <cmp x="2056" y="1701" width="32" height="29" />
        <cmp x="2091" y="1699" width="34" height="30" />
      </word>
      <upper-contour>
        <point x="336" y="1594" />
        <point x="2071" y="1594" />
      </upper-contour>
      <lower-contour>
        <point x="325" y="1743" />
        <point x="2083" y="1743" />
      </lower-contour>
    </line>
    <line ass="-15" asx="0" asy="1838" character-width="999" dss="-15" dsx="0" dsy="1922" fd0="13382" fd1="3140" fd2="-258" filter-width="3" id="d04-021-06" lbs="-7" lbx="0" lby="1905" segmentation="ok" slant="90000" stroke-width="5219" threshold="182" text="of the corner&amp;quot;. (Ps. 118, 22.) And the stone shall" ubs="-31" ubx="0" uby="1873">
      <word id="d04-021-06-00" tag="INO" text="of">
        <cmp x="323" y="1873" width="27" height="35" />
        <cmp x="361" y="1851" width="27" height="56" />
      </word>
      <word id="d04-021-06-01" tag="ATI" text="the">
        <cmp x="442" y="1847" width="24" height="62" />
        <cmp x="482" y="1856" width="55" height="48" />
      </word>
      <word id="d04-021-06-02" tag="NN" text="corner">
        <cmp x="622" y="1873" width="53" height="33" />
        <cmp x="682" y="1874" width="12" height="30" />
        <cmp x="708" y="1878" width="39" height="29" />
        <cmp x="749" y="1876" width="54" height="33" />
      </word>
      <word id="d04-021-06-03" tag="**&apos;" text="&quot;">
        <cmp x="819" y="1855" width="16" height="22" />
        <cmp x="830" y="1855" width="17" height="22" />
      </word>
      <word id="d04-021-06-04" tag="." text=".">
        <cmp x="850" y="1904" width="11" height="9" />
      </word>
      <word id="d04-021-06-05" sentence-start="yes" tag="(" text="(">
        <cmp x="899" y="1842" width="28" height="64" />
      </word>
      <word id="d04-021-06-06" tag="NP" text="Ps.">
        <cmp x="937" y="1856" width="29" height="52" />
        <cmp x="967" y="1875" width="26" height="28" />
        <cmp x="1001" y="1895" width="7" height="8" />
      </word>
      <word id="d04-021-06-07" tag="CD" text="118">
        <cmp x="1060" y="1858" width="12" height="42" />
        <cmp x="1080" y="1858" width="11" height="42" />
        <cmp x="1102" y="1861" width="28" height="47" />
      </word>
      <word id="d04-021-06-08" tag="," text=",">
        <cmp x="1138" y="1902" width="14" height="21" />
      </word>
      <word id="d04-021-06-09" tag="CD" text="22">
        <cmp x="1166" y="1864" width="25" height="43" />
        <cmp x="1192" y="1868" width="30" height="45" />
      </word>
      <word id="d04-021-06-10" tag="." text=".">
        <cmp x="1238" y="1900" width="6" height="9" />
      </word>
      <word id="d04-021-06-11" tag=")" text=")">
        <cmp x="1246" y="1840" width="25" height="74" />
      </word>
      <word id="d04-021-06-12" sentence-start="yes" tag="CC" text="And">
        <cmp x="1320" y="1849" width="32" height="60" />
        <cmp x="1359" y="1882" width="41" height="22" />
        <cmp x="1410" y="1861" width="32" height="55" />
      </word>
      <word id="d04-021-06-13" tag="ATI" text="the">
        <cmp x="1520" y="1859" width="31" height="47" />
        <cmp x="1559" y="1865" width="56" height="38" />
      </word>
      <word id="d04-021-06-14" tag="NN" text="stone">
        <cmp x="1682" y="1866" width="30" height="37" />
        <cmp x="1714" y="1862" width="32" height="43" />
        <cmp x="1726" y="1856" width="4" height="5" />
        <cmp x="1744" y="1879" width="27" height="24" />
        <cmp x="1771" y="1877" width="42" height="26" />
        <cmp x="1814" y="1878" width="34" height="29" />
      </word>
      <word id="d04-021-06-15" tag="MD" text="shall">
        <cmp x="1915" y="1871" width="33" height="37" />
        <cmp x="1953" y="1859" width="32" height="49" />
        <cmp x="1987" y="1884" width="29" height="25" />
        <cmp x="2030" y="1864" width="52" height="41" />
      </word>
      <upper-contour>
        <point x="325" y="1743" />
        <point x="2083" y="1743" />
      </upper-contour>
      <lower-contour>
        <point x="321" y="1909" />
        <point x="493" y="1909" />
      </lower-contour>
    </line>
    <line ass="2507" asx="0" asy="2030" character-width="999" dss="2507" dsx="0" dsy="2110" fd0="13105" fd1="2834" fd2="-873" filter-width="3" id="d04-021-07" lbs="-517" lbx="0" lby="2085" segmentation="ok" slant="87999" stroke-width="5058" threshold="179" text="tell!" ubs="8557" ubx="0" uby="2100">
      <word id="d04-021-07-00" tag="VB" text="tell">
        <cmp x="323" y="2032" width="36" height="58" />
        <cmp x="372" y="2052" width="29" height="35" />
        <cmp x="406" y="2042" width="25" height="48" />
        <cmp x="434" y="2049" width="30" height="42" />
      </word>
      <word id="d04-021-07-01" tag="!" text="!">
        <cmp x="473" y="2083" width="6" height="7" />
        <cmp x="478" y="2011" width="14" height="52" />
      </word>
      <upper-contour>
        <point x="321" y="1909" />
        <point x="493" y="1909" />
      </upper-contour>
    </line>
  </handwritten-part>
</form>

