<?xml version="1.0" encoding="ISO-8859-1"?>

<!DOCTYPE form SYSTEM 'http://www.iam.unibe.ch/~fki/iamdb/form-metadata.dtd'>

<form created="2002-01-16" height="3542" id="d04-131" last-modified="2002-07-17" skew="0" status="final" version="3.0_beta" width="2479" writer-id="198">
  <machine-printed-part>
    <machine-print-line text="(3) I will redeem you. (4) I will take you to me for a people. (1) I will bring you out" />
    <machine-print-line text="from under the burdens of Egypt: How was it that Israel was brought out from under" />
    <machine-print-line text="the burdens of Egypt? Because, they kept the Passover and they were eating Matzos" />
    <machine-print-line text="in Egypt and the &amp;quot;Feast of Matzos&amp;quot; was known even to Abraham and Lot." />
  </machine-printed-part>
  <handwritten-part>
    <line ass="3" asx="0" asy="717" character-width="999" dss="3" dsx="0" dsy="845" fd0="13137" fd1="3895" fd2="-128" filter-width="4" id="d04-131-00" lbs="40" lbx="0" lby="792" segmentation="err" slant="95000" stroke-width="5794" threshold="168" text="(3) I will redeem you. (4) I will take you to me for a" ubs="-70" ubx="0" uby="759">
      <word id="d04-131-00-00" sentence-start="yes" tag="(" text="(">
        <cmp x="342" y="732" width="10" height="58" />
      </word>
      <word id="d04-131-00-01" tag="CD" text="3">
        <cmp x="358" y="757" width="30" height="33" />
      </word>
      <word id="d04-131-00-02" tag=")" text=")">
        <cmp x="387" y="727" width="23" height="63" />
      </word>
      <word id="d04-131-00-03" tag="PP1A" text="I">
        <cmp x="452" y="736" width="19" height="59" />
      </word>
      <word id="d04-131-00-04" tag="MD" text="will">
        <cmp x="501" y="763" width="34" height="27" />
        <cmp x="543" y="739" width="5" height="10" />
        <cmp x="543" y="766" width="7" height="23" />
        <cmp x="562" y="734" width="31" height="63" />
      </word>
      <word id="d04-131-00-05" tag="VB" text="redeem">
        <cmp x="667" y="755" width="17" height="35" />
        <cmp x="684" y="759" width="21" height="31" />
        <cmp x="716" y="726" width="23" height="68" />
        <cmp x="744" y="759" width="28" height="36" />
        <cmp x="769" y="760" width="59" height="37" />
        <cmp x="777" y="760" width="13" height="17" />
      </word>
      <word id="d04-131-00-06" tag="PP2" text="you">
        <cmp x="888" y="765" width="48" height="80" />
        <cmp x="926" y="772" width="34" height="24" />
        <cmp x="961" y="774" width="22" height="20" />
      </word>
      <word id="d04-131-00-07" tag="." text=".">
        <cmp x="993" y="784" width="15" height="11" />
      </word>
      <word id="d04-131-00-08" sentence-start="yes" tag="(" text="(">
        <cmp x="1036" y="731" width="17" height="64" />
        <cmp x="1041" y="724" width="6" height="5" />
        <cmp x="1053" y="755" width="21" height="33" />
      </word>
      <word id="d04-131-00-09" tag="CD" text="4">
        <cmp x="1080" y="718" width="12" height="66" />
      </word>
      <word id="d04-131-00-10" tag=")" text=")">
        <cmp x="1145" y="730" width="16" height="57" />
      </word>
      <word id="d04-131-00-11" tag="PP1A" text="I">
        <cmp x="1211" y="758" width="38" height="32" />
      </word>
      <word id="d04-131-00-12" tag="MD" text="will">
        <cmp x="1260" y="765" width="8" height="22" />
        <cmp x="1264" y="734" width="5" height="9" />
        <cmp x="1279" y="733" width="33" height="65" />
      </word>
      <word id="d04-131-00-13" tag="VB" text="take">
        <cmp x="1353" y="738" width="23" height="61" />
        <cmp x="1377" y="767" width="28" height="24" />
        <cmp x="1411" y="759" width="19" height="34" />
        <cmp x="1435" y="768" width="27" height="31" />
      </word>
      <word id="d04-131-00-14" tag="PP2" text="you">
        <cmp x="1509" y="756" width="51" height="85" />
        <cmp x="1552" y="772" width="46" height="35" />
      </word>
      <word id="d04-131-00-15" tag="IN" text="to">
        <cmp x="1659" y="733" width="51" height="58" />
      </word>
      <word id="d04-131-00-16" tag="PP1O" text="me">
        <cmp x="1751" y="757" width="50" height="32" />
        <cmp x="1803" y="753" width="28" height="34" />
      </word>
      <word id="d04-131-00-17" tag="IN" text="for">
        <cmp x="1877" y="723" width="46" height="75" />
        <cmp x="1926" y="759" width="21" height="28" />
      </word>
      <word id="d04-131-00-18" tag="AT" text="a">
        <cmp x="2005" y="757" width="29" height="31" />
      </word>
      <lower-contour>
        <point x="340" y="845" />
        <point x="2035" y="845" />
      </lower-contour>
    </line>
    <line ass="84" asx="0" asy="898" character-width="999" dss="84" dsx="0" dsy="1023" fd0="12959" fd1="2899" fd2="-452" filter-width="4" id="d04-131-01" lbs="102" lbx="0" lby="971" segmentation="ok" slant="103000" stroke-width="5891" threshold="167" text="people. (1) I will bring you out from under the" ubs="48" ubx="0" uby="938">
      <word id="d04-131-01-00" tag="NN" text="people">
        <cmp x="339" y="934" width="25" height="77" />
        <cmp x="368" y="941" width="59" height="29" />
        <cmp x="430" y="918" width="85" height="83" />
      </word>
      <word id="d04-131-01-01" tag="." text=".">
        <cmp x="565" y="955" width="14" height="11" />
      </word>
      <word id="d04-131-01-02" sentence-start="yes" tag="(" text="(">
        <cmp x="628" y="910" width="20" height="66" />
      </word>
      <word id="d04-131-01-03" tag="CD1" text="1">
        <cmp x="656" y="934" width="22" height="35" />
      </word>
      <word id="d04-131-01-04" tag=")" text=")">
        <cmp x="680" y="907" width="17" height="64" />
      </word>
      <word id="d04-131-01-05" tag="PP1A" text="I">
        <cmp x="790" y="912" width="15" height="53" />
      </word>
      <word id="d04-131-01-06" tag="MD" text="will">
        <cmp x="882" y="935" width="42" height="31" />
        <cmp x="935" y="944" width="8" height="28" />
        <cmp x="961" y="921" width="42" height="62" />
      </word>
      <word id="d04-131-01-07" tag="VB" text="bring">
        <cmp x="1054" y="901" width="34" height="64" />
        <cmp x="1098" y="929" width="21" height="39" />
        <cmp x="1132" y="936" width="8" height="30" />
        <cmp x="1133" y="903" width="5" height="7" />
        <cmp x="1150" y="932" width="28" height="35" />
        <cmp x="1186" y="938" width="43" height="84" />
      </word>
      <word id="d04-131-01-08" tag="PP2" text="you">
        <cmp x="1267" y="928" width="37" height="87" />
        <cmp x="1300" y="938" width="55" height="29" />
      </word>
      <word id="d04-131-01-09" tag="RP" text="out">
        <cmp x="1425" y="944" width="30" height="24" />
        <cmp x="1457" y="941" width="23" height="27" />
        <cmp x="1476" y="940" width="7" height="17" />
        <cmp x="1486" y="914" width="26" height="55" />
      </word>
      <word id="d04-131-01-10" tag="IN" text="from">
        <cmp x="1588" y="897" width="33" height="80" />
        <cmp x="1627" y="934" width="21" height="33" />
        <cmp x="1645" y="936" width="76" height="31" />
      </word>
      <word id="d04-131-01-11" tag="IN" text="under">
        <cmp x="1780" y="939" width="28" height="32" />
        <cmp x="1814" y="943" width="27" height="32" />
        <cmp x="1848" y="897" width="28" height="71" />
        <cmp x="1874" y="930" width="50" height="41" />
      </word>
      <word id="d04-131-01-12" tag="ATI" text="the">
        <cmp x="1994" y="923" width="26" height="50" />
        <cmp x="2022" y="920" width="36" height="48" />
        <cmp x="2062" y="932" width="34" height="34" />
      </word>
      <upper-contour>
        <point x="340" y="845" />
        <point x="2035" y="845" />
      </upper-contour>
      <lower-contour>
        <point x="348" y="1022" />
        <point x="1980" y="1022" />
      </lower-contour>
    </line>
    <line ass="58" asx="0" asy="1074" character-width="999" dss="58" dsx="0" dsy="1197" fd0="13168" fd1="2957" fd2="-725" filter-width="4" id="d04-131-02" lbs="59" lbx="0" lby="1149" segmentation="ok" slant="96000" stroke-width="6004" threshold="165" text="burdens of Egypt: How was it that Israel was" ubs="55" ubx="0" uby="1115">
      <word id="d04-131-02-00" tag="NNS" text="burdens">
        <cmp x="350" y="1090" width="30" height="53" />
        <cmp x="387" y="1119" width="30" height="27" />
        <cmp x="418" y="1114" width="18" height="32" />
        <cmp x="443" y="1075" width="27" height="71" />
        <cmp x="479" y="1113" width="28" height="35" />
        <cmp x="512" y="1115" width="28" height="33" />
        <cmp x="548" y="1110" width="27" height="35" />
      </word>
      <word id="d04-131-02-01" tag="INO" text="of">
        <cmp x="638" y="1119" width="22" height="23" />
        <cmp x="667" y="1091" width="22" height="85" />
      </word>
      <word id="d04-131-02-02" tag="NP" text="Egypt">
        <cmp x="754" y="1097" width="26" height="45" />
        <cmp x="789" y="1115" width="49" height="82" />
        <cmp x="819" y="1117" width="32" height="45" />
        <cmp x="853" y="1118" width="22" height="55" />
        <cmp x="879" y="1093" width="27" height="62" />
      </word>
      <word id="d04-131-02-03" tag=":" text=":">
        <cmp x="922" y="1144" width="12" height="10" />
      </word>
      <word id="d04-131-02-04" sentence-start="yes" tag="WRB" text="How">
        <cmp x="970" y="1094" width="40" height="52" />
        <cmp x="1014" y="1122" width="26" height="26" />
        <cmp x="1041" y="1125" width="45" height="34" />
      </word>
      <word id="d04-131-02-05" tag="BEDZ" text="was">
        <cmp x="1168" y="1109" width="42" height="31" />
        <cmp x="1210" y="1117" width="35" height="31" />
        <cmp x="1243" y="1112" width="33" height="37" />
      </word>
      <word id="d04-131-02-06" tag="PP3" text="it">
        <cmp x="1337" y="1101" width="5" height="11" />
        <cmp x="1338" y="1127" width="8" height="26" />
        <cmp x="1353" y="1102" width="23" height="45" />
      </word>
      <word id="d04-131-02-07" tag="CS" text="that">
        <cmp x="1430" y="1099" width="36" height="59" />
        <cmp x="1463" y="1096" width="34" height="59" />
        <cmp x="1497" y="1090" width="49" height="65" />
      </word>
      <word id="d04-131-02-08" tag="NP" text="Israel">
        <cmp x="1635" y="1082" width="13" height="65" />
        <cmp x="1662" y="1113" width="28" height="31" />
        <cmp x="1699" y="1106" width="23" height="32" />
        <cmp x="1720" y="1111" width="37" height="32" />
        <cmp x="1761" y="1110" width="29" height="35" />
        <cmp x="1792" y="1080" width="28" height="63" />
      </word>
      <word id="d04-131-02-09" tag="BEDZ" text="was">
        <cmp x="1874" y="1115" width="76" height="31" />
        <cmp x="1944" y="1110" width="35" height="34" />
      </word>
      <upper-contour>
        <point x="348" y="1022" />
        <point x="1980" y="1022" />
      </upper-contour>
      <lower-contour>
        <point x="348" y="1197" />
        <point x="1980" y="1197" />
      </lower-contour>
    </line>
    <line ass="62" asx="0" asy="1259" character-width="999" dss="62" dsx="0" dsy="1383" fd0="13289" fd1="2825" fd2="-858" filter-width="4" id="d04-131-03" lbs="100" lbx="0" lby="1331" segmentation="ok" slant="104000" stroke-width="6024" threshold="165" text="brought out from under the burdens of Egypt?" ubs="-14" ubx="0" uby="1297">
      <word id="d04-131-03-00" tag="VBN" text="brought">
        <cmp x="346" y="1268" width="36" height="57" />
        <cmp x="395" y="1293" width="24" height="34" />
        <cmp x="434" y="1297" width="60" height="27" />
        <cmp x="496" y="1300" width="66" height="83" />
        <cmp x="531" y="1291" width="37" height="54" />
        <cmp x="585" y="1276" width="34" height="63" />
      </word>
      <word id="d04-131-03-01" tag="RP" text="out">
        <cmp x="677" y="1301" width="31" height="25" />
        <cmp x="708" y="1299" width="31" height="29" />
        <cmp x="740" y="1271" width="30" height="62" />
      </word>
      <word id="d04-131-03-02" tag="IN" text="from">
        <cmp x="834" y="1267" width="30" height="83" />
        <cmp x="869" y="1298" width="20" height="30" />
        <cmp x="890" y="1304" width="25" height="22" />
        <cmp x="918" y="1302" width="46" height="27" />
      </word>
      <word id="d04-131-03-03" tag="IN" text="under">
        <cmp x="1023" y="1300" width="30" height="31" />
        <cmp x="1059" y="1309" width="11" height="18" />
        <cmp x="1068" y="1301" width="25" height="32" />
        <cmp x="1103" y="1260" width="31" height="74" />
        <cmp x="1137" y="1292" width="54" height="37" />
      </word>
      <word id="d04-131-03-04" tag="ATI" text="the">
        <cmp x="1249" y="1259" width="24" height="56" />
        <cmp x="1261" y="1324" width="4" height="6" />
        <cmp x="1270" y="1261" width="42" height="62" />
        <cmp x="1317" y="1290" width="30" height="37" />
      </word>
      <word id="d04-131-03-05" tag="NNS" text="burdens">
        <cmp x="1393" y="1268" width="39" height="65" />
        <cmp x="1432" y="1295" width="27" height="31" />
        <cmp x="1467" y="1304" width="25" height="30" />
        <cmp x="1495" y="1263" width="25" height="74" />
        <cmp x="1533" y="1296" width="26" height="37" />
        <cmp x="1562" y="1292" width="32" height="35" />
        <cmp x="1606" y="1290" width="27" height="34" />
      </word>
      <word id="d04-131-03-06" tag="INO" text="of">
        <cmp x="1714" y="1297" width="26" height="25" />
        <cmp x="1750" y="1259" width="23" height="77" />
      </word>
      <word id="d04-131-03-07" tag="NP" text="Egypt">
        <cmp x="1827" y="1273" width="22" height="53" />
        <cmp x="1856" y="1295" width="44" height="82" />
        <cmp x="1896" y="1299" width="44" height="74" />
        <cmp x="1933" y="1296" width="25" height="61" />
        <cmp x="1973" y="1271" width="25" height="61" />
      </word>
      <word id="d04-131-03-08" tag="?" text="?">
        <cmp x="2028" y="1272" width="29" height="48" />
        <cmp x="2047" y="1324" width="6" height="7" />
      </word>
      <upper-contour>
        <point x="348" y="1197" />
        <point x="1980" y="1197" />
      </upper-contour>
      <lower-contour>
        <point x="344" y="1384" />
        <point x="2011" y="1384" />
      </lower-contour>
    </line>
    <line ass="38" asx="0" asy="1436" character-width="999" dss="38" dsx="0" dsy="1555" fd0="13916" fd1="2634" fd2="-991" filter-width="4" id="d04-131-04" lbs="19" lbx="0" lby="1509" segmentation="ok" slant="114000" stroke-width="6032" threshold="166" text="Because, they kept the Passover and they were" ubs="77" ubx="0" uby="1479">
      <word id="d04-131-04-00" sentence-start="yes" tag="CS" text="Because">
        <cmp x="345" y="1453" width="58" height="56" />
        <cmp x="410" y="1479" width="33" height="32" />
        <cmp x="450" y="1480" width="31" height="34" />
        <cmp x="477" y="1484" width="64" height="31" />
        <cmp x="544" y="1476" width="70" height="40" />
      </word>
      <word id="d04-131-04-01" tag="," text=",">
        <cmp x="659" y="1506" width="22" height="28" />
      </word>
      <word id="d04-131-04-02" tag="PP3AS" text="they">
        <cmp x="684" y="1437" width="37" height="69" />
        <cmp x="705" y="1440" width="144" height="115" />
      </word>
      <word id="d04-131-04-03" tag="VBD" text="kept">
        <cmp x="873" y="1465" width="71" height="45" />
        <cmp x="942" y="1472" width="42" height="58" />
        <cmp x="973" y="1457" width="35" height="60" />
      </word>
      <word id="d04-131-04-04" tag="ATI" text="the">
        <cmp x="1052" y="1459" width="32" height="55" />
        <cmp x="1071" y="1456" width="51" height="55" />
        <cmp x="1126" y="1483" width="32" height="34" />
        <cmp x="1134" y="1483" width="13" height="21" />
      </word>
      <word id="d04-131-04-05" tag="NP" text="Passover">
        <cmp x="1202" y="1458" width="39" height="51" />
        <cmp x="1258" y="1482" width="33" height="30" />
        <cmp x="1290" y="1478" width="27" height="28" />
        <cmp x="1317" y="1478" width="32" height="31" />
        <cmp x="1354" y="1480" width="67" height="26" />
        <cmp x="1428" y="1475" width="51" height="42" />
      </word>
      <word id="d04-131-04-06" tag="CC" text="and">
        <cmp x="1536" y="1486" width="31" height="28" />
        <cmp x="1571" y="1489" width="32" height="25" />
        <cmp x="1612" y="1451" width="28" height="69" />
      </word>
      <word id="d04-131-04-07" tag="PP3AS" text="they">
        <cmp x="1690" y="1438" width="21" height="67" />
        <cmp x="1709" y="1437" width="96" height="118" />
      </word>
      <word id="d04-131-04-08" tag="BED" text="were">
        <cmp x="1862" y="1475" width="46" height="27" />
        <cmp x="1917" y="1470" width="56" height="40" />
        <cmp x="1976" y="1481" width="34" height="30" />
        <cmp x="1987" y="1477" width="15" height="20" />
      </word>
      <upper-contour>
        <point x="344" y="1384" />
        <point x="2011" y="1384" />
      </upper-contour>
      <lower-contour>
        <point x="343" y="1555" />
        <point x="2011" y="1555" />
      </lower-contour>
    </line>
    <line ass="231" asx="0" asy="1615" character-width="999" dss="231" dsx="0" dsy="1741" fd0="13868" fd1="3119" fd2="-235" filter-width="4" id="d04-131-05" lbs="252" lbx="0" lby="1691" segmentation="ok" slant="105000" stroke-width="6103" threshold="164" text="eating Matzos in Egypt and the &amp;quot;Feast of Matzos&amp;quot;" ubs="190" ubx="0" uby="1661">
      <word id="d04-131-05-00" tag="VBG" text="eating">
        <cmp x="343" y="1653" width="37" height="32" />
        <cmp x="383" y="1654" width="36" height="33" />
        <cmp x="430" y="1638" width="29" height="61" />
        <cmp x="474" y="1676" width="12" height="24" />
        <cmp x="487" y="1673" width="38" height="27" />
        <cmp x="529" y="1670" width="49" height="69" />
      </word>
      <word id="d04-131-05-01" tag="NPS" text="Matzos">
        <cmp x="618" y="1643" width="58" height="43" />
        <cmp x="688" y="1658" width="33" height="33" />
        <cmp x="719" y="1626" width="29" height="53" />
        <cmp x="762" y="1647" width="33" height="26" />
        <cmp x="798" y="1652" width="28" height="21" />
        <cmp x="831" y="1643" width="29" height="36" />
      </word>
      <word id="d04-131-05-02" tag="IN" text="in">
        <cmp x="892" y="1613" width="8" height="16" />
        <cmp x="902" y="1647" width="14" height="30" />
        <cmp x="923" y="1655" width="32" height="27" />
      </word>
      <word id="d04-131-05-03" tag="NP" text="Egypt">
        <cmp x="1042" y="1641" width="28" height="49" />
        <cmp x="1077" y="1666" width="56" height="57" />
        <cmp x="1119" y="1661" width="26" height="29" />
        <cmp x="1146" y="1661" width="9" height="48" />
        <cmp x="1167" y="1637" width="52" height="77" />
      </word>
      <word id="d04-131-05-04" tag="CC" text="and">
        <cmp x="1264" y="1664" width="29" height="29" />
        <cmp x="1298" y="1666" width="31" height="26" />
        <cmp x="1336" y="1611" width="32" height="84" />
      </word>
      <word id="d04-131-05-05" tag="ATI" text="the">
        <cmp x="1419" y="1632" width="26" height="53" />
        <cmp x="1442" y="1628" width="63" height="58" />
      </word>
      <word id="d04-131-05-06" tag="*&apos;" text="&quot;">
        <cmp x="1543" y="1639" width="18" height="18" />
        <cmp x="1561" y="1630" width="20" height="29" />
      </word>
      <word id="d04-131-05-07" tag="NN" text="Feast">
        <cmp x="1624" y="1631" width="28" height="65" />
        <cmp x="1661" y="1662" width="30" height="27" />
        <cmp x="1701" y="1659" width="43" height="24" />
        <cmp x="1737" y="1653" width="45" height="34" />
        <cmp x="1782" y="1619" width="41" height="69" />
      </word>
      <word id="d04-131-05-08" tag="INO" text="of">
        <cmp x="1885" y="1656" width="27" height="26" />
        <cmp x="1932" y="1624" width="28" height="80" />
      </word>
      <word id="d04-131-05-09" tag="NPS" text="Matzos">
        <cmp x="2005" y="1624" width="38" height="62" />
        <cmp x="2045" y="1659" width="28" height="31" />
        <cmp x="2072" y="1617" width="22" height="73" />
        <cmp x="2100" y="1653" width="55" height="34" />
        <cmp x="2159" y="1651" width="25" height="31" />
      </word>
      <word id="d04-131-05-10" tag="**&apos;" text="&quot;">
        <cmp x="2180" y="1626" width="12" height="26" />
        <cmp x="2193" y="1623" width="13" height="28" />
      </word>
      <upper-contour>
        <point x="343" y="1555" />
        <point x="2011" y="1555" />
      </upper-contour>
      <lower-contour>
        <point x="341" y="1739" />
        <point x="1793" y="1739" />
      </lower-contour>
    </line>
    <line ass="-262" asx="0" asy="1792" character-width="999" dss="-262" dsx="0" dsy="1872" fd0="14201" fd1="3138" fd2="-143" filter-width="4" id="d04-131-06" lbs="-239" lbx="0" lby="1863" segmentation="ok" slant="114000" stroke-width="6183" threshold="164" text="was known even to Abraham and Lot." ubs="-309" ubx="0" uby="1831">
      <word id="d04-131-06-00" tag="BEDZ" text="was">
        <cmp x="340" y="1828" width="53" height="36" />
        <cmp x="396" y="1835" width="38" height="30" />
        <cmp x="433" y="1827" width="27" height="33" />
      </word>
      <word id="d04-131-06-01" tag="VBN" text="known">
        <cmp x="558" y="1831" width="93" height="38" />
        <cmp x="659" y="1839" width="46" height="28" />
        <cmp x="719" y="1844" width="34" height="32" />
      </word>
      <word id="d04-131-06-02" tag="RB" text="even">
        <cmp x="840" y="1831" width="52" height="36" />
        <cmp x="902" y="1834" width="63" height="35" />
      </word>
      <word id="d04-131-06-03" tag="IN" text="to">
        <cmp x="1035" y="1801" width="37" height="60" />
        <cmp x="1079" y="1837" width="25" height="25" />
      </word>
      <word id="d04-131-06-04" tag="NP" text="Abraham">
        <cmp x="1172" y="1820" width="47" height="50" />
        <cmp x="1212" y="1817" width="47" height="54" />
        <cmp x="1264" y="1833" width="28" height="38" />
        <cmp x="1295" y="1844" width="35" height="32" />
        <cmp x="1312" y="1804" width="49" height="65" />
        <cmp x="1364" y="1838" width="38" height="31" />
        <cmp x="1404" y="1841" width="53" height="32" />
      </word>
      <word id="d04-131-06-05" tag="CC" text="and">
        <cmp x="1524" y="1841" width="31" height="30" />
        <cmp x="1556" y="1838" width="33" height="32" />
        <cmp x="1594" y="1802" width="20" height="62" />
      </word>
      <word id="d04-131-06-06" tag="NP" text="Lot">
        <cmp x="1664" y="1809" width="57" height="58" />
        <cmp x="1727" y="1801" width="28" height="75" />
      </word>
      <word id="d04-131-06-07" tag="." text=".">
        <cmp x="1787" y="1862" width="6" height="6" />
      </word>
      <upper-contour>
        <point x="341" y="1739" />
        <point x="1793" y="1739" />
      </upper-contour>
    </line>
  </handwritten-part>
</form>

