<?xml version="1.0" encoding="ISO-8859-1"?>

<!DOCTYPE form SYSTEM 'http://www.iam.unibe.ch/~fki/iamdb/form-metadata.dtd'>

<form created="2002-01-16" height="3542" id="d04-028" last-modified="2002-07-17" skew="-63" status="final" version="3.0_beta" width="2479" writer-id="186">
  <machine-printed-part>
    <machine-print-line text="&amp;quot;For the stone shall cry out of the wall&amp;quot;, like Baalam&apos;s ass, &amp;quot;and the purlin of timber" />
    <machine-print-line text="shall creak in answer&amp;quot; &amp;quot;if the roof of our security is crushing our soul&amp;quot; (see Hab." />
    <machine-print-line text="2, 10-11). And it is through the Shamir: &amp;quot;That the earth shall be filled with the" />
    <machine-print-line text="knowledge of the Glory of the Lord, as the waters cover the sea.&amp;quot; (Hab. 2, 14.)" />
  </machine-printed-part>
  <handwritten-part>
    <line ass="-140" asx="0" asy="756" character-width="999" dss="-140" dsx="0" dsy="871" fd0="13257" fd1="2953" fd2="-273" filter-width="3" id="d04-028-00" lbs="-149" lbx="0" lby="833" segmentation="ok" slant="90000" stroke-width="5126" threshold="186" text="&amp;quot;For the stone shall cry out of the wall&amp;quot;, like" ubs="-122" ubx="0" uby="802">
      <word id="d04-028-00-00" sentence-start="yes" tag="*&apos;" text="&quot;">
        <cmp x="353" y="758" width="23" height="20" />
      </word>
      <word id="d04-028-00-01" tag="CS" text="For">
        <cmp x="410" y="764" width="38" height="69" />
        <cmp x="447" y="807" width="27" height="28" />
        <cmp x="482" y="804" width="27" height="31" />
      </word>
      <word id="d04-028-00-02" tag="ATI" text="the">
        <cmp x="575" y="770" width="33" height="69" />
        <cmp x="610" y="791" width="53" height="51" />
      </word>
      <word id="d04-028-00-03" tag="NN" text="stone">
        <cmp x="731" y="797" width="29" height="40" />
        <cmp x="761" y="783" width="28" height="50" />
        <cmp x="790" y="810" width="24" height="24" />
        <cmp x="819" y="808" width="41" height="28" />
        <cmp x="866" y="808" width="35" height="30" />
      </word>
      <word id="d04-028-00-04" tag="MD" text="shall">
        <cmp x="981" y="797" width="28" height="35" />
        <cmp x="1016" y="779" width="30" height="53" />
        <cmp x="1050" y="809" width="27" height="30" />
        <cmp x="1093" y="787" width="48" height="50" />
      </word>
      <word id="d04-028-00-05" tag="VB" text="cry">
        <cmp x="1223" y="800" width="54" height="35" />
        <cmp x="1262" y="804" width="45" height="71" />
      </word>
      <word id="d04-028-00-06" tag="RP" text="out">
        <cmp x="1378" y="803" width="24" height="33" />
        <cmp x="1407" y="803" width="31" height="34" />
        <cmp x="1450" y="785" width="21" height="53" />
      </word>
      <word id="d04-028-00-07" tag="INO" text="of">
        <cmp x="1535" y="811" width="23" height="27" />
        <cmp x="1569" y="778" width="31" height="59" />
      </word>
      <word id="d04-028-00-08" tag="ATI" text="the">
        <cmp x="1644" y="794" width="28" height="48" />
        <cmp x="1683" y="789" width="50" height="48" />
      </word>
      <word id="d04-028-00-09" tag="NN" text="wall">
        <cmp x="1788" y="803" width="42" height="33" />
        <cmp x="1832" y="804" width="22" height="27" />
        <cmp x="1858" y="791" width="47" height="47" />
      </word>
      <word id="d04-028-00-10" tag="**&apos;" text="&quot;">
        <cmp x="1915" y="781" width="12" height="27" />
        <cmp x="1925" y="778" width="18" height="27" />
      </word>
      <word id="d04-028-00-11" tag="," text=",">
        <cmp x="1946" y="839" width="12" height="21" />
      </word>
      <word id="d04-028-00-12" tag="IN" text="like">
        <cmp x="1986" y="797" width="46" height="48" />
        <cmp x="2054" y="794" width="51" height="48" />
      </word>
      <lower-contour>
        <point x="351" y="875" />
        <point x="2031" y="875" />
      </lower-contour>
    </line>
    <line ass="-251" asx="0" asy="947" character-width="999" dss="-251" dsx="0" dsy="1048" fd0="13546" fd1="2447" fd2="-879" filter-width="3" id="d04-028-01" lbs="-245" lbx="0" lby="1008" segmentation="err" slant="90000" stroke-width="5068" threshold="185" text="Baalam&apos;s ass, &amp;quot;and the purlin of timber shall" ubs="-262" ubx="0" uby="982">
      <word id="d04-028-01-00" tag="NP$" text="Baalam&apos;s">
        <cmp x="345" y="956" width="42" height="64" />
        <cmp x="388" y="986" width="32" height="28" />
        <cmp x="433" y="984" width="28" height="28" />
        <cmp x="471" y="961" width="24" height="52" />
        <cmp x="493" y="984" width="37" height="31" />
        <cmp x="535" y="981" width="33" height="31" />
        <cmp x="578" y="961" width="6" height="17" />
        <cmp x="591" y="978" width="23" height="33" />
      </word>
      <word id="d04-028-01-01" tag="NN" text="ass">
        <cmp x="688" y="981" width="36" height="30" />
        <cmp x="729" y="981" width="24" height="31" />
        <cmp x="751" y="978" width="27" height="37" />
      </word>
      <word id="d04-028-01-02" tag="," text=",">
        <cmp x="783" y="955" width="19" height="18" />
      </word>
      <word id="d04-028-01-03" tag="*&apos;" text="&quot;">
        <cmp x="805" y="952" width="13" height="19" />
      </word>
      <word id="d04-028-01-04" tag="CC" text="and">
        <cmp x="856" y="991" width="34" height="29" />
        <cmp x="889" y="995" width="43" height="23" />
        <cmp x="933" y="966" width="25" height="50" />
      </word>
      <word id="d04-028-01-05" tag="ATI" text="the">
        <cmp x="1043" y="962" width="28" height="56" />
        <cmp x="1077" y="970" width="61" height="43" />
      </word>
      <word id="d04-028-01-06" tag="NN" text="purlin">
        <cmp x="1197" y="993" width="28" height="61" />
        <cmp x="1231" y="991" width="27" height="29" />
        <cmp x="1257" y="993" width="7" height="26" />
        <cmp x="1268" y="997" width="6" height="22" />
        <cmp x="1274" y="992" width="9" height="7" />
        <cmp x="1297" y="976" width="85" height="43" />
        <cmp x="1337" y="967" width="7" height="9" />
        <cmp x="1358" y="989" width="4" height="5" />
      </word>
      <word id="d04-028-01-07" tag="INO" text="of">
        <cmp x="1455" y="992" width="25" height="34" />
        <cmp x="1474" y="994" width="5" height="6" />
        <cmp x="1478" y="996" width="9" height="24" />
        <cmp x="1490" y="965" width="34" height="56" />
      </word>
      <word id="d04-028-01-08" tag="NN" text="timber">
        <cmp x="1593" y="985" width="30" height="43" />
        <cmp x="1631" y="980" width="7" height="8" />
        <cmp x="1634" y="992" width="6" height="25" />
        <cmp x="1650" y="988" width="43" height="33" />
        <cmp x="1699" y="972" width="86" height="52" />
      </word>
      <word id="d04-028-01-09" tag="MD" text="shall">
        <cmp x="1863" y="982" width="27" height="35" />
        <cmp x="1897" y="966" width="5" height="5" />
        <cmp x="1897" y="972" width="28" height="46" />
        <cmp x="1937" y="991" width="24" height="27" />
        <cmp x="1974" y="972" width="56" height="48" />
      </word>
      <upper-contour>
        <point x="351" y="875" />
        <point x="2031" y="875" />
      </upper-contour>
      <lower-contour>
        <point x="347" y="1054" />
        <point x="2031" y="1054" />
      </lower-contour>
    </line>
    <line ass="-213" asx="0" asy="1125" character-width="999" dss="-213" dsx="0" dsy="1221" fd0="13559" fd1="3274" fd2="-382" filter-width="3" id="d04-028-02" lbs="-285" lbx="0" lby="1182" segmentation="ok" slant="90000" stroke-width="5088" threshold="185" text="creak in answer&amp;quot; &amp;quot;if the roof of our security is" ubs="-70" ubx="0" uby="1161">
      <word id="d04-028-02-00" tag="VB" text="creak">
        <cmp x="349" y="1156" width="26" height="35" />
        <cmp x="387" y="1157" width="16" height="35" />
        <cmp x="409" y="1160" width="58" height="33" />
        <cmp x="477" y="1134" width="24" height="53" />
      </word>
      <word id="d04-028-02-01" tag="IN" text="in">
        <cmp x="583" y="1161" width="8" height="33" />
        <cmp x="585" y="1150" width="7" height="8" />
        <cmp x="596" y="1162" width="42" height="30" />
      </word>
      <word id="d04-028-02-02" tag="NN" text="answer">
        <cmp x="722" y="1156" width="35" height="32" />
        <cmp x="760" y="1165" width="67" height="28" />
        <cmp x="800" y="1162" width="14" height="4" />
        <cmp x="827" y="1163" width="39" height="28" />
        <cmp x="873" y="1157" width="61" height="34" />
      </word>
      <word id="d04-028-02-03" tag="**&apos;" text="&quot;">
        <cmp x="945" y="1135" width="11" height="22" />
        <cmp x="956" y="1135" width="10" height="23" />
      </word>
      <word id="d04-028-02-04" tag="*&apos;" text="&quot;">
        <cmp x="1008" y="1140" width="16" height="19" />
        <cmp x="1024" y="1141" width="19" height="22" />
      </word>
      <word id="d04-028-02-05" tag="CS" text="if">
        <cmp x="1062" y="1158" width="6" height="32" />
        <cmp x="1064" y="1145" width="4" height="10" />
        <cmp x="1071" y="1130" width="29" height="62" />
      </word>
      <word id="d04-028-02-06" tag="ATI" text="the">
        <cmp x="1148" y="1135" width="26" height="64" />
        <cmp x="1182" y="1150" width="53" height="45" />
      </word>
      <word id="d04-028-02-07" tag="NN" text="roof">
        <cmp x="1286" y="1163" width="18" height="31" />
        <cmp x="1304" y="1168" width="29" height="28" />
        <cmp x="1338" y="1138" width="61" height="56" />
        <cmp x="1352" y="1168" width="4" height="3" />
      </word>
      <word id="d04-028-02-08" tag="INO" text="of">
        <cmp x="1471" y="1170" width="26" height="33" />
        <cmp x="1504" y="1137" width="31" height="61" />
      </word>
      <word id="d04-028-02-09" tag="PP$" text="our">
        <cmp x="1582" y="1165" width="28" height="27" />
        <cmp x="1614" y="1163" width="34" height="31" />
        <cmp x="1652" y="1152" width="28" height="40" />
      </word>
      <word id="d04-028-02-10" tag="NN" text="security">
        <cmp x="1739" y="1162" width="32" height="34" />
        <cmp x="1782" y="1163" width="26" height="29" />
        <cmp x="1808" y="1168" width="27" height="27" />
        <cmp x="1835" y="1167" width="29" height="25" />
        <cmp x="1866" y="1159" width="17" height="30" />
        <cmp x="1894" y="1138" width="4" height="5" />
        <cmp x="1894" y="1164" width="8" height="25" />
        <cmp x="1914" y="1142" width="19" height="43" />
        <cmp x="1927" y="1157" width="39" height="72" />
      </word>
      <word id="d04-028-02-11" tag="BEZ" text="is">
        <cmp x="2038" y="1163" width="6" height="27" />
        <cmp x="2039" y="1147" width="6" height="6" />
        <cmp x="2050" y="1162" width="31" height="28" />
      </word>
      <upper-contour>
        <point x="347" y="1054" />
        <point x="2031" y="1054" />
      </upper-contour>
      <lower-contour>
        <point x="347" y="1229" />
        <point x="2039" y="1229" />
      </lower-contour>
    </line>
    <line ass="-206" asx="0" asy="1290" character-width="999" dss="-206" dsx="0" dsy="1419" fd0="13285" fd1="3434" fd2="-90" filter-width="3" id="d04-028-03" lbs="-204" lbx="0" lby="1367" segmentation="err" slant="90000" stroke-width="5119" threshold="186" text="crushing our soul&amp;quot; (see Hab. 2, 10-11). And it is" ubs="-209" ubx="0" uby="1340">
      <word id="d04-028-03-00" tag="VBG" text="crushing">
        <cmp x="343" y="1338" width="31" height="36" />
        <cmp x="384" y="1338" width="26" height="33" />
        <cmp x="418" y="1341" width="29" height="31" />
        <cmp x="453" y="1335" width="30" height="35" />
        <cmp x="483" y="1324" width="39" height="47" />
        <cmp x="529" y="1329" width="5" height="6" />
        <cmp x="532" y="1345" width="7" height="26" />
        <cmp x="548" y="1342" width="37" height="27" />
        <cmp x="575" y="1344" width="44" height="78" />
      </word>
      <word id="d04-028-03-01" tag="PP$" text="our">
        <cmp x="699" y="1340" width="30" height="34" />
        <cmp x="731" y="1340" width="28" height="28" />
        <cmp x="766" y="1340" width="23" height="30" />
      </word>
      <word id="d04-028-03-02" tag="NN" text="soul">
        <cmp x="852" y="1361" width="3" height="3" />
        <cmp x="857" y="1335" width="59" height="32" />
        <cmp x="920" y="1339" width="31" height="27" />
      </word>
      <word id="d04-028-03-03" tag="**&apos;" text="&quot;">
        <cmp x="962" y="1329" width="27" height="42" />
      </word>
      <word id="d04-028-03-04" tag="(" text="(">
        <cmp x="996" y="1318" width="16" height="25" />
        <cmp x="1008" y="1318" width="5" height="4" />
        <cmp x="1013" y="1320" width="9" height="18" />
      </word>
      <word id="d04-028-03-05" tag="VB" text="see">
        <cmp x="1058" y="1298" width="36" height="81" />
        <cmp x="1092" y="1340" width="54" height="32" />
        <cmp x="1148" y="1344" width="24" height="31" />
      </word>
      <word id="d04-028-03-06" tag="NP" text="Hab.">
        <cmp x="1221" y="1323" width="27" height="63" />
        <cmp x="1258" y="1352" width="30" height="27" />
        <cmp x="1295" y="1334" width="32" height="46" />
        <cmp x="1337" y="1368" width="10" height="11" />
      </word>
      <word id="d04-028-03-07" tag="CD" text="2">
        <cmp x="1376" y="1332" width="25" height="43" />
        <cmp x="1402" y="1376" width="14" height="19" />
      </word>
      <word id="d04-028-03-08" tag="," text=",">
        <cmp x="1456" y="1334" width="9" height="38" />
      </word>
      <word id="d04-028-03-09" tag="CD-CD" text="10-11">
        <cmp x="1479" y="1338" width="28" height="34" />
        <cmp x="1519" y="1356" width="19" height="5" />
        <cmp x="1561" y="1337" width="8" height="34" />
        <cmp x="1576" y="1338" width="10" height="31" />
      </word>
      <word id="d04-028-03-10" tag=")" text=")">
        <cmp x="1599" y="1297" width="26" height="81" />
      </word>
      <word id="d04-028-03-11" tag="." text=".">
        <cmp x="1639" y="1360" width="9" height="8" />
      </word>
      <word id="d04-028-03-12" sentence-start="yes" tag="CC" text="And">
        <cmp x="1697" y="1308" width="38" height="72" />
        <cmp x="1739" y="1353" width="52" height="22" />
        <cmp x="1797" y="1327" width="34" height="57" />
      </word>
      <word id="d04-028-03-13" tag="PP3" text="it">
        <cmp x="1882" y="1343" width="8" height="29" />
        <cmp x="1888" y="1317" width="5" height="6" />
        <cmp x="1905" y="1338" width="33" height="32" />
      </word>
      <word id="d04-028-03-14" tag="BEZ" text="is">
        <cmp x="1979" y="1325" width="5" height="6" />
        <cmp x="1982" y="1343" width="8" height="25" />
        <cmp x="2007" y="1340" width="31" height="29" />
      </word>
      <upper-contour>
        <point x="347" y="1229" />
        <point x="2039" y="1229" />
      </upper-contour>
      <lower-contour>
        <point x="341" y="1422" />
        <point x="2039" y="1422" />
      </lower-contour>
    </line>
    <line ass="-147" asx="0" asy="1487" character-width="999" dss="-147" dsx="0" dsy="1604" fd0="13227" fd1="3219" fd2="-623" filter-width="3" id="d04-028-04" lbs="-151" lbx="0" lby="1549" segmentation="ok" slant="90000" stroke-width="5204" threshold="184" text="through the Shamir: &amp;quot;That the earth shall be" ubs="-140" ubx="0" uby="1520">
      <word id="d04-028-04-00" tag="IN" text="through">
        <cmp x="337" y="1501" width="31" height="55" />
        <cmp x="374" y="1505" width="21" height="50" />
        <cmp x="404" y="1519" width="18" height="33" />
        <cmp x="434" y="1525" width="24" height="28" />
        <cmp x="462" y="1523" width="26" height="29" />
        <cmp x="485" y="1524" width="41" height="82" />
        <cmp x="542" y="1492" width="28" height="61" />
      </word>
      <word id="d04-028-04-01" tag="ATI" text="the">
        <cmp x="644" y="1492" width="36" height="59" />
        <cmp x="687" y="1507" width="60" height="41" />
      </word>
      <word id="d04-028-04-02" tag="NP" text="Shamir">
        <cmp x="806" y="1491" width="39" height="57" />
        <cmp x="859" y="1499" width="61" height="50" />
        <cmp x="924" y="1520" width="36" height="31" />
        <cmp x="969" y="1513" width="4" height="7" />
        <cmp x="971" y="1528" width="7" height="23" />
        <cmp x="986" y="1522" width="20" height="31" />
      </word>
      <word id="d04-028-04-03" tag=":" text=":">
        <cmp x="1033" y="1523" width="6" height="12" />
        <cmp x="1033" y="1541" width="6" height="11" />
      </word>
      <word id="d04-028-04-04" tag="*&apos;" text="&quot;">
        <cmp x="1072" y="1491" width="24" height="18" />
      </word>
      <word id="d04-028-04-05" tag="CS" text="That">
        <cmp x="1106" y="1501" width="59" height="55" />
        <cmp x="1172" y="1508" width="28" height="48" />
        <cmp x="1205" y="1527" width="30" height="28" />
        <cmp x="1244" y="1510" width="28" height="47" />
      </word>
      <word id="d04-028-04-06" tag="ATI" text="the">
        <cmp x="1333" y="1508" width="39" height="47" />
        <cmp x="1373" y="1517" width="60" height="37" />
      </word>
      <word id="d04-028-04-07" tag="NN" text="earth">
        <cmp x="1504" y="1524" width="35" height="31" />
        <cmp x="1542" y="1531" width="30" height="25" />
        <cmp x="1575" y="1526" width="19" height="29" />
        <cmp x="1597" y="1517" width="24" height="39" />
        <cmp x="1635" y="1515" width="33" height="39" />
      </word>
      <word id="d04-028-04-08" tag="MD" text="shall">
        <cmp x="1763" y="1517" width="30" height="35" />
        <cmp x="1792" y="1502" width="38" height="53" />
        <cmp x="1838" y="1525" width="26" height="31" />
        <cmp x="1874" y="1512" width="18" height="45" />
        <cmp x="1899" y="1509" width="27" height="46" />
      </word>
      <word id="d04-028-04-09" tag="BE" text="be">
        <cmp x="2021" y="1495" width="29" height="59" />
        <cmp x="2060" y="1525" width="39" height="28" />
      </word>
      <upper-contour>
        <point x="341" y="1422" />
        <point x="2039" y="1422" />
      </upper-contour>
      <lower-contour>
        <point x="339" y="1606" />
        <point x="2100" y="1606" />
      </lower-contour>
    </line>
    <line ass="-158" asx="0" asy="1654" character-width="999" dss="-158" dsx="0" dsy="1785" fd0="13001" fd1="2980" fd2="-853" filter-width="3" id="d04-028-05" lbs="-141" lbx="0" lby="1728" segmentation="ok" slant="90000" stroke-width="5313" threshold="182" text="filled with the knowledge of the Glory of the" ubs="-192" ubx="0" uby="1690">
      <word id="d04-028-05-00" tag="VBN" text="filled">
        <cmp x="341" y="1656" width="46" height="74" />
        <cmp x="394" y="1704" width="9" height="25" />
        <cmp x="397" y="1688" width="5" height="7" />
        <cmp x="415" y="1678" width="26" height="50" />
        <cmp x="442" y="1684" width="23" height="46" />
        <cmp x="470" y="1700" width="19" height="30" />
        <cmp x="497" y="1678" width="29" height="52" />
      </word>
      <word id="d04-028-05-01" tag="IN" text="with">
        <cmp x="606" y="1701" width="47" height="29" />
        <cmp x="656" y="1702" width="10" height="28" />
        <cmp x="658" y="1679" width="7" height="13" />
        <cmp x="672" y="1689" width="26" height="41" />
        <cmp x="707" y="1687" width="37" height="41" />
      </word>
      <word id="d04-028-05-02" tag="ATI" text="the">
        <cmp x="808" y="1672" width="32" height="57" />
        <cmp x="846" y="1678" width="46" height="55" />
      </word>
      <word id="d04-028-05-03" tag="NN" text="knowledge">
        <cmp x="1004" y="1659" width="20" height="66" />
        <cmp x="1031" y="1702" width="41" height="30" />
        <cmp x="1076" y="1701" width="25" height="28" />
        <cmp x="1102" y="1702" width="41" height="26" />
        <cmp x="1154" y="1681" width="28" height="45" />
        <cmp x="1183" y="1696" width="24" height="32" />
        <cmp x="1210" y="1671" width="32" height="58" />
        <cmp x="1219" y="1696" width="51" height="94" />
        <cmp x="1288" y="1694" width="24" height="29" />
      </word>
      <word id="d04-028-05-04" tag="INO" text="of">
        <cmp x="1407" y="1669" width="51" height="65" />
      </word>
      <word id="d04-028-05-05" tag="ATI" text="the">
        <cmp x="1513" y="1682" width="30" height="59" />
        <cmp x="1544" y="1683" width="68" height="54" />
      </word>
      <word id="d04-028-05-06" tag="NN" text="Glory">
        <cmp x="1717" y="1665" width="46" height="73" />
        <cmp x="1771" y="1672" width="26" height="60" />
        <cmp x="1793" y="1725" width="3" height="3" />
        <cmp x="1803" y="1705" width="20" height="29" />
        <cmp x="1831" y="1699" width="47" height="83" />
        <cmp x="1835" y="1694" width="10" height="37" />
        <cmp x="1853" y="1705" width="6" height="25" />
      </word>
      <word id="d04-028-05-07" tag="INO" text="of">
        <cmp x="1940" y="1700" width="23" height="29" />
        <cmp x="1963" y="1662" width="35" height="66" />
      </word>
      <word id="d04-028-05-08" tag="ATI" text="the">
        <cmp x="2052" y="1676" width="27" height="61" />
        <cmp x="2084" y="1689" width="48" height="43" />
      </word>
      <upper-contour>
        <point x="339" y="1606" />
        <point x="2100" y="1606" />
      </upper-contour>
      <lower-contour>
        <point x="345" y="1790" />
        <point x="2124" y="1790" />
      </lower-contour>
    </line>
    <line ass="-128" asx="0" asy="1824" character-width="999" dss="-128" dsx="0" dsy="1931" fd0="13300" fd1="3253" fd2="-281" filter-width="3" id="d04-028-06" lbs="-73" lbx="0" lby="1908" segmentation="err" slant="90000" stroke-width="5318" threshold="183" text="Lord, as the waters cover the sea.&amp;quot; (Hab. 2, 14.)" ubs="-238" ubx="0" uby="1873">
      <word id="d04-028-06-00" tag="NPT" text="Lord">
        <cmp x="347" y="1841" width="43" height="67" />
        <cmp x="392" y="1880" width="24" height="28" />
        <cmp x="425" y="1877" width="21" height="30" />
        <cmp x="458" y="1845" width="44" height="63" />
      </word>
      <word id="d04-028-06-01" tag="," text=",">
        <cmp x="536" y="1903" width="16" height="30" />
      </word>
      <word id="d04-028-06-02" tag="CS" text="as">
        <cmp x="587" y="1878" width="35" height="35" />
        <cmp x="631" y="1878" width="24" height="34" />
      </word>
      <word id="d04-028-06-03" tag="ATI" text="the">
        <cmp x="731" y="1850" width="34" height="58" />
        <cmp x="771" y="1858" width="62" height="48" />
      </word>
      <word id="d04-028-06-04" tag="NNS" text="waters">
        <cmp x="903" y="1874" width="37" height="35" />
        <cmp x="951" y="1880" width="29" height="33" />
        <cmp x="992" y="1865" width="23" height="55" />
        <cmp x="1019" y="1877" width="54" height="38" />
        <cmp x="1084" y="1873" width="25" height="36" />
      </word>
      <word id="d04-028-06-05" tag="VB" text="cover">
        <cmp x="1209" y="1875" width="57" height="35" />
        <cmp x="1269" y="1874" width="25" height="34" />
        <cmp x="1300" y="1873" width="52" height="38" />
      </word>
      <word id="d04-028-06-06" tag="ATI" text="the">
        <cmp x="1428" y="1851" width="104" height="64" />
      </word>
      <word id="d04-028-06-07" tag="NN" text="sea">
        <cmp x="1598" y="1873" width="28" height="36" />
        <cmp x="1628" y="1876" width="33" height="34" />
        <cmp x="1664" y="1883" width="39" height="29" />
      </word>
      <word id="d04-028-06-08" tag="." text=".">
        <cmp x="1715" y="1851" width="15" height="17" />
      </word>
      <word id="d04-028-06-09" tag="**&apos;" text="&quot;">
        <cmp x="1720" y="1902" width="8" height="9" />
        <cmp x="1730" y="1850" width="17" height="20" />
      </word>
      <word id="d04-028-06-10" sentence-start="yes" tag="(" text="(">
        <cmp x="1769" y="1840" width="38" height="68" />
      </word>
      <word id="d04-028-06-11" tag="NP" text="Hab.">
        <cmp x="1819" y="1855" width="26" height="55" />
        <cmp x="1855" y="1883" width="28" height="27" />
        <cmp x="1890" y="1863" width="30" height="49" />
        <cmp x="1927" y="1902" width="9" height="9" />
      </word>
      <word id="d04-028-06-12" tag="CD" text="2">
        <cmp x="1966" y="1864" width="32" height="47" />
      </word>
      <word id="d04-028-06-13" tag="," text=",">
        <cmp x="2004" y="1910" width="6" height="15" />
      </word>
      <word id="d04-028-06-14" tag="CD" text="14">
        <cmp x="2041" y="1867" width="11" height="35" />
        <cmp x="2058" y="1849" width="29" height="57" />
      </word>
      <word id="d04-028-06-15" tag="." text=".">
        <cmp x="2098" y="1900" width="13" height="10" />
      </word>
      <word id="d04-028-06-16" tag=")" text=")">
        <cmp x="2100" y="1830" width="23" height="81" />
      </word>
      <upper-contour>
        <point x="345" y="1790" />
        <point x="2124" y="1790" />
      </upper-contour>
    </line>
  </handwritten-part>
</form>

