<?xml version="1.0" encoding="ISO-8859-1"?>

<!DOCTYPE form SYSTEM 'http://www.iam.unibe.ch/~fki/iamdb/form-metadata.dtd'>

<form created="2002-01-16" height="3542" id="d04-062" last-modified="2002-07-17" skew="0" status="final" version="3.0_beta" width="2479" writer-id="190">
  <machine-printed-part>
    <machine-print-line text="For without the vision to serve the Lord your God with all your heart and with all" />
    <machine-print-line text="your soul and with all your might the problem of life cannot be solved. &amp;quot;Therefore" />
    <machine-print-line text="shall 1ye lay up these my words in your heart and in your soul.&amp;quot; The text adds and" />
    <machine-print-line text="in your soul, searching your soul." />
  </machine-printed-part>
  <handwritten-part>
    <line ass="-31" asx="0" asy="732" character-width="999" dss="-31" dsx="0" dsy="827" fd0="13479" fd1="3275" fd2="-238" filter-width="3" id="d04-062-00" lbs="8" lbx="0" lby="786" segmentation="ok" slant="97000" stroke-width="4556" threshold="192" text="For without the vision to serve the Lord your God with all" ubs="-110" ubx="0" uby="761">
      <word id="d04-062-00-00" sentence-start="yes" tag="CS" text="For">
        <cmp x="398" y="734" width="22" height="53" />
        <cmp x="417" y="734" width="15" height="7" />
        <cmp x="432" y="764" width="25" height="24" />
        <cmp x="467" y="763" width="29" height="28" />
      </word>
      <word id="d04-062-00-01" tag="IN" text="without">
        <cmp x="528" y="767" width="47" height="26" />
        <cmp x="587" y="754" width="9" height="9" />
        <cmp x="590" y="770" width="9" height="23" />
        <cmp x="607" y="743" width="22" height="51" />
        <cmp x="628" y="747" width="38" height="39" />
        <cmp x="672" y="759" width="52" height="24" />
        <cmp x="734" y="734" width="25" height="55" />
      </word>
      <word id="d04-062-00-02" tag="ATI" text="the">
        <cmp x="800" y="741" width="25" height="44" />
        <cmp x="826" y="749" width="26" height="39" />
        <cmp x="862" y="763" width="19" height="25" />
      </word>
      <word id="d04-062-00-03" tag="NN" text="vision">
        <cmp x="920" y="765" width="17" height="21" />
        <cmp x="937" y="741" width="6" height="9" />
        <cmp x="942" y="763" width="8" height="21" />
        <cmp x="973" y="761" width="26" height="26" />
        <cmp x="1003" y="763" width="8" height="21" />
        <cmp x="1005" y="752" width="3" height="3" />
        <cmp x="1026" y="760" width="25" height="25" />
        <cmp x="1031" y="763" width="4" height="3" />
        <cmp x="1052" y="760" width="29" height="24" />
      </word>
      <word id="d04-062-00-04" tag="TO" text="to">
        <cmp x="1117" y="743" width="25" height="43" />
        <cmp x="1144" y="761" width="25" height="24" />
      </word>
      <word id="d04-062-00-05" tag="VB" text="serve">
        <cmp x="1196" y="763" width="24" height="27" />
        <cmp x="1220" y="762" width="24" height="29" />
        <cmp x="1253" y="764" width="19" height="23" />
        <cmp x="1281" y="765" width="17" height="20" />
        <cmp x="1303" y="760" width="23" height="31" />
      </word>
      <word id="d04-062-00-06" tag="ATI" text="the">
        <cmp x="1356" y="749" width="22" height="38" />
        <cmp x="1383" y="750" width="25" height="38" />
        <cmp x="1414" y="760" width="25" height="25" />
      </word>
      <word id="d04-062-00-07" tag="NPT" text="Lord">
        <cmp x="1486" y="748" width="57" height="43" />
        <cmp x="1541" y="763" width="21" height="23" />
        <cmp x="1573" y="742" width="22" height="45" />
      </word>
      <word id="d04-062-00-08" tag="PP$" text="your">
        <cmp x="1639" y="766" width="31" height="62" />
        <cmp x="1671" y="764" width="55" height="23" />
        <cmp x="1732" y="762" width="20" height="23" />
      </word>
      <word id="d04-062-00-09" tag="NP" text="God">
        <cmp x="1785" y="747" width="38" height="42" />
        <cmp x="1826" y="768" width="24" height="19" />
        <cmp x="1858" y="737" width="36" height="50" />
      </word>
      <word id="d04-062-00-10" tag="IN" text="with">
        <cmp x="1931" y="762" width="38" height="22" />
        <cmp x="1957" y="761" width="11" height="5" />
        <cmp x="1976" y="748" width="5" height="3" />
        <cmp x="1977" y="765" width="11" height="22" />
        <cmp x="2002" y="745" width="18" height="43" />
        <cmp x="2024" y="755" width="29" height="38" />
      </word>
      <word id="d04-062-00-11" tag="ABN" text="all">
        <cmp x="2083" y="776" width="32" height="20" />
        <cmp x="2115" y="750" width="11" height="42" />
        <cmp x="2134" y="753" width="8" height="40" />
      </word>
      <lower-contour>
        <point x="396" y="828" />
        <point x="2143" y="828" />
      </lower-contour>
    </line>
    <line ass="59" asx="0" asy="912" character-width="999" dss="59" dsx="0" dsy="1015" fd0="13335" fd1="2998" fd2="-364" filter-width="3" id="d04-062-01" lbs="80" lbx="0" lby="965" segmentation="ok" slant="92000" stroke-width="4576" threshold="192" text="your heart and with all your soul and with all your might" ubs="19" ubx="0" uby="941">
      <word id="d04-062-01-00" tag="PP$" text="your">
        <cmp x="374" y="944" width="36" height="72" />
        <cmp x="410" y="944" width="20" height="22" />
        <cmp x="437" y="943" width="28" height="23" />
        <cmp x="472" y="944" width="32" height="23" />
      </word>
      <word id="d04-062-01-01" tag="NN" text="heart">
        <cmp x="532" y="931" width="27" height="41" />
        <cmp x="566" y="939" width="63" height="31" />
        <cmp x="634" y="921" width="42" height="47" />
      </word>
      <word id="d04-062-01-02" tag="CC" text="and">
        <cmp x="728" y="943" width="76" height="25" />
        <cmp x="808" y="913" width="34" height="54" />
      </word>
      <word id="d04-062-01-03" tag="IN" text="with">
        <cmp x="889" y="943" width="42" height="24" />
        <cmp x="946" y="944" width="7" height="21" />
        <cmp x="973" y="918" width="17" height="42" />
        <cmp x="991" y="927" width="36" height="38" />
      </word>
      <word id="d04-062-01-04" tag="ABN" text="all">
        <cmp x="1061" y="943" width="29" height="17" />
        <cmp x="1091" y="923" width="8" height="37" />
        <cmp x="1103" y="923" width="11" height="36" />
      </word>
      <word id="d04-062-01-05" tag="PP$" text="your">
        <cmp x="1173" y="938" width="81" height="67" />
        <cmp x="1262" y="939" width="19" height="22" />
      </word>
      <word id="d04-062-01-06" tag="NN" text="soul">
        <cmp x="1318" y="933" width="22" height="31" />
        <cmp x="1345" y="939" width="60" height="23" />
        <cmp x="1420" y="916" width="9" height="44" />
      </word>
      <word id="d04-062-01-07" tag="CC" text="and">
        <cmp x="1479" y="936" width="19" height="22" />
        <cmp x="1499" y="938" width="50" height="23" />
        <cmp x="1567" y="917" width="26" height="50" />
      </word>
      <word id="d04-062-01-08" tag="IN" text="with">
        <cmp x="1632" y="945" width="49" height="23" />
        <cmp x="1694" y="947" width="6" height="19" />
        <cmp x="1695" y="929" width="3" height="4" />
        <cmp x="1717" y="926" width="24" height="41" />
        <cmp x="1743" y="936" width="28" height="38" />
      </word>
      <word id="d04-062-01-09" tag="ABN" text="all">
        <cmp x="1805" y="917" width="40" height="48" />
        <cmp x="1855" y="917" width="8" height="47" />
      </word>
      <word id="d04-062-01-10" tag="PP$" text="your">
        <cmp x="1892" y="941" width="25" height="57" />
        <cmp x="1929" y="943" width="42" height="21" />
        <cmp x="1979" y="938" width="23" height="28" />
      </word>
      <word id="d04-062-01-11" tag="NN" text="might">
        <cmp x="2048" y="946" width="37" height="25" />
        <cmp x="2093" y="949" width="5" height="17" />
        <cmp x="2098" y="933" width="4" height="7" />
        <cmp x="2107" y="948" width="29" height="63" />
        <cmp x="2131" y="940" width="28" height="32" />
        <cmp x="2161" y="922" width="20" height="49" />
      </word>
      <upper-contour>
        <point x="396" y="828" />
        <point x="2143" y="828" />
      </upper-contour>
      <lower-contour>
        <point x="372" y="1016" />
        <point x="2181" y="1016" />
      </lower-contour>
    </line>
    <line ass="-108" asx="0" asy="1092" character-width="999" dss="-108" dsx="0" dsy="1179" fd0="13486" fd1="2939" fd2="-507" filter-width="3" id="d04-062-02" lbs="-120" lbx="0" lby="1145" segmentation="ok" slant="90000" stroke-width="4468" threshold="192" text="the problem of life cannot be solved. &amp;quot;Therefore shall 1ye lay" ubs="-86" ubx="0" uby="1123">
      <word id="d04-062-02-00" tag="ATI" text="the">
        <cmp x="373" y="1098" width="18" height="52" />
        <cmp x="395" y="1107" width="26" height="47" />
        <cmp x="430" y="1125" width="25" height="28" />
      </word>
      <word id="d04-062-02-01" tag="NN" text="problem">
        <cmp x="491" y="1125" width="28" height="17" />
        <cmp x="491" y="1139" width="5" height="32" />
        <cmp x="520" y="1126" width="56" height="25" />
        <cmp x="584" y="1108" width="23" height="39" />
        <cmp x="608" y="1109" width="11" height="37" />
        <cmp x="629" y="1124" width="16" height="26" />
        <cmp x="656" y="1129" width="40" height="23" />
      </word>
      <word id="d04-062-02-02" tag="INO" text="of">
        <cmp x="729" y="1109" width="51" height="39" />
        <cmp x="762" y="1126" width="16" height="4" />
      </word>
      <word id="d04-062-02-03" tag="NN" text="life">
        <cmp x="822" y="1105" width="36" height="42" />
        <cmp x="874" y="1108" width="24" height="37" />
        <cmp x="900" y="1121" width="24" height="28" />
      </word>
      <word id="d04-062-02-04" tag="MDX" text="cannot">
        <cmp x="977" y="1123" width="98" height="25" />
        <cmp x="1089" y="1128" width="27" height="20" />
        <cmp x="1126" y="1124" width="22" height="20" />
        <cmp x="1156" y="1097" width="20" height="45" />
      </word>
      <word id="d04-062-02-05" tag="BE" text="be">
        <cmp x="1220" y="1106" width="67" height="44" />
      </word>
      <word id="d04-062-02-06" tag="VBN" text="solved">
        <cmp x="1327" y="1132" width="25" height="21" />
        <cmp x="1330" y="1124" width="14" height="9" />
        <cmp x="1356" y="1129" width="20" height="24" />
        <cmp x="1377" y="1105" width="12" height="46" />
        <cmp x="1395" y="1128" width="18" height="19" />
        <cmp x="1419" y="1123" width="18" height="27" />
        <cmp x="1446" y="1100" width="40" height="48" />
      </word>
      <word id="d04-062-02-07" tag="." text=".">
        <cmp x="1497" y="1137" width="4" height="4" />
      </word>
      <word id="d04-062-02-08" sentence-start="yes" tag="*&apos;" text="&quot;">
        <cmp x="1527" y="1096" width="9" height="10" />
        <cmp x="1542" y="1096" width="8" height="14" />
      </word>
      <word id="d04-062-02-09" tag="RB" text="Therefore">
        <cmp x="1563" y="1110" width="70" height="43" />
        <cmp x="1640" y="1126" width="20" height="24" />
        <cmp x="1670" y="1128" width="19" height="24" />
        <cmp x="1691" y="1107" width="46" height="43" />
        <cmp x="1738" y="1125" width="23" height="21" />
        <cmp x="1768" y="1125" width="20" height="25" />
        <cmp x="1792" y="1127" width="22" height="23" />
      </word>
      <word id="d04-062-02-10" tag="MD" text="shall">
        <cmp x="1863" y="1125" width="17" height="10" />
        <cmp x="1870" y="1110" width="77" height="44" />
        <cmp x="1946" y="1110" width="10" height="37" />
        <cmp x="1966" y="1103" width="8" height="42" />
      </word>
      <word id="d04-062-02-11" tag="PP2" text="1ye">
        <cmp x="2026" y="1111" width="16" height="39" />
        <cmp x="2047" y="1131" width="24" height="52" />
        <cmp x="2084" y="1128" width="20" height="26" />
      </word>
      <word id="d04-062-02-12" tag="VB" text="lay">
        <cmp x="2130" y="1115" width="6" height="35" />
        <cmp x="2142" y="1136" width="32" height="13" />
        <cmp x="2176" y="1129" width="24" height="41" />
      </word>
      <upper-contour>
        <point x="372" y="1016" />
        <point x="2181" y="1016" />
      </upper-contour>
      <lower-contour>
        <point x="373" y="1183" />
        <point x="2175" y="1183" />
      </lower-contour>
    </line>
    <line ass="96" asx="0" asy="1269" character-width="999" dss="96" dsx="0" dsy="1370" fd0="13827" fd1="3147" fd2="-95" filter-width="3" id="d04-062-03" lbs="132" lbx="0" lby="1329" segmentation="err" slant="90000" stroke-width="4526" threshold="195" text="up these my words in your heart and in your soul.&amp;quot; The text" ubs="23" ubx="0" uby="1304">
      <word id="d04-062-03-00" tag="RP" text="up">
        <cmp x="375" y="1299" width="31" height="25" />
        <cmp x="422" y="1304" width="7" height="45" />
        <cmp x="423" y="1299" width="22" height="25" />
      </word>
      <word id="d04-062-03-01" tag="DTS" text="these">
        <cmp x="486" y="1281" width="15" height="41" />
        <cmp x="507" y="1289" width="31" height="39" />
        <cmp x="546" y="1300" width="20" height="27" />
        <cmp x="579" y="1300" width="45" height="30" />
      </word>
      <word id="d04-062-03-02" tag="PP$" text="my">
        <cmp x="665" y="1316" width="9" height="12" />
        <cmp x="666" y="1306" width="44" height="22" />
        <cmp x="721" y="1304" width="29" height="52" />
      </word>
      <word id="d04-062-03-03" tag="NNS" text="words">
        <cmp x="795" y="1301" width="60" height="23" />
        <cmp x="857" y="1302" width="27" height="21" />
        <cmp x="885" y="1273" width="25" height="52" />
        <cmp x="927" y="1294" width="22" height="28" />
      </word>
      <word id="d04-062-03-04" tag="IN" text="in">
        <cmp x="998" y="1303" width="10" height="22" />
        <cmp x="1017" y="1299" width="36" height="22" />
      </word>
      <word id="d04-062-03-05" tag="PP$" text="your">
        <cmp x="1079" y="1301" width="28" height="68" />
        <cmp x="1105" y="1301" width="52" height="23" />
        <cmp x="1165" y="1301" width="20" height="21" />
      </word>
      <word id="d04-062-03-06" tag="NN" text="heart">
        <cmp x="1227" y="1293" width="30" height="29" />
        <cmp x="1259" y="1299" width="27" height="27" />
        <cmp x="1295" y="1303" width="36" height="24" />
        <cmp x="1335" y="1279" width="42" height="46" />
      </word>
      <word id="d04-062-03-07" tag="CC" text="and">
        <cmp x="1419" y="1301" width="72" height="26" />
        <cmp x="1496" y="1282" width="24" height="44" />
      </word>
      <word id="d04-062-03-08" tag="IN" text="in">
        <cmp x="1554" y="1306" width="7" height="15" />
        <cmp x="1556" y="1282" width="3" height="6" />
        <cmp x="1574" y="1306" width="27" height="21" />
      </word>
      <word id="d04-062-03-09" tag="PP$" text="your">
        <cmp x="1623" y="1305" width="31" height="57" />
        <cmp x="1654" y="1303" width="61" height="23" />
        <cmp x="1722" y="1302" width="26" height="24" />
      </word>
      <word id="d04-062-03-10" tag="NN" text="soul">
        <cmp x="1773" y="1305" width="19" height="28" />
        <cmp x="1799" y="1305" width="60" height="23" />
      </word>
      <word id="d04-062-03-11" tag="." text=".">
        <cmp x="1871" y="1285" width="6" height="41" />
      </word>
      <word id="d04-062-03-12" tag="**&apos;" text="&quot;">
        <cmp x="1887" y="1314" width="5" height="5" />
        <cmp x="1899" y="1267" width="13" height="18" />
        <cmp x="1922" y="1267" width="6" height="22" />
      </word>
      <word id="d04-062-03-13" sentence-start="yes" tag="ATI" text="The">
        <cmp x="1954" y="1297" width="64" height="35" />
        <cmp x="2029" y="1303" width="19" height="24" />
      </word>
      <word id="d04-062-03-14" tag="NN" text="text">
        <cmp x="2077" y="1283" width="49" height="42" />
        <cmp x="2129" y="1304" width="27" height="19" />
        <cmp x="2153" y="1290" width="21" height="37" />
      </word>
      <upper-contour>
        <point x="373" y="1183" />
        <point x="2175" y="1183" />
      </upper-contour>
      <lower-contour>
        <point x="389" y="1369" />
        <point x="1760" y="1369" />
      </lower-contour>
    </line>
    <line ass="17" asx="0" asy="1447" character-width="999" dss="17" dsx="0" dsy="1543" fd0="13885" fd1="2998" fd2="-620" filter-width="3" id="d04-062-04" lbs="110" lbx="0" lby="1506" segmentation="err" slant="90000" stroke-width="4624" threshold="193" text="adds and in your soul, searching your soul." ubs="-168" ubx="0" uby="1478">
      <word id="d04-062-04-00" tag="VBZ" text="adds">
        <cmp x="391" y="1488" width="32" height="27" />
        <cmp x="434" y="1456" width="30" height="54" />
        <cmp x="475" y="1458" width="28" height="47" />
        <cmp x="514" y="1473" width="24" height="34" />
      </word>
      <word id="d04-062-04-01" tag="CC" text="and">
        <cmp x="591" y="1479" width="74" height="25" />
        <cmp x="675" y="1455" width="31" height="44" />
      </word>
      <word id="d04-062-04-02" tag="IN" text="in">
        <cmp x="731" y="1468" width="5" height="7" />
        <cmp x="732" y="1483" width="5" height="21" />
        <cmp x="743" y="1483" width="41" height="19" />
      </word>
      <word id="d04-062-04-03" tag="PP$" text="your">
        <cmp x="815" y="1483" width="39" height="61" />
        <cmp x="860" y="1482" width="62" height="25" />
        <cmp x="930" y="1481" width="18" height="21" />
      </word>
      <word id="d04-062-04-04" tag="NN" text="soul">
        <cmp x="988" y="1478" width="20" height="26" />
        <cmp x="1023" y="1480" width="25" height="21" />
        <cmp x="1048" y="1479" width="28" height="22" />
      </word>
      <word id="d04-062-04-05" tag="," text=",">
        <cmp x="1100" y="1463" width="9" height="39" />
        <cmp x="1103" y="1504" width="16" height="17" />
      </word>
      <word id="d04-062-04-06" tag="VBG" text="searching">
        <cmp x="1142" y="1474" width="27" height="30" />
        <cmp x="1173" y="1476" width="18" height="30" />
        <cmp x="1194" y="1480" width="26" height="26" />
        <cmp x="1228" y="1477" width="31" height="25" />
        <cmp x="1262" y="1460" width="76" height="43" />
        <cmp x="1333" y="1459" width="3" height="5" />
        <cmp x="1339" y="1480" width="44" height="24" />
        <cmp x="1393" y="1479" width="29" height="63" />
      </word>
      <word id="d04-062-04-07" tag="PP$" text="your">
        <cmp x="1468" y="1482" width="31" height="55" />
        <cmp x="1502" y="1481" width="53" height="24" />
        <cmp x="1561" y="1477" width="24" height="22" />
      </word>
      <word id="d04-062-04-08" tag="NN" text="soul">
        <cmp x="1606" y="1476" width="26" height="32" />
        <cmp x="1636" y="1479" width="68" height="26" />
        <cmp x="1714" y="1498" width="3" height="3" />
        <cmp x="1714" y="1448" width="21" height="61" />
      </word>
      <word id="d04-062-04-09" tag="." text=".">
        <cmp x="1754" y="1498" width="6" height="7" />
      </word>
      <upper-contour>
        <point x="389" y="1369" />
        <point x="1760" y="1369" />
      </upper-contour>
    </line>
  </handwritten-part>
</form>

