<?xml version="1.0" encoding="ISO-8859-1"?>

<!DOCTYPE form SYSTEM 'http://www.iam.unibe.ch/~fki/iamdb/form-metadata.dtd'>

<form created="2002-01-16" height="3542" id="d04-058" last-modified="2002-07-17" skew="0" status="final" version="3.0_beta" width="2479" writer-id="190">
  <machine-printed-part>
    <machine-print-line text="And you serve Mammon and God. And you cannot serve two masters, and you" />
    <machine-print-line text="worship self-interest, isolating yourself, under such conditions the goods are your gods." />
    <machine-print-line text="&amp;quot;And then the Lord&apos;s wrath be kindled against you, and he shut up the heavens, that" />
    <machine-print-line text="there is no rain, and that the land yield not her fruit and lest 1ye perish quickly from" />
    <machine-print-line text="off the good land which the Lord 1giveth you.&amp;quot;" />
  </machine-printed-part>
  <handwritten-part>
    <line ass="-107" asx="0" asy="723" character-width="999" dss="-107" dsx="0" dsy="820" fd0="13470" fd1="2800" fd2="-248" filter-width="3" id="d04-058-00" lbs="-88" lbx="0" lby="780" segmentation="ok" slant="96000" stroke-width="4742" threshold="188" text="And you serve Mammon and God. And you cannot serve" ubs="-145" ubx="0" uby="758">
      <word id="d04-058-00-00" sentence-start="yes" tag="CC" text="And">
        <cmp x="420" y="765" width="18" height="15" />
        <cmp x="421" y="727" width="69" height="59" />
        <cmp x="506" y="735" width="28" height="48" />
      </word>
      <word id="d04-058-00-01" tag="PP2" text="you">
        <cmp x="587" y="754" width="28" height="67" />
        <cmp x="623" y="757" width="55" height="25" />
      </word>
      <word id="d04-058-00-02" tag="VB" text="serve">
        <cmp x="737" y="754" width="21" height="27" />
        <cmp x="762" y="756" width="23" height="27" />
        <cmp x="789" y="757" width="19" height="27" />
        <cmp x="811" y="762" width="23" height="20" />
        <cmp x="840" y="756" width="22" height="32" />
      </word>
      <word id="d04-058-00-03" tag="NP" text="Mammon">
        <cmp x="948" y="738" width="47" height="48" />
        <cmp x="1003" y="756" width="24" height="23" />
        <cmp x="1034" y="757" width="35" height="20" />
        <cmp x="1077" y="757" width="41" height="23" />
        <cmp x="1125" y="759" width="55" height="22" />
      </word>
      <word id="d04-058-00-04" tag="CC" text="and">
        <cmp x="1221" y="762" width="71" height="22" />
        <cmp x="1305" y="734" width="31" height="53" />
      </word>
      <word id="d04-058-00-05" tag="NP" text="God">
        <cmp x="1408" y="734" width="63" height="48" />
        <cmp x="1432" y="735" width="5" height="5" />
        <cmp x="1477" y="727" width="29" height="56" />
      </word>
      <word id="d04-058-00-06" tag="." text=".">
        <cmp x="1523" y="775" width="5" height="6" />
      </word>
      <word id="d04-058-00-07" sentence-start="yes" tag="CC" text="And">
        <cmp x="1568" y="736" width="28" height="44" />
        <cmp x="1602" y="761" width="31" height="23" />
        <cmp x="1636" y="734" width="24" height="50" />
      </word>
      <word id="d04-058-00-08" tag="PP2" text="you">
        <cmp x="1697" y="763" width="53" height="63" />
        <cmp x="1751" y="766" width="31" height="22" />
      </word>
      <word id="d04-058-00-09" tag="MDX" text="cannot">
        <cmp x="1820" y="761" width="13" height="25" />
        <cmp x="1842" y="765" width="33" height="23" />
        <cmp x="1881" y="765" width="29" height="22" />
        <cmp x="1918" y="770" width="29" height="18" />
        <cmp x="1955" y="768" width="20" height="19" />
        <cmp x="1985" y="736" width="16" height="48" />
      </word>
      <word id="d04-058-00-10" tag="VB" text="serve">
        <cmp x="2045" y="761" width="12" height="9" />
        <cmp x="2048" y="770" width="19" height="20" />
        <cmp x="2073" y="761" width="22" height="24" />
        <cmp x="2099" y="760" width="18" height="23" />
        <cmp x="2126" y="760" width="44" height="26" />
      </word>
      <lower-contour>
        <point x="418" y="826" />
        <point x="2013" y="826" />
      </lower-contour>
    </line>
    <line ass="-164" asx="0" asy="895" character-width="999" dss="-164" dsx="0" dsy="999" fd0="13991" fd1="3346" fd2="-441" filter-width="3" id="d04-058-01" lbs="-135" lbx="0" lby="959" segmentation="err" slant="96000" stroke-width="4449" threshold="190" text="two masters, and you worship self-interest, isolating" ubs="-221" ubx="0" uby="935">
      <word id="d04-058-01-00" tag="CD" text="two">
        <cmp x="398" y="898" width="18" height="59" />
        <cmp x="421" y="934" width="39" height="26" />
        <cmp x="464" y="934" width="26" height="27" />
      </word>
      <word id="d04-058-01-01" tag="NNS" text="masters">
        <cmp x="593" y="941" width="28" height="25" />
        <cmp x="628" y="940" width="27" height="24" />
        <cmp x="659" y="936" width="22" height="28" />
        <cmp x="683" y="914" width="29" height="51" />
        <cmp x="714" y="935" width="23" height="27" />
        <cmp x="746" y="936" width="17" height="21" />
        <cmp x="771" y="933" width="22" height="27" />
      </word>
      <word id="d04-058-01-02" tag="," text=",">
        <cmp x="793" y="965" width="6" height="12" />
      </word>
      <word id="d04-058-01-03" tag="CC" text="and">
        <cmp x="836" y="934" width="70" height="25" />
        <cmp x="917" y="911" width="34" height="46" />
      </word>
      <word id="d04-058-01-04" tag="PP2" text="you">
        <cmp x="990" y="935" width="30" height="52" />
        <cmp x="1022" y="939" width="54" height="23" />
      </word>
      <word id="d04-058-01-05" tag="VB" text="worship">
        <cmp x="1127" y="941" width="57" height="24" />
        <cmp x="1190" y="938" width="28" height="25" />
        <cmp x="1227" y="931" width="40" height="35" />
        <cmp x="1282" y="943" width="4" height="18" />
        <cmp x="1284" y="928" width="3" height="5" />
        <cmp x="1302" y="948" width="6" height="30" />
        <cmp x="1303" y="934" width="25" height="26" />
      </word>
      <word id="d04-058-01-06" tag="NN" text="self-interest">
        <cmp x="1383" y="939" width="19" height="23" />
        <cmp x="1406" y="938" width="24" height="25" />
        <cmp x="1433" y="920" width="8" height="42" />
        <cmp x="1459" y="922" width="18" height="40" />
        <cmp x="1464" y="942" width="11" height="4" />
        <cmp x="1493" y="944" width="13" height="4" />
        <cmp x="1535" y="944" width="4" height="15" />
        <cmp x="1537" y="926" width="4" height="5" />
        <cmp x="1554" y="944" width="32" height="21" />
        <cmp x="1592" y="923" width="16" height="37" />
        <cmp x="1616" y="939" width="19" height="27" />
        <cmp x="1643" y="940" width="15" height="23" />
        <cmp x="1663" y="942" width="21" height="24" />
        <cmp x="1687" y="940" width="19" height="26" />
        <cmp x="1718" y="917" width="13" height="46" />
        <cmp x="1729" y="968" width="8" height="12" />
      </word>
      <word id="d04-058-01-07" tag="," text=",">
        <cmp x="1775" y="942" width="5" height="18" />
      </word>
      <word id="d04-058-01-08" tag="VBG" text="isolating">
        <cmp x="1790" y="943" width="24" height="23" />
        <cmp x="1820" y="944" width="18" height="23" />
        <cmp x="1838" y="932" width="10" height="36" />
        <cmp x="1862" y="950" width="28" height="16" />
        <cmp x="1895" y="922" width="21" height="42" />
        <cmp x="1917" y="933" width="3" height="3" />
        <cmp x="1917" y="946" width="6" height="19" />
        <cmp x="1936" y="944" width="27" height="18" />
        <cmp x="1976" y="945" width="36" height="60" />
      </word>
      <upper-contour>
        <point x="418" y="826" />
        <point x="2013" y="826" />
      </upper-contour>
      <lower-contour>
        <point x="396" y="1005" />
        <point x="2013" y="1005" />
      </lower-contour>
    </line>
    <line ass="-132" asx="0" asy="1089" character-width="999" dss="-132" dsx="0" dsy="1188" fd0="13955" fd1="2954" fd2="-723" filter-width="3" id="d04-058-02" lbs="-72" lbx="0" lby="1139" segmentation="err" slant="101000" stroke-width="4483" threshold="191" text="yourself, under such conditions the goods are your gods." ubs="-251" ubx="0" uby="1114">
      <word id="d04-058-02-00" tag="PPL" text="yourself">
        <cmp x="391" y="1118" width="30" height="54" />
        <cmp x="427" y="1120" width="20" height="18" />
        <cmp x="457" y="1116" width="26" height="19" />
        <cmp x="497" y="1113" width="19" height="22" />
        <cmp x="537" y="1112" width="18" height="27" />
        <cmp x="560" y="1113" width="26" height="24" />
        <cmp x="589" y="1101" width="9" height="37" />
      </word>
      <word id="d04-058-02-01" tag="," text=",">
        <cmp x="617" y="1098" width="21" height="41" />
        <cmp x="641" y="1138" width="6" height="17" />
      </word>
      <word id="d04-058-02-02" tag="IN" text="under">
        <cmp x="679" y="1117" width="70" height="23" />
        <cmp x="756" y="1100" width="23" height="41" />
        <cmp x="786" y="1117" width="21" height="26" />
        <cmp x="809" y="1118" width="21" height="26" />
      </word>
      <word id="d04-058-02-03" tag="ABL" text="such">
        <cmp x="883" y="1116" width="23" height="27" />
        <cmp x="911" y="1122" width="23" height="21" />
        <cmp x="940" y="1122" width="18" height="21" />
        <cmp x="965" y="1108" width="35" height="40" />
      </word>
      <word id="d04-058-02-04" tag="NNS" text="conditions">
        <cmp x="1047" y="1120" width="14" height="24" />
        <cmp x="1069" y="1099" width="97" height="50" />
        <cmp x="1174" y="1123" width="5" height="16" />
        <cmp x="1176" y="1108" width="3" height="3" />
        <cmp x="1186" y="1096" width="17" height="53" />
        <cmp x="1209" y="1112" width="4" height="5" />
        <cmp x="1210" y="1122" width="6" height="21" />
        <cmp x="1224" y="1121" width="20" height="20" />
        <cmp x="1251" y="1122" width="29" height="23" />
        <cmp x="1293" y="1119" width="20" height="29" />
        <cmp x="1297" y="1119" width="4" height="3" />
      </word>
      <word id="d04-058-02-05" tag="ATI" text="the">
        <cmp x="1348" y="1096" width="19" height="51" />
        <cmp x="1374" y="1098" width="32" height="45" />
        <cmp x="1412" y="1121" width="26" height="23" />
      </word>
      <word id="d04-058-02-06" tag="NNS" text="goods">
        <cmp x="1466" y="1121" width="78" height="70" />
        <cmp x="1554" y="1095" width="30" height="50" />
        <cmp x="1593" y="1118" width="26" height="26" />
      </word>
      <word id="d04-058-02-07" tag="BER" text="are">
        <cmp x="1650" y="1121" width="33" height="23" />
        <cmp x="1684" y="1119" width="21" height="21" />
        <cmp x="1715" y="1117" width="21" height="27" />
      </word>
      <word id="d04-058-02-08" tag="PP$" text="your">
        <cmp x="1769" y="1118" width="76" height="63" />
        <cmp x="1847" y="1121" width="19" height="26" />
      </word>
      <word id="d04-058-02-09" tag="NNS" text="gods">
        <cmp x="1902" y="1123" width="50" height="70" />
        <cmp x="1956" y="1095" width="28" height="50" />
        <cmp x="1994" y="1109" width="27" height="34" />
      </word>
      <word id="d04-058-02-10" tag="." text=".">
        <cmp x="2039" y="1133" width="6" height="6" />
      </word>
      <upper-contour>
        <point x="396" y="1005" />
        <point x="2013" y="1005" />
      </upper-contour>
      <lower-contour>
        <point x="410" y="1193" />
        <point x="2045" y="1193" />
      </lower-contour>
    </line>
    <line ass="-201" asx="0" asy="1261" character-width="999" dss="-201" dsx="0" dsy="1358" fd0="13087" fd1="2749" fd2="-388" filter-width="3" id="d04-058-03" lbs="-169" lbx="0" lby="1317" segmentation="err" slant="90000" stroke-width="4550" threshold="192" text="&amp;quot;And then the Lord&apos;s wrath be kindled against you, and he" ubs="-265" ubx="0" uby="1290">
      <word id="d04-058-03-00" sentence-start="yes" tag="*&apos;" text="&quot;">
        <cmp x="412" y="1264" width="21" height="50" />
      </word>
      <word id="d04-058-03-01" tag="CC" text="And">
        <cmp x="440" y="1293" width="23" height="24" />
        <cmp x="487" y="1276" width="33" height="41" />
      </word>
      <word id="d04-058-03-02" tag="RN" text="then">
        <cmp x="579" y="1273" width="18" height="47" />
        <cmp x="604" y="1279" width="25" height="40" />
        <cmp x="637" y="1294" width="21" height="25" />
        <cmp x="667" y="1298" width="28" height="22" />
      </word>
      <word id="d04-058-03-03" tag="ATI" text="the">
        <cmp x="737" y="1278" width="20" height="43" />
        <cmp x="766" y="1273" width="31" height="47" />
        <cmp x="810" y="1294" width="21" height="27" />
      </word>
      <word id="d04-058-03-04" tag="NPT$" text="Lord&apos;s">
        <cmp x="880" y="1275" width="36" height="51" />
        <cmp x="921" y="1299" width="25" height="24" />
        <cmp x="960" y="1296" width="18" height="29" />
        <cmp x="992" y="1270" width="24" height="51" />
        <cmp x="1027" y="1265" width="8" height="13" />
        <cmp x="1041" y="1289" width="17" height="32" />
      </word>
      <word id="d04-058-03-05" tag="NN" text="wrath">
        <cmp x="1096" y="1279" width="110" height="47" />
        <cmp x="1173" y="1304" width="3" height="3" />
        <cmp x="1217" y="1287" width="28" height="33" />
      </word>
      <word id="d04-058-03-06" tag="BE" text="be">
        <cmp x="1286" y="1284" width="48" height="39" />
      </word>
      <word id="d04-058-03-07" tag="VBN" text="kindled">
        <cmp x="1375" y="1285" width="32" height="39" />
        <cmp x="1420" y="1289" width="5" height="5" />
        <cmp x="1420" y="1304" width="6" height="19" />
        <cmp x="1436" y="1306" width="28" height="20" />
        <cmp x="1473" y="1277" width="28" height="47" />
        <cmp x="1509" y="1278" width="7" height="44" />
        <cmp x="1520" y="1294" width="19" height="30" />
        <cmp x="1553" y="1279" width="21" height="46" />
      </word>
      <word id="d04-058-03-08" tag="IN" text="against">
        <cmp x="1614" y="1299" width="31" height="24" />
        <cmp x="1646" y="1300" width="21" height="19" />
        <cmp x="1648" y="1301" width="80" height="64" />
        <cmp x="1734" y="1302" width="32" height="21" />
        <cmp x="1771" y="1295" width="21" height="26" />
        <cmp x="1800" y="1270" width="23" height="52" />
      </word>
      <word id="d04-058-03-09" tag="PP2" text="you">
        <cmp x="1860" y="1296" width="42" height="60" />
        <cmp x="1903" y="1299" width="27" height="24" />
      </word>
      <word id="d04-058-03-10" tag="," text=",">
        <cmp x="1930" y="1334" width="5" height="15" />
      </word>
      <word id="d04-058-03-11" tag="CC" text="and">
        <cmp x="1967" y="1302" width="77" height="26" />
        <cmp x="2050" y="1274" width="29" height="53" />
      </word>
      <word id="d04-058-03-12" tag="PP3A" text="he">
        <cmp x="2107" y="1281" width="25" height="39" />
        <cmp x="2139" y="1297" width="19" height="24" />
      </word>
      <upper-contour>
        <point x="410" y="1193" />
        <point x="2045" y="1193" />
      </upper-contour>
      <lower-contour>
        <point x="410" y="1365" />
        <point x="2159" y="1365" />
      </lower-contour>
    </line>
    <line ass="-112" asx="0" asy="1449" character-width="999" dss="-112" dsx="0" dsy="1521" fd0="13420" fd1="2990" fd2="-67" filter-width="3" id="d04-058-04" lbs="-78" lbx="0" lby="1498" segmentation="err" slant="90000" stroke-width="4521" threshold="191" text="shut up the heavens, that there is no rain, and that the land" ubs="-179" ubx="0" uby="1473">
      <word id="d04-058-04-00" tag="VB" text="shut">
        <cmp x="384" y="1461" width="25" height="37" />
        <cmp x="410" y="1453" width="27" height="43" />
        <cmp x="441" y="1452" width="66" height="48" />
      </word>
      <word id="d04-058-04-01" tag="RP" text="up">
        <cmp x="545" y="1478" width="21" height="21" />
        <cmp x="582" y="1491" width="9" height="32" />
        <cmp x="584" y="1476" width="28" height="24" />
      </word>
      <word id="d04-058-04-02" tag="ATI" text="the">
        <cmp x="662" y="1452" width="21" height="44" />
        <cmp x="687" y="1454" width="24" height="49" />
        <cmp x="721" y="1478" width="23" height="25" />
      </word>
      <word id="d04-058-04-03" tag="NNS" text="heavens">
        <cmp x="784" y="1459" width="26" height="44" />
        <cmp x="831" y="1476" width="21" height="24" />
        <cmp x="853" y="1477" width="56" height="26" />
        <cmp x="915" y="1474" width="18" height="25" />
        <cmp x="941" y="1478" width="27" height="19" />
        <cmp x="970" y="1470" width="19" height="28" />
        <cmp x="979" y="1499" width="7" height="14" />
      </word>
      <word id="d04-058-04-04" tag="," text=",">
        <cmp x="1012" y="1456" width="22" height="39" />
      </word>
      <word id="d04-058-04-05" tag="CS" text="that">
        <cmp x="1045" y="1464" width="32" height="38" />
        <cmp x="1088" y="1480" width="26" height="17" />
        <cmp x="1120" y="1459" width="16" height="43" />
      </word>
      <word id="d04-058-04-06" tag="EX" text="there">
        <cmp x="1179" y="1460" width="19" height="38" />
        <cmp x="1201" y="1461" width="23" height="40" />
        <cmp x="1233" y="1474" width="18" height="25" />
        <cmp x="1258" y="1477" width="20" height="25" />
        <cmp x="1289" y="1475" width="24" height="25" />
      </word>
      <word id="d04-058-04-07" tag="BEZ" text="is">
        <cmp x="1362" y="1483" width="6" height="16" />
        <cmp x="1384" y="1476" width="24" height="31" />
      </word>
      <word id="d04-058-04-08" tag="ATI" text="no">
        <cmp x="1443" y="1478" width="28" height="26" />
        <cmp x="1475" y="1480" width="25" height="22" />
      </word>
      <word id="d04-058-04-09" tag="NN" text="rain">
        <cmp x="1535" y="1479" width="23" height="22" />
        <cmp x="1561" y="1478" width="57" height="23" />
        <cmp x="1625" y="1473" width="41" height="24" />
      </word>
      <word id="d04-058-04-10" tag="," text=",">
        <cmp x="1667" y="1501" width="7" height="14" />
      </word>
      <word id="d04-058-04-11" tag="CC" text="and">
        <cmp x="1702" y="1476" width="70" height="24" />
        <cmp x="1781" y="1458" width="25" height="40" />
      </word>
      <word id="d04-058-04-12" tag="CS" text="that">
        <cmp x="1853" y="1456" width="45" height="49" />
        <cmp x="1908" y="1482" width="31" height="18" />
        <cmp x="1947" y="1463" width="20" height="36" />
      </word>
      <word id="d04-058-04-13" tag="ATI" text="the">
        <cmp x="2001" y="1462" width="19" height="37" />
        <cmp x="2028" y="1469" width="30" height="37" />
        <cmp x="2069" y="1476" width="22" height="32" />
      </word>
      <word id="d04-058-04-14" tag="NN" text="land">
        <cmp x="2119" y="1464" width="7" height="38" />
        <cmp x="2134" y="1483" width="31" height="18" />
        <cmp x="2170" y="1482" width="30" height="20" />
        <cmp x="2202" y="1460" width="28" height="42" />
      </word>
      <upper-contour>
        <point x="410" y="1365" />
        <point x="2159" y="1365" />
      </upper-contour>
      <lower-contour>
        <point x="386" y="1523" />
        <point x="2231" y="1523" />
      </lower-contour>
    </line>
    <line ass="-49" asx="0" asy="1631" character-width="999" dss="-49" dsx="0" dsy="1716" fd0="13563" fd1="3316" fd2="59" filter-width="3" id="d04-058-05" lbs="-72" lbx="0" lby="1679" segmentation="ok" slant="97000" stroke-width="4539" threshold="190" text="yield not her fruit and lest 1ye perish quickly from off the" ubs="-4" ubx="0" uby="1656">
      <word id="d04-058-05-00" tag="VB" text="yield">
        <cmp x="388" y="1655" width="34" height="62" />
        <cmp x="430" y="1662" width="4" height="10" />
        <cmp x="431" y="1673" width="5" height="10" />
        <cmp x="454" y="1653" width="20" height="25" />
        <cmp x="486" y="1643" width="6" height="37" />
        <cmp x="515" y="1637" width="22" height="41" />
      </word>
      <word id="d04-058-05-01" tag="XNOT" text="not">
        <cmp x="594" y="1657" width="27" height="21" />
        <cmp x="630" y="1660" width="23" height="21" />
        <cmp x="658" y="1639" width="19" height="39" />
      </word>
      <word id="d04-058-05-02" tag="PP$" text="her">
        <cmp x="726" y="1649" width="32" height="31" />
        <cmp x="768" y="1658" width="19" height="25" />
        <cmp x="794" y="1660" width="22" height="22" />
      </word>
      <word id="d04-058-05-03" tag="NN" text="fruit">
        <cmp x="859" y="1639" width="26" height="43" />
        <cmp x="896" y="1655" width="78" height="27" />
        <cmp x="967" y="1644" width="5" height="6" />
        <cmp x="986" y="1635" width="16" height="42" />
      </word>
      <word id="d04-058-05-04" tag="CC" text="and">
        <cmp x="1035" y="1653" width="73" height="24" />
        <cmp x="1122" y="1634" width="24" height="48" />
      </word>
      <word id="d04-058-05-05" tag="CS" text="lest">
        <cmp x="1199" y="1638" width="11" height="39" />
        <cmp x="1225" y="1655" width="19" height="23" />
        <cmp x="1251" y="1655" width="23" height="26" />
        <cmp x="1278" y="1637" width="14" height="43" />
      </word>
      <word id="d04-058-05-06" tag="PP2" text="1ye">
        <cmp x="1333" y="1634" width="19" height="37" />
        <cmp x="1360" y="1658" width="23" height="45" />
        <cmp x="1392" y="1659" width="21" height="21" />
      </word>
      <word id="d04-058-05-07" tag="VB" text="perish">
        <cmp x="1465" y="1661" width="33" height="20" />
        <cmp x="1469" y="1672" width="5" height="32" />
        <cmp x="1500" y="1661" width="22" height="23" />
        <cmp x="1533" y="1660" width="36" height="26" />
        <cmp x="1561" y="1647" width="4" height="6" />
        <cmp x="1584" y="1661" width="21" height="27" />
        <cmp x="1606" y="1650" width="29" height="34" />
      </word>
      <word id="d04-058-05-08" tag="RB" text="quickly">
        <cmp x="1689" y="1661" width="25" height="41" />
        <cmp x="1720" y="1658" width="49" height="22" />
        <cmp x="1780" y="1636" width="50" height="42" />
        <cmp x="1836" y="1642" width="8" height="38" />
        <cmp x="1862" y="1661" width="30" height="53" />
      </word>
      <word id="d04-058-05-09" tag="IN" text="from">
        <cmp x="1925" y="1645" width="19" height="39" />
        <cmp x="1947" y="1661" width="79" height="25" />
      </word>
      <word id="d04-058-05-10" tag="IN" text="off">
        <cmp x="2061" y="1666" width="25" height="18" />
        <cmp x="2086" y="1644" width="24" height="35" />
        <cmp x="2093" y="1664" width="10" height="4" />
        <cmp x="2115" y="1643" width="23" height="35" />
      </word>
      <word id="d04-058-05-11" tag="ATI" text="the">
        <cmp x="2162" y="1642" width="19" height="34" />
        <cmp x="2181" y="1645" width="22" height="33" />
        <cmp x="2209" y="1657" width="22" height="24" />
      </word>
      <upper-contour>
        <point x="386" y="1523" />
        <point x="2231" y="1523" />
      </upper-contour>
      <lower-contour>
        <point x="386" y="1717" />
        <point x="1584" y="1717" />
      </lower-contour>
    </line>
    <line ass="-135" asx="0" asy="1785" character-width="999" dss="-135" dsx="0" dsy="1908" fd0="13925" fd1="2952" fd2="-142" filter-width="3" id="d04-058-06" lbs="-3" lbx="0" lby="1856" segmentation="err" slant="94000" stroke-width="4525" threshold="190" text="good land which the Lord 1giveth you.&amp;quot;" ubs="-398" ubx="0" uby="1826">
      <word id="d04-058-06-00" tag="JJ" text="good">
        <cmp x="375" y="1840" width="49" height="70" />
        <cmp x="427" y="1841" width="25" height="21" />
        <cmp x="466" y="1818" width="26" height="43" />
      </word>
      <word id="d04-058-06-01" tag="NN" text="land">
        <cmp x="523" y="1817" width="11" height="41" />
        <cmp x="537" y="1837" width="29" height="15" />
        <cmp x="572" y="1835" width="31" height="21" />
        <cmp x="612" y="1813" width="33" height="41" />
      </word>
      <word id="d04-058-06-02" tag="WDT" text="which">
        <cmp x="682" y="1814" width="43" height="46" />
        <cmp x="729" y="1827" width="53" height="36" />
        <cmp x="775" y="1825" width="3" height="4" />
        <cmp x="793" y="1835" width="18" height="22" />
        <cmp x="815" y="1821" width="24" height="39" />
      </word>
      <word id="d04-058-06-03" tag="ATI" text="the">
        <cmp x="885" y="1814" width="49" height="47" />
        <cmp x="946" y="1834" width="19" height="25" />
      </word>
      <word id="d04-058-06-04" tag="NPT" text="Lord">
        <cmp x="1019" y="1824" width="26" height="34" />
        <cmp x="1050" y="1835" width="29" height="30" />
        <cmp x="1082" y="1833" width="24" height="30" />
        <cmp x="1113" y="1811" width="33" height="46" />
      </word>
      <word id="d04-058-06-05" tag="VBZ" text="1giveth">
        <cmp x="1204" y="1817" width="18" height="36" />
        <cmp x="1228" y="1834" width="49" height="61" />
        <cmp x="1269" y="1818" width="3" height="4" />
        <cmp x="1287" y="1839" width="19" height="18" />
        <cmp x="1315" y="1834" width="18" height="25" />
        <cmp x="1342" y="1808" width="15" height="55" />
        <cmp x="1362" y="1817" width="32" height="40" />
      </word>
      <word id="d04-058-06-06" tag="PP2" text="you">
        <cmp x="1429" y="1838" width="25" height="66" />
        <cmp x="1451" y="1838" width="22" height="23" />
        <cmp x="1475" y="1837" width="28" height="21" />
      </word>
      <word id="d04-058-06-07" tag="." text=".">
        <cmp x="1521" y="1851" width="6" height="6" />
      </word>
      <word id="d04-058-06-08" tag="**&apos;" text="&quot;">
        <cmp x="1534" y="1796" width="24" height="20" />
        <cmp x="1555" y="1790" width="14" height="23" />
        <cmp x="1577" y="1859" width="7" height="6" />
      </word>
      <upper-contour>
        <point x="386" y="1717" />
        <point x="1584" y="1717" />
      </upper-contour>
    </line>
  </handwritten-part>
</form>

