<?xml version="1.0" encoding="ISO-8859-1"?>

<!DOCTYPE form SYSTEM 'http://www.iam.unibe.ch/~fki/iamdb/form-metadata.dtd'>

<form created="2002-01-16" height="3542" id="d05-013" last-modified="2002-07-17" skew="63" status="final" version="3.0_beta" width="2479" writer-id="200">
  <machine-printed-part>
    <machine-print-line text="They objected to the word Absolution. So the phrase &apos;or the remission of sins&apos; was" />
    <machine-print-line text="added. But Absolution remained. They objected to the word Confirmation. So the" />
    <machine-print-line text="phrase &apos;or the laying on of hands upon children baptized and able to render an account" />
    <machine-print-line text="of their faith according to the Catechism following&apos; were added. But Confirmation" />
    <machine-print-line text="remained. Other changes in the Book were equally minor except for the new section" />
    <machine-print-line text="on the Sacraments added to the Catechism." />
  </machine-printed-part>
  <handwritten-part>
    <line ass="-97" asx="0" asy="902" character-width="999" dss="-97" dsx="0" dsy="1014" fd0="12789" fd1="3609" fd2="648" filter-width="3" id="d05-013-00" lbs="-69" lbx="0" lby="980" segmentation="err" slant="90000" stroke-width="4574" threshold="172" text="They objected to the word Absolution. So the phrase &apos;or" ubs="-152" ubx="0" uby="960">
      <word id="d05-013-00-00" sentence-start="yes" tag="PP3AS" text="They">
        <cmp x="401" y="921" width="87" height="88" />
      </word>
      <word id="d05-013-00-01" tag="VBD" text="objected">
        <cmp x="584" y="960" width="14" height="22" />
        <cmp x="599" y="921" width="14" height="63" />
        <cmp x="615" y="944" width="5" height="10" />
        <cmp x="617" y="968" width="5" height="48" />
        <cmp x="627" y="961" width="15" height="19" />
        <cmp x="649" y="905" width="57" height="77" />
        <cmp x="711" y="922" width="19" height="59" />
      </word>
      <word id="d05-013-00-02" tag="IN" text="to">
        <cmp x="820" y="917" width="29" height="66" />
      </word>
      <word id="d05-013-00-03" tag="ATI" text="the">
        <cmp x="917" y="907" width="58" height="78" />
      </word>
      <word id="d05-013-00-04" tag="NN" text="word">
        <cmp x="1057" y="962" width="42" height="21" />
        <cmp x="1099" y="961" width="16" height="19" />
        <cmp x="1119" y="965" width="13" height="15" />
        <cmp x="1138" y="972" width="5" height="3" />
        <cmp x="1145" y="910" width="17" height="71" />
      </word>
      <word id="d05-013-00-05" tag="NC" text="Absolution">
        <cmp x="1252" y="913" width="24" height="75" />
        <cmp x="1279" y="917" width="18" height="69" />
        <cmp x="1305" y="962" width="12" height="20" />
        <cmp x="1324" y="963" width="14" height="18" />
        <cmp x="1348" y="905" width="72" height="80" />
        <cmp x="1403" y="928" width="4" height="17" />
        <cmp x="1417" y="937" width="6" height="9" />
        <cmp x="1430" y="963" width="58" height="19" />
      </word>
      <word id="d05-013-00-06" tag="." text=".">
        <cmp x="1511" y="979" width="5" height="4" />
      </word>
      <word id="d05-013-00-07" sentence-start="yes" tag="RB" text="So">
        <cmp x="1591" y="919" width="33" height="63" />
        <cmp x="1617" y="963" width="17" height="16" />
      </word>
      <word id="d05-013-00-08" tag="ATI" text="the">
        <cmp x="1713" y="920" width="39" height="60" />
        <cmp x="1760" y="966" width="15" height="18" />
      </word>
      <word id="d05-013-00-09" tag="NN" text="phrase">
        <cmp x="1821" y="962" width="19" height="44" />
        <cmp x="1848" y="916" width="26" height="73" />
        <cmp x="1881" y="968" width="26" height="18" />
        <cmp x="1909" y="962" width="22" height="23" />
        <cmp x="1937" y="959" width="59" height="28" />
      </word>
      <word id="d05-013-00-10" tag="*&apos;" text="&apos;">
        <cmp x="2036" y="928" width="3" height="4" />
      </word>
      <word id="d05-013-00-11" tag="CC" text="or">
        <cmp x="2065" y="932" width="5" height="18" />
        <cmp x="2086" y="955" width="54" height="23" />
      </word>
      <lower-contour>
        <point x="402" y="1017" />
        <point x="2083" y="1017" />
      </lower-contour>
    </line>
    <line ass="-426" asx="0" asy="1017" character-width="999" dss="-426" dsx="0" dsy="1199" fd0="13375" fd1="3500" fd2="383" filter-width="3" id="d05-013-01" lbs="-424" lbx="0" lby="1152" segmentation="err" slant="92000" stroke-width="4747" threshold="172" text="the remission of sins&apos; was added. But Absolution remained." ubs="-430" ubx="0" uby="1132">
      <word id="d05-013-01-00" tag="ATI" text="the">
        <cmp x="404" y="1093" width="52" height="64" />
      </word>
      <word id="d05-013-01-01" tag="NN" text="remission">
        <cmp x="535" y="1133" width="99" height="29" />
        <cmp x="633" y="1127" width="6" height="9" />
        <cmp x="641" y="1145" width="13" height="19" />
        <cmp x="654" y="1141" width="13" height="23" />
        <cmp x="670" y="1138" width="9" height="21" />
        <cmp x="676" y="1124" width="6" height="12" />
        <cmp x="685" y="1139" width="47" height="26" />
      </word>
      <word id="d05-013-01-02" tag="INO" text="of">
        <cmp x="780" y="1132" width="4" height="3" />
        <cmp x="808" y="1140" width="19" height="26" />
        <cmp x="837" y="1025" width="23" height="181" />
      </word>
      <word id="d05-013-01-03" tag="NNS" text="sins">
        <cmp x="942" y="1142" width="23" height="24" />
        <cmp x="971" y="1152" width="18" height="13" />
        <cmp x="997" y="1145" width="14" height="21" />
      </word>
      <word id="d05-013-01-04" tag="**&apos;" text="&apos;">
        <cmp x="1034" y="1098" width="5" height="15" />
      </word>
      <word id="d05-013-01-05" tag="BEDZ" text="was">
        <cmp x="1087" y="1146" width="40" height="23" />
        <cmp x="1133" y="1143" width="38" height="22" />
      </word>
      <word id="d05-013-01-06" tag="VBN" text="added">
        <cmp x="1243" y="1144" width="19" height="21" />
        <cmp x="1270" y="1104" width="18" height="59" />
        <cmp x="1291" y="1105" width="19" height="55" />
        <cmp x="1309" y="1146" width="17" height="17" />
        <cmp x="1331" y="1110" width="19" height="53" />
      </word>
      <word id="d05-013-01-07" tag="." text=".">
        <cmp x="1361" y="1156" width="4" height="5" />
      </word>
      <word id="d05-013-01-08" sentence-start="yes" tag="CC" text="But">
        <cmp x="1398" y="1084" width="95" height="83" />
        <cmp x="1401" y="1118" width="3" height="4" />
        <cmp x="1414" y="1122" width="7" height="33" />
      </word>
      <word id="d05-013-01-09" tag="NC" text="Absolution">
        <cmp x="1565" y="1072" width="42" height="102" />
        <cmp x="1614" y="1140" width="14" height="25" />
        <cmp x="1633" y="1091" width="89" height="76" />
        <cmp x="1718" y="1119" width="6" height="17" />
        <cmp x="1728" y="1145" width="50" height="25" />
      </word>
      <word id="d05-013-01-10" tag="VBD" text="remained">
        <cmp x="1835" y="1142" width="86" height="25" />
        <cmp x="1913" y="1069" width="3" height="6" />
        <cmp x="1928" y="1143" width="42" height="28" />
        <cmp x="1960" y="1137" width="8" height="11" />
        <cmp x="1972" y="1149" width="26" height="22" />
        <cmp x="2010" y="1147" width="18" height="19" />
        <cmp x="2035" y="1114" width="19" height="53" />
      </word>
      <word id="d05-013-01-11" tag="." text=".">
        <cmp x="2074" y="1159" width="9" height="4" />
      </word>
      <upper-contour>
        <point x="402" y="1017" />
        <point x="2083" y="1017" />
      </upper-contour>
      <lower-contour>
        <point x="402" y="1206" />
        <point x="1412" y="1175" />
        <point x="2083" y="1175" />
      </lower-contour>
    </line>
    <line ass="-224" asx="0" asy="1196" character-width="999" dss="-224" dsx="0" dsy="1382" fd0="12718" fd1="3477" fd2="-106" filter-width="3" id="d05-013-02" lbs="-245" lbx="0" lby="1334" segmentation="ok" slant="90000" stroke-width="4794" threshold="172" text="They objected to the word Confirmation. So the phrase" ubs="-184" ubx="0" uby="1310">
      <word id="d05-013-02-00" sentence-start="yes" tag="PP3AS" text="They">
        <cmp x="397" y="1265" width="105" height="109" />
      </word>
      <word id="d05-013-02-01" tag="VBD" text="objected">
        <cmp x="594" y="1272" width="30" height="70" />
        <cmp x="631" y="1286" width="9" height="22" />
        <cmp x="631" y="1320" width="8" height="61" />
        <cmp x="651" y="1254" width="102" height="91" />
      </word>
      <word id="d05-013-02-02" tag="IN" text="to">
        <cmp x="852" y="1276" width="37" height="66" />
      </word>
      <word id="d05-013-02-03" tag="ATI" text="the">
        <cmp x="970" y="1267" width="58" height="76" />
      </word>
      <word id="d05-013-02-04" tag="NN" text="word">
        <cmp x="1106" y="1313" width="48" height="30" />
        <cmp x="1160" y="1312" width="19" height="27" />
        <cmp x="1184" y="1315" width="9" height="17" />
        <cmp x="1205" y="1287" width="21" height="57" />
      </word>
      <word id="d05-013-02-05" tag="NC" text="Confirmation">
        <cmp x="1310" y="1269" width="52" height="79" />
        <cmp x="1366" y="1321" width="24" height="19" />
        <cmp x="1404" y="1203" width="36" height="185" />
        <cmp x="1420" y="1213" width="12" height="47" />
        <cmp x="1430" y="1262" width="3" height="6" />
        <cmp x="1442" y="1286" width="7" height="9" />
        <cmp x="1446" y="1320" width="64" height="23" />
        <cmp x="1516" y="1320" width="23" height="23" />
        <cmp x="1546" y="1256" width="25" height="85" />
        <cmp x="1572" y="1290" width="9" height="26" />
        <cmp x="1581" y="1314" width="23" height="28" />
        <cmp x="1607" y="1317" width="26" height="26" />
      </word>
      <word id="d05-013-02-06" tag="." text=".">
        <cmp x="1644" y="1337" width="6" height="6" />
      </word>
      <word id="d05-013-02-07" sentence-start="yes" tag="RB" text="So">
        <cmp x="1719" y="1271" width="35" height="72" />
      </word>
      <word id="d05-013-02-08" tag="ATI" text="the">
        <cmp x="1812" y="1267" width="60" height="74" />
      </word>
      <word id="d05-013-02-09" tag="NN" text="phrase">
        <cmp x="1959" y="1310" width="19" height="54" />
        <cmp x="1979" y="1263" width="76" height="79" />
        <cmp x="2058" y="1311" width="44" height="31" />
      </word>
      <upper-contour>
        <point x="402" y="1206" />
        <point x="1412" y="1175" />
        <point x="2083" y="1175" />
      </upper-contour>
      <lower-contour>
        <point x="395" y="1389" />
        <point x="2076" y="1389" />
      </lower-contour>
    </line>
    <line ass="-374" asx="0" asy="1411" character-width="999" dss="-374" dsx="0" dsy="1590" fd0="12471" fd1="3506" fd2="401" filter-width="3" id="d05-013-03" lbs="-310" lbx="0" lby="1519" segmentation="ok" slant="90000" stroke-width="4880" threshold="172" text="&apos;or the laying on of hands upon children baptized and" ubs="-503" ubx="0" uby="1488">
      <word id="d05-013-03-00" tag="*&apos;" text="&apos;">
        <cmp x="389" y="1440" width="3" height="28" />
      </word>
      <word id="d05-013-03-01" tag="CC" text="or">
        <cmp x="399" y="1484" width="23" height="28" />
        <cmp x="423" y="1481" width="17" height="29" />
      </word>
      <word id="d05-013-03-02" tag="ATI" text="the">
        <cmp x="516" y="1416" width="33" height="105" />
        <cmp x="556" y="1496" width="16" height="23" />
      </word>
      <word id="d05-013-03-03" tag="NN" text="laying">
        <cmp x="646" y="1436" width="9" height="88" />
        <cmp x="660" y="1494" width="47" height="64" />
        <cmp x="714" y="1503" width="6" height="20" />
        <cmp x="721" y="1477" width="4" height="6" />
        <cmp x="727" y="1505" width="16" height="13" />
        <cmp x="752" y="1496" width="18" height="99" />
      </word>
      <word id="d05-013-03-04" tag="RP" text="on">
        <cmp x="854" y="1492" width="58" height="31" />
      </word>
      <word id="d05-013-03-05" tag="INO" text="of">
        <cmp x="990" y="1422" width="33" height="127" />
      </word>
      <word id="d05-013-03-06" tag="NNS" text="hands">
        <cmp x="1087" y="1438" width="29" height="92" />
        <cmp x="1128" y="1498" width="55" height="24" />
        <cmp x="1194" y="1452" width="18" height="73" />
        <cmp x="1214" y="1487" width="18" height="31" />
      </word>
      <word id="d05-013-03-07" tag="IN" text="upon">
        <cmp x="1310" y="1497" width="55" height="57" />
        <cmp x="1371" y="1500" width="59" height="26" />
      </word>
      <word id="d05-013-03-08" tag="NNS" text="children">
        <cmp x="1490" y="1429" width="65" height="95" />
        <cmp x="1548" y="1457" width="7" height="13" />
        <cmp x="1557" y="1437" width="8" height="81" />
        <cmp x="1572" y="1450" width="22" height="68" />
        <cmp x="1603" y="1494" width="69" height="28" />
      </word>
      <word id="d05-013-03-09" tag="VBN" text="baptized">
        <cmp x="1757" y="1453" width="23" height="69" />
        <cmp x="1784" y="1497" width="34" height="54" />
        <cmp x="1822" y="1444" width="26" height="86" />
        <cmp x="1849" y="1478" width="4" height="8" />
        <cmp x="1861" y="1508" width="11" height="41" />
        <cmp x="1879" y="1505" width="15" height="25" />
        <cmp x="1896" y="1465" width="19" height="63" />
      </word>
      <word id="d05-013-03-10" tag="CC" text="and">
        <cmp x="1976" y="1504" width="65" height="26" />
        <cmp x="2051" y="1456" width="24" height="73" />
      </word>
      <upper-contour>
        <point x="395" y="1389" />
        <point x="2076" y="1389" />
      </upper-contour>
      <lower-contour>
        <point x="387" y="1586" />
        <point x="760" y="1595" />
        <point x="1307" y="1554" />
        <point x="2007" y="1554" />
      </lower-contour>
    </line>
    <line ass="-324" asx="0" asy="1568" character-width="999" dss="-324" dsx="0" dsy="1742" fd0="12672" fd1="3370" fd2="-514" filter-width="3" id="d05-013-04" lbs="-291" lbx="0" lby="1696" segmentation="err" slant="90000" stroke-width="4939" threshold="162" text="able to render an account of their faith according" ubs="-389" ubx="0" uby="1667">
      <word id="d05-013-04-00" tag="JJ" text="able">
        <cmp x="355" y="1588" width="87" height="114" />
        <cmp x="414" y="1670" width="3" height="6" />
      </word>
      <word id="d05-013-04-01" tag="TO" text="to">
        <cmp x="524" y="1598" width="42" height="101" />
      </word>
      <word id="d05-013-04-02" tag="VB" text="render">
        <cmp x="622" y="1673" width="67" height="30" />
        <cmp x="697" y="1635" width="25" height="65" />
        <cmp x="725" y="1675" width="31" height="32" />
      </word>
      <word id="d05-013-04-03" tag="AT" text="an">
        <cmp x="842" y="1673" width="75" height="33" />
      </word>
      <word id="d05-013-04-04" tag="NN" text="account">
        <cmp x="1008" y="1674" width="32" height="30" />
        <cmp x="1045" y="1669" width="54" height="34" />
        <cmp x="1100" y="1608" width="116" height="98" />
      </word>
      <word id="d05-013-04-05" tag="INO" text="of">
        <cmp x="1284" y="1679" width="18" height="26" />
        <cmp x="1301" y="1593" width="21" height="157" />
      </word>
      <word id="d05-013-04-06" tag="PP$" text="their">
        <cmp x="1412" y="1632" width="73" height="74" />
        <cmp x="1474" y="1641" width="6" height="9" />
        <cmp x="1489" y="1684" width="19" height="17" />
      </word>
      <word id="d05-013-04-07" tag="NN" text="faith">
        <cmp x="1597" y="1579" width="31" height="162" />
        <cmp x="1622" y="1678" width="41" height="30" />
        <cmp x="1652" y="1649" width="9" height="16" />
        <cmp x="1668" y="1600" width="43" height="105" />
      </word>
      <word id="d05-013-04-08" tag="IN21" text="according">
        <cmp x="1788" y="1678" width="31" height="32" />
        <cmp x="1826" y="1677" width="38" height="32" />
        <cmp x="1875" y="1633" width="70" height="79" />
        <cmp x="1955" y="1684" width="5" height="26" />
        <cmp x="1962" y="1658" width="4" height="13" />
        <cmp x="1969" y="1686" width="22" height="21" />
        <cmp x="1995" y="1686" width="11" height="27" />
      </word>
      <upper-contour>
        <point x="387" y="1586" />
        <point x="760" y="1595" />
        <point x="1307" y="1554" />
        <point x="2007" y="1554" />
      </upper-contour>
      <lower-contour>
        <point x="360" y="1711" />
        <point x="1305" y="1750" />
        <point x="1428" y="1717" />
        <point x="1602" y="1742" />
        <point x="1990" y="1712" />
        <point x="2007" y="1712" />
      </lower-contour>
    </line>
    <line ass="-488" asx="0" asy="1697" character-width="999" dss="-488" dsx="0" dsy="1967" fd0="12262" fd1="3500" fd2="-123" filter-width="3" id="d05-013-05" lbs="-518" lbx="0" lby="1864" segmentation="err" slant="90000" stroke-width="4847" threshold="172" text="to the Catechism following&apos; were added. But Confirmation" ubs="-427" ubx="0" uby="1840">
      <word id="d05-013-05-00" tag="IN22" text="to">
        <cmp x="362" y="1802" width="31" height="68" />
      </word>
      <word id="d05-013-05-01" tag="ATI" text="the">
        <cmp x="491" y="1788" width="71" height="84" />
      </word>
      <word id="d05-013-05-02" tag="NN" text="Catechism">
        <cmp x="664" y="1794" width="49" height="81" />
        <cmp x="717" y="1780" width="50" height="98" />
        <cmp x="779" y="1849" width="17" height="30" />
        <cmp x="808" y="1790" width="61" height="88" />
        <cmp x="856" y="1821" width="6" height="15" />
        <cmp x="878" y="1853" width="14" height="28" />
        <cmp x="905" y="1855" width="45" height="29" />
      </word>
      <word id="d05-013-05-03" tag="VBG" text="following">
        <cmp x="1026" y="1721" width="45" height="204" />
        <cmp x="1072" y="1741" width="19" height="144" />
        <cmp x="1098" y="1856" width="59" height="24" />
        <cmp x="1158" y="1827" width="7" height="8" />
        <cmp x="1160" y="1859" width="8" height="16" />
        <cmp x="1174" y="1858" width="11" height="10" />
        <cmp x="1190" y="1851" width="32" height="127" />
      </word>
      <word id="d05-013-05-04" tag="**&apos;" text="&apos;">
        <cmp x="1235" y="1781" width="8" height="27" />
      </word>
      <word id="d05-013-05-05" tag="BED" text="were">
        <cmp x="1322" y="1845" width="119" height="35" />
      </word>
      <word id="d05-013-05-06" tag="VBN" text="added">
        <cmp x="1512" y="1861" width="22" height="20" />
        <cmp x="1541" y="1821" width="22" height="61" />
        <cmp x="1576" y="1820" width="23" height="63" />
        <cmp x="1605" y="1797" width="46" height="87" />
      </word>
      <word id="d05-013-05-07" tag="." text=".">
        <cmp x="1673" y="1871" width="5" height="6" />
      </word>
      <word id="d05-013-05-08" sentence-start="yes" tag="CC" text="But">
        <cmp x="1745" y="1789" width="44" height="93" />
        <cmp x="1750" y="1822" width="10" height="30" />
        <cmp x="1787" y="1852" width="28" height="25" />
        <cmp x="1825" y="1787" width="16" height="92" />
      </word>
      <word id="d05-013-05-09" tag="NC" text="Confirmation">
        <cmp x="1917" y="1801" width="39" height="82" />
        <cmp x="1948" y="1850" width="47" height="30" />
        <cmp x="1990" y="1715" width="45" height="170" />
        <cmp x="2033" y="1858" width="64" height="29" />
        <cmp x="2108" y="1787" width="61" height="100" />
        <cmp x="2170" y="1822" width="5" height="17" />
        <cmp x="2175" y="1861" width="15" height="26" />
        <cmp x="2195" y="1857" width="42" height="31" />
      </word>
      <upper-contour>
        <point x="360" y="1711" />
        <point x="1305" y="1750" />
        <point x="1428" y="1717" />
        <point x="1602" y="1742" />
        <point x="1990" y="1712" />
        <point x="2007" y="1712" />
      </upper-contour>
      <lower-contour>
        <point x="360" y="1938" />
        <point x="1193" y="1978" />
        <point x="1338" y="1884" />
        <point x="2028" y="1884" />
      </lower-contour>
    </line>
    <line ass="-246" asx="0" asy="1935" character-width="999" dss="-246" dsx="0" dsy="2106" fd0="12764" fd1="3080" fd2="-549" filter-width="3" id="d05-013-06" lbs="-175" lbx="0" lby="2052" segmentation="err" slant="90000" stroke-width="4918" threshold="172" text="remained. Other changes in the Book were equally" ubs="-388" ubx="0" uby="2024">
      <word id="d05-013-06-00" tag="VBD" text="remained">
        <cmp x="359" y="2014" width="37" height="35" />
        <cmp x="402" y="2016" width="45" height="33" />
        <cmp x="455" y="2019" width="44" height="37" />
        <cmp x="490" y="1988" width="11" height="17" />
        <cmp x="500" y="2031" width="7" height="31" />
        <cmp x="514" y="2032" width="58" height="28" />
        <cmp x="575" y="1990" width="16" height="64" />
      </word>
      <word id="d05-013-06-01" tag="." text=".">
        <cmp x="601" y="2055" width="7" height="4" />
      </word>
      <word id="d05-013-06-02" sentence-start="yes" tag="AP" text="Other">
        <cmp x="702" y="1969" width="47" height="85" />
        <cmp x="757" y="1957" width="80" height="99" />
        <cmp x="855" y="2094" width="14" height="17" />
      </word>
      <word id="d05-013-06-03" tag="NNS" text="changes">
        <cmp x="953" y="1941" width="38" height="120" />
        <cmp x="995" y="2026" width="58" height="31" />
        <cmp x="1059" y="2028" width="64" height="71" />
      </word>
      <word id="d05-013-06-04" tag="IN" text="in">
        <cmp x="1199" y="2012" width="8" height="15" />
        <cmp x="1201" y="2032" width="7" height="24" />
        <cmp x="1217" y="2041" width="22" height="18" />
      </word>
      <word id="d05-013-06-05" tag="ATI" text="the">
        <cmp x="1335" y="1974" width="59" height="85" />
      </word>
      <word id="d05-013-06-06" tag="NN" text="Book">
        <cmp x="1450" y="1985" width="54" height="75" />
        <cmp x="1515" y="2035" width="15" height="23" />
        <cmp x="1539" y="1980" width="21" height="74" />
      </word>
      <word id="d05-013-06-07" tag="BED" text="were">
        <cmp x="1653" y="2033" width="127" height="32" />
      </word>
      <word id="d05-013-06-08" tag="RB" text="equally">
        <cmp x="1855" y="2034" width="21" height="31" />
        <cmp x="1884" y="2036" width="19" height="67" />
        <cmp x="1906" y="2038" width="29" height="27" />
        <cmp x="1948" y="1972" width="54" height="92" />
        <cmp x="2004" y="2037" width="23" height="73" />
      </word>
      <upper-contour>
        <point x="360" y="1938" />
        <point x="1193" y="1978" />
        <point x="1338" y="1884" />
        <point x="2028" y="1884" />
      </upper-contour>
      <lower-contour>
        <point x="358" y="2110" />
        <point x="2028" y="2110" />
      </lower-contour>
    </line>
    <line ass="-137" asx="0" asy="2109" character-width="999" dss="-137" dsx="0" dsy="2267" fd0="12695" fd1="2879" fd2="-401" filter-width="3" id="d05-013-07" lbs="-89" lbx="0" lby="2236" segmentation="err" slant="90000" stroke-width="5031" threshold="172" text="minor except for the new section on the Sacraments" ubs="-234" ubx="0" uby="2205">
      <word id="d05-013-07-00" tag="JJ" text="minor">
        <cmp x="360" y="2204" width="46" height="34" />
        <cmp x="401" y="2177" width="7" height="16" />
        <cmp x="411" y="2201" width="99" height="38" />
      </word>
      <word id="d05-013-07-01" tag="IN21" text="except">
        <cmp x="605" y="2204" width="61" height="36" />
        <cmp x="672" y="2204" width="66" height="53" />
        <cmp x="736" y="2153" width="20" height="77" />
      </word>
      <word id="d05-013-07-02" tag="IN22" text="for">
        <cmp x="851" y="2113" width="37" height="157" />
        <cmp x="892" y="2205" width="20" height="34" />
      </word>
      <word id="d05-013-07-03" tag="ATI" text="the">
        <cmp x="1025" y="2129" width="74" height="107" />
        <cmp x="1034" y="2181" width="3" height="7" />
      </word>
      <word id="d05-013-07-04" tag="JJ" text="new">
        <cmp x="1182" y="2206" width="84" height="31" />
      </word>
      <word id="d05-013-07-05" tag="NN" text="section">
        <cmp x="1367" y="2202" width="26" height="38" />
        <cmp x="1389" y="2116" width="89" height="125" />
        <cmp x="1485" y="2215" width="9" height="22" />
        <cmp x="1496" y="2218" width="44" height="20" />
      </word>
      <word id="d05-013-07-06" tag="IN" text="on">
        <cmp x="1613" y="2156" width="3" height="3" />
        <cmp x="1616" y="2214" width="59" height="30" />
      </word>
      <word id="d05-013-07-07" tag="ATI" text="the">
        <cmp x="1760" y="2146" width="71" height="94" />
      </word>
      <word id="d05-013-07-08" tag="NNS" text="Sacraments">
        <cmp x="1878" y="2171" width="53" height="69" />
        <cmp x="1938" y="2213" width="21" height="24" />
        <cmp x="1960" y="2213" width="55" height="28" />
        <cmp x="2023" y="2214" width="101" height="26" />
        <cmp x="2136" y="2153" width="16" height="85" />
        <cmp x="2156" y="2217" width="14" height="26" />
      </word>
      <upper-contour>
        <point x="358" y="2110" />
        <point x="2028" y="2110" />
      </upper-contour>
      <lower-contour>
        <point x="358" y="2270" />
        <point x="1106" y="2270" />
      </lower-contour>
    </line>
    <line ass="-1534" asx="0" asy="2286" character-width="999" dss="-1534" dsx="0" dsy="2401" fd0="11832" fd1="2252" fd2="-1015" filter-width="3" id="d05-013-08" lbs="89" lbx="0" lby="2409" segmentation="ok" slant="90000" stroke-width="4725" threshold="172" text="added to the Catechism." ubs="-4782" ubx="0" uby="2297">
      <word id="d05-013-08-00" tag="VBN" text="added">
        <cmp x="349" y="2382" width="21" height="29" />
        <cmp x="376" y="2330" width="18" height="80" />
        <cmp x="402" y="2333" width="17" height="77" />
        <cmp x="427" y="2334" width="45" height="74" />
      </word>
      <word id="d05-013-08-01" tag="IN" text="to">
        <cmp x="576" y="2313" width="31" height="98" />
      </word>
      <word id="d05-013-08-02" tag="ATI" text="the">
        <cmp x="660" y="2317" width="55" height="94" />
      </word>
      <word id="d05-013-08-03" tag="NN" text="Catechism">
        <cmp x="846" y="2323" width="48" height="83" />
        <cmp x="888" y="2317" width="51" height="90" />
        <cmp x="954" y="2313" width="45" height="94" />
        <cmp x="1003" y="2382" width="5" height="22" />
        <cmp x="1007" y="2356" width="7" height="15" />
        <cmp x="1020" y="2385" width="11" height="24" />
        <cmp x="1038" y="2384" width="37" height="32" />
      </word>
      <word id="d05-013-08-04" tag="." text=".">
        <cmp x="1099" y="2409" width="7" height="6" />
      </word>
      <upper-contour>
        <point x="358" y="2270" />
        <point x="1106" y="2270" />
      </upper-contour>
    </line>
  </handwritten-part>
</form>

