<?xml version="1.0" encoding="ISO-8859-1"?>

<!DOCTYPE form SYSTEM 'http://www.iam.unibe.ch/~fki/iamdb/form-metadata.dtd'>

<form created="2002-01-16" height="3542" id="d05-008" last-modified="2002-07-17" skew="-159" status="final" version="3.0_beta" width="2479" writer-id="199">
  <machine-printed-part>
    <machine-print-line text="The new century opened with James 1 ascending the throne. He was quite prepared" />
    <machine-print-line text="to be tolerant towards Rome though the Gunpowder Plot spoiled that. The Puritans" />
    <machine-print-line text="had high hopes, for James had grown up in Presbyterian Scotland, but those hopes" />
    <machine-print-line text="were dashed. True, a new Prayer Book was issued in 1604 but the Puritans derived" />
    <machine-print-line text="little comfort from it." />
  </machine-printed-part>
  <handwritten-part>
    <line ass="-486" asx="0" asy="732" character-width="999" dss="-486" dsx="0" dsy="859" fd0="13647" fd1="2433" fd2="-754" filter-width="3" id="d05-008-00" lbs="-446" lbx="0" lby="810" segmentation="ok" slant="74000" stroke-width="5705" threshold="168" text="The new century opened with James 1 ascending" ubs="-566" ubx="0" uby="781">
      <word id="d05-008-00-00" sentence-start="yes" tag="ATI" text="The">
        <cmp x="332" y="736" width="62" height="70" />
        <cmp x="378" y="738" width="76" height="73" />
      </word>
      <word id="d05-008-00-01" tag="JJ" text="new">
        <cmp x="486" y="778" width="74" height="38" />
        <cmp x="562" y="787" width="64" height="31" />
      </word>
      <word id="d05-008-00-02" tag="NN" text="century">
        <cmp x="658" y="781" width="135" height="41" />
        <cmp x="796" y="775" width="110" height="50" />
        <cmp x="813" y="769" width="6" height="4" />
        <cmp x="877" y="793" width="62" height="75" />
      </word>
      <word id="d05-008-00-03" tag="VBD" text="opened">
        <cmp x="994" y="790" width="186" height="61" />
        <cmp x="1185" y="772" width="45" height="51" />
      </word>
      <word id="d05-008-00-04" tag="IN" text="with">
        <cmp x="1277" y="795" width="68" height="32" />
        <cmp x="1286" y="789" width="7" height="7" />
        <cmp x="1341" y="776" width="9" height="8" />
        <cmp x="1360" y="776" width="73" height="52" />
      </word>
      <word id="d05-008-00-05" tag="NP" text="James">
        <cmp x="1480" y="761" width="8" height="5" />
        <cmp x="1486" y="760" width="37" height="82" />
        <cmp x="1519" y="797" width="169" height="31" />
        <cmp x="1566" y="799" width="9" height="8" />
      </word>
      <word id="d05-008-00-06" tag="CD1" text="1">
        <cmp x="1733" y="775" width="46" height="56" />
      </word>
      <word id="d05-008-00-07" tag="VBG" text="ascending">
        <cmp x="1845" y="793" width="78" height="35" />
        <cmp x="1926" y="798" width="32" height="27" />
        <cmp x="1954" y="784" width="136" height="42" />
        <cmp x="2090" y="782" width="7" height="10" />
        <cmp x="2093" y="802" width="74" height="74" />
      </word>
      <lower-contour>
        <point x="341" y="868" />
        <point x="1921" y="868" />
      </lower-contour>
    </line>
    <line ass="-21" asx="0" asy="929" character-width="999" dss="-21" dsx="0" dsy="1037" fd0="13631" fd1="2946" fd2="-616" filter-width="4" id="d05-008-01" lbs="-32" lbx="0" lby="1000" segmentation="ok" slant="68000" stroke-width="5795" threshold="168" text="the throne. He was quite prepared to be" ubs="1" ubx="0" uby="965">
      <word id="d05-008-01-00" tag="ATI" text="the">
        <cmp x="343" y="930" width="105" height="65" />
      </word>
      <word id="d05-008-01-01" tag="NN" text="throne">
        <cmp x="490" y="942" width="215" height="61" />
      </word>
      <word id="d05-008-01-02" tag="." text=".">
        <cmp x="724" y="990" width="8" height="8" />
      </word>
      <word id="d05-008-01-03" sentence-start="yes" tag="PP3A" text="He">
        <cmp x="821" y="940" width="39" height="52" />
        <cmp x="853" y="940" width="20" height="57" />
        <cmp x="863" y="961" width="37" height="40" />
      </word>
      <word id="d05-008-01-04" tag="BEDZ" text="was">
        <cmp x="951" y="965" width="135" height="46" />
      </word>
      <word id="d05-008-01-05" tag="RB" text="quite">
        <cmp x="1136" y="967" width="41" height="71" />
        <cmp x="1177" y="970" width="71" height="41" />
        <cmp x="1256" y="953" width="7" height="7" />
        <cmp x="1262" y="948" width="59" height="58" />
      </word>
      <word id="d05-008-01-06" tag="VBN" text="prepared">
        <cmp x="1361" y="959" width="63" height="76" />
        <cmp x="1419" y="966" width="38" height="40" />
        <cmp x="1447" y="963" width="71" height="61" />
        <cmp x="1518" y="943" width="182" height="58" />
      </word>
      <word id="d05-008-01-07" tag="TO" text="to">
        <cmp x="1744" y="934" width="51" height="61" />
      </word>
      <word id="d05-008-01-08" tag="BE" text="be">
        <cmp x="1834" y="938" width="86" height="59" />
      </word>
      <upper-contour>
        <point x="341" y="868" />
        <point x="1921" y="868" />
      </upper-contour>
      <lower-contour>
        <point x="354" y="1039" />
        <point x="1921" y="1039" />
      </lower-contour>
    </line>
    <line ass="-307" asx="0" asy="1096" character-width="999" dss="-307" dsx="0" dsy="1203" fd0="13510" fd1="2083" fd2="-1485" filter-width="4" id="d05-008-02" lbs="-269" lbx="0" lby="1169" segmentation="ok" slant="68000" stroke-width="5825" threshold="167" text="tolerant towards Rome though the Gunpowder Plot" ubs="-385" ubx="0" uby="1132">
      <word id="d05-008-02-00" tag="JJ" text="tolerant">
        <cmp x="356" y="1111" width="228" height="66" />
        <cmp x="378" y="1105" width="5" height="6" />
        <cmp x="597" y="1115" width="34" height="51" />
      </word>
      <word id="d05-008-02-01" tag="IN" text="towards">
        <cmp x="673" y="1106" width="63" height="66" />
        <cmp x="734" y="1134" width="143" height="40" />
        <cmp x="863" y="1124" width="54" height="51" />
        <cmp x="915" y="1135" width="25" height="41" />
      </word>
      <word id="d05-008-02-02" tag="NP" text="Rome">
        <cmp x="986" y="1103" width="50" height="70" />
        <cmp x="1030" y="1137" width="32" height="35" />
        <cmp x="1064" y="1139" width="61" height="36" />
        <cmp x="1128" y="1143" width="31" height="34" />
      </word>
      <word id="d05-008-02-03" tag="CS" text="though">
        <cmp x="1212" y="1111" width="180" height="101" />
        <cmp x="1406" y="1117" width="31" height="65" />
      </word>
      <word id="d05-008-02-04" tag="ATI" text="the">
        <cmp x="1500" y="1109" width="110" height="70" />
      </word>
      <word id="d05-008-02-05" tag="NN" text="Gunpowder">
        <cmp x="1654" y="1116" width="47" height="63" />
        <cmp x="1669" y="1143" width="24" height="38" />
        <cmp x="1696" y="1147" width="74" height="37" />
        <cmp x="1762" y="1149" width="51" height="55" />
        <cmp x="1811" y="1143" width="152" height="46" />
      </word>
      <word id="d05-008-02-06" tag="NN" text="Plot">
        <cmp x="2002" y="1112" width="50" height="67" />
        <cmp x="2039" y="1114" width="27" height="62" />
        <cmp x="2058" y="1146" width="27" height="30" />
        <cmp x="2103" y="1132" width="24" height="48" />
        <cmp x="2112" y="1157" width="31" height="13" />
      </word>
      <upper-contour>
        <point x="354" y="1039" />
        <point x="1921" y="1039" />
      </upper-contour>
      <lower-contour>
        <point x="371" y="1212" />
        <point x="2112" y="1212" />
      </lower-contour>
    </line>
    <line ass="-670" asx="0" asy="1260" character-width="999" dss="-670" dsx="0" dsy="1373" fd0="13762" fd1="2595" fd2="-775" filter-width="4" id="d05-008-03" lbs="-719" lbx="0" lby="1338" segmentation="ok" slant="64000" stroke-width="5761" threshold="168" text="spoiled that. The Puritans had high hopes, for" ubs="-573" ubx="0" uby="1308">
      <word id="d05-008-03-00" tag="VBD" text="spoiled">
        <cmp x="373" y="1295" width="23" height="50" />
        <cmp x="392" y="1310" width="34" height="64" />
        <cmp x="428" y="1316" width="54" height="35" />
        <cmp x="479" y="1298" width="13" height="14" />
        <cmp x="493" y="1290" width="18" height="60" />
        <cmp x="518" y="1309" width="30" height="30" />
        <cmp x="549" y="1290" width="52" height="63" />
      </word>
      <word id="d05-008-03-01" tag="DT" text="that">
        <cmp x="642" y="1281" width="103" height="71" />
        <cmp x="763" y="1286" width="39" height="65" />
      </word>
      <word id="d05-008-03-02" tag="." text=".">
        <cmp x="808" y="1337" width="7" height="8" />
      </word>
      <word id="d05-008-03-03" sentence-start="yes" tag="ATI" text="The">
        <cmp x="890" y="1273" width="77" height="78" />
        <cmp x="962" y="1316" width="35" height="32" />
      </word>
      <word id="d05-008-03-04" tag="NNS" text="Puritans">
        <cmp x="1053" y="1273" width="53" height="82" />
        <cmp x="1080" y="1294" width="5" height="4" />
        <cmp x="1088" y="1320" width="89" height="31" />
        <cmp x="1165" y="1333" width="11" height="20" />
        <cmp x="1188" y="1301" width="8" height="10" />
        <cmp x="1193" y="1298" width="58" height="57" />
        <cmp x="1258" y="1323" width="35" height="29" />
        <cmp x="1298" y="1316" width="24" height="40" />
      </word>
      <word id="d05-008-03-05" tag="HVD" text="had">
        <cmp x="1362" y="1289" width="84" height="68" />
        <cmp x="1446" y="1302" width="48" height="58" />
      </word>
      <word id="d05-008-03-06" tag="JJ" text="high">
        <cmp x="1538" y="1291" width="82" height="68" />
        <cmp x="1625" y="1312" width="10" height="11" />
        <cmp x="1636" y="1330" width="36" height="63" />
        <cmp x="1691" y="1308" width="31" height="52" />
      </word>
      <word id="d05-008-03-07" tag="NNS" text="hopes">
        <cmp x="1780" y="1300" width="30" height="54" />
        <cmp x="1815" y="1330" width="30" height="25" />
        <cmp x="1850" y="1331" width="44" height="53" />
        <cmp x="1900" y="1321" width="34" height="31" />
        <cmp x="1947" y="1316" width="20" height="41" />
      </word>
      <word id="d05-008-03-08" tag="," text=",">
        <cmp x="1969" y="1349" width="11" height="18" />
      </word>
      <word id="d05-008-03-09" tag="CS" text="for">
        <cmp x="2022" y="1283" width="55" height="90" />
        <cmp x="2088" y="1331" width="23" height="31" />
      </word>
      <upper-contour>
        <point x="371" y="1212" />
        <point x="2112" y="1212" />
      </upper-contour>
      <lower-contour>
        <point x="371" y="1392" />
        <point x="2106" y="1392" />
      </lower-contour>
    </line>
    <line ass="283" asx="0" asy="1464" character-width="999" dss="283" dsx="0" dsy="1570" fd0="13767" fd1="2475" fd2="-858" filter-width="4" id="d05-008-04" lbs="333" lbx="0" lby="1542" segmentation="ok" slant="66000" stroke-width="5848" threshold="165" text="James had grown up in Presbyterian Scotland," ubs="183" ubx="0" uby="1508">
      <word id="d05-008-04-00" tag="NP" text="James">
        <cmp x="365" y="1465" width="53" height="98" />
        <cmp x="401" y="1502" width="178" height="33" />
      </word>
      <word id="d05-008-04-01" tag="HVD" text="had">
        <cmp x="635" y="1460" width="90" height="65" />
        <cmp x="726" y="1476" width="52" height="51" />
      </word>
      <word id="d05-008-04-02" tag="VBN" text="grown">
        <cmp x="811" y="1487" width="216" height="80" />
      </word>
      <word id="d05-008-04-03" tag="RP" text="up">
        <cmp x="1067" y="1504" width="97" height="56" />
      </word>
      <word id="d05-008-04-04" tag="IN" text="in">
        <cmp x="1220" y="1502" width="13" height="31" />
        <cmp x="1235" y="1483" width="50" height="48" />
      </word>
      <word id="d05-008-04-05" tag="JNP" text="Presbyterian">
        <cmp x="1341" y="1459" width="49" height="73" />
        <cmp x="1396" y="1490" width="61" height="39" />
        <cmp x="1455" y="1497" width="28" height="32" />
        <cmp x="1488" y="1471" width="31" height="56" />
        <cmp x="1505" y="1501" width="54" height="63" />
        <cmp x="1569" y="1477" width="100" height="64" />
        <cmp x="1668" y="1486" width="9" height="12" />
        <cmp x="1669" y="1506" width="81" height="31" />
      </word>
      <word id="d05-008-04-06" tag="NP" text="Scotland">
        <cmp x="1784" y="1465" width="53" height="68" />
        <cmp x="1816" y="1502" width="63" height="32" />
        <cmp x="1884" y="1480" width="198" height="52" />
      </word>
      <word id="d05-008-04-07" tag="," text=",">
        <cmp x="2086" y="1523" width="19" height="25" />
      </word>
      <upper-contour>
        <point x="371" y="1392" />
        <point x="2106" y="1392" />
      </upper-contour>
      <lower-contour>
        <point x="363" y="1568" />
        <point x="2106" y="1568" />
      </lower-contour>
    </line>
    <line ass="-240" asx="0" asy="1621" character-width="999" dss="-240" dsx="0" dsy="1752" fd0="13518" fd1="2255" fd2="-772" filter-width="4" id="d05-008-05" lbs="-266" lbx="0" lby="1706" segmentation="ok" slant="65000" stroke-width="5789" threshold="166" text="but those hopes were dashed. True, a new Prayer" ubs="-187" ubx="0" uby="1677">
      <word id="d05-008-05-00" tag="CC" text="but">
        <cmp x="359" y="1634" width="33" height="75" />
        <cmp x="393" y="1649" width="97" height="59" />
      </word>
      <word id="d05-008-05-01" tag="DTS" text="those">
        <cmp x="538" y="1641" width="102" height="67" />
        <cmp x="652" y="1672" width="23" height="33" />
        <cmp x="680" y="1676" width="30" height="32" />
      </word>
      <word id="d05-008-05-02" tag="NNS" text="hopes">
        <cmp x="750" y="1653" width="59" height="59" />
        <cmp x="777" y="1645" width="7" height="7" />
        <cmp x="803" y="1686" width="45" height="51" />
        <cmp x="851" y="1683" width="26" height="28" />
        <cmp x="891" y="1679" width="21" height="33" />
      </word>
      <word id="d05-008-05-03" tag="BED" text="were">
        <cmp x="972" y="1671" width="53" height="41" />
        <cmp x="1017" y="1681" width="92" height="34" />
      </word>
      <word id="d05-008-05-04" tag="VBN" text="dashed">
        <cmp x="1143" y="1657" width="86" height="57" />
        <cmp x="1230" y="1682" width="23" height="36" />
        <cmp x="1256" y="1660" width="113" height="59" />
      </word>
      <word id="d05-008-05-05" tag="." text=".">
        <cmp x="1376" y="1706" width="7" height="10" />
      </word>
      <word id="d05-008-05-06" sentence-start="yes" tag="JJ" text="True">
        <cmp x="1446" y="1647" width="59" height="18" />
        <cmp x="1456" y="1657" width="24" height="58" />
        <cmp x="1483" y="1682" width="27" height="33" />
        <cmp x="1509" y="1683" width="38" height="30" />
        <cmp x="1555" y="1682" width="29" height="31" />
      </word>
      <word id="d05-008-05-07" tag="," text=",">
        <cmp x="1584" y="1709" width="13" height="18" />
      </word>
      <word id="d05-008-05-08" tag="AT" text="a">
        <cmp x="1644" y="1672" width="51" height="40" />
      </word>
      <word id="d05-008-05-09" tag="JJ" text="new">
        <cmp x="1732" y="1681" width="91" height="35" />
        <cmp x="1827" y="1706" width="4" height="4" />
        <cmp x="1832" y="1684" width="59" height="38" />
      </word>
      <word id="d05-008-05-10" tag="NN" text="Prayer">
        <cmp x="1934" y="1630" width="51" height="87" />
        <cmp x="1967" y="1675" width="102" height="86" />
        <cmp x="2071" y="1682" width="81" height="36" />
      </word>
      <upper-contour>
        <point x="363" y="1568" />
        <point x="2106" y="1568" />
      </upper-contour>
      <lower-contour>
        <point x="365" y="1760" />
        <point x="2033" y="1760" />
      </lower-contour>
    </line>
    <line ass="-213" asx="0" asy="1809" character-width="999" dss="-213" dsx="0" dsy="1900" fd0="13584" fd1="2564" fd2="-547" filter-width="4" id="d05-008-06" lbs="-136" lbx="0" lby="1890" segmentation="ok" slant="64000" stroke-width="5828" threshold="166" text="Book was issued in 1604 but the Puritans" ubs="-368" ubx="0" uby="1852">
      <word id="d05-008-06-00" tag="NN" text="Book">
        <cmp x="367" y="1812" width="43" height="77" />
        <cmp x="406" y="1853" width="45" height="36" />
        <cmp x="459" y="1830" width="38" height="68" />
      </word>
      <word id="d05-008-06-01" tag="BEDZ" text="was">
        <cmp x="578" y="1857" width="117" height="40" />
      </word>
      <word id="d05-008-06-02" tag="VBN" text="issued">
        <cmp x="734" y="1866" width="16" height="27" />
        <cmp x="749" y="1834" width="208" height="62" />
        <cmp x="756" y="1839" width="11" height="11" />
      </word>
      <word id="d05-008-06-03" tag="IN" text="in">
        <cmp x="1014" y="1857" width="14" height="27" />
        <cmp x="1030" y="1840" width="47" height="46" />
      </word>
      <word id="d05-008-06-04" tag="CD" text="1604">
        <cmp x="1135" y="1828" width="70" height="64" />
        <cmp x="1198" y="1836" width="34" height="52" />
        <cmp x="1238" y="1850" width="31" height="38" />
        <cmp x="1288" y="1841" width="34" height="56" />
      </word>
      <word id="d05-008-06-05" tag="CC" text="but">
        <cmp x="1377" y="1841" width="36" height="64" />
        <cmp x="1420" y="1873" width="20" height="33" />
        <cmp x="1440" y="1883" width="16" height="23" />
        <cmp x="1478" y="1847" width="33" height="53" />
      </word>
      <word id="d05-008-06-06" tag="ATI" text="the">
        <cmp x="1578" y="1831" width="118" height="71" />
      </word>
      <word id="d05-008-06-07" tag="NNS" text="Puritans">
        <cmp x="1742" y="1824" width="58" height="80" />
        <cmp x="1788" y="1860" width="104" height="36" />
        <cmp x="1896" y="1850" width="54" height="49" />
        <cmp x="1897" y="1879" width="4" height="7" />
        <cmp x="1900" y="1843" width="11" height="13" />
        <cmp x="1957" y="1862" width="34" height="28" />
        <cmp x="2005" y="1853" width="27" height="39" />
      </word>
      <upper-contour>
        <point x="365" y="1760" />
        <point x="2033" y="1760" />
      </upper-contour>
      <lower-contour>
        <point x="365" y="1905" />
        <point x="1411" y="1905" />
      </lower-contour>
    </line>
    <line ass="-747" asx="0" asy="1991" character-width="999" dss="-747" dsx="0" dsy="2074" fd0="13709" fd1="2165" fd2="-1123" filter-width="4" id="d05-008-07" lbs="-503" lbx="0" lby="2066" segmentation="ok" slant="66000" stroke-width="5890" threshold="166" text="derived little comfort from it." ubs="-1236" ubx="0" uby="2023">
      <word id="d05-008-07-00" tag="VBN" text="derived">
        <cmp x="351" y="2009" width="111" height="61" />
        <cmp x="467" y="2024" width="5" height="7" />
        <cmp x="480" y="2035" width="36" height="31" />
        <cmp x="506" y="2020" width="84" height="52" />
      </word>
      <word id="d05-008-07-01" tag="AP" text="little">
        <cmp x="619" y="2017" width="57" height="59" />
        <cmp x="681" y="2027" width="8" height="11" />
        <cmp x="690" y="2014" width="93" height="62" />
      </word>
      <word id="d05-008-07-02" tag="NN" text="comfort">
        <cmp x="822" y="2037" width="78" height="37" />
        <cmp x="855" y="2043" width="6" height="5" />
        <cmp x="890" y="2016" width="166" height="72" />
        <cmp x="1074" y="2026" width="28" height="45" />
      </word>
      <word id="d05-008-07-03" tag="IN" text="from">
        <cmp x="1135" y="2007" width="159" height="79" />
      </word>
      <word id="d05-008-07-04" tag="PP3" text="it">
        <cmp x="1334" y="2054" width="14" height="22" />
        <cmp x="1354" y="2020" width="13" height="22" />
        <cmp x="1370" y="2017" width="33" height="47" />
      </word>
      <word id="d05-008-07-05" tag="." text=".">
        <cmp x="1402" y="2061" width="8" height="15" />
      </word>
      <upper-contour>
        <point x="365" y="1905" />
        <point x="1411" y="1905" />
      </upper-contour>
    </line>
  </handwritten-part>
</form>

